Enabling podman.socket for user: s4176650
Running RememberShapeAndColor3x2-v0 with seed 42

===========================================================================
║                        Environment Configuration                        ║
===========================================================================
║ Environment ID: RememberShapeAndColor3x2-v0                             ║
║ Oracle Info:    None                                                    ║
║ Wrappers:                                                               ║
║    ├─ InitialZeroActionWrapper                                         ║
║    │  └─ {'n_initial_steps': 0}                                           ║
║    ├─ RememberShapeAndColorInfoWrapper                                 ║
║    ├─ RenderStepInfoWrapper                                            ║
║    ├─ RenderRewardInfoWrapper                                          ║
║    ├─ DebugRewardWrapper                                               ║
║-------------------------------------------------------------------------║
║ include_state:       False │ state will not be used                ║
║ include_rgb:         True  │ rgb images will be used               ║
║ include_oracle:      False │ oracle info will not be used          ║
║ include_joints:      True  │ joints will be used                   ║
===========================================================================

MODE='rgb_joints'
prompt_info=None
{0: 'cube', 1: 'sphere', 2: 't_shape', 3: 'cross', 4: 'torus'}
{0: 'cube', 1: 'sphere', 2: 't_shape', 3: 'cross', 4: 'torus'}
Saving eval videos to checkpoints/ppo_memtasks/rgb_joints/normalized_dense/RememberShapeAndColor3x2-v0/ppo-lstm-dense-remember-shape-and-color-3x2-v0__42__rgb_joints__20251025_233618/20251025_233618/videos
======================================================================
Max Episode Steps: 60
======================================================================

Running training

####
args.num_iterations=846 args.num_envs=256 args.num_eval_envs=16
args.minibatch_size=1920 args.batch_size=15360 args.update_epochs=4
####

sample_obs.keys()=dict_keys(['joints', 'rgb'])
joints: torch.Size([256, 25])
rgb: torch.Size([256, 128, 128, 3])


##################################################
latent_size=512
self.lstm.hidden_size=512
##################################################


Epoch: 1, global_step=0
Evaluating
Evaluated 2880 steps resulting in 48 episodes
[32mEvaluation Metric: success_once[0m | [36mMean: 0.0000[0m
[32mEvaluation Metric: return[0m | [36mMean: 10.0063[0m
[32mEvaluation Metric: episode_len[0m | [36mMean: 60.0000[0m
[32mEvaluation Metric: reward[0m | [36mMean: 0.1668[0m
[32mEvaluation Metric: success_at_end[0m | [36mMean: 0.0000[0m
model saved to checkpoints/ppo_memtasks/rgb_joints/normalized_dense/RememberShapeAndColor3x2-v0/ppo-lstm-dense-remember-shape-and-color-3x2-v0__42__rgb_joints__20251025_233618/20251025_233618/ckpt_0_1.pt
SPS: 552
Epoch: 2, global_step=15360
SPS: 881
Epoch: 3, global_step=30720
SPS: 1098
Epoch: 4, global_step=46080
SPS: 1250
Epoch: 5, global_step=61440
SPS: 1360
Epoch: 6, global_step=76800
SPS: 1440
Epoch: 7, global_step=92160
SPS: 1503
Epoch: 8, global_step=107520
SPS: 1554
Epoch: 9, global_step=122880
SPS: 1593
Epoch: 10, global_step=138240
SPS: 1624
Epoch: 11, global_step=153600
SPS: 1650
Epoch: 12, global_step=168960
SPS: 1673
Epoch: 13, global_step=184320
SPS: 1692
Epoch: 14, global_step=199680
SPS: 1707
Epoch: 15, global_step=215040
SPS: 1724
Epoch: 16, global_step=230400
SPS: 1740
Epoch: 17, global_step=245760
SPS: 1755
Epoch: 18, global_step=261120
SPS: 1770
Epoch: 19, global_step=276480
SPS: 1782
Epoch: 20, global_step=291840
SPS: 1793
Epoch: 21, global_step=307200
SPS: 1804
Epoch: 22, global_step=322560
SPS: 1813
Epoch: 23, global_step=337920
SPS: 1822
Epoch: 24, global_step=353280
SPS: 1830
Epoch: 25, global_step=368640
SPS: 1837
Epoch: 26, global_step=384000
Evaluating
Evaluated 2880 steps resulting in 48 episodes
[32mEvaluation Metric: success_once[0m | [36mMean: 0.1250[0m
[32mEvaluation Metric: return[0m | [36mMean: 2.9125[0m
[32mEvaluation Metric: episode_len[0m | [36mMean: 60.0000[0m
[32mEvaluation Metric: reward[0m | [36mMean: 0.0485[0m
[32mEvaluation Metric: success_at_end[0m | [36mMean: 0.0000[0m
model saved to checkpoints/ppo_memtasks/rgb_joints/normalized_dense/RememberShapeAndColor3x2-v0/ppo-lstm-dense-remember-shape-and-color-3x2-v0__42__rgb_joints__20251025_233618/20251025_233618/ckpt_1_26.pt
SPS: 1678
Epoch: 27, global_step=399360
SPS: 1687
Epoch: 28, global_step=414720
SPS: 1694
Epoch: 29, global_step=430080
SPS: 1701
Epoch: 30, global_step=445440
SPS: 1708
Epoch: 31, global_step=460800
SPS: 1714
Epoch: 32, global_step=476160
SPS: 1720
Epoch: 33, global_step=491520
SPS: 1725
Epoch: 34, global_step=506880
SPS: 1730
Epoch: 35, global_step=522240
SPS: 1736
Epoch: 36, global_step=537600
SPS: 1741
Epoch: 37, global_step=552960
SPS: 1745
Epoch: 38, global_step=568320
SPS: 1749
Epoch: 39, global_step=583680
SPS: 1753
Epoch: 40, global_step=599040
SPS: 1757
Epoch: 41, global_step=614400
SPS: 1760
Epoch: 42, global_step=629760
SPS: 1763
Epoch: 43, global_step=645120
SPS: 1766
Epoch: 44, global_step=660480
SPS: 1769
Epoch: 45, global_step=675840
SPS: 1772
Epoch: 46, global_step=691200
SPS: 1775
Epoch: 47, global_step=706560
SPS: 1778
Epoch: 48, global_step=721920
SPS: 1780
Epoch: 49, global_step=737280
SPS: 1783
Epoch: 50, global_step=752640
SPS: 1785
Epoch: 51, global_step=768000
Evaluating
Evaluated 2880 steps resulting in 48 episodes
[32mEvaluation Metric: success_once[0m | [36mMean: 0.0417[0m
[32mEvaluation Metric: return[0m | [36mMean: 2.2891[0m
[32mEvaluation Metric: episode_len[0m | [36mMean: 60.0000[0m
[32mEvaluation Metric: reward[0m | [36mMean: 0.0382[0m
[32mEvaluation Metric: success_at_end[0m | [36mMean: 0.0000[0m
model saved to checkpoints/ppo_memtasks/rgb_joints/normalized_dense/RememberShapeAndColor3x2-v0/ppo-lstm-dense-remember-shape-and-color-3x2-v0__42__rgb_joints__20251025_233618/20251025_233618/ckpt_2_51.pt
SPS: 1703
Epoch: 52, global_step=783360
SPS: 1706
Epoch: 53, global_step=798720
SPS: 1710
Epoch: 54, global_step=814080
SPS: 1713
Epoch: 55, global_step=829440
SPS: 1716
Epoch: 56, global_step=844800
SPS: 1719
Epoch: 57, global_step=860160
SPS: 1722
Epoch: 58, global_step=875520
SPS: 1725
Epoch: 59, global_step=890880
SPS: 1728
Epoch: 60, global_step=906240
SPS: 1731
Epoch: 61, global_step=921600
SPS: 1733
Epoch: 62, global_step=936960
SPS: 1736
Epoch: 63, global_step=952320
SPS: 1738
Epoch: 64, global_step=967680
SPS: 1741
Epoch: 65, global_step=983040
SPS: 1743
Epoch: 66, global_step=998400
SPS: 1746
Epoch: 67, global_step=1013760
SPS: 1748
Epoch: 68, global_step=1029120
SPS: 1750
Epoch: 69, global_step=1044480
SPS: 1752
Epoch: 70, global_step=1059840
SPS: 1754
Epoch: 71, global_step=1075200
SPS: 1756
Epoch: 72, global_step=1090560
SPS: 1758
Epoch: 73, global_step=1105920
SPS: 1759
Epoch: 74, global_step=1121280
SPS: 1761
Epoch: 75, global_step=1136640
SPS: 1762
Epoch: 76, global_step=1152000
Evaluating
Evaluated 2880 steps resulting in 48 episodes
[32mEvaluation Metric: success_once[0m | [36mMean: 0.1875[0m
[32mEvaluation Metric: return[0m | [36mMean: 2.7945[0m
[32mEvaluation Metric: episode_len[0m | [36mMean: 60.0000[0m
[32mEvaluation Metric: reward[0m | [36mMean: 0.0466[0m
[32mEvaluation Metric: success_at_end[0m | [36mMean: 0.0000[0m
model saved to checkpoints/ppo_memtasks/rgb_joints/normalized_dense/RememberShapeAndColor3x2-v0/ppo-lstm-dense-remember-shape-and-color-3x2-v0__42__rgb_joints__20251025_233618/20251025_233618/ckpt_3_76.pt
SPS: 1709
Epoch: 77, global_step=1167360
SPS: 1712
Epoch: 78, global_step=1182720
SPS: 1714
Epoch: 79, global_step=1198080
SPS: 1716
Epoch: 80, global_step=1213440
SPS: 1718
Epoch: 81, global_step=1228800
SPS: 1720
Epoch: 82, global_step=1244160
SPS: 1722
Epoch: 83, global_step=1259520
SPS: 1723
Epoch: 84, global_step=1274880
SPS: 1725
Epoch: 85, global_step=1290240
SPS: 1728
Epoch: 86, global_step=1305600
SPS: 1729
Epoch: 87, global_step=1320960
SPS: 1731
Epoch: 88, global_step=1336320
SPS: 1733
Epoch: 89, global_step=1351680
SPS: 1735
Epoch: 90, global_step=1367040
SPS: 1736
Epoch: 91, global_step=1382400
SPS: 1738
Epoch: 92, global_step=1397760
SPS: 1740
Epoch: 93, global_step=1413120
SPS: 1741
Epoch: 94, global_step=1428480
SPS: 1743
Epoch: 95, global_step=1443840
SPS: 1744
Epoch: 96, global_step=1459200
SPS: 1746
Epoch: 97, global_step=1474560
SPS: 1748
Epoch: 98, global_step=1489920
SPS: 1749
Epoch: 99, global_step=1505280
SPS: 1750
Epoch: 100, global_step=1520640
SPS: 1752
Epoch: 101, global_step=1536000
Evaluating
Evaluated 2880 steps resulting in 48 episodes
[32mEvaluation Metric: success_once[0m | [36mMean: 0.0833[0m
[32mEvaluation Metric: return[0m | [36mMean: 2.7035[0m
[32mEvaluation Metric: episode_len[0m | [36mMean: 60.0000[0m
[32mEvaluation Metric: reward[0m | [36mMean: 0.0451[0m
[32mEvaluation Metric: success_at_end[0m | [36mMean: 0.0000[0m
model saved to checkpoints/ppo_memtasks/rgb_joints/normalized_dense/RememberShapeAndColor3x2-v0/ppo-lstm-dense-remember-shape-and-color-3x2-v0__42__rgb_joints__20251025_233618/20251025_233618/ckpt_4_101.pt
SPS: 1712
Epoch: 102, global_step=1551360
SPS: 1713
Epoch: 103, global_step=1566720
SPS: 1715
Epoch: 104, global_step=1582080
SPS: 1716
Epoch: 105, global_step=1597440
SPS: 1718
Epoch: 106, global_step=1612800
SPS: 1719
Epoch: 107, global_step=1628160
SPS: 1721
Epoch: 108, global_step=1643520
SPS: 1722
Epoch: 109, global_step=1658880
SPS: 1724
Epoch: 110, global_step=1674240
SPS: 1725
Epoch: 111, global_step=1689600
SPS: 1727
Epoch: 112, global_step=1704960
SPS: 1728
Epoch: 113, global_step=1720320
SPS: 1729
Epoch: 114, global_step=1735680
SPS: 1731
Epoch: 115, global_step=1751040
SPS: 1732
Epoch: 116, global_step=1766400
SPS: 1733
Epoch: 117, global_step=1781760
SPS: 1734
Epoch: 118, global_step=1797120
SPS: 1736
Epoch: 119, global_step=1812480
SPS: 1737
Epoch: 120, global_step=1827840
SPS: 1738
Epoch: 121, global_step=1843200
SPS: 1739
Epoch: 122, global_step=1858560
SPS: 1740
Epoch: 123, global_step=1873920
SPS: 1741
Epoch: 124, global_step=1889280
SPS: 1743
Epoch: 125, global_step=1904640
SPS: 1744
Epoch: 126, global_step=1920000
Evaluating
Evaluated 2880 steps resulting in 48 episodes
[32mEvaluation Metric: success_once[0m | [36mMean: 0.0000[0m
[32mEvaluation Metric: return[0m | [36mMean: 2.8282[0m
[32mEvaluation Metric: episode_len[0m | [36mMean: 60.0000[0m
[32mEvaluation Metric: reward[0m | [36mMean: 0.0471[0m
[32mEvaluation Metric: success_at_end[0m | [36mMean: 0.0000[0m
model saved to checkpoints/ppo_memtasks/rgb_joints/normalized_dense/RememberShapeAndColor3x2-v0/ppo-lstm-dense-remember-shape-and-color-3x2-v0__42__rgb_joints__20251025_233618/20251025_233618/ckpt_5_126.pt
SPS: 1712
Epoch: 127, global_step=1935360
SPS: 1713
Epoch: 128, global_step=1950720
SPS: 1714
Epoch: 129, global_step=1966080
SPS: 1715
Epoch: 130, global_step=1981440
SPS: 1717
Epoch: 131, global_step=1996800
SPS: 1718
Epoch: 132, global_step=2012160
SPS: 1719
Epoch: 133, global_step=2027520
SPS: 1720
Epoch: 134, global_step=2042880
SPS: 1722
Epoch: 135, global_step=2058240
SPS: 1723
Epoch: 136, global_step=2073600
SPS: 1724
Epoch: 137, global_step=2088960
SPS: 1725
Epoch: 138, global_step=2104320
SPS: 1726
Epoch: 139, global_step=2119680
SPS: 1727
Epoch: 140, global_step=2135040
SPS: 1728
Epoch: 141, global_step=2150400
SPS: 1729
Epoch: 142, global_step=2165760
SPS: 1730
Epoch: 143, global_step=2181120
SPS: 1731
Epoch: 144, global_step=2196480
SPS: 1732
Epoch: 145, global_step=2211840
SPS: 1733
Epoch: 146, global_step=2227200
SPS: 1734
Epoch: 147, global_step=2242560
SPS: 1735
Epoch: 148, global_step=2257920
SPS: 1736
Epoch: 149, global_step=2273280
SPS: 1737
Epoch: 150, global_step=2288640
SPS: 1738
Epoch: 151, global_step=2304000
Evaluating
Evaluated 2880 steps resulting in 48 episodes
[32mEvaluation Metric: success_once[0m | [36mMean: 0.0417[0m
[32mEvaluation Metric: return[0m | [36mMean: 2.4911[0m
[32mEvaluation Metric: episode_len[0m | [36mMean: 60.0000[0m
[32mEvaluation Metric: reward[0m | [36mMean: 0.0415[0m
[32mEvaluation Metric: success_at_end[0m | [36mMean: 0.0000[0m
model saved to checkpoints/ppo_memtasks/rgb_joints/normalized_dense/RememberShapeAndColor3x2-v0/ppo-lstm-dense-remember-shape-and-color-3x2-v0__42__rgb_joints__20251025_233618/20251025_233618/ckpt_6_151.pt
SPS: 1711
Epoch: 152, global_step=2319360
SPS: 1712
Epoch: 153, global_step=2334720
SPS: 1714
Epoch: 154, global_step=2350080
SPS: 1715
Epoch: 155, global_step=2365440
SPS: 1716
Epoch: 156, global_step=2380800
SPS: 1717
Epoch: 157, global_step=2396160
SPS: 1718
Epoch: 158, global_step=2411520
SPS: 1719
Epoch: 159, global_step=2426880
SPS: 1719
Epoch: 160, global_step=2442240
SPS: 1720
Epoch: 161, global_step=2457600
SPS: 1721
Epoch: 162, global_step=2472960
SPS: 1722
Epoch: 163, global_step=2488320
SPS: 1723
Epoch: 164, global_step=2503680
SPS: 1724
Epoch: 165, global_step=2519040
SPS: 1725
Epoch: 166, global_step=2534400
SPS: 1726
Epoch: 167, global_step=2549760
SPS: 1727
Epoch: 168, global_step=2565120
SPS: 1728
Epoch: 169, global_step=2580480
SPS: 1729
Epoch: 170, global_step=2595840
SPS: 1729
Epoch: 171, global_step=2611200
SPS: 1730
Epoch: 172, global_step=2626560
SPS: 1731
Epoch: 173, global_step=2641920
SPS: 1732
Epoch: 174, global_step=2657280
SPS: 1733
Epoch: 175, global_step=2672640
SPS: 1734
Epoch: 176, global_step=2688000
Evaluating
Evaluated 2880 steps resulting in 48 episodes
[32mEvaluation Metric: success_once[0m | [36mMean: 0.0208[0m
[32mEvaluation Metric: return[0m | [36mMean: 2.4818[0m
[32mEvaluation Metric: episode_len[0m | [36mMean: 60.0000[0m
[32mEvaluation Metric: reward[0m | [36mMean: 0.0414[0m
[32mEvaluation Metric: success_at_end[0m | [36mMean: 0.0000[0m
model saved to checkpoints/ppo_memtasks/rgb_joints/normalized_dense/RememberShapeAndColor3x2-v0/ppo-lstm-dense-remember-shape-and-color-3x2-v0__42__rgb_joints__20251025_233618/20251025_233618/ckpt_7_176.pt
SPS: 1710
Epoch: 177, global_step=2703360
SPS: 1712
Epoch: 178, global_step=2718720
SPS: 1713
Epoch: 179, global_step=2734080
SPS: 1714
Epoch: 180, global_step=2749440
SPS: 1716
Epoch: 181, global_step=2764800
SPS: 1717
Epoch: 182, global_step=2780160
SPS: 1717
Epoch: 183, global_step=2795520
SPS: 1718
Epoch: 184, global_step=2810880
SPS: 1719
Epoch: 185, global_step=2826240
SPS: 1720
Epoch: 186, global_step=2841600
SPS: 1721
Epoch: 187, global_step=2856960
SPS: 1722
Epoch: 188, global_step=2872320
SPS: 1723
Epoch: 189, global_step=2887680
SPS: 1723
Epoch: 190, global_step=2903040
SPS: 1724
Epoch: 191, global_step=2918400
SPS: 1725
Epoch: 192, global_step=2933760
SPS: 1726
Epoch: 193, global_step=2949120
SPS: 1726
Epoch: 194, global_step=2964480
SPS: 1727
Epoch: 195, global_step=2979840
SPS: 1728
Epoch: 196, global_step=2995200
SPS: 1729
Epoch: 197, global_step=3010560
SPS: 1730
Epoch: 198, global_step=3025920
SPS: 1730
Epoch: 199, global_step=3041280
SPS: 1731
Epoch: 200, global_step=3056640
SPS: 1732
Epoch: 201, global_step=3072000
Evaluating
Evaluated 2880 steps resulting in 48 episodes
[32mEvaluation Metric: success_once[0m | [36mMean: 0.0417[0m
[32mEvaluation Metric: return[0m | [36mMean: 2.5600[0m
[32mEvaluation Metric: episode_len[0m | [36mMean: 60.0000[0m
[32mEvaluation Metric: reward[0m | [36mMean: 0.0427[0m
[32mEvaluation Metric: success_at_end[0m | [36mMean: 0.0000[0m
model saved to checkpoints/ppo_memtasks/rgb_joints/normalized_dense/RememberShapeAndColor3x2-v0/ppo-lstm-dense-remember-shape-and-color-3x2-v0__42__rgb_joints__20251025_233618/20251025_233618/ckpt_8_201.pt
SPS: 1712
Epoch: 202, global_step=3087360
SPS: 1713
Epoch: 203, global_step=3102720
SPS: 1714
Epoch: 204, global_step=3118080
SPS: 1715
Epoch: 205, global_step=3133440
SPS: 1716
Epoch: 206, global_step=3148800
SPS: 1716
Epoch: 207, global_step=3164160
SPS: 1717
Epoch: 208, global_step=3179520
SPS: 1718
Epoch: 209, global_step=3194880
SPS: 1719
Epoch: 210, global_step=3210240
SPS: 1719
Epoch: 211, global_step=3225600
SPS: 1720
Epoch: 212, global_step=3240960
SPS: 1721
Epoch: 213, global_step=3256320
SPS: 1722
Epoch: 214, global_step=3271680
SPS: 1722
Epoch: 215, global_step=3287040
SPS: 1723
Epoch: 216, global_step=3302400
SPS: 1724
Epoch: 217, global_step=3317760
SPS: 1724
Epoch: 218, global_step=3333120
SPS: 1725
Epoch: 219, global_step=3348480
SPS: 1726
Epoch: 220, global_step=3363840
SPS: 1726
Epoch: 221, global_step=3379200
SPS: 1727
Epoch: 222, global_step=3394560
SPS: 1728
Epoch: 223, global_step=3409920
SPS: 1728
Epoch: 224, global_step=3425280
SPS: 1729
Epoch: 225, global_step=3440640
SPS: 1730
Epoch: 226, global_step=3456000
Evaluating
Evaluated 2880 steps resulting in 48 episodes
[32mEvaluation Metric: success_once[0m | [36mMean: 0.0625[0m
[32mEvaluation Metric: return[0m | [36mMean: 2.3084[0m
[32mEvaluation Metric: episode_len[0m | [36mMean: 60.0000[0m
[32mEvaluation Metric: reward[0m | [36mMean: 0.0385[0m
[32mEvaluation Metric: success_at_end[0m | [36mMean: 0.0000[0m
model saved to checkpoints/ppo_memtasks/rgb_joints/normalized_dense/RememberShapeAndColor3x2-v0/ppo-lstm-dense-remember-shape-and-color-3x2-v0__42__rgb_joints__20251025_233618/20251025_233618/ckpt_9_226.pt
SPS: 1712
Epoch: 227, global_step=3471360
SPS: 1712
Epoch: 228, global_step=3486720
SPS: 1713
Epoch: 229, global_step=3502080
SPS: 1714
Epoch: 230, global_step=3517440
SPS: 1715
Epoch: 231, global_step=3532800
SPS: 1715
Epoch: 232, global_step=3548160
SPS: 1716
Epoch: 233, global_step=3563520
SPS: 1717
Epoch: 234, global_step=3578880
SPS: 1717
Epoch: 235, global_step=3594240
SPS: 1718
Epoch: 236, global_step=3609600
SPS: 1719
Epoch: 237, global_step=3624960
SPS: 1719
Epoch: 238, global_step=3640320
SPS: 1720
Epoch: 239, global_step=3655680
SPS: 1720
Epoch: 240, global_step=3671040
SPS: 1721
Epoch: 241, global_step=3686400
SPS: 1722
Epoch: 242, global_step=3701760
SPS: 1722
Epoch: 243, global_step=3717120
SPS: 1723
Epoch: 244, global_step=3732480
SPS: 1723
Epoch: 245, global_step=3747840
SPS: 1724
Epoch: 246, global_step=3763200
SPS: 1725
Epoch: 247, global_step=3778560
SPS: 1725
Epoch: 248, global_step=3793920
SPS: 1726
Epoch: 249, global_step=3809280
SPS: 1727
Epoch: 250, global_step=3824640
SPS: 1727
Epoch: 251, global_step=3840000
Evaluating
Evaluated 2880 steps resulting in 48 episodes
[32mEvaluation Metric: success_once[0m | [36mMean: 0.0625[0m
[32mEvaluation Metric: return[0m | [36mMean: 2.8708[0m
[32mEvaluation Metric: episode_len[0m | [36mMean: 60.0000[0m
[32mEvaluation Metric: reward[0m | [36mMean: 0.0478[0m
[32mEvaluation Metric: success_at_end[0m | [36mMean: 0.0000[0m
model saved to checkpoints/ppo_memtasks/rgb_joints/normalized_dense/RememberShapeAndColor3x2-v0/ppo-lstm-dense-remember-shape-and-color-3x2-v0__42__rgb_joints__20251025_233618/20251025_233618/ckpt_10_251.pt
SPS: 1711
Epoch: 252, global_step=3855360
SPS: 1711
Epoch: 253, global_step=3870720
SPS: 1712
Epoch: 254, global_step=3886080
SPS: 1713
Epoch: 255, global_step=3901440
SPS: 1713
Epoch: 256, global_step=3916800
SPS: 1714
Epoch: 257, global_step=3932160
SPS: 1714
Epoch: 258, global_step=3947520
SPS: 1715
Epoch: 259, global_step=3962880
SPS: 1716
Epoch: 260, global_step=3978240
SPS: 1716
Epoch: 261, global_step=3993600
SPS: 1717
Epoch: 262, global_step=4008960
SPS: 1717
Epoch: 263, global_step=4024320
SPS: 1718
Epoch: 264, global_step=4039680
SPS: 1719
Epoch: 265, global_step=4055040
SPS: 1719
Epoch: 266, global_step=4070400
SPS: 1720
Epoch: 267, global_step=4085760
SPS: 1721
Epoch: 268, global_step=4101120
SPS: 1721
Epoch: 269, global_step=4116480
SPS: 1722
Epoch: 270, global_step=4131840
SPS: 1722
Epoch: 271, global_step=4147200
SPS: 1723
Epoch: 272, global_step=4162560
SPS: 1723
Epoch: 273, global_step=4177920
SPS: 1724
Epoch: 274, global_step=4193280
SPS: 1724
Epoch: 275, global_step=4208640
SPS: 1725
Epoch: 276, global_step=4224000
Evaluating
Evaluated 2880 steps resulting in 48 episodes
[32mEvaluation Metric: success_once[0m | [36mMean: 0.0417[0m
[32mEvaluation Metric: return[0m | [36mMean: 2.4039[0m
[32mEvaluation Metric: episode_len[0m | [36mMean: 60.0000[0m
[32mEvaluation Metric: reward[0m | [36mMean: 0.0401[0m
[32mEvaluation Metric: success_at_end[0m | [36mMean: 0.0000[0m
model saved to checkpoints/ppo_memtasks/rgb_joints/normalized_dense/RememberShapeAndColor3x2-v0/ppo-lstm-dense-remember-shape-and-color-3x2-v0__42__rgb_joints__20251025_233618/20251025_233618/ckpt_11_276.pt
SPS: 1711
Epoch: 277, global_step=4239360
SPS: 1711
Epoch: 278, global_step=4254720
SPS: 1712
Epoch: 279, global_step=4270080
SPS: 1712
Epoch: 280, global_step=4285440
SPS: 1713
Epoch: 281, global_step=4300800
SPS: 1713
Epoch: 282, global_step=4316160
SPS: 1714
Epoch: 283, global_step=4331520
SPS: 1715
Epoch: 284, global_step=4346880
SPS: 1715
Epoch: 285, global_step=4362240
SPS: 1716
Epoch: 286, global_step=4377600
SPS: 1716
Epoch: 287, global_step=4392960
SPS: 1717
Epoch: 288, global_step=4408320
SPS: 1717
Epoch: 289, global_step=4423680
SPS: 1718
Epoch: 290, global_step=4439040
SPS: 1719
Epoch: 291, global_step=4454400
SPS: 1719
Epoch: 292, global_step=4469760
SPS: 1720
Epoch: 293, global_step=4485120
SPS: 1720
Epoch: 294, global_step=4500480
SPS: 1721
Epoch: 295, global_step=4515840
SPS: 1721
Epoch: 296, global_step=4531200
SPS: 1722
Epoch: 297, global_step=4546560
SPS: 1722
Epoch: 298, global_step=4561920
SPS: 1723
Epoch: 299, global_step=4577280
SPS: 1724
Epoch: 300, global_step=4592640
SPS: 1724
Epoch: 301, global_step=4608000
Evaluating
Evaluated 2880 steps resulting in 48 episodes
[32mEvaluation Metric: success_once[0m | [36mMean: 0.0625[0m
[32mEvaluation Metric: return[0m | [36mMean: 2.6632[0m
[32mEvaluation Metric: episode_len[0m | [36mMean: 60.0000[0m
[32mEvaluation Metric: reward[0m | [36mMean: 0.0444[0m
[32mEvaluation Metric: success_at_end[0m | [36mMean: 0.0000[0m
model saved to checkpoints/ppo_memtasks/rgb_joints/normalized_dense/RememberShapeAndColor3x2-v0/ppo-lstm-dense-remember-shape-and-color-3x2-v0__42__rgb_joints__20251025_233618/20251025_233618/ckpt_12_301.pt
SPS: 1711
Epoch: 302, global_step=4623360
SPS: 1711
Epoch: 303, global_step=4638720
SPS: 1712
Epoch: 304, global_step=4654080
SPS: 1712
Epoch: 305, global_step=4669440
SPS: 1713
Epoch: 306, global_step=4684800
SPS: 1713
Epoch: 307, global_step=4700160
SPS: 1714
Epoch: 308, global_step=4715520
SPS: 1715
Epoch: 309, global_step=4730880
SPS: 1715
Epoch: 310, global_step=4746240
SPS: 1716
Epoch: 311, global_step=4761600
SPS: 1716
Epoch: 312, global_step=4776960
SPS: 1717
Epoch: 313, global_step=4792320
SPS: 1717
Epoch: 314, global_step=4807680
SPS: 1718
Epoch: 315, global_step=4823040
SPS: 1718
Epoch: 316, global_step=4838400
SPS: 1719
Epoch: 317, global_step=4853760
SPS: 1719
Epoch: 318, global_step=4869120
SPS: 1720
Epoch: 319, global_step=4884480
SPS: 1720
Epoch: 320, global_step=4899840
SPS: 1721
Epoch: 321, global_step=4915200
SPS: 1721
Epoch: 322, global_step=4930560
SPS: 1722
Epoch: 323, global_step=4945920
SPS: 1722
Epoch: 324, global_step=4961280
SPS: 1723
Epoch: 325, global_step=4976640
SPS: 1723
Epoch: 326, global_step=4992000
Evaluating
Evaluated 2880 steps resulting in 48 episodes
[32mEvaluation Metric: success_once[0m | [36mMean: 0.0417[0m
[32mEvaluation Metric: return[0m | [36mMean: 2.1701[0m
[32mEvaluation Metric: episode_len[0m | [36mMean: 60.0000[0m
[32mEvaluation Metric: reward[0m | [36mMean: 0.0362[0m
[32mEvaluation Metric: success_at_end[0m | [36mMean: 0.0000[0m
model saved to checkpoints/ppo_memtasks/rgb_joints/normalized_dense/RememberShapeAndColor3x2-v0/ppo-lstm-dense-remember-shape-and-color-3x2-v0__42__rgb_joints__20251025_233618/20251025_233618/ckpt_13_326.pt
SPS: 1710
Epoch: 327, global_step=5007360
SPS: 1711
Epoch: 328, global_step=5022720
SPS: 1711
Epoch: 329, global_step=5038080
SPS: 1712
Epoch: 330, global_step=5053440
SPS: 1713
Epoch: 331, global_step=5068800
SPS: 1713
Epoch: 332, global_step=5084160
SPS: 1714
Epoch: 333, global_step=5099520
SPS: 1714
Epoch: 334, global_step=5114880
SPS: 1715
Epoch: 335, global_step=5130240
SPS: 1715
Epoch: 336, global_step=5145600
SPS: 1716
Epoch: 337, global_step=5160960
SPS: 1716
Epoch: 338, global_step=5176320
SPS: 1716
Epoch: 339, global_step=5191680
SPS: 1717
Epoch: 340, global_step=5207040
SPS: 1717
Epoch: 341, global_step=5222400
SPS: 1718
Epoch: 342, global_step=5237760
SPS: 1718
Epoch: 343, global_step=5253120
SPS: 1719
Epoch: 344, global_step=5268480
SPS: 1719
Epoch: 345, global_step=5283840
SPS: 1720
Epoch: 346, global_step=5299200
SPS: 1720
Epoch: 347, global_step=5314560
SPS: 1721
Epoch: 348, global_step=5329920
SPS: 1721
Epoch: 349, global_step=5345280
SPS: 1722
Epoch: 350, global_step=5360640
SPS: 1722
Epoch: 351, global_step=5376000
Evaluating
Evaluated 2880 steps resulting in 48 episodes
[32mEvaluation Metric: success_once[0m | [36mMean: 0.0417[0m
[32mEvaluation Metric: return[0m | [36mMean: 2.7231[0m
[32mEvaluation Metric: episode_len[0m | [36mMean: 60.0000[0m
[32mEvaluation Metric: reward[0m | [36mMean: 0.0454[0m
[32mEvaluation Metric: success_at_end[0m | [36mMean: 0.0000[0m
model saved to checkpoints/ppo_memtasks/rgb_joints/normalized_dense/RememberShapeAndColor3x2-v0/ppo-lstm-dense-remember-shape-and-color-3x2-v0__42__rgb_joints__20251025_233618/20251025_233618/ckpt_14_351.pt
SPS: 1711
Epoch: 352, global_step=5391360
SPS: 1711
Epoch: 353, global_step=5406720
SPS: 1712
Epoch: 354, global_step=5422080
SPS: 1712
Epoch: 355, global_step=5437440
SPS: 1712
Epoch: 356, global_step=5452800
SPS: 1713
Epoch: 357, global_step=5468160
SPS: 1713
Epoch: 358, global_step=5483520
SPS: 1714
Epoch: 359, global_step=5498880
SPS: 1714
Epoch: 360, global_step=5514240
SPS: 1715
Epoch: 361, global_step=5529600
SPS: 1715
Epoch: 362, global_step=5544960
SPS: 1716
Epoch: 363, global_step=5560320
SPS: 1716
Epoch: 364, global_step=5575680
SPS: 1716
Epoch: 365, global_step=5591040
SPS: 1717
Epoch: 366, global_step=5606400
SPS: 1717
Epoch: 367, global_step=5621760
SPS: 1718
Epoch: 368, global_step=5637120
SPS: 1718
Epoch: 369, global_step=5652480
SPS: 1719
Epoch: 370, global_step=5667840
SPS: 1719
Epoch: 371, global_step=5683200
SPS: 1719
Epoch: 372, global_step=5698560
SPS: 1720
Epoch: 373, global_step=5713920
SPS: 1720
Epoch: 374, global_step=5729280
SPS: 1721
Epoch: 375, global_step=5744640
SPS: 1721
Epoch: 376, global_step=5760000
Evaluating
Evaluated 2880 steps resulting in 48 episodes
[32mEvaluation Metric: success_once[0m | [36mMean: 0.0625[0m
[32mEvaluation Metric: return[0m | [36mMean: 3.3121[0m
[32mEvaluation Metric: episode_len[0m | [36mMean: 60.0000[0m
[32mEvaluation Metric: reward[0m | [36mMean: 0.0552[0m
[32mEvaluation Metric: success_at_end[0m | [36mMean: 0.0000[0m
model saved to checkpoints/ppo_memtasks/rgb_joints/normalized_dense/RememberShapeAndColor3x2-v0/ppo-lstm-dense-remember-shape-and-color-3x2-v0__42__rgb_joints__20251025_233618/20251025_233618/ckpt_15_376.pt
SPS: 1711
Epoch: 377, global_step=5775360
SPS: 1711
Epoch: 378, global_step=5790720
SPS: 1711
Epoch: 379, global_step=5806080
SPS: 1712
Epoch: 380, global_step=5821440
SPS: 1712
Epoch: 381, global_step=5836800
SPS: 1713
Epoch: 382, global_step=5852160
SPS: 1713
Epoch: 383, global_step=5867520
SPS: 1714
Epoch: 384, global_step=5882880
SPS: 1714
Epoch: 385, global_step=5898240
SPS: 1714
Epoch: 386, global_step=5913600
SPS: 1715
Epoch: 387, global_step=5928960
SPS: 1715
Epoch: 388, global_step=5944320
SPS: 1716
Epoch: 389, global_step=5959680
SPS: 1716
Epoch: 390, global_step=5975040
SPS: 1716
Epoch: 391, global_step=5990400
SPS: 1717
Epoch: 392, global_step=6005760
SPS: 1717
Epoch: 393, global_step=6021120
SPS: 1718
Epoch: 394, global_step=6036480
SPS: 1718
Epoch: 395, global_step=6051840
SPS: 1718
Epoch: 396, global_step=6067200
SPS: 1719
Epoch: 397, global_step=6082560
SPS: 1719
Epoch: 398, global_step=6097920
SPS: 1720
Epoch: 399, global_step=6113280
SPS: 1720
Epoch: 400, global_step=6128640
SPS: 1720
Epoch: 401, global_step=6144000
Evaluating
Evaluated 2880 steps resulting in 48 episodes
[32mEvaluation Metric: success_once[0m | [36mMean: 0.0833[0m
[32mEvaluation Metric: return[0m | [36mMean: 3.1212[0m
[32mEvaluation Metric: episode_len[0m | [36mMean: 60.0000[0m
[32mEvaluation Metric: reward[0m | [36mMean: 0.0520[0m
[32mEvaluation Metric: success_at_end[0m | [36mMean: 0.0417[0m
model saved to checkpoints/ppo_memtasks/rgb_joints/normalized_dense/RememberShapeAndColor3x2-v0/ppo-lstm-dense-remember-shape-and-color-3x2-v0__42__rgb_joints__20251025_233618/20251025_233618/ckpt_16_401.pt
SPS: 1710
Epoch: 402, global_step=6159360
SPS: 1710
Epoch: 403, global_step=6174720
SPS: 1711
Epoch: 404, global_step=6190080
SPS: 1711
Epoch: 405, global_step=6205440
SPS: 1711
Epoch: 406, global_step=6220800
SPS: 1712
Epoch: 407, global_step=6236160
SPS: 1712
Epoch: 408, global_step=6251520
SPS: 1713
Epoch: 409, global_step=6266880
SPS: 1713
Epoch: 410, global_step=6282240
SPS: 1713
Epoch: 411, global_step=6297600
SPS: 1714
Epoch: 412, global_step=6312960
SPS: 1714
Epoch: 413, global_step=6328320
SPS: 1714
Epoch: 414, global_step=6343680
SPS: 1715
Epoch: 415, global_step=6359040
SPS: 1715
Epoch: 416, global_step=6374400
SPS: 1716
Epoch: 417, global_step=6389760
SPS: 1716
Epoch: 418, global_step=6405120
SPS: 1716
Epoch: 419, global_step=6420480
SPS: 1717
Epoch: 420, global_step=6435840
SPS: 1717
Epoch: 421, global_step=6451200
SPS: 1718
Epoch: 422, global_step=6466560
SPS: 1718
Epoch: 423, global_step=6481920
SPS: 1718
Epoch: 424, global_step=6497280
SPS: 1719
Epoch: 425, global_step=6512640
SPS: 1719
Epoch: 426, global_step=6528000
Evaluating
Evaluated 2880 steps resulting in 48 episodes
[32mEvaluation Metric: success_once[0m | [36mMean: 0.0417[0m
[32mEvaluation Metric: return[0m | [36mMean: 3.0391[0m
[32mEvaluation Metric: episode_len[0m | [36mMean: 60.0000[0m
[32mEvaluation Metric: reward[0m | [36mMean: 0.0507[0m
[32mEvaluation Metric: success_at_end[0m | [36mMean: 0.0000[0m
model saved to checkpoints/ppo_memtasks/rgb_joints/normalized_dense/RememberShapeAndColor3x2-v0/ppo-lstm-dense-remember-shape-and-color-3x2-v0__42__rgb_joints__20251025_233618/20251025_233618/ckpt_17_426.pt
SPS: 1709
Epoch: 427, global_step=6543360
SPS: 1710
Epoch: 428, global_step=6558720
SPS: 1710
Epoch: 429, global_step=6574080
SPS: 1711
Epoch: 430, global_step=6589440
SPS: 1711
Epoch: 431, global_step=6604800
SPS: 1711
Epoch: 432, global_step=6620160
SPS: 1712
Epoch: 433, global_step=6635520
SPS: 1712
Epoch: 434, global_step=6650880
SPS: 1712
Epoch: 435, global_step=6666240
SPS: 1713
Epoch: 436, global_step=6681600
SPS: 1713
Epoch: 437, global_step=6696960
SPS: 1714
Epoch: 438, global_step=6712320
SPS: 1714
Epoch: 439, global_step=6727680
SPS: 1714
Epoch: 440, global_step=6743040
SPS: 1715
Epoch: 441, global_step=6758400
SPS: 1715
Epoch: 442, global_step=6773760
SPS: 1715
Epoch: 443, global_step=6789120
SPS: 1716
Epoch: 444, global_step=6804480
SPS: 1716
Epoch: 445, global_step=6819840
SPS: 1717
Epoch: 446, global_step=6835200
SPS: 1717
Epoch: 447, global_step=6850560
SPS: 1717
Epoch: 448, global_step=6865920
SPS: 1718
Epoch: 449, global_step=6881280
SPS: 1718
Epoch: 450, global_step=6896640
SPS: 1718
Epoch: 451, global_step=6912000
Evaluating
Evaluated 2880 steps resulting in 48 episodes
[32mEvaluation Metric: success_once[0m | [36mMean: 0.0625[0m
[32mEvaluation Metric: return[0m | [36mMean: 2.7053[0m
[32mEvaluation Metric: episode_len[0m | [36mMean: 60.0000[0m
[32mEvaluation Metric: reward[0m | [36mMean: 0.0451[0m
[32mEvaluation Metric: success_at_end[0m | [36mMean: 0.0000[0m
model saved to checkpoints/ppo_memtasks/rgb_joints/normalized_dense/RememberShapeAndColor3x2-v0/ppo-lstm-dense-remember-shape-and-color-3x2-v0__42__rgb_joints__20251025_233618/20251025_233618/ckpt_18_451.pt
SPS: 1709
Epoch: 452, global_step=6927360
SPS: 1710
Epoch: 453, global_step=6942720
SPS: 1710
Epoch: 454, global_step=6958080
SPS: 1711
Epoch: 455, global_step=6973440
SPS: 1711
Epoch: 456, global_step=6988800
SPS: 1711
Epoch: 457, global_step=7004160
SPS: 1712
Epoch: 458, global_step=7019520
SPS: 1712
Epoch: 459, global_step=7034880
SPS: 1712
Epoch: 460, global_step=7050240
SPS: 1713
Epoch: 461, global_step=7065600
SPS: 1713
Epoch: 462, global_step=7080960
SPS: 1713
Epoch: 463, global_step=7096320
SPS: 1714
Epoch: 464, global_step=7111680
SPS: 1714
Epoch: 465, global_step=7127040
SPS: 1714
Epoch: 466, global_step=7142400
SPS: 1715
Epoch: 467, global_step=7157760
SPS: 1715
Epoch: 468, global_step=7173120
SPS: 1715
Epoch: 469, global_step=7188480
SPS: 1716
Epoch: 470, global_step=7203840
SPS: 1716
Epoch: 471, global_step=7219200
SPS: 1716
Epoch: 472, global_step=7234560
SPS: 1717
Epoch: 473, global_step=7249920
SPS: 1717
Epoch: 474, global_step=7265280
SPS: 1718
Epoch: 475, global_step=7280640
SPS: 1718
Epoch: 476, global_step=7296000
Evaluating
Evaluated 2880 steps resulting in 48 episodes
[32mEvaluation Metric: success_once[0m | [36mMean: 0.0417[0m
[32mEvaluation Metric: return[0m | [36mMean: 2.9454[0m
[32mEvaluation Metric: episode_len[0m | [36mMean: 60.0000[0m
[32mEvaluation Metric: reward[0m | [36mMean: 0.0491[0m
[32mEvaluation Metric: success_at_end[0m | [36mMean: 0.0000[0m
model saved to checkpoints/ppo_memtasks/rgb_joints/normalized_dense/RememberShapeAndColor3x2-v0/ppo-lstm-dense-remember-shape-and-color-3x2-v0__42__rgb_joints__20251025_233618/20251025_233618/ckpt_19_476.pt
SPS: 1709
Epoch: 477, global_step=7311360
SPS: 1710
Epoch: 478, global_step=7326720
SPS: 1710
Epoch: 479, global_step=7342080
SPS: 1710
Epoch: 480, global_step=7357440
SPS: 1711
Epoch: 481, global_step=7372800
SPS: 1711
Epoch: 482, global_step=7388160
SPS: 1711
Epoch: 483, global_step=7403520
SPS: 1712
Epoch: 484, global_step=7418880
SPS: 1712
Epoch: 485, global_step=7434240
SPS: 1712
Epoch: 486, global_step=7449600
SPS: 1713
Epoch: 487, global_step=7464960
SPS: 1713
Epoch: 488, global_step=7480320
SPS: 1713
Epoch: 489, global_step=7495680
SPS: 1714
Epoch: 490, global_step=7511040
SPS: 1714
Epoch: 491, global_step=7526400
SPS: 1714
Epoch: 492, global_step=7541760
SPS: 1715
Epoch: 493, global_step=7557120
SPS: 1715
Epoch: 494, global_step=7572480
SPS: 1715
Epoch: 495, global_step=7587840
SPS: 1716
Epoch: 496, global_step=7603200
SPS: 1716
Epoch: 497, global_step=7618560
SPS: 1716
Epoch: 498, global_step=7633920
SPS: 1716
Epoch: 499, global_step=7649280
SPS: 1717
Epoch: 500, global_step=7664640
SPS: 1717
Epoch: 501, global_step=7680000
Evaluating
Evaluated 2880 steps resulting in 48 episodes
[32mEvaluation Metric: success_once[0m | [36mMean: 0.0625[0m
[32mEvaluation Metric: return[0m | [36mMean: 2.6726[0m
[32mEvaluation Metric: episode_len[0m | [36mMean: 60.0000[0m
[32mEvaluation Metric: reward[0m | [36mMean: 0.0445[0m
[32mEvaluation Metric: success_at_end[0m | [36mMean: 0.0000[0m
model saved to checkpoints/ppo_memtasks/rgb_joints/normalized_dense/RememberShapeAndColor3x2-v0/ppo-lstm-dense-remember-shape-and-color-3x2-v0__42__rgb_joints__20251025_233618/20251025_233618/ckpt_20_501.pt
SPS: 1709
Epoch: 502, global_step=7695360
SPS: 1709
Epoch: 503, global_step=7710720
SPS: 1710
Epoch: 504, global_step=7726080
SPS: 1710
Epoch: 505, global_step=7741440
SPS: 1710
Epoch: 506, global_step=7756800
SPS: 1711
Epoch: 507, global_step=7772160
SPS: 1711
Epoch: 508, global_step=7787520
SPS: 1711
Epoch: 509, global_step=7802880
SPS: 1712
Epoch: 510, global_step=7818240
SPS: 1712
Epoch: 511, global_step=7833600
SPS: 1712
Epoch: 512, global_step=7848960
SPS: 1713
Epoch: 513, global_step=7864320
SPS: 1713
Epoch: 514, global_step=7879680
SPS: 1713
Epoch: 515, global_step=7895040
SPS: 1714
Epoch: 516, global_step=7910400
SPS: 1714
Epoch: 517, global_step=7925760
SPS: 1714
Epoch: 518, global_step=7941120
SPS: 1715
Epoch: 519, global_step=7956480
SPS: 1715
Epoch: 520, global_step=7971840
SPS: 1715
Epoch: 521, global_step=7987200
SPS: 1715
Epoch: 522, global_step=8002560
SPS: 1716
Epoch: 523, global_step=8017920
SPS: 1716
Epoch: 524, global_step=8033280
SPS: 1716
Epoch: 525, global_step=8048640
SPS: 1717
Epoch: 526, global_step=8064000
Evaluating
Evaluated 2880 steps resulting in 48 episodes
[32mEvaluation Metric: success_once[0m | [36mMean: 0.0417[0m
[32mEvaluation Metric: return[0m | [36mMean: 2.7821[0m
[32mEvaluation Metric: episode_len[0m | [36mMean: 60.0000[0m
[32mEvaluation Metric: reward[0m | [36mMean: 0.0464[0m
[32mEvaluation Metric: success_at_end[0m | [36mMean: 0.0208[0m
model saved to checkpoints/ppo_memtasks/rgb_joints/normalized_dense/RememberShapeAndColor3x2-v0/ppo-lstm-dense-remember-shape-and-color-3x2-v0__42__rgb_joints__20251025_233618/20251025_233618/ckpt_21_526.pt
SPS: 1709
Epoch: 527, global_step=8079360
SPS: 1709
Epoch: 528, global_step=8094720
SPS: 1710
Epoch: 529, global_step=8110080
SPS: 1710
Epoch: 530, global_step=8125440
SPS: 1710
Epoch: 531, global_step=8140800
SPS: 1711
Epoch: 532, global_step=8156160
SPS: 1711
Epoch: 533, global_step=8171520
SPS: 1711
Epoch: 534, global_step=8186880
SPS: 1712
Epoch: 535, global_step=8202240
SPS: 1712
Epoch: 536, global_step=8217600
SPS: 1712
Epoch: 537, global_step=8232960
SPS: 1713
Epoch: 538, global_step=8248320
SPS: 1713
Epoch: 539, global_step=8263680
SPS: 1713
Epoch: 540, global_step=8279040
SPS: 1714
Epoch: 541, global_step=8294400
SPS: 1714
Epoch: 542, global_step=8309760
SPS: 1714
Epoch: 543, global_step=8325120
SPS: 1714
Epoch: 544, global_step=8340480
SPS: 1715
Epoch: 545, global_step=8355840
SPS: 1715
Epoch: 546, global_step=8371200
SPS: 1715
Epoch: 547, global_step=8386560
SPS: 1716
Epoch: 548, global_step=8401920
SPS: 1716
Epoch: 549, global_step=8417280
SPS: 1716
Epoch: 550, global_step=8432640
SPS: 1717
Epoch: 551, global_step=8448000
Evaluating
Evaluated 2880 steps resulting in 48 episodes
[32mEvaluation Metric: success_once[0m | [36mMean: 0.0833[0m
[32mEvaluation Metric: return[0m | [36mMean: 2.9333[0m
[32mEvaluation Metric: episode_len[0m | [36mMean: 60.0000[0m
[32mEvaluation Metric: reward[0m | [36mMean: 0.0489[0m
[32mEvaluation Metric: success_at_end[0m | [36mMean: 0.0000[0m
model saved to checkpoints/ppo_memtasks/rgb_joints/normalized_dense/RememberShapeAndColor3x2-v0/ppo-lstm-dense-remember-shape-and-color-3x2-v0__42__rgb_joints__20251025_233618/20251025_233618/ckpt_22_551.pt
SPS: 1709
Epoch: 552, global_step=8463360
SPS: 1709
Epoch: 553, global_step=8478720
SPS: 1710
Epoch: 554, global_step=8494080
SPS: 1710
Epoch: 555, global_step=8509440
SPS: 1710
Epoch: 556, global_step=8524800
SPS: 1711
Epoch: 557, global_step=8540160
SPS: 1711
Epoch: 558, global_step=8555520
SPS: 1711
Epoch: 559, global_step=8570880
SPS: 1712
Epoch: 560, global_step=8586240
SPS: 1712
Epoch: 561, global_step=8601600
SPS: 1712
Epoch: 562, global_step=8616960
SPS: 1713
Epoch: 563, global_step=8632320
SPS: 1713
Epoch: 564, global_step=8647680
SPS: 1713
Epoch: 565, global_step=8663040
SPS: 1714
Epoch: 566, global_step=8678400
SPS: 1714
Epoch: 567, global_step=8693760
SPS: 1714
Epoch: 568, global_step=8709120
SPS: 1714
Epoch: 569, global_step=8724480
SPS: 1715
Epoch: 570, global_step=8739840
SPS: 1715
Epoch: 571, global_step=8755200
SPS: 1715
Epoch: 572, global_step=8770560
SPS: 1716
Epoch: 573, global_step=8785920
SPS: 1716
Epoch: 574, global_step=8801280
SPS: 1716
Epoch: 575, global_step=8816640
SPS: 1716
Epoch: 576, global_step=8832000
Evaluating
Evaluated 2880 steps resulting in 48 episodes
[32mEvaluation Metric: success_once[0m | [36mMean: 0.0833[0m
[32mEvaluation Metric: return[0m | [36mMean: 2.5812[0m
[32mEvaluation Metric: episode_len[0m | [36mMean: 60.0000[0m
[32mEvaluation Metric: reward[0m | [36mMean: 0.0430[0m
[32mEvaluation Metric: success_at_end[0m | [36mMean: 0.0208[0m
model saved to checkpoints/ppo_memtasks/rgb_joints/normalized_dense/RememberShapeAndColor3x2-v0/ppo-lstm-dense-remember-shape-and-color-3x2-v0__42__rgb_joints__20251025_233618/20251025_233618/ckpt_23_576.pt
SPS: 1709
Epoch: 577, global_step=8847360
SPS: 1709
Epoch: 578, global_step=8862720
SPS: 1710
Epoch: 579, global_step=8878080
SPS: 1710
Epoch: 580, global_step=8893440
SPS: 1710
Epoch: 581, global_step=8908800
SPS: 1711
Epoch: 582, global_step=8924160
SPS: 1711
Epoch: 583, global_step=8939520
SPS: 1711
Epoch: 584, global_step=8954880
SPS: 1711
Epoch: 585, global_step=8970240
SPS: 1712
Epoch: 586, global_step=8985600
SPS: 1712
Epoch: 587, global_step=9000960
SPS: 1712
Epoch: 588, global_step=9016320
SPS: 1713
Epoch: 589, global_step=9031680
SPS: 1713
Epoch: 590, global_step=9047040
SPS: 1713
Epoch: 591, global_step=9062400
SPS: 1713
Epoch: 592, global_step=9077760
SPS: 1714
Epoch: 593, global_step=9093120
SPS: 1714
Epoch: 594, global_step=9108480
SPS: 1714
Epoch: 595, global_step=9123840
SPS: 1714
Epoch: 596, global_step=9139200
SPS: 1715
Epoch: 597, global_step=9154560
SPS: 1715
Epoch: 598, global_step=9169920
SPS: 1715
Epoch: 599, global_step=9185280
SPS: 1716
Epoch: 600, global_step=9200640
SPS: 1716
Epoch: 601, global_step=9216000
Evaluating
Evaluated 2880 steps resulting in 48 episodes
[32mEvaluation Metric: success_once[0m | [36mMean: 0.1042[0m
[32mEvaluation Metric: return[0m | [36mMean: 2.8214[0m
[32mEvaluation Metric: episode_len[0m | [36mMean: 60.0000[0m
[32mEvaluation Metric: reward[0m | [36mMean: 0.0470[0m
[32mEvaluation Metric: success_at_end[0m | [36mMean: 0.0000[0m
model saved to checkpoints/ppo_memtasks/rgb_joints/normalized_dense/RememberShapeAndColor3x2-v0/ppo-lstm-dense-remember-shape-and-color-3x2-v0__42__rgb_joints__20251025_233618/20251025_233618/ckpt_24_601.pt
SPS: 1709
Epoch: 602, global_step=9231360
SPS: 1709
Epoch: 603, global_step=9246720
SPS: 1710
Epoch: 604, global_step=9262080
SPS: 1710
Epoch: 605, global_step=9277440
SPS: 1710
Epoch: 606, global_step=9292800
SPS: 1710
Epoch: 607, global_step=9308160
SPS: 1711
Epoch: 608, global_step=9323520
SPS: 1711
Epoch: 609, global_step=9338880
SPS: 1711
Epoch: 610, global_step=9354240
SPS: 1711
Epoch: 611, global_step=9369600
SPS: 1712
Epoch: 612, global_step=9384960
SPS: 1712
Epoch: 613, global_step=9400320
SPS: 1712
Epoch: 614, global_step=9415680
SPS: 1713
Epoch: 615, global_step=9431040
SPS: 1713
Epoch: 616, global_step=9446400
SPS: 1713
Epoch: 617, global_step=9461760
SPS: 1713
Epoch: 618, global_step=9477120
SPS: 1714
Epoch: 619, global_step=9492480
SPS: 1714
Epoch: 620, global_step=9507840
SPS: 1714
Epoch: 621, global_step=9523200
SPS: 1714
Epoch: 622, global_step=9538560
SPS: 1715
Epoch: 623, global_step=9553920
SPS: 1715
Epoch: 624, global_step=9569280
SPS: 1715
Epoch: 625, global_step=9584640
SPS: 1715
Epoch: 626, global_step=9600000
Evaluating
Evaluated 2880 steps resulting in 48 episodes
[32mEvaluation Metric: success_once[0m | [36mMean: 0.0625[0m
[32mEvaluation Metric: return[0m | [36mMean: 2.3948[0m
[32mEvaluation Metric: episode_len[0m | [36mMean: 60.0000[0m
[32mEvaluation Metric: reward[0m | [36mMean: 0.0399[0m
[32mEvaluation Metric: success_at_end[0m | [36mMean: 0.0000[0m
model saved to checkpoints/ppo_memtasks/rgb_joints/normalized_dense/RememberShapeAndColor3x2-v0/ppo-lstm-dense-remember-shape-and-color-3x2-v0__42__rgb_joints__20251025_233618/20251025_233618/ckpt_25_626.pt
SPS: 1709
Epoch: 627, global_step=9615360
SPS: 1709
Epoch: 628, global_step=9630720
SPS: 1709
Epoch: 629, global_step=9646080
SPS: 1710
Epoch: 630, global_step=9661440
SPS: 1710
Epoch: 631, global_step=9676800
SPS: 1710
Epoch: 632, global_step=9692160
SPS: 1711
Epoch: 633, global_step=9707520
SPS: 1711
Epoch: 634, global_step=9722880
SPS: 1711
Epoch: 635, global_step=9738240
SPS: 1711
Epoch: 636, global_step=9753600
SPS: 1712
Epoch: 637, global_step=9768960
SPS: 1712
Epoch: 638, global_step=9784320
SPS: 1712
Epoch: 639, global_step=9799680
SPS: 1712
Epoch: 640, global_step=9815040
SPS: 1713
Epoch: 641, global_step=9830400
SPS: 1713
Epoch: 642, global_step=9845760
SPS: 1713
Epoch: 643, global_step=9861120
SPS: 1714
Epoch: 644, global_step=9876480
SPS: 1714
Epoch: 645, global_step=9891840
SPS: 1714
Epoch: 646, global_step=9907200
SPS: 1714
Epoch: 647, global_step=9922560
SPS: 1715
Epoch: 648, global_step=9937920
SPS: 1715
Epoch: 649, global_step=9953280
SPS: 1715
Epoch: 650, global_step=9968640
SPS: 1715
Epoch: 651, global_step=9984000
Evaluating
Evaluated 2880 steps resulting in 48 episodes
[32mEvaluation Metric: success_once[0m | [36mMean: 0.0833[0m
[32mEvaluation Metric: return[0m | [36mMean: 2.9640[0m
[32mEvaluation Metric: episode_len[0m | [36mMean: 60.0000[0m
[32mEvaluation Metric: reward[0m | [36mMean: 0.0494[0m
[32mEvaluation Metric: success_at_end[0m | [36mMean: 0.0000[0m
model saved to checkpoints/ppo_memtasks/rgb_joints/normalized_dense/RememberShapeAndColor3x2-v0/ppo-lstm-dense-remember-shape-and-color-3x2-v0__42__rgb_joints__20251025_233618/20251025_233618/ckpt_26_651.pt
SPS: 1709
Epoch: 652, global_step=9999360
SPS: 1709
Epoch: 653, global_step=10014720
SPS: 1710
Epoch: 654, global_step=10030080
SPS: 1710
Epoch: 655, global_step=10045440
SPS: 1710
Epoch: 656, global_step=10060800
SPS: 1710
Epoch: 657, global_step=10076160
SPS: 1711
Epoch: 658, global_step=10091520
SPS: 1711
Epoch: 659, global_step=10106880
SPS: 1711
Epoch: 660, global_step=10122240
SPS: 1711
Epoch: 661, global_step=10137600
SPS: 1712
Epoch: 662, global_step=10152960
SPS: 1712
Epoch: 663, global_step=10168320
SPS: 1712
Epoch: 664, global_step=10183680
SPS: 1712
Epoch: 665, global_step=10199040
SPS: 1713
Epoch: 666, global_step=10214400
SPS: 1713
Epoch: 667, global_step=10229760
SPS: 1713
Epoch: 668, global_step=10245120
SPS: 1713
Epoch: 669, global_step=10260480
SPS: 1714
Epoch: 670, global_step=10275840
SPS: 1714
Epoch: 671, global_step=10291200
SPS: 1714
Epoch: 672, global_step=10306560
SPS: 1714
Epoch: 673, global_step=10321920
SPS: 1715
Epoch: 674, global_step=10337280
SPS: 1715
Epoch: 675, global_step=10352640
SPS: 1715
Epoch: 676, global_step=10368000
Evaluating
Evaluated 2880 steps resulting in 48 episodes
[32mEvaluation Metric: success_once[0m | [36mMean: 0.0625[0m
[32mEvaluation Metric: return[0m | [36mMean: 2.5654[0m
[32mEvaluation Metric: episode_len[0m | [36mMean: 60.0000[0m
[32mEvaluation Metric: reward[0m | [36mMean: 0.0428[0m
[32mEvaluation Metric: success_at_end[0m | [36mMean: 0.0208[0m
model saved to checkpoints/ppo_memtasks/rgb_joints/normalized_dense/RememberShapeAndColor3x2-v0/ppo-lstm-dense-remember-shape-and-color-3x2-v0__42__rgb_joints__20251025_233618/20251025_233618/ckpt_27_676.pt
SPS: 1709
Epoch: 677, global_step=10383360
SPS: 1709
Epoch: 678, global_step=10398720
SPS: 1710
Epoch: 679, global_step=10414080
SPS: 1710
Epoch: 680, global_step=10429440
SPS: 1710
Epoch: 681, global_step=10444800
SPS: 1711
Epoch: 682, global_step=10460160
SPS: 1711
Epoch: 683, global_step=10475520
SPS: 1711
Epoch: 684, global_step=10490880
SPS: 1711
Epoch: 685, global_step=10506240
SPS: 1711
Epoch: 686, global_step=10521600
SPS: 1712
Epoch: 687, global_step=10536960
SPS: 1712
Epoch: 688, global_step=10552320
SPS: 1712
Epoch: 689, global_step=10567680
SPS: 1712
Epoch: 690, global_step=10583040
SPS: 1713
Epoch: 691, global_step=10598400
SPS: 1713
Epoch: 692, global_step=10613760
SPS: 1713
Epoch: 693, global_step=10629120
SPS: 1713
Epoch: 694, global_step=10644480
SPS: 1714
Epoch: 695, global_step=10659840
SPS: 1714
Epoch: 696, global_step=10675200
SPS: 1714
Epoch: 697, global_step=10690560
SPS: 1714
Epoch: 698, global_step=10705920
SPS: 1715
Epoch: 699, global_step=10721280
SPS: 1715
Epoch: 700, global_step=10736640
SPS: 1715
Epoch: 701, global_step=10752000
Evaluating
Evaluated 2880 steps resulting in 48 episodes
[32mEvaluation Metric: success_once[0m | [36mMean: 0.0208[0m
[32mEvaluation Metric: return[0m | [36mMean: 2.8730[0m
[32mEvaluation Metric: episode_len[0m | [36mMean: 60.0000[0m
[32mEvaluation Metric: reward[0m | [36mMean: 0.0479[0m
[32mEvaluation Metric: success_at_end[0m | [36mMean: 0.0208[0m
model saved to checkpoints/ppo_memtasks/rgb_joints/normalized_dense/RememberShapeAndColor3x2-v0/ppo-lstm-dense-remember-shape-and-color-3x2-v0__42__rgb_joints__20251025_233618/20251025_233618/ckpt_28_701.pt
SPS: 1709
Epoch: 702, global_step=10767360
SPS: 1710
Epoch: 703, global_step=10782720
SPS: 1710
Epoch: 704, global_step=10798080
SPS: 1710
Epoch: 705, global_step=10813440
SPS: 1711
Epoch: 706, global_step=10828800
SPS: 1711
Epoch: 707, global_step=10844160
SPS: 1711
Epoch: 708, global_step=10859520
SPS: 1711
Epoch: 709, global_step=10874880
SPS: 1711
Epoch: 710, global_step=10890240
SPS: 1712
Epoch: 711, global_step=10905600
SPS: 1712
Epoch: 712, global_step=10920960
SPS: 1712
Epoch: 713, global_step=10936320
SPS: 1712
Epoch: 714, global_step=10951680
SPS: 1713
Epoch: 715, global_step=10967040
SPS: 1713
Epoch: 716, global_step=10982400
SPS: 1713
Epoch: 717, global_step=10997760
SPS: 1713
Epoch: 718, global_step=11013120
SPS: 1714
Epoch: 719, global_step=11028480
SPS: 1714
Epoch: 720, global_step=11043840
SPS: 1714
Epoch: 721, global_step=11059200
SPS: 1714
Epoch: 722, global_step=11074560
SPS: 1714
Epoch: 723, global_step=11089920
SPS: 1715
Epoch: 724, global_step=11105280
SPS: 1715
Epoch: 725, global_step=11120640
SPS: 1715
Epoch: 726, global_step=11136000
Evaluating
Evaluated 2880 steps resulting in 48 episodes
[32mEvaluation Metric: success_once[0m | [36mMean: 0.0625[0m
[32mEvaluation Metric: return[0m | [36mMean: 2.6531[0m
[32mEvaluation Metric: episode_len[0m | [36mMean: 60.0000[0m
[32mEvaluation Metric: reward[0m | [36mMean: 0.0442[0m
[32mEvaluation Metric: success_at_end[0m | [36mMean: 0.0000[0m
model saved to checkpoints/ppo_memtasks/rgb_joints/normalized_dense/RememberShapeAndColor3x2-v0/ppo-lstm-dense-remember-shape-and-color-3x2-v0__42__rgb_joints__20251025_233618/20251025_233618/ckpt_29_726.pt
SPS: 1710
Epoch: 727, global_step=11151360
SPS: 1710
Epoch: 728, global_step=11166720
SPS: 1710
Epoch: 729, global_step=11182080
SPS: 1710
Epoch: 730, global_step=11197440
SPS: 1710
Epoch: 731, global_step=11212800
SPS: 1711
Epoch: 732, global_step=11228160
SPS: 1711
Epoch: 733, global_step=11243520
SPS: 1711
Epoch: 734, global_step=11258880
SPS: 1711
Epoch: 735, global_step=11274240
SPS: 1712
Epoch: 736, global_step=11289600
SPS: 1712
Epoch: 737, global_step=11304960
SPS: 1712
Epoch: 738, global_step=11320320
SPS: 1712
Epoch: 739, global_step=11335680
SPS: 1713
Epoch: 740, global_step=11351040
SPS: 1713
Epoch: 741, global_step=11366400
SPS: 1713
Epoch: 742, global_step=11381760
SPS: 1713
Epoch: 743, global_step=11397120
SPS: 1713
Epoch: 744, global_step=11412480
SPS: 1714
Epoch: 745, global_step=11427840
SPS: 1714
Epoch: 746, global_step=11443200
SPS: 1714
Epoch: 747, global_step=11458560
SPS: 1714
Epoch: 748, global_step=11473920
SPS: 1715
Epoch: 749, global_step=11489280
SPS: 1715
Epoch: 750, global_step=11504640
SPS: 1715
Epoch: 751, global_step=11520000
Evaluating
Evaluated 2880 steps resulting in 48 episodes
[32mEvaluation Metric: success_once[0m | [36mMean: 0.0833[0m
[32mEvaluation Metric: return[0m | [36mMean: 2.7545[0m
[32mEvaluation Metric: episode_len[0m | [36mMean: 60.0000[0m
[32mEvaluation Metric: reward[0m | [36mMean: 0.0459[0m
[32mEvaluation Metric: success_at_end[0m | [36mMean: 0.0000[0m
model saved to checkpoints/ppo_memtasks/rgb_joints/normalized_dense/RememberShapeAndColor3x2-v0/ppo-lstm-dense-remember-shape-and-color-3x2-v0__42__rgb_joints__20251025_233618/20251025_233618/ckpt_30_751.pt
SPS: 1710
Epoch: 752, global_step=11535360
SPS: 1710
Epoch: 753, global_step=11550720
SPS: 1710
Epoch: 754, global_step=11566080
SPS: 1710
Epoch: 755, global_step=11581440
SPS: 1711
Epoch: 756, global_step=11596800
SPS: 1711
Epoch: 757, global_step=11612160
SPS: 1711
Epoch: 758, global_step=11627520
SPS: 1711
Epoch: 759, global_step=11642880
SPS: 1712
Epoch: 760, global_step=11658240
SPS: 1712
Epoch: 761, global_step=11673600
SPS: 1712
Epoch: 762, global_step=11688960
SPS: 1712
Epoch: 763, global_step=11704320
SPS: 1712
Epoch: 764, global_step=11719680
SPS: 1713
Epoch: 765, global_step=11735040
SPS: 1713
Epoch: 766, global_step=11750400
SPS: 1713
Epoch: 767, global_step=11765760
SPS: 1713
Epoch: 768, global_step=11781120
SPS: 1714
Epoch: 769, global_step=11796480
SPS: 1714
Epoch: 770, global_step=11811840
SPS: 1714
Epoch: 771, global_step=11827200
SPS: 1714
Epoch: 772, global_step=11842560
SPS: 1714
Epoch: 773, global_step=11857920
SPS: 1715
Epoch: 774, global_step=11873280
SPS: 1715
Epoch: 775, global_step=11888640
SPS: 1715
Epoch: 776, global_step=11904000
Evaluating
Evaluated 2880 steps resulting in 48 episodes
[32mEvaluation Metric: success_once[0m | [36mMean: 0.0833[0m
[32mEvaluation Metric: return[0m | [36mMean: 3.0545[0m
[32mEvaluation Metric: episode_len[0m | [36mMean: 60.0000[0m
[32mEvaluation Metric: reward[0m | [36mMean: 0.0509[0m
[32mEvaluation Metric: success_at_end[0m | [36mMean: 0.0000[0m
model saved to checkpoints/ppo_memtasks/rgb_joints/normalized_dense/RememberShapeAndColor3x2-v0/ppo-lstm-dense-remember-shape-and-color-3x2-v0__42__rgb_joints__20251025_233618/20251025_233618/ckpt_31_776.pt
SPS: 1710
Epoch: 777, global_step=11919360
SPS: 1710
Epoch: 778, global_step=11934720
SPS: 1710
Epoch: 779, global_step=11950080
SPS: 1710
Epoch: 780, global_step=11965440
SPS: 1711
Epoch: 781, global_step=11980800
SPS: 1711
Epoch: 782, global_step=11996160
SPS: 1711
Epoch: 783, global_step=12011520
SPS: 1711
Epoch: 784, global_step=12026880
SPS: 1712
Epoch: 785, global_step=12042240
SPS: 1712
Epoch: 786, global_step=12057600
SPS: 1712
Epoch: 787, global_step=12072960
SPS: 1712
Epoch: 788, global_step=12088320
SPS: 1712
Epoch: 789, global_step=12103680
SPS: 1713
Epoch: 790, global_step=12119040
SPS: 1713
Epoch: 791, global_step=12134400
SPS: 1713
Epoch: 792, global_step=12149760
SPS: 1713
Epoch: 793, global_step=12165120
SPS: 1713
Epoch: 794, global_step=12180480
SPS: 1714
Epoch: 795, global_step=12195840
SPS: 1714
Epoch: 796, global_step=12211200
SPS: 1714
Epoch: 797, global_step=12226560
SPS: 1714
Epoch: 798, global_step=12241920
SPS: 1715
Epoch: 799, global_step=12257280
SPS: 1715
Epoch: 800, global_step=12272640
SPS: 1715
Epoch: 801, global_step=12288000
Evaluating
Evaluated 2880 steps resulting in 48 episodes
[32mEvaluation Metric: success_once[0m | [36mMean: 0.0625[0m
[32mEvaluation Metric: return[0m | [36mMean: 2.7135[0m
[32mEvaluation Metric: episode_len[0m | [36mMean: 60.0000[0m
[32mEvaluation Metric: reward[0m | [36mMean: 0.0452[0m
[32mEvaluation Metric: success_at_end[0m | [36mMean: 0.0417[0m
model saved to checkpoints/ppo_memtasks/rgb_joints/normalized_dense/RememberShapeAndColor3x2-v0/ppo-lstm-dense-remember-shape-and-color-3x2-v0__42__rgb_joints__20251025_233618/20251025_233618/ckpt_32_801.pt
SPS: 1710
Epoch: 802, global_step=12303360
SPS: 1710
Epoch: 803, global_step=12318720
SPS: 1710
Epoch: 804, global_step=12334080
SPS: 1711
Epoch: 805, global_step=12349440
SPS: 1711
Epoch: 806, global_step=12364800
SPS: 1711
Epoch: 807, global_step=12380160
SPS: 1711
Epoch: 808, global_step=12395520
SPS: 1711
Epoch: 809, global_step=12410880
SPS: 1712
Epoch: 810, global_step=12426240
SPS: 1712
Epoch: 811, global_step=12441600
SPS: 1712
Epoch: 812, global_step=12456960
SPS: 1712
Epoch: 813, global_step=12472320
SPS: 1713
Epoch: 814, global_step=12487680
SPS: 1713
Epoch: 815, global_step=12503040
SPS: 1713
Epoch: 816, global_step=12518400
SPS: 1713
Epoch: 817, global_step=12533760
SPS: 1713
Epoch: 818, global_step=12549120
SPS: 1714
Epoch: 819, global_step=12564480
SPS: 1714
Epoch: 820, global_step=12579840
SPS: 1714
Epoch: 821, global_step=12595200
SPS: 1714
Epoch: 822, global_step=12610560
SPS: 1714
Epoch: 823, global_step=12625920
SPS: 1715
Epoch: 824, global_step=12641280
SPS: 1715
Epoch: 825, global_step=12656640
SPS: 1715
Epoch: 826, global_step=12672000
Evaluating
Evaluated 2880 steps resulting in 48 episodes
[32mEvaluation Metric: success_once[0m | [36mMean: 0.0833[0m
[32mEvaluation Metric: return[0m | [36mMean: 3.2667[0m
[32mEvaluation Metric: episode_len[0m | [36mMean: 60.0000[0m
[32mEvaluation Metric: reward[0m | [36mMean: 0.0544[0m
[32mEvaluation Metric: success_at_end[0m | [36mMean: 0.0000[0m
model saved to checkpoints/ppo_memtasks/rgb_joints/normalized_dense/RememberShapeAndColor3x2-v0/ppo-lstm-dense-remember-shape-and-color-3x2-v0__42__rgb_joints__20251025_233618/20251025_233618/ckpt_33_826.pt
SPS: 1710
Epoch: 827, global_step=12687360
SPS: 1710
Epoch: 828, global_step=12702720
SPS: 1711
Epoch: 829, global_step=12718080
SPS: 1711
Epoch: 830, global_step=12733440
SPS: 1711
Epoch: 831, global_step=12748800
SPS: 1711
Epoch: 832, global_step=12764160
SPS: 1711
Epoch: 833, global_step=12779520
SPS: 1712
Epoch: 834, global_step=12794880
SPS: 1712
Epoch: 835, global_step=12810240
SPS: 1712
Epoch: 836, global_step=12825600
SPS: 1712
Epoch: 837, global_step=12840960
SPS: 1712
Epoch: 838, global_step=12856320
SPS: 1713
Epoch: 839, global_step=12871680
SPS: 1713
Epoch: 840, global_step=12887040
SPS: 1713
Epoch: 841, global_step=12902400
SPS: 1713
Epoch: 842, global_step=12917760
SPS: 1713
Epoch: 843, global_step=12933120
SPS: 1714
Epoch: 844, global_step=12948480
SPS: 1714
Epoch: 845, global_step=12963840
SPS: 1714
Epoch: 846, global_step=12979200
SPS: 1714
model saved to checkpoints/ppo_memtasks/rgb_joints/normalized_dense/RememberShapeAndColor3x2-v0/ppo-lstm-dense-remember-shape-and-color-3x2-v0__42__rgb_joints__20251025_233618/20251025_233618/final_ckpt.pt
Running RememberShapeAndColor3x2-v0 with seed 33

===========================================================================
║                        Environment Configuration                        ║
===========================================================================
║ Environment ID: RememberShapeAndColor3x2-v0                             ║
║ Oracle Info:    None                                                    ║
║ Wrappers:                                                               ║
║    ├─ InitialZeroActionWrapper                                         ║
║    │  └─ {'n_initial_steps': 0}                                           ║
║    ├─ RememberShapeAndColorInfoWrapper                                 ║
║    ├─ RenderStepInfoWrapper                                            ║
║    ├─ RenderRewardInfoWrapper                                          ║
║    ├─ DebugRewardWrapper                                               ║
║-------------------------------------------------------------------------║
║ include_state:       False │ state will not be used                ║
║ include_rgb:         True  │ rgb images will be used               ║
║ include_oracle:      False │ oracle info will not be used          ║
║ include_joints:      True  │ joints will be used                   ║
===========================================================================

MODE='rgb_joints'
prompt_info=None
{0: 'cube', 1: 'sphere', 2: 't_shape', 3: 'cross', 4: 'torus'}
{0: 'cube', 1: 'sphere', 2: 't_shape', 3: 'cross', 4: 'torus'}
Saving eval videos to checkpoints/ppo_memtasks/rgb_joints/normalized_dense/RememberShapeAndColor3x2-v0/ppo-lstm-dense-remember-shape-and-color-3x2-v0__33__rgb_joints__20251026_014249/20251026_014249/videos
======================================================================
Max Episode Steps: 60
======================================================================

Running training

####
args.num_iterations=846 args.num_envs=256 args.num_eval_envs=16
args.minibatch_size=1920 args.batch_size=15360 args.update_epochs=4
####

sample_obs.keys()=dict_keys(['joints', 'rgb'])
joints: torch.Size([256, 25])
rgb: torch.Size([256, 128, 128, 3])


##################################################
latent_size=512
self.lstm.hidden_size=512
##################################################


Epoch: 1, global_step=0
Evaluating
Evaluated 2880 steps resulting in 48 episodes
[32mEvaluation Metric: success_once[0m | [36mMean: 0.0000[0m
[32mEvaluation Metric: return[0m | [36mMean: 9.9731[0m
[32mEvaluation Metric: episode_len[0m | [36mMean: 60.0000[0m
[32mEvaluation Metric: reward[0m | [36mMean: 0.1662[0m
[32mEvaluation Metric: success_at_end[0m | [36mMean: 0.0000[0m
model saved to checkpoints/ppo_memtasks/rgb_joints/normalized_dense/RememberShapeAndColor3x2-v0/ppo-lstm-dense-remember-shape-and-color-3x2-v0__33__rgb_joints__20251026_014249/20251026_014249/ckpt_0_1.pt
SPS: 571
Epoch: 2, global_step=15360
SPS: 910
Epoch: 3, global_step=30720
SPS: 1131
Epoch: 4, global_step=46080
SPS: 1281
Epoch: 5, global_step=61440
SPS: 1390
Epoch: 6, global_step=76800
SPS: 1473
Epoch: 7, global_step=92160
SPS: 1535
Epoch: 8, global_step=107520
SPS: 1582
Epoch: 9, global_step=122880
SPS: 1621
Epoch: 10, global_step=138240
SPS: 1653
Epoch: 11, global_step=153600
SPS: 1678
Epoch: 12, global_step=168960
SPS: 1700
Epoch: 13, global_step=184320
SPS: 1720
Epoch: 14, global_step=199680
SPS: 1734
Epoch: 15, global_step=215040
SPS: 1749
Epoch: 16, global_step=230400
SPS: 1759
Epoch: 17, global_step=245760
SPS: 1769
Epoch: 18, global_step=261120
SPS: 1778
Epoch: 19, global_step=276480
SPS: 1785
Epoch: 20, global_step=291840
SPS: 1793
Epoch: 21, global_step=307200
SPS: 1799
Epoch: 22, global_step=322560
SPS: 1805
Epoch: 23, global_step=337920
SPS: 1811
Epoch: 24, global_step=353280
SPS: 1817
Epoch: 25, global_step=368640
SPS: 1821
Epoch: 26, global_step=384000
Evaluating
Evaluated 2880 steps resulting in 48 episodes
[32mEvaluation Metric: success_once[0m | [36mMean: 0.1458[0m
[32mEvaluation Metric: return[0m | [36mMean: 2.7852[0m
[32mEvaluation Metric: episode_len[0m | [36mMean: 60.0000[0m
[32mEvaluation Metric: reward[0m | [36mMean: 0.0464[0m
[32mEvaluation Metric: success_at_end[0m | [36mMean: 0.0208[0m
model saved to checkpoints/ppo_memtasks/rgb_joints/normalized_dense/RememberShapeAndColor3x2-v0/ppo-lstm-dense-remember-shape-and-color-3x2-v0__33__rgb_joints__20251026_014249/20251026_014249/ckpt_1_26.pt
SPS: 1663
Epoch: 27, global_step=399360
SPS: 1671
Epoch: 28, global_step=414720
SPS: 1679
Epoch: 29, global_step=430080
SPS: 1687
Epoch: 30, global_step=445440
SPS: 1694
Epoch: 31, global_step=460800
SPS: 1701
Epoch: 32, global_step=476160
SPS: 1707
Epoch: 33, global_step=491520
SPS: 1713
Epoch: 34, global_step=506880
SPS: 1718
Epoch: 35, global_step=522240
SPS: 1724
Epoch: 36, global_step=537600
SPS: 1730
Epoch: 37, global_step=552960
SPS: 1734
Epoch: 38, global_step=568320
SPS: 1739
Epoch: 39, global_step=583680
SPS: 1743
Epoch: 40, global_step=599040
SPS: 1746
Epoch: 41, global_step=614400
SPS: 1750
Epoch: 42, global_step=629760
SPS: 1755
Epoch: 43, global_step=645120
SPS: 1758
Epoch: 44, global_step=660480
SPS: 1762
Epoch: 45, global_step=675840
SPS: 1767
Epoch: 46, global_step=691200
SPS: 1772
Epoch: 47, global_step=706560
SPS: 1776
Epoch: 48, global_step=721920
SPS: 1780
Epoch: 49, global_step=737280
SPS: 1784
Epoch: 50, global_step=752640
SPS: 1788
Epoch: 51, global_step=768000
Evaluating
Evaluated 2880 steps resulting in 48 episodes
[32mEvaluation Metric: success_once[0m | [36mMean: 0.1875[0m
[32mEvaluation Metric: return[0m | [36mMean: 3.8949[0m
[32mEvaluation Metric: episode_len[0m | [36mMean: 60.0000[0m
[32mEvaluation Metric: reward[0m | [36mMean: 0.0649[0m
[32mEvaluation Metric: success_at_end[0m | [36mMean: 0.0625[0m
model saved to checkpoints/ppo_memtasks/rgb_joints/normalized_dense/RememberShapeAndColor3x2-v0/ppo-lstm-dense-remember-shape-and-color-3x2-v0__33__rgb_joints__20251026_014249/20251026_014249/ckpt_2_51.pt
SPS: 1707
Epoch: 52, global_step=783360
SPS: 1712
Epoch: 53, global_step=798720
SPS: 1715
Epoch: 54, global_step=814080
SPS: 1718
Epoch: 55, global_step=829440
SPS: 1721
Epoch: 56, global_step=844800
SPS: 1724
Epoch: 57, global_step=860160
SPS: 1727
Epoch: 58, global_step=875520
SPS: 1730
Epoch: 59, global_step=890880
SPS: 1732
Epoch: 60, global_step=906240
SPS: 1735
Epoch: 61, global_step=921600
SPS: 1738
Epoch: 62, global_step=936960
SPS: 1740
Epoch: 63, global_step=952320
SPS: 1742
Epoch: 64, global_step=967680
SPS: 1744
Epoch: 65, global_step=983040
SPS: 1747
Epoch: 66, global_step=998400
SPS: 1749
Epoch: 67, global_step=1013760
SPS: 1751
Epoch: 68, global_step=1029120
SPS: 1753
Epoch: 69, global_step=1044480
SPS: 1755
Epoch: 70, global_step=1059840
SPS: 1757
Epoch: 71, global_step=1075200
SPS: 1759
Epoch: 72, global_step=1090560
SPS: 1761
Epoch: 73, global_step=1105920
SPS: 1762
Epoch: 74, global_step=1121280
SPS: 1764
Epoch: 75, global_step=1136640
SPS: 1766
Epoch: 76, global_step=1152000
Evaluating
Evaluated 2880 steps resulting in 48 episodes
[32mEvaluation Metric: success_once[0m | [36mMean: 0.1250[0m
[32mEvaluation Metric: return[0m | [36mMean: 3.0417[0m
[32mEvaluation Metric: episode_len[0m | [36mMean: 60.0000[0m
[32mEvaluation Metric: reward[0m | [36mMean: 0.0507[0m
[32mEvaluation Metric: success_at_end[0m | [36mMean: 0.0208[0m
model saved to checkpoints/ppo_memtasks/rgb_joints/normalized_dense/RememberShapeAndColor3x2-v0/ppo-lstm-dense-remember-shape-and-color-3x2-v0__33__rgb_joints__20251026_014249/20251026_014249/ckpt_3_76.pt
SPS: 1711
Epoch: 77, global_step=1167360
SPS: 1714
Epoch: 78, global_step=1182720
SPS: 1716
Epoch: 79, global_step=1198080
SPS: 1718
Epoch: 80, global_step=1213440
SPS: 1720
Epoch: 81, global_step=1228800
SPS: 1722
Epoch: 82, global_step=1244160
SPS: 1724
Epoch: 83, global_step=1259520
SPS: 1727
Epoch: 84, global_step=1274880
SPS: 1728
Epoch: 85, global_step=1290240
SPS: 1730
Epoch: 86, global_step=1305600
SPS: 1732
Epoch: 87, global_step=1320960
SPS: 1734
Epoch: 88, global_step=1336320
SPS: 1736
Epoch: 89, global_step=1351680
SPS: 1738
Epoch: 90, global_step=1367040
SPS: 1739
Epoch: 91, global_step=1382400
SPS: 1741
Epoch: 92, global_step=1397760
SPS: 1743
Epoch: 93, global_step=1413120
SPS: 1744
Epoch: 94, global_step=1428480
SPS: 1746
Epoch: 95, global_step=1443840
SPS: 1747
Epoch: 96, global_step=1459200
SPS: 1749
Epoch: 97, global_step=1474560
SPS: 1750
Epoch: 98, global_step=1489920
SPS: 1752
Epoch: 99, global_step=1505280
SPS: 1753
Epoch: 100, global_step=1520640
SPS: 1755
Epoch: 101, global_step=1536000
Evaluating
Evaluated 2880 steps resulting in 48 episodes
[32mEvaluation Metric: success_once[0m | [36mMean: 0.1875[0m
[32mEvaluation Metric: return[0m | [36mMean: 4.5980[0m
[32mEvaluation Metric: episode_len[0m | [36mMean: 60.0000[0m
[32mEvaluation Metric: reward[0m | [36mMean: 0.0766[0m
[32mEvaluation Metric: success_at_end[0m | [36mMean: 0.0208[0m
model saved to checkpoints/ppo_memtasks/rgb_joints/normalized_dense/RememberShapeAndColor3x2-v0/ppo-lstm-dense-remember-shape-and-color-3x2-v0__33__rgb_joints__20251026_014249/20251026_014249/ckpt_4_101.pt
SPS: 1715
Epoch: 102, global_step=1551360
SPS: 1716
Epoch: 103, global_step=1566720
SPS: 1718
Epoch: 104, global_step=1582080
SPS: 1720
Epoch: 105, global_step=1597440
SPS: 1721
Epoch: 106, global_step=1612800
SPS: 1723
Epoch: 107, global_step=1628160
SPS: 1724
Epoch: 108, global_step=1643520
SPS: 1726
Epoch: 109, global_step=1658880
SPS: 1727
Epoch: 110, global_step=1674240
SPS: 1729
Epoch: 111, global_step=1689600
SPS: 1730
Epoch: 112, global_step=1704960
SPS: 1732
Epoch: 113, global_step=1720320
SPS: 1733
Epoch: 114, global_step=1735680
SPS: 1734
Epoch: 115, global_step=1751040
SPS: 1736
Epoch: 116, global_step=1766400
SPS: 1737
Epoch: 117, global_step=1781760
SPS: 1738
Epoch: 118, global_step=1797120
SPS: 1740
Epoch: 119, global_step=1812480
SPS: 1741
Epoch: 120, global_step=1827840
SPS: 1742
Epoch: 121, global_step=1843200
SPS: 1743
Epoch: 122, global_step=1858560
SPS: 1744
Epoch: 123, global_step=1873920
SPS: 1746
Epoch: 124, global_step=1889280
SPS: 1747
Epoch: 125, global_step=1904640
SPS: 1748
Epoch: 126, global_step=1920000
Evaluating
Evaluated 2880 steps resulting in 48 episodes
[32mEvaluation Metric: success_once[0m | [36mMean: 0.1667[0m
[32mEvaluation Metric: return[0m | [36mMean: 4.5708[0m
[32mEvaluation Metric: episode_len[0m | [36mMean: 60.0000[0m
[32mEvaluation Metric: reward[0m | [36mMean: 0.0762[0m
[32mEvaluation Metric: success_at_end[0m | [36mMean: 0.1042[0m
model saved to checkpoints/ppo_memtasks/rgb_joints/normalized_dense/RememberShapeAndColor3x2-v0/ppo-lstm-dense-remember-shape-and-color-3x2-v0__33__rgb_joints__20251026_014249/20251026_014249/ckpt_5_126.pt
SPS: 1714
Epoch: 127, global_step=1935360
SPS: 1715
Epoch: 128, global_step=1950720
SPS: 1717
Epoch: 129, global_step=1966080
SPS: 1718
Epoch: 130, global_step=1981440
SPS: 1719
Epoch: 131, global_step=1996800
SPS: 1720
Epoch: 132, global_step=2012160
SPS: 1722
Epoch: 133, global_step=2027520
SPS: 1723
Epoch: 134, global_step=2042880
SPS: 1724
Epoch: 135, global_step=2058240
SPS: 1725
Epoch: 136, global_step=2073600
SPS: 1726
Epoch: 137, global_step=2088960
SPS: 1727
Epoch: 138, global_step=2104320
SPS: 1728
Epoch: 139, global_step=2119680
SPS: 1729
Epoch: 140, global_step=2135040
SPS: 1730
Epoch: 141, global_step=2150400
SPS: 1732
Epoch: 142, global_step=2165760
SPS: 1733
Epoch: 143, global_step=2181120
SPS: 1734
Epoch: 144, global_step=2196480
SPS: 1734
Epoch: 145, global_step=2211840
SPS: 1735
Epoch: 146, global_step=2227200
SPS: 1736
Epoch: 147, global_step=2242560
SPS: 1737
Epoch: 148, global_step=2257920
SPS: 1738
Epoch: 149, global_step=2273280
SPS: 1739
Epoch: 150, global_step=2288640
SPS: 1740
Epoch: 151, global_step=2304000
Evaluating
Evaluated 2880 steps resulting in 48 episodes
[32mEvaluation Metric: success_once[0m | [36mMean: 0.2708[0m
[32mEvaluation Metric: return[0m | [36mMean: 3.5790[0m
[32mEvaluation Metric: episode_len[0m | [36mMean: 60.0000[0m
[32mEvaluation Metric: reward[0m | [36mMean: 0.0596[0m
[32mEvaluation Metric: success_at_end[0m | [36mMean: 0.0417[0m
model saved to checkpoints/ppo_memtasks/rgb_joints/normalized_dense/RememberShapeAndColor3x2-v0/ppo-lstm-dense-remember-shape-and-color-3x2-v0__33__rgb_joints__20251026_014249/20251026_014249/ckpt_6_151.pt
SPS: 1713
Epoch: 152, global_step=2319360
SPS: 1715
Epoch: 153, global_step=2334720
SPS: 1716
Epoch: 154, global_step=2350080
SPS: 1717
Epoch: 155, global_step=2365440
SPS: 1718
Epoch: 156, global_step=2380800
SPS: 1719
Epoch: 157, global_step=2396160
SPS: 1720
Epoch: 158, global_step=2411520
SPS: 1721
Epoch: 159, global_step=2426880
SPS: 1722
Epoch: 160, global_step=2442240
SPS: 1723
Epoch: 161, global_step=2457600
SPS: 1724
Epoch: 162, global_step=2472960
SPS: 1725
Epoch: 163, global_step=2488320
SPS: 1726
Epoch: 164, global_step=2503680
SPS: 1727
Epoch: 165, global_step=2519040
SPS: 1728
Epoch: 166, global_step=2534400
SPS: 1729
Epoch: 167, global_step=2549760
SPS: 1730
Epoch: 168, global_step=2565120
SPS: 1731
Epoch: 169, global_step=2580480
SPS: 1732
Epoch: 170, global_step=2595840
SPS: 1733
Epoch: 171, global_step=2611200
SPS: 1733
Epoch: 172, global_step=2626560
SPS: 1734
Epoch: 173, global_step=2641920
SPS: 1735
Epoch: 174, global_step=2657280
SPS: 1736
Epoch: 175, global_step=2672640
SPS: 1737
Epoch: 176, global_step=2688000
Evaluating
Evaluated 2880 steps resulting in 48 episodes
[32mEvaluation Metric: success_once[0m | [36mMean: 0.1250[0m
[32mEvaluation Metric: return[0m | [36mMean: 3.8610[0m
[32mEvaluation Metric: episode_len[0m | [36mMean: 60.0000[0m
[32mEvaluation Metric: reward[0m | [36mMean: 0.0644[0m
[32mEvaluation Metric: success_at_end[0m | [36mMean: 0.0208[0m
model saved to checkpoints/ppo_memtasks/rgb_joints/normalized_dense/RememberShapeAndColor3x2-v0/ppo-lstm-dense-remember-shape-and-color-3x2-v0__33__rgb_joints__20251026_014249/20251026_014249/ckpt_7_176.pt
SPS: 1712
Epoch: 177, global_step=2703360
SPS: 1713
Epoch: 178, global_step=2718720
SPS: 1714
Epoch: 179, global_step=2734080
SPS: 1715
Epoch: 180, global_step=2749440
SPS: 1716
Epoch: 181, global_step=2764800
SPS: 1717
Epoch: 182, global_step=2780160
SPS: 1718
Epoch: 183, global_step=2795520
SPS: 1719
Epoch: 184, global_step=2810880
SPS: 1720
Epoch: 185, global_step=2826240
SPS: 1721
Epoch: 186, global_step=2841600
SPS: 1722
Epoch: 187, global_step=2856960
SPS: 1722
Epoch: 188, global_step=2872320
SPS: 1723
Epoch: 189, global_step=2887680
SPS: 1724
Epoch: 190, global_step=2903040
SPS: 1725
Epoch: 191, global_step=2918400
SPS: 1726
Epoch: 192, global_step=2933760
SPS: 1727
Epoch: 193, global_step=2949120
SPS: 1727
Epoch: 194, global_step=2964480
SPS: 1728
Epoch: 195, global_step=2979840
SPS: 1729
Epoch: 196, global_step=2995200
SPS: 1730
Epoch: 197, global_step=3010560
SPS: 1731
Epoch: 198, global_step=3025920
SPS: 1731
Epoch: 199, global_step=3041280
SPS: 1732
Epoch: 200, global_step=3056640
SPS: 1733
Epoch: 201, global_step=3072000
Evaluating
Evaluated 2880 steps resulting in 48 episodes
[32mEvaluation Metric: success_once[0m | [36mMean: 0.0833[0m
[32mEvaluation Metric: return[0m | [36mMean: 3.4191[0m
[32mEvaluation Metric: episode_len[0m | [36mMean: 60.0000[0m
[32mEvaluation Metric: reward[0m | [36mMean: 0.0570[0m
[32mEvaluation Metric: success_at_end[0m | [36mMean: 0.0208[0m
model saved to checkpoints/ppo_memtasks/rgb_joints/normalized_dense/RememberShapeAndColor3x2-v0/ppo-lstm-dense-remember-shape-and-color-3x2-v0__33__rgb_joints__20251026_014249/20251026_014249/ckpt_8_201.pt
SPS: 1713
Epoch: 202, global_step=3087360
SPS: 1714
Epoch: 203, global_step=3102720
SPS: 1715
Epoch: 204, global_step=3118080
SPS: 1716
Epoch: 205, global_step=3133440
SPS: 1716
Epoch: 206, global_step=3148800
SPS: 1717
Epoch: 207, global_step=3164160
SPS: 1718
Epoch: 208, global_step=3179520
SPS: 1719
Epoch: 209, global_step=3194880
SPS: 1720
Epoch: 210, global_step=3210240
SPS: 1720
Epoch: 211, global_step=3225600
SPS: 1721
Epoch: 212, global_step=3240960
SPS: 1722
Epoch: 213, global_step=3256320
SPS: 1723
Epoch: 214, global_step=3271680
SPS: 1723
Epoch: 215, global_step=3287040
SPS: 1724
Epoch: 216, global_step=3302400
SPS: 1725
Epoch: 217, global_step=3317760
SPS: 1726
Epoch: 218, global_step=3333120
SPS: 1726
Epoch: 219, global_step=3348480
SPS: 1727
Epoch: 220, global_step=3363840
SPS: 1728
Epoch: 221, global_step=3379200
SPS: 1728
Epoch: 222, global_step=3394560
SPS: 1729
Epoch: 223, global_step=3409920
SPS: 1730
Epoch: 224, global_step=3425280
SPS: 1731
Epoch: 225, global_step=3440640
SPS: 1731
Epoch: 226, global_step=3456000
Evaluating
Evaluated 2880 steps resulting in 48 episodes
[32mEvaluation Metric: success_once[0m | [36mMean: 0.1458[0m
[32mEvaluation Metric: return[0m | [36mMean: 4.1920[0m
[32mEvaluation Metric: episode_len[0m | [36mMean: 60.0000[0m
[32mEvaluation Metric: reward[0m | [36mMean: 0.0699[0m
[32mEvaluation Metric: success_at_end[0m | [36mMean: 0.0833[0m
model saved to checkpoints/ppo_memtasks/rgb_joints/normalized_dense/RememberShapeAndColor3x2-v0/ppo-lstm-dense-remember-shape-and-color-3x2-v0__33__rgb_joints__20251026_014249/20251026_014249/ckpt_9_226.pt
SPS: 1713
Epoch: 227, global_step=3471360
SPS: 1714
Epoch: 228, global_step=3486720
SPS: 1715
Epoch: 229, global_step=3502080
SPS: 1716
Epoch: 230, global_step=3517440
SPS: 1716
Epoch: 231, global_step=3532800
SPS: 1717
Epoch: 232, global_step=3548160
SPS: 1718
Epoch: 233, global_step=3563520
SPS: 1718
Epoch: 234, global_step=3578880
SPS: 1719
Epoch: 235, global_step=3594240
SPS: 1720
Epoch: 236, global_step=3609600
SPS: 1720
Epoch: 237, global_step=3624960
SPS: 1721
Epoch: 238, global_step=3640320
SPS: 1722
Epoch: 239, global_step=3655680
SPS: 1723
Epoch: 240, global_step=3671040
SPS: 1723
Epoch: 241, global_step=3686400
SPS: 1724
Epoch: 242, global_step=3701760
SPS: 1725
Epoch: 243, global_step=3717120
SPS: 1725
Epoch: 244, global_step=3732480
SPS: 1726
Epoch: 245, global_step=3747840
SPS: 1726
Epoch: 246, global_step=3763200
SPS: 1727
Epoch: 247, global_step=3778560
SPS: 1728
Epoch: 248, global_step=3793920
SPS: 1728
Epoch: 249, global_step=3809280
SPS: 1729
Epoch: 250, global_step=3824640
SPS: 1730
Epoch: 251, global_step=3840000
Evaluating
Evaluated 2880 steps resulting in 48 episodes
[32mEvaluation Metric: success_once[0m | [36mMean: 0.2083[0m
[32mEvaluation Metric: return[0m | [36mMean: 3.6508[0m
[32mEvaluation Metric: episode_len[0m | [36mMean: 60.0000[0m
[32mEvaluation Metric: reward[0m | [36mMean: 0.0608[0m
[32mEvaluation Metric: success_at_end[0m | [36mMean: 0.0417[0m
model saved to checkpoints/ppo_memtasks/rgb_joints/normalized_dense/RememberShapeAndColor3x2-v0/ppo-lstm-dense-remember-shape-and-color-3x2-v0__33__rgb_joints__20251026_014249/20251026_014249/ckpt_10_251.pt
SPS: 1713
Epoch: 252, global_step=3855360
SPS: 1714
Epoch: 253, global_step=3870720
SPS: 1715
Epoch: 254, global_step=3886080
SPS: 1715
Epoch: 255, global_step=3901440
SPS: 1716
Epoch: 256, global_step=3916800
SPS: 1717
Epoch: 257, global_step=3932160
SPS: 1717
Epoch: 258, global_step=3947520
SPS: 1718
Epoch: 259, global_step=3962880
SPS: 1719
Epoch: 260, global_step=3978240
SPS: 1719
Epoch: 261, global_step=3993600
SPS: 1720
Epoch: 262, global_step=4008960
SPS: 1721
Epoch: 263, global_step=4024320
SPS: 1721
Epoch: 264, global_step=4039680
SPS: 1722
Epoch: 265, global_step=4055040
SPS: 1722
Epoch: 266, global_step=4070400
SPS: 1723
Epoch: 267, global_step=4085760
SPS: 1724
Epoch: 268, global_step=4101120
SPS: 1724
Epoch: 269, global_step=4116480
SPS: 1725
Epoch: 270, global_step=4131840
SPS: 1725
Epoch: 271, global_step=4147200
SPS: 1726
Epoch: 272, global_step=4162560
SPS: 1726
Epoch: 273, global_step=4177920
SPS: 1727
Epoch: 274, global_step=4193280
SPS: 1728
Epoch: 275, global_step=4208640
SPS: 1728
Epoch: 276, global_step=4224000
Evaluating
Evaluated 2880 steps resulting in 48 episodes
[32mEvaluation Metric: success_once[0m | [36mMean: 0.0833[0m
[32mEvaluation Metric: return[0m | [36mMean: 2.9034[0m
[32mEvaluation Metric: episode_len[0m | [36mMean: 60.0000[0m
[32mEvaluation Metric: reward[0m | [36mMean: 0.0484[0m
[32mEvaluation Metric: success_at_end[0m | [36mMean: 0.0000[0m
model saved to checkpoints/ppo_memtasks/rgb_joints/normalized_dense/RememberShapeAndColor3x2-v0/ppo-lstm-dense-remember-shape-and-color-3x2-v0__33__rgb_joints__20251026_014249/20251026_014249/ckpt_11_276.pt
SPS: 1713
Epoch: 277, global_step=4239360
SPS: 1713
Epoch: 278, global_step=4254720
SPS: 1714
Epoch: 279, global_step=4270080
SPS: 1715
Epoch: 280, global_step=4285440
SPS: 1716
Epoch: 281, global_step=4300800
SPS: 1717
Epoch: 282, global_step=4316160
SPS: 1717
Epoch: 283, global_step=4331520
SPS: 1718
Epoch: 284, global_step=4346880
SPS: 1719
Epoch: 285, global_step=4362240
SPS: 1719
Epoch: 286, global_step=4377600
SPS: 1720
Epoch: 287, global_step=4392960
SPS: 1720
Epoch: 288, global_step=4408320
SPS: 1721
Epoch: 289, global_step=4423680
SPS: 1721
Epoch: 290, global_step=4439040
SPS: 1722
Epoch: 291, global_step=4454400
SPS: 1723
Epoch: 292, global_step=4469760
SPS: 1723
Epoch: 293, global_step=4485120
SPS: 1724
Epoch: 294, global_step=4500480
SPS: 1724
Epoch: 295, global_step=4515840
SPS: 1725
Epoch: 296, global_step=4531200
SPS: 1725
Epoch: 297, global_step=4546560
SPS: 1726
Epoch: 298, global_step=4561920
SPS: 1726
Epoch: 299, global_step=4577280
SPS: 1727
Epoch: 300, global_step=4592640
SPS: 1727
Epoch: 301, global_step=4608000
Evaluating
Evaluated 2880 steps resulting in 48 episodes
[32mEvaluation Metric: success_once[0m | [36mMean: 0.0417[0m
[32mEvaluation Metric: return[0m | [36mMean: 2.7947[0m
[32mEvaluation Metric: episode_len[0m | [36mMean: 60.0000[0m
[32mEvaluation Metric: reward[0m | [36mMean: 0.0466[0m
[32mEvaluation Metric: success_at_end[0m | [36mMean: 0.0208[0m
model saved to checkpoints/ppo_memtasks/rgb_joints/normalized_dense/RememberShapeAndColor3x2-v0/ppo-lstm-dense-remember-shape-and-color-3x2-v0__33__rgb_joints__20251026_014249/20251026_014249/ckpt_12_301.pt
SPS: 1714
Epoch: 302, global_step=4623360
SPS: 1714
Epoch: 303, global_step=4638720
SPS: 1715
Epoch: 304, global_step=4654080
SPS: 1716
Epoch: 305, global_step=4669440
SPS: 1716
Epoch: 306, global_step=4684800
SPS: 1717
Epoch: 307, global_step=4700160
SPS: 1717
Epoch: 308, global_step=4715520
SPS: 1718
Epoch: 309, global_step=4730880
SPS: 1718
Epoch: 310, global_step=4746240
SPS: 1719
Epoch: 311, global_step=4761600
SPS: 1719
Epoch: 312, global_step=4776960
SPS: 1720
Epoch: 313, global_step=4792320
SPS: 1720
Epoch: 314, global_step=4807680
SPS: 1721
Epoch: 315, global_step=4823040
SPS: 1721
Epoch: 316, global_step=4838400
SPS: 1722
Epoch: 317, global_step=4853760
SPS: 1722
Epoch: 318, global_step=4869120
SPS: 1723
Epoch: 319, global_step=4884480
SPS: 1723
Epoch: 320, global_step=4899840
SPS: 1724
Epoch: 321, global_step=4915200
SPS: 1724
Epoch: 322, global_step=4930560
SPS: 1725
Epoch: 323, global_step=4945920
SPS: 1725
Epoch: 324, global_step=4961280
SPS: 1726
Epoch: 325, global_step=4976640
SPS: 1726
Epoch: 326, global_step=4992000
Evaluating
Evaluated 2880 steps resulting in 48 episodes
[32mEvaluation Metric: success_once[0m | [36mMean: 0.1042[0m
[32mEvaluation Metric: return[0m | [36mMean: 2.9646[0m
[32mEvaluation Metric: episode_len[0m | [36mMean: 60.0000[0m
[32mEvaluation Metric: reward[0m | [36mMean: 0.0494[0m
[32mEvaluation Metric: success_at_end[0m | [36mMean: 0.0208[0m
model saved to checkpoints/ppo_memtasks/rgb_joints/normalized_dense/RememberShapeAndColor3x2-v0/ppo-lstm-dense-remember-shape-and-color-3x2-v0__33__rgb_joints__20251026_014249/20251026_014249/ckpt_13_326.pt
SPS: 1713
Epoch: 327, global_step=5007360
SPS: 1714
Epoch: 328, global_step=5022720
SPS: 1714
Epoch: 329, global_step=5038080
SPS: 1715
Epoch: 330, global_step=5053440
SPS: 1715
Epoch: 331, global_step=5068800
SPS: 1716
Epoch: 332, global_step=5084160
SPS: 1716
Epoch: 333, global_step=5099520
SPS: 1717
Epoch: 334, global_step=5114880
SPS: 1717
Epoch: 335, global_step=5130240
SPS: 1718
Epoch: 336, global_step=5145600
SPS: 1718
Epoch: 337, global_step=5160960
SPS: 1719
Epoch: 338, global_step=5176320
SPS: 1719
Epoch: 339, global_step=5191680
SPS: 1720
Epoch: 340, global_step=5207040
SPS: 1720
Epoch: 341, global_step=5222400
SPS: 1721
Epoch: 342, global_step=5237760
SPS: 1721
Epoch: 343, global_step=5253120
SPS: 1722
Epoch: 344, global_step=5268480
SPS: 1722
Epoch: 345, global_step=5283840
SPS: 1723
Epoch: 346, global_step=5299200
SPS: 1723
Epoch: 347, global_step=5314560
SPS: 1724
Epoch: 348, global_step=5329920
SPS: 1724
Epoch: 349, global_step=5345280
SPS: 1725
Epoch: 350, global_step=5360640
SPS: 1725
Epoch: 351, global_step=5376000
Evaluating
Evaluated 2880 steps resulting in 48 episodes
[32mEvaluation Metric: success_once[0m | [36mMean: 0.0833[0m
[32mEvaluation Metric: return[0m | [36mMean: 2.8277[0m
[32mEvaluation Metric: episode_len[0m | [36mMean: 60.0000[0m
[32mEvaluation Metric: reward[0m | [36mMean: 0.0471[0m
[32mEvaluation Metric: success_at_end[0m | [36mMean: 0.0000[0m
model saved to checkpoints/ppo_memtasks/rgb_joints/normalized_dense/RememberShapeAndColor3x2-v0/ppo-lstm-dense-remember-shape-and-color-3x2-v0__33__rgb_joints__20251026_014249/20251026_014249/ckpt_14_351.pt
SPS: 1713
Epoch: 352, global_step=5391360
SPS: 1714
Epoch: 353, global_step=5406720
SPS: 1714
Epoch: 354, global_step=5422080
SPS: 1715
Epoch: 355, global_step=5437440
SPS: 1715
Epoch: 356, global_step=5452800
SPS: 1716
Epoch: 357, global_step=5468160
SPS: 1716
Epoch: 358, global_step=5483520
SPS: 1717
Epoch: 359, global_step=5498880
SPS: 1717
Epoch: 360, global_step=5514240
SPS: 1718
Epoch: 361, global_step=5529600
SPS: 1718
Epoch: 362, global_step=5544960
SPS: 1719
Epoch: 363, global_step=5560320
SPS: 1719
Epoch: 364, global_step=5575680
SPS: 1720
Epoch: 365, global_step=5591040
SPS: 1720
Epoch: 366, global_step=5606400
SPS: 1720
Epoch: 367, global_step=5621760
SPS: 1721
Epoch: 368, global_step=5637120
SPS: 1721
Epoch: 369, global_step=5652480
SPS: 1722
Epoch: 370, global_step=5667840
SPS: 1722
Epoch: 371, global_step=5683200
SPS: 1723
Epoch: 372, global_step=5698560
SPS: 1723
Epoch: 373, global_step=5713920
SPS: 1723
Epoch: 374, global_step=5729280
SPS: 1724
Epoch: 375, global_step=5744640
SPS: 1724
Epoch: 376, global_step=5760000
Evaluating
Evaluated 2880 steps resulting in 48 episodes
[32mEvaluation Metric: success_once[0m | [36mMean: 0.0625[0m
[32mEvaluation Metric: return[0m | [36mMean: 3.1665[0m
[32mEvaluation Metric: episode_len[0m | [36mMean: 60.0000[0m
[32mEvaluation Metric: reward[0m | [36mMean: 0.0528[0m
[32mEvaluation Metric: success_at_end[0m | [36mMean: 0.0417[0m
model saved to checkpoints/ppo_memtasks/rgb_joints/normalized_dense/RememberShapeAndColor3x2-v0/ppo-lstm-dense-remember-shape-and-color-3x2-v0__33__rgb_joints__20251026_014249/20251026_014249/ckpt_15_376.pt
SPS: 1713
Epoch: 377, global_step=5775360
SPS: 1714
Epoch: 378, global_step=5790720
SPS: 1715
Epoch: 379, global_step=5806080
SPS: 1715
Epoch: 380, global_step=5821440
SPS: 1715
Epoch: 381, global_step=5836800
SPS: 1716
Epoch: 382, global_step=5852160
SPS: 1716
Epoch: 383, global_step=5867520
SPS: 1717
Epoch: 384, global_step=5882880
SPS: 1717
Epoch: 385, global_step=5898240
SPS: 1718
Epoch: 386, global_step=5913600
SPS: 1718
Epoch: 387, global_step=5928960
SPS: 1718
Epoch: 388, global_step=5944320
SPS: 1719
Epoch: 389, global_step=5959680
SPS: 1719
Epoch: 390, global_step=5975040
SPS: 1720
Epoch: 391, global_step=5990400
SPS: 1720
Epoch: 392, global_step=6005760
SPS: 1721
Epoch: 393, global_step=6021120
SPS: 1721
Epoch: 394, global_step=6036480
SPS: 1721
Epoch: 395, global_step=6051840
SPS: 1722
Epoch: 396, global_step=6067200
SPS: 1722
Epoch: 397, global_step=6082560
SPS: 1723
Epoch: 398, global_step=6097920
SPS: 1723
Epoch: 399, global_step=6113280
SPS: 1723
Epoch: 400, global_step=6128640
SPS: 1724
Epoch: 401, global_step=6144000
Evaluating
Evaluated 2880 steps resulting in 48 episodes
[32mEvaluation Metric: success_once[0m | [36mMean: 0.0625[0m
[32mEvaluation Metric: return[0m | [36mMean: 2.7481[0m
[32mEvaluation Metric: episode_len[0m | [36mMean: 60.0000[0m
[32mEvaluation Metric: reward[0m | [36mMean: 0.0458[0m
[32mEvaluation Metric: success_at_end[0m | [36mMean: 0.0208[0m
model saved to checkpoints/ppo_memtasks/rgb_joints/normalized_dense/RememberShapeAndColor3x2-v0/ppo-lstm-dense-remember-shape-and-color-3x2-v0__33__rgb_joints__20251026_014249/20251026_014249/ckpt_16_401.pt
SPS: 1714
Epoch: 402, global_step=6159360
SPS: 1714
Epoch: 403, global_step=6174720
SPS: 1715
Epoch: 404, global_step=6190080
SPS: 1715
Epoch: 405, global_step=6205440
SPS: 1715
Epoch: 406, global_step=6220800
SPS: 1716
Epoch: 407, global_step=6236160
SPS: 1716
Epoch: 408, global_step=6251520
SPS: 1716
Epoch: 409, global_step=6266880
SPS: 1717
Epoch: 410, global_step=6282240
SPS: 1717
Epoch: 411, global_step=6297600
SPS: 1718
Epoch: 412, global_step=6312960
SPS: 1718
Epoch: 413, global_step=6328320
SPS: 1718
Epoch: 414, global_step=6343680
SPS: 1719
Epoch: 415, global_step=6359040
SPS: 1719
Epoch: 416, global_step=6374400
SPS: 1719
Epoch: 417, global_step=6389760
SPS: 1720
Epoch: 418, global_step=6405120
SPS: 1720
Epoch: 419, global_step=6420480
SPS: 1720
Epoch: 420, global_step=6435840
SPS: 1721
Epoch: 421, global_step=6451200
SPS: 1721
Epoch: 422, global_step=6466560
SPS: 1722
Epoch: 423, global_step=6481920
SPS: 1722
Epoch: 424, global_step=6497280
SPS: 1722
Epoch: 425, global_step=6512640
SPS: 1723
Epoch: 426, global_step=6528000
Evaluating
Evaluated 2880 steps resulting in 48 episodes
[32mEvaluation Metric: success_once[0m | [36mMean: 0.1458[0m
[32mEvaluation Metric: return[0m | [36mMean: 2.8986[0m
[32mEvaluation Metric: episode_len[0m | [36mMean: 60.0000[0m
[32mEvaluation Metric: reward[0m | [36mMean: 0.0483[0m
[32mEvaluation Metric: success_at_end[0m | [36mMean: 0.0000[0m
model saved to checkpoints/ppo_memtasks/rgb_joints/normalized_dense/RememberShapeAndColor3x2-v0/ppo-lstm-dense-remember-shape-and-color-3x2-v0__33__rgb_joints__20251026_014249/20251026_014249/ckpt_17_426.pt
SPS: 1713
Epoch: 427, global_step=6543360
SPS: 1713
Epoch: 428, global_step=6558720
SPS: 1714
Epoch: 429, global_step=6574080
SPS: 1714
Epoch: 430, global_step=6589440
SPS: 1715
Epoch: 431, global_step=6604800
SPS: 1715
Epoch: 432, global_step=6620160
SPS: 1715
Epoch: 433, global_step=6635520
SPS: 1716
Epoch: 434, global_step=6650880
SPS: 1716
Epoch: 435, global_step=6666240
SPS: 1716
Epoch: 436, global_step=6681600
SPS: 1717
Epoch: 437, global_step=6696960
SPS: 1717
Epoch: 438, global_step=6712320
SPS: 1718
Epoch: 439, global_step=6727680
SPS: 1718
Epoch: 440, global_step=6743040
SPS: 1719
Epoch: 441, global_step=6758400
SPS: 1719
Epoch: 442, global_step=6773760
SPS: 1719
Epoch: 443, global_step=6789120
SPS: 1720
Epoch: 444, global_step=6804480
SPS: 1720
Epoch: 445, global_step=6819840
SPS: 1720
Epoch: 446, global_step=6835200
SPS: 1721
Epoch: 447, global_step=6850560
SPS: 1721
Epoch: 448, global_step=6865920
SPS: 1721
Epoch: 449, global_step=6881280
SPS: 1722
Epoch: 450, global_step=6896640
SPS: 1722
Epoch: 451, global_step=6912000
Evaluating
Evaluated 2880 steps resulting in 48 episodes
[32mEvaluation Metric: success_once[0m | [36mMean: 0.0833[0m
[32mEvaluation Metric: return[0m | [36mMean: 2.2871[0m
[32mEvaluation Metric: episode_len[0m | [36mMean: 60.0000[0m
[32mEvaluation Metric: reward[0m | [36mMean: 0.0381[0m
[32mEvaluation Metric: success_at_end[0m | [36mMean: 0.0000[0m
model saved to checkpoints/ppo_memtasks/rgb_joints/normalized_dense/RememberShapeAndColor3x2-v0/ppo-lstm-dense-remember-shape-and-color-3x2-v0__33__rgb_joints__20251026_014249/20251026_014249/ckpt_18_451.pt
SPS: 1713
Epoch: 452, global_step=6927360
SPS: 1713
Epoch: 453, global_step=6942720
SPS: 1713
Epoch: 454, global_step=6958080
SPS: 1714
Epoch: 455, global_step=6973440
SPS: 1714
Epoch: 456, global_step=6988800
SPS: 1715
Epoch: 457, global_step=7004160
SPS: 1715
Epoch: 458, global_step=7019520
SPS: 1715
Epoch: 459, global_step=7034880
SPS: 1716
Epoch: 460, global_step=7050240
SPS: 1716
Epoch: 461, global_step=7065600
SPS: 1716
Epoch: 462, global_step=7080960
SPS: 1717
Epoch: 463, global_step=7096320
SPS: 1717
Epoch: 464, global_step=7111680
SPS: 1717
Epoch: 465, global_step=7127040
SPS: 1718
Epoch: 466, global_step=7142400
SPS: 1718
Epoch: 467, global_step=7157760
SPS: 1718
Epoch: 468, global_step=7173120
SPS: 1719
Epoch: 469, global_step=7188480
SPS: 1719
Epoch: 470, global_step=7203840
SPS: 1719
Epoch: 471, global_step=7219200
SPS: 1720
Epoch: 472, global_step=7234560
SPS: 1720
Epoch: 473, global_step=7249920
SPS: 1720
Epoch: 474, global_step=7265280
SPS: 1721
Epoch: 475, global_step=7280640
SPS: 1721
Epoch: 476, global_step=7296000
Evaluating
Evaluated 2880 steps resulting in 48 episodes
[32mEvaluation Metric: success_once[0m | [36mMean: 0.1042[0m
[32mEvaluation Metric: return[0m | [36mMean: 2.8900[0m
[32mEvaluation Metric: episode_len[0m | [36mMean: 60.0000[0m
[32mEvaluation Metric: reward[0m | [36mMean: 0.0482[0m
[32mEvaluation Metric: success_at_end[0m | [36mMean: 0.0000[0m
model saved to checkpoints/ppo_memtasks/rgb_joints/normalized_dense/RememberShapeAndColor3x2-v0/ppo-lstm-dense-remember-shape-and-color-3x2-v0__33__rgb_joints__20251026_014249/20251026_014249/ckpt_19_476.pt
SPS: 1712
Epoch: 477, global_step=7311360
SPS: 1713
Epoch: 478, global_step=7326720
SPS: 1713
Epoch: 479, global_step=7342080
SPS: 1713
Epoch: 480, global_step=7357440
SPS: 1714
Epoch: 481, global_step=7372800
SPS: 1714
Epoch: 482, global_step=7388160
SPS: 1714
Epoch: 483, global_step=7403520
SPS: 1715
Epoch: 484, global_step=7418880
SPS: 1715
Epoch: 485, global_step=7434240
SPS: 1715
Epoch: 486, global_step=7449600
SPS: 1716
Epoch: 487, global_step=7464960
SPS: 1716
Epoch: 488, global_step=7480320
SPS: 1716
Epoch: 489, global_step=7495680
SPS: 1717
Epoch: 490, global_step=7511040
SPS: 1717
Epoch: 491, global_step=7526400
SPS: 1717
Epoch: 492, global_step=7541760
SPS: 1718
Epoch: 493, global_step=7557120
SPS: 1718
Epoch: 494, global_step=7572480
SPS: 1719
Epoch: 495, global_step=7587840
SPS: 1719
Epoch: 496, global_step=7603200
SPS: 1719
Epoch: 497, global_step=7618560
SPS: 1720
Epoch: 498, global_step=7633920
SPS: 1720
Epoch: 499, global_step=7649280
SPS: 1720
Epoch: 500, global_step=7664640
SPS: 1721
Epoch: 501, global_step=7680000
Evaluating
Evaluated 2880 steps resulting in 48 episodes
[32mEvaluation Metric: success_once[0m | [36mMean: 0.1250[0m
[32mEvaluation Metric: return[0m | [36mMean: 3.1702[0m
[32mEvaluation Metric: episode_len[0m | [36mMean: 60.0000[0m
[32mEvaluation Metric: reward[0m | [36mMean: 0.0528[0m
[32mEvaluation Metric: success_at_end[0m | [36mMean: 0.0000[0m
model saved to checkpoints/ppo_memtasks/rgb_joints/normalized_dense/RememberShapeAndColor3x2-v0/ppo-lstm-dense-remember-shape-and-color-3x2-v0__33__rgb_joints__20251026_014249/20251026_014249/ckpt_20_501.pt
SPS: 1713
Epoch: 502, global_step=7695360
SPS: 1713
Epoch: 503, global_step=7710720
SPS: 1714
Epoch: 504, global_step=7726080
SPS: 1714
Epoch: 505, global_step=7741440
SPS: 1714
Epoch: 506, global_step=7756800
SPS: 1715
Epoch: 507, global_step=7772160
SPS: 1715
Epoch: 508, global_step=7787520
SPS: 1716
Epoch: 509, global_step=7802880
SPS: 1716
Epoch: 510, global_step=7818240
SPS: 1716
Epoch: 511, global_step=7833600
SPS: 1717
Epoch: 512, global_step=7848960
SPS: 1717
Epoch: 513, global_step=7864320
SPS: 1718
Epoch: 514, global_step=7879680
SPS: 1718
Epoch: 515, global_step=7895040
SPS: 1718
Epoch: 516, global_step=7910400
SPS: 1719
Epoch: 517, global_step=7925760
SPS: 1719
Epoch: 518, global_step=7941120
SPS: 1719
Epoch: 519, global_step=7956480
SPS: 1720
Epoch: 520, global_step=7971840
SPS: 1720
Epoch: 521, global_step=7987200
SPS: 1720
Epoch: 522, global_step=8002560
SPS: 1721
Epoch: 523, global_step=8017920
SPS: 1721
Epoch: 524, global_step=8033280
SPS: 1722
Epoch: 525, global_step=8048640
SPS: 1722
Epoch: 526, global_step=8064000
Evaluating
Evaluated 2880 steps resulting in 48 episodes
[32mEvaluation Metric: success_once[0m | [36mMean: 0.0833[0m
[32mEvaluation Metric: return[0m | [36mMean: 3.0872[0m
[32mEvaluation Metric: episode_len[0m | [36mMean: 60.0000[0m
[32mEvaluation Metric: reward[0m | [36mMean: 0.0515[0m
[32mEvaluation Metric: success_at_end[0m | [36mMean: 0.0208[0m
model saved to checkpoints/ppo_memtasks/rgb_joints/normalized_dense/RememberShapeAndColor3x2-v0/ppo-lstm-dense-remember-shape-and-color-3x2-v0__33__rgb_joints__20251026_014249/20251026_014249/ckpt_21_526.pt
SPS: 1715
Epoch: 527, global_step=8079360
SPS: 1715
Epoch: 528, global_step=8094720
SPS: 1716
Epoch: 529, global_step=8110080
SPS: 1716
Epoch: 530, global_step=8125440
SPS: 1717
Epoch: 531, global_step=8140800
SPS: 1717
Epoch: 532, global_step=8156160
SPS: 1718
Epoch: 533, global_step=8171520
SPS: 1718
Epoch: 534, global_step=8186880
SPS: 1718
Epoch: 535, global_step=8202240
SPS: 1719
Epoch: 536, global_step=8217600
SPS: 1719
Epoch: 537, global_step=8232960
SPS: 1719
Epoch: 538, global_step=8248320
SPS: 1720
Epoch: 539, global_step=8263680
SPS: 1720
Epoch: 540, global_step=8279040
SPS: 1720
Epoch: 541, global_step=8294400
SPS: 1721
Epoch: 542, global_step=8309760
SPS: 1721
Epoch: 543, global_step=8325120
SPS: 1721
Epoch: 544, global_step=8340480
SPS: 1722
Epoch: 545, global_step=8355840
SPS: 1722
Epoch: 546, global_step=8371200
SPS: 1722
Epoch: 547, global_step=8386560
SPS: 1723
Epoch: 548, global_step=8401920
SPS: 1723
Epoch: 549, global_step=8417280
SPS: 1723
Epoch: 550, global_step=8432640
SPS: 1724
Epoch: 551, global_step=8448000
Evaluating
Evaluated 2880 steps resulting in 48 episodes
[32mEvaluation Metric: success_once[0m | [36mMean: 0.1250[0m
[32mEvaluation Metric: return[0m | [36mMean: 3.5770[0m
[32mEvaluation Metric: episode_len[0m | [36mMean: 60.0000[0m
[32mEvaluation Metric: reward[0m | [36mMean: 0.0596[0m
[32mEvaluation Metric: success_at_end[0m | [36mMean: 0.0208[0m
model saved to checkpoints/ppo_memtasks/rgb_joints/normalized_dense/RememberShapeAndColor3x2-v0/ppo-lstm-dense-remember-shape-and-color-3x2-v0__33__rgb_joints__20251026_014249/20251026_014249/ckpt_22_551.pt
SPS: 1717
Epoch: 552, global_step=8463360
SPS: 1717
Epoch: 553, global_step=8478720
SPS: 1717
Epoch: 554, global_step=8494080
SPS: 1718
Epoch: 555, global_step=8509440
SPS: 1718
Epoch: 556, global_step=8524800
SPS: 1718
Epoch: 557, global_step=8540160
SPS: 1719
Epoch: 558, global_step=8555520
SPS: 1719
Epoch: 559, global_step=8570880
SPS: 1720
Epoch: 560, global_step=8586240
SPS: 1720
Epoch: 561, global_step=8601600
SPS: 1720
Epoch: 562, global_step=8616960
SPS: 1721
Epoch: 563, global_step=8632320
SPS: 1721
Epoch: 564, global_step=8647680
SPS: 1721
Epoch: 565, global_step=8663040
SPS: 1722
Epoch: 566, global_step=8678400
SPS: 1722
Epoch: 567, global_step=8693760
SPS: 1722
Epoch: 568, global_step=8709120
SPS: 1723
Epoch: 569, global_step=8724480
SPS: 1723
Epoch: 570, global_step=8739840
SPS: 1723
Epoch: 571, global_step=8755200
SPS: 1724
Epoch: 572, global_step=8770560
SPS: 1724
Epoch: 573, global_step=8785920
SPS: 1724
Epoch: 574, global_step=8801280
SPS: 1725
Epoch: 575, global_step=8816640
SPS: 1725
Epoch: 576, global_step=8832000
Evaluating
Evaluated 2880 steps resulting in 48 episodes
[32mEvaluation Metric: success_once[0m | [36mMean: 0.1250[0m
[32mEvaluation Metric: return[0m | [36mMean: 2.9567[0m
[32mEvaluation Metric: episode_len[0m | [36mMean: 60.0000[0m
[32mEvaluation Metric: reward[0m | [36mMean: 0.0493[0m
[32mEvaluation Metric: success_at_end[0m | [36mMean: 0.0000[0m
model saved to checkpoints/ppo_memtasks/rgb_joints/normalized_dense/RememberShapeAndColor3x2-v0/ppo-lstm-dense-remember-shape-and-color-3x2-v0__33__rgb_joints__20251026_014249/20251026_014249/ckpt_23_576.pt
SPS: 1718
Epoch: 577, global_step=8847360
SPS: 1719
Epoch: 578, global_step=8862720
SPS: 1719
Epoch: 579, global_step=8878080
SPS: 1719
Epoch: 580, global_step=8893440
SPS: 1720
Epoch: 581, global_step=8908800
SPS: 1720
Epoch: 582, global_step=8924160
SPS: 1720
Epoch: 583, global_step=8939520
SPS: 1720
Epoch: 584, global_step=8954880
SPS: 1721
Epoch: 585, global_step=8970240
SPS: 1721
Epoch: 586, global_step=8985600
SPS: 1721
Epoch: 587, global_step=9000960
SPS: 1722
Epoch: 588, global_step=9016320
SPS: 1722
Epoch: 589, global_step=9031680
SPS: 1722
Epoch: 590, global_step=9047040
SPS: 1723
Epoch: 591, global_step=9062400
SPS: 1723
Epoch: 592, global_step=9077760
SPS: 1723
Epoch: 593, global_step=9093120
SPS: 1724
Epoch: 594, global_step=9108480
SPS: 1724
Epoch: 595, global_step=9123840
SPS: 1724
Epoch: 596, global_step=9139200
SPS: 1725
Epoch: 597, global_step=9154560
SPS: 1725
Epoch: 598, global_step=9169920
SPS: 1725
Epoch: 599, global_step=9185280
SPS: 1726
Epoch: 600, global_step=9200640
SPS: 1726
Epoch: 601, global_step=9216000
Evaluating
Evaluated 2880 steps resulting in 48 episodes
[32mEvaluation Metric: success_once[0m | [36mMean: 0.0833[0m
[32mEvaluation Metric: return[0m | [36mMean: 2.6266[0m
[32mEvaluation Metric: episode_len[0m | [36mMean: 60.0000[0m
[32mEvaluation Metric: reward[0m | [36mMean: 0.0438[0m
[32mEvaluation Metric: success_at_end[0m | [36mMean: 0.0208[0m
model saved to checkpoints/ppo_memtasks/rgb_joints/normalized_dense/RememberShapeAndColor3x2-v0/ppo-lstm-dense-remember-shape-and-color-3x2-v0__33__rgb_joints__20251026_014249/20251026_014249/ckpt_24_601.pt
SPS: 1719
Epoch: 602, global_step=9231360
SPS: 1719
Epoch: 603, global_step=9246720
SPS: 1720
Epoch: 604, global_step=9262080
SPS: 1720
Epoch: 605, global_step=9277440
SPS: 1720
Epoch: 606, global_step=9292800
SPS: 1721
Epoch: 607, global_step=9308160
SPS: 1721
Epoch: 608, global_step=9323520
SPS: 1721
Epoch: 609, global_step=9338880
SPS: 1722
Epoch: 610, global_step=9354240
SPS: 1722
Epoch: 611, global_step=9369600
SPS: 1722
Epoch: 612, global_step=9384960
SPS: 1723
Epoch: 613, global_step=9400320
SPS: 1723
Epoch: 614, global_step=9415680
SPS: 1723
Epoch: 615, global_step=9431040
SPS: 1723
Epoch: 616, global_step=9446400
SPS: 1724
Epoch: 617, global_step=9461760
SPS: 1724
Epoch: 618, global_step=9477120
SPS: 1724
Epoch: 619, global_step=9492480
SPS: 1725
Epoch: 620, global_step=9507840
SPS: 1725
Epoch: 621, global_step=9523200
SPS: 1725
Epoch: 622, global_step=9538560
SPS: 1726
Epoch: 623, global_step=9553920
SPS: 1726
Epoch: 624, global_step=9569280
SPS: 1726
Epoch: 625, global_step=9584640
SPS: 1727
Epoch: 626, global_step=9600000
Evaluating
Evaluated 2880 steps resulting in 48 episodes
[32mEvaluation Metric: success_once[0m | [36mMean: 0.0833[0m
[32mEvaluation Metric: return[0m | [36mMean: 2.8389[0m
[32mEvaluation Metric: episode_len[0m | [36mMean: 60.0000[0m
[32mEvaluation Metric: reward[0m | [36mMean: 0.0473[0m
[32mEvaluation Metric: success_at_end[0m | [36mMean: 0.0000[0m
model saved to checkpoints/ppo_memtasks/rgb_joints/normalized_dense/RememberShapeAndColor3x2-v0/ppo-lstm-dense-remember-shape-and-color-3x2-v0__33__rgb_joints__20251026_014249/20251026_014249/ckpt_25_626.pt
SPS: 1720
Epoch: 627, global_step=9615360
SPS: 1721
Epoch: 628, global_step=9630720
SPS: 1721
Epoch: 629, global_step=9646080
SPS: 1721
Epoch: 630, global_step=9661440
SPS: 1721
Epoch: 631, global_step=9676800
SPS: 1722
Epoch: 632, global_step=9692160
SPS: 1722
Epoch: 633, global_step=9707520
SPS: 1722
Epoch: 634, global_step=9722880
SPS: 1723
Epoch: 635, global_step=9738240
SPS: 1723
Epoch: 636, global_step=9753600
SPS: 1723
Epoch: 637, global_step=9768960
SPS: 1723
Epoch: 638, global_step=9784320
SPS: 1724
Epoch: 639, global_step=9799680
SPS: 1724
Epoch: 640, global_step=9815040
SPS: 1724
Epoch: 641, global_step=9830400
SPS: 1725
Epoch: 642, global_step=9845760
SPS: 1725
Epoch: 643, global_step=9861120
SPS: 1725
Epoch: 644, global_step=9876480
SPS: 1726
Epoch: 645, global_step=9891840
SPS: 1726
Epoch: 646, global_step=9907200
SPS: 1726
Epoch: 647, global_step=9922560
SPS: 1726
Epoch: 648, global_step=9937920
SPS: 1727
Epoch: 649, global_step=9953280
SPS: 1727
Epoch: 650, global_step=9968640
SPS: 1727
Epoch: 651, global_step=9984000
Evaluating
Evaluated 2880 steps resulting in 48 episodes
[32mEvaluation Metric: success_once[0m | [36mMean: 0.0417[0m
[32mEvaluation Metric: return[0m | [36mMean: 2.4612[0m
[32mEvaluation Metric: episode_len[0m | [36mMean: 60.0000[0m
[32mEvaluation Metric: reward[0m | [36mMean: 0.0410[0m
[32mEvaluation Metric: success_at_end[0m | [36mMean: 0.0208[0m
model saved to checkpoints/ppo_memtasks/rgb_joints/normalized_dense/RememberShapeAndColor3x2-v0/ppo-lstm-dense-remember-shape-and-color-3x2-v0__33__rgb_joints__20251026_014249/20251026_014249/ckpt_26_651.pt
SPS: 1721
Epoch: 652, global_step=9999360
SPS: 1722
Epoch: 653, global_step=10014720
SPS: 1722
Epoch: 654, global_step=10030080
SPS: 1722
Epoch: 655, global_step=10045440
SPS: 1722
Epoch: 656, global_step=10060800
SPS: 1723
Epoch: 657, global_step=10076160
SPS: 1723
Epoch: 658, global_step=10091520
SPS: 1723
Epoch: 659, global_step=10106880
SPS: 1724
Epoch: 660, global_step=10122240
SPS: 1724
Epoch: 661, global_step=10137600
SPS: 1724
Epoch: 662, global_step=10152960
SPS: 1724
Epoch: 663, global_step=10168320
SPS: 1725
Epoch: 664, global_step=10183680
SPS: 1725
Epoch: 665, global_step=10199040
SPS: 1725
Epoch: 666, global_step=10214400
SPS: 1725
Epoch: 667, global_step=10229760
SPS: 1726
Epoch: 668, global_step=10245120
SPS: 1726
Epoch: 669, global_step=10260480
SPS: 1726
Epoch: 670, global_step=10275840
SPS: 1726
Epoch: 671, global_step=10291200
SPS: 1727
Epoch: 672, global_step=10306560
SPS: 1727
Epoch: 673, global_step=10321920
SPS: 1727
Epoch: 674, global_step=10337280
SPS: 1727
Epoch: 675, global_step=10352640
SPS: 1728
Epoch: 676, global_step=10368000
Evaluating
Evaluated 2880 steps resulting in 48 episodes
[32mEvaluation Metric: success_once[0m | [36mMean: 0.0833[0m
[32mEvaluation Metric: return[0m | [36mMean: 2.8808[0m
[32mEvaluation Metric: episode_len[0m | [36mMean: 60.0000[0m
[32mEvaluation Metric: reward[0m | [36mMean: 0.0480[0m
[32mEvaluation Metric: success_at_end[0m | [36mMean: 0.0208[0m
model saved to checkpoints/ppo_memtasks/rgb_joints/normalized_dense/RememberShapeAndColor3x2-v0/ppo-lstm-dense-remember-shape-and-color-3x2-v0__33__rgb_joints__20251026_014249/20251026_014249/ckpt_27_676.pt
SPS: 1722
Epoch: 677, global_step=10383360
SPS: 1722
Epoch: 678, global_step=10398720
SPS: 1722
Epoch: 679, global_step=10414080
SPS: 1723
Epoch: 680, global_step=10429440
SPS: 1723
Epoch: 681, global_step=10444800
SPS: 1723
Epoch: 682, global_step=10460160
SPS: 1723
Epoch: 683, global_step=10475520
SPS: 1724
Epoch: 684, global_step=10490880
SPS: 1724
Epoch: 685, global_step=10506240
SPS: 1724
Epoch: 686, global_step=10521600
SPS: 1725
Epoch: 687, global_step=10536960
SPS: 1725
Epoch: 688, global_step=10552320
SPS: 1725
Epoch: 689, global_step=10567680
SPS: 1725
Epoch: 690, global_step=10583040
SPS: 1726
Epoch: 691, global_step=10598400
SPS: 1726
Epoch: 692, global_step=10613760
SPS: 1726
Epoch: 693, global_step=10629120
SPS: 1727
Epoch: 694, global_step=10644480
SPS: 1727
Epoch: 695, global_step=10659840
SPS: 1727
Epoch: 696, global_step=10675200
SPS: 1727
Epoch: 697, global_step=10690560
SPS: 1728
Epoch: 698, global_step=10705920
SPS: 1728
Epoch: 699, global_step=10721280
SPS: 1728
Epoch: 700, global_step=10736640
SPS: 1728
Epoch: 701, global_step=10752000
Evaluating
Evaluated 2880 steps resulting in 48 episodes
[32mEvaluation Metric: success_once[0m | [36mMean: 0.1250[0m
[32mEvaluation Metric: return[0m | [36mMean: 2.7214[0m
[32mEvaluation Metric: episode_len[0m | [36mMean: 60.0000[0m
[32mEvaluation Metric: reward[0m | [36mMean: 0.0454[0m
[32mEvaluation Metric: success_at_end[0m | [36mMean: 0.0000[0m
model saved to checkpoints/ppo_memtasks/rgb_joints/normalized_dense/RememberShapeAndColor3x2-v0/ppo-lstm-dense-remember-shape-and-color-3x2-v0__33__rgb_joints__20251026_014249/20251026_014249/ckpt_28_701.pt
SPS: 1723
Epoch: 702, global_step=10767360
SPS: 1723
Epoch: 703, global_step=10782720
SPS: 1723
Epoch: 704, global_step=10798080
SPS: 1723
Epoch: 705, global_step=10813440
SPS: 1724
Epoch: 706, global_step=10828800
SPS: 1724
Epoch: 707, global_step=10844160
SPS: 1724
Epoch: 708, global_step=10859520
SPS: 1725
Epoch: 709, global_step=10874880
SPS: 1725
Epoch: 710, global_step=10890240
SPS: 1725
Epoch: 711, global_step=10905600
SPS: 1725
Epoch: 712, global_step=10920960
SPS: 1726
Epoch: 713, global_step=10936320
SPS: 1726
Epoch: 714, global_step=10951680
SPS: 1726
Epoch: 715, global_step=10967040
SPS: 1726
Epoch: 716, global_step=10982400
SPS: 1727
Epoch: 717, global_step=10997760
SPS: 1727
Epoch: 718, global_step=11013120
SPS: 1727
Epoch: 719, global_step=11028480
SPS: 1727
Epoch: 720, global_step=11043840
SPS: 1728
Epoch: 721, global_step=11059200
SPS: 1728
Epoch: 722, global_step=11074560
SPS: 1728
Epoch: 723, global_step=11089920
SPS: 1728
Epoch: 724, global_step=11105280
SPS: 1729
Epoch: 725, global_step=11120640
SPS: 1729
Epoch: 726, global_step=11136000
Evaluating
Evaluated 2880 steps resulting in 48 episodes
[32mEvaluation Metric: success_once[0m | [36mMean: 0.1458[0m
[32mEvaluation Metric: return[0m | [36mMean: 2.8303[0m
[32mEvaluation Metric: episode_len[0m | [36mMean: 60.0000[0m
[32mEvaluation Metric: reward[0m | [36mMean: 0.0472[0m
[32mEvaluation Metric: success_at_end[0m | [36mMean: 0.0417[0m
model saved to checkpoints/ppo_memtasks/rgb_joints/normalized_dense/RememberShapeAndColor3x2-v0/ppo-lstm-dense-remember-shape-and-color-3x2-v0__33__rgb_joints__20251026_014249/20251026_014249/ckpt_29_726.pt
SPS: 1724
Epoch: 727, global_step=11151360
SPS: 1724
Epoch: 728, global_step=11166720
SPS: 1724
Epoch: 729, global_step=11182080
SPS: 1724
Epoch: 730, global_step=11197440
SPS: 1725
Epoch: 731, global_step=11212800
SPS: 1725
Epoch: 732, global_step=11228160
SPS: 1725
Epoch: 733, global_step=11243520
SPS: 1725
Epoch: 734, global_step=11258880
SPS: 1726
Epoch: 735, global_step=11274240
SPS: 1726
Epoch: 736, global_step=11289600
SPS: 1726
Epoch: 737, global_step=11304960
SPS: 1726
Epoch: 738, global_step=11320320
SPS: 1727
Epoch: 739, global_step=11335680
SPS: 1727
Epoch: 740, global_step=11351040
SPS: 1727
Epoch: 741, global_step=11366400
SPS: 1727
Epoch: 742, global_step=11381760
SPS: 1728
Epoch: 743, global_step=11397120
SPS: 1728
Epoch: 744, global_step=11412480
SPS: 1728
Epoch: 745, global_step=11427840
SPS: 1728
Epoch: 746, global_step=11443200
SPS: 1729
Epoch: 747, global_step=11458560
SPS: 1729
Epoch: 748, global_step=11473920
SPS: 1729
Epoch: 749, global_step=11489280
SPS: 1729
Epoch: 750, global_step=11504640
SPS: 1730
Epoch: 751, global_step=11520000
Evaluating
Evaluated 2880 steps resulting in 48 episodes
[32mEvaluation Metric: success_once[0m | [36mMean: 0.0208[0m
[32mEvaluation Metric: return[0m | [36mMean: 2.4116[0m
[32mEvaluation Metric: episode_len[0m | [36mMean: 60.0000[0m
[32mEvaluation Metric: reward[0m | [36mMean: 0.0402[0m
[32mEvaluation Metric: success_at_end[0m | [36mMean: 0.0000[0m
model saved to checkpoints/ppo_memtasks/rgb_joints/normalized_dense/RememberShapeAndColor3x2-v0/ppo-lstm-dense-remember-shape-and-color-3x2-v0__33__rgb_joints__20251026_014249/20251026_014249/ckpt_30_751.pt
SPS: 1724
Epoch: 752, global_step=11535360
SPS: 1724
Epoch: 753, global_step=11550720
SPS: 1725
Epoch: 754, global_step=11566080
SPS: 1725
Epoch: 755, global_step=11581440
SPS: 1725
Epoch: 756, global_step=11596800
SPS: 1725
Epoch: 757, global_step=11612160
SPS: 1726
Epoch: 758, global_step=11627520
SPS: 1726
Epoch: 759, global_step=11642880
SPS: 1726
Epoch: 760, global_step=11658240
SPS: 1727
Epoch: 761, global_step=11673600
SPS: 1727
Epoch: 762, global_step=11688960
SPS: 1727
Epoch: 763, global_step=11704320
SPS: 1728
Epoch: 764, global_step=11719680
SPS: 1728
Epoch: 765, global_step=11735040
SPS: 1729
Epoch: 766, global_step=11750400
SPS: 1729
Epoch: 767, global_step=11765760
SPS: 1729
Epoch: 768, global_step=11781120
SPS: 1729
Epoch: 769, global_step=11796480
SPS: 1729
Epoch: 770, global_step=11811840
SPS: 1730
Epoch: 771, global_step=11827200
SPS: 1730
Epoch: 772, global_step=11842560
SPS: 1730
Epoch: 773, global_step=11857920
SPS: 1730
Epoch: 774, global_step=11873280
SPS: 1731
Epoch: 775, global_step=11888640
SPS: 1731
Epoch: 776, global_step=11904000
Evaluating
Evaluated 2880 steps resulting in 48 episodes
[32mEvaluation Metric: success_once[0m | [36mMean: 0.1042[0m
[32mEvaluation Metric: return[0m | [36mMean: 3.1454[0m
[32mEvaluation Metric: episode_len[0m | [36mMean: 60.0000[0m
[32mEvaluation Metric: reward[0m | [36mMean: 0.0524[0m
[32mEvaluation Metric: success_at_end[0m | [36mMean: 0.0208[0m
model saved to checkpoints/ppo_memtasks/rgb_joints/normalized_dense/RememberShapeAndColor3x2-v0/ppo-lstm-dense-remember-shape-and-color-3x2-v0__33__rgb_joints__20251026_014249/20251026_014249/ckpt_31_776.pt
SPS: 1726
Epoch: 777, global_step=11919360
SPS: 1726
Epoch: 778, global_step=11934720
SPS: 1726
Epoch: 779, global_step=11950080
SPS: 1726
Epoch: 780, global_step=11965440
SPS: 1727
Epoch: 781, global_step=11980800
SPS: 1727
Epoch: 782, global_step=11996160
SPS: 1727
Epoch: 783, global_step=12011520
SPS: 1727
Epoch: 784, global_step=12026880
SPS: 1728
Epoch: 785, global_step=12042240
SPS: 1728
Epoch: 786, global_step=12057600
SPS: 1728
Epoch: 787, global_step=12072960
SPS: 1728
Epoch: 788, global_step=12088320
SPS: 1729
Epoch: 789, global_step=12103680
SPS: 1729
Epoch: 790, global_step=12119040
SPS: 1729
Epoch: 791, global_step=12134400
SPS: 1729
Epoch: 792, global_step=12149760
SPS: 1729
Epoch: 793, global_step=12165120
SPS: 1730
Epoch: 794, global_step=12180480
SPS: 1730
Epoch: 795, global_step=12195840
SPS: 1730
Epoch: 796, global_step=12211200
SPS: 1730
Epoch: 797, global_step=12226560
SPS: 1731
Epoch: 798, global_step=12241920
SPS: 1731
Epoch: 799, global_step=12257280
SPS: 1731
Epoch: 800, global_step=12272640
SPS: 1731
Epoch: 801, global_step=12288000
Evaluating
Evaluated 2880 steps resulting in 48 episodes
[32mEvaluation Metric: success_once[0m | [36mMean: 0.1875[0m
[32mEvaluation Metric: return[0m | [36mMean: 2.9063[0m
[32mEvaluation Metric: episode_len[0m | [36mMean: 60.0000[0m
[32mEvaluation Metric: reward[0m | [36mMean: 0.0484[0m
[32mEvaluation Metric: success_at_end[0m | [36mMean: 0.0417[0m
model saved to checkpoints/ppo_memtasks/rgb_joints/normalized_dense/RememberShapeAndColor3x2-v0/ppo-lstm-dense-remember-shape-and-color-3x2-v0__33__rgb_joints__20251026_014249/20251026_014249/ckpt_32_801.pt
SPS: 1726
Epoch: 802, global_step=12303360
SPS: 1727
Epoch: 803, global_step=12318720
SPS: 1727
Epoch: 804, global_step=12334080
SPS: 1727
Epoch: 805, global_step=12349440
SPS: 1727
Epoch: 806, global_step=12364800
SPS: 1728
Epoch: 807, global_step=12380160
SPS: 1728
Epoch: 808, global_step=12395520
SPS: 1728
Epoch: 809, global_step=12410880
SPS: 1728
Epoch: 810, global_step=12426240
SPS: 1729
Epoch: 811, global_step=12441600
SPS: 1729
Epoch: 812, global_step=12456960
SPS: 1729
Epoch: 813, global_step=12472320
SPS: 1729
Epoch: 814, global_step=12487680
SPS: 1729
Epoch: 815, global_step=12503040
SPS: 1730
Epoch: 816, global_step=12518400
SPS: 1730
Epoch: 817, global_step=12533760
SPS: 1730
Epoch: 818, global_step=12549120
SPS: 1730
Epoch: 819, global_step=12564480
SPS: 1731
Epoch: 820, global_step=12579840
SPS: 1731
Epoch: 821, global_step=12595200
SPS: 1731
Epoch: 822, global_step=12610560
SPS: 1731
Epoch: 823, global_step=12625920
SPS: 1731
Epoch: 824, global_step=12641280
SPS: 1732
Epoch: 825, global_step=12656640
SPS: 1732
Epoch: 826, global_step=12672000
Evaluating
Evaluated 2880 steps resulting in 48 episodes
[32mEvaluation Metric: success_once[0m | [36mMean: 0.1250[0m
[32mEvaluation Metric: return[0m | [36mMean: 3.0954[0m
[32mEvaluation Metric: episode_len[0m | [36mMean: 60.0000[0m
[32mEvaluation Metric: reward[0m | [36mMean: 0.0516[0m
[32mEvaluation Metric: success_at_end[0m | [36mMean: 0.0000[0m
model saved to checkpoints/ppo_memtasks/rgb_joints/normalized_dense/RememberShapeAndColor3x2-v0/ppo-lstm-dense-remember-shape-and-color-3x2-v0__33__rgb_joints__20251026_014249/20251026_014249/ckpt_33_826.pt
SPS: 1727
Epoch: 827, global_step=12687360
SPS: 1727
Epoch: 828, global_step=12702720
SPS: 1728
Epoch: 829, global_step=12718080
SPS: 1728
Epoch: 830, global_step=12733440
SPS: 1728
Epoch: 831, global_step=12748800
SPS: 1728
Epoch: 832, global_step=12764160
SPS: 1729
Epoch: 833, global_step=12779520
SPS: 1729
Epoch: 834, global_step=12794880
SPS: 1729
Epoch: 835, global_step=12810240
SPS: 1729
Epoch: 836, global_step=12825600
SPS: 1729
Epoch: 837, global_step=12840960
SPS: 1730
Epoch: 838, global_step=12856320
SPS: 1730
Epoch: 839, global_step=12871680
SPS: 1730
Epoch: 840, global_step=12887040
SPS: 1730
Epoch: 841, global_step=12902400
SPS: 1730
Epoch: 842, global_step=12917760
SPS: 1731
Epoch: 843, global_step=12933120
SPS: 1731
Epoch: 844, global_step=12948480
SPS: 1731
Epoch: 845, global_step=12963840
SPS: 1731
Epoch: 846, global_step=12979200
SPS: 1732
model saved to checkpoints/ppo_memtasks/rgb_joints/normalized_dense/RememberShapeAndColor3x2-v0/ppo-lstm-dense-remember-shape-and-color-3x2-v0__33__rgb_joints__20251026_014249/20251026_014249/final_ckpt.pt
Running RememberShapeAndColor3x3-v0 with seed 42

===========================================================================
║                        Environment Configuration                        ║
===========================================================================
║ Environment ID: RememberShapeAndColor3x3-v0                             ║
║ Oracle Info:    None                                                    ║
║ Wrappers:                                                               ║
║    ├─ InitialZeroActionWrapper                                         ║
║    │  └─ {'n_initial_steps': 0}                                           ║
║    ├─ RememberShapeAndColorInfoWrapper                                 ║
║    ├─ RenderStepInfoWrapper                                            ║
║    ├─ RenderRewardInfoWrapper                                          ║
║    ├─ DebugRewardWrapper                                               ║
║-------------------------------------------------------------------------║
║ include_state:       False │ state will not be used                ║
║ include_rgb:         True  │ rgb images will be used               ║
║ include_oracle:      False │ oracle info will not be used          ║
║ include_joints:      True  │ joints will be used                   ║
===========================================================================

MODE='rgb_joints'
prompt_info=None
{0: 'cube', 1: 'sphere', 2: 't_shape', 3: 'cross', 4: 'torus'}
{0: 'cube', 1: 'sphere', 2: 't_shape', 3: 'cross', 4: 'torus'}
Saving eval videos to checkpoints/ppo_memtasks/rgb_joints/normalized_dense/RememberShapeAndColor3x3-v0/ppo-lstm-dense-remember-shape-and-color-3x3-v0__42__rgb_joints__20251026_024803/20251026_024803/videos
======================================================================
Max Episode Steps: 60
======================================================================

Running training

####
args.num_iterations=846 args.num_envs=256 args.num_eval_envs=16
args.minibatch_size=1920 args.batch_size=15360 args.update_epochs=4
####

sample_obs.keys()=dict_keys(['joints', 'rgb'])
joints: torch.Size([256, 25])
rgb: torch.Size([256, 128, 128, 3])


##################################################
latent_size=512
self.lstm.hidden_size=512
##################################################


Epoch: 1, global_step=0
Evaluating
Evaluated 2880 steps resulting in 48 episodes
[32mEvaluation Metric: success_once[0m | [36mMean: 0.0000[0m
[32mEvaluation Metric: return[0m | [36mMean: 10.0187[0m
[32mEvaluation Metric: episode_len[0m | [36mMean: 60.0000[0m
[32mEvaluation Metric: reward[0m | [36mMean: 0.1670[0m
[32mEvaluation Metric: success_at_end[0m | [36mMean: 0.0000[0m
model saved to checkpoints/ppo_memtasks/rgb_joints/normalized_dense/RememberShapeAndColor3x3-v0/ppo-lstm-dense-remember-shape-and-color-3x3-v0__42__rgb_joints__20251026_024803/20251026_024803/ckpt_0_1.pt
SPS: 533
Epoch: 2, global_step=15360
SPS: 847
Epoch: 3, global_step=30720
SPS: 1051
Epoch: 4, global_step=46080
SPS: 1191
Epoch: 5, global_step=61440
SPS: 1293
Epoch: 6, global_step=76800
SPS: 1366
Epoch: 7, global_step=92160
SPS: 1424
Epoch: 8, global_step=107520
SPS: 1471
Epoch: 9, global_step=122880
SPS: 1509
Epoch: 10, global_step=138240
SPS: 1539
Epoch: 11, global_step=153600
SPS: 1566
Epoch: 12, global_step=168960
SPS: 1588
Epoch: 13, global_step=184320
SPS: 1609
Epoch: 14, global_step=199680
SPS: 1625
Epoch: 15, global_step=215040
SPS: 1640
Epoch: 16, global_step=230400
SPS: 1653
Epoch: 17, global_step=245760
SPS: 1665
Epoch: 18, global_step=261120
SPS: 1675
Epoch: 19, global_step=276480
SPS: 1685
Epoch: 20, global_step=291840
SPS: 1694
Epoch: 21, global_step=307200
SPS: 1701
Epoch: 22, global_step=322560
SPS: 1708
Epoch: 23, global_step=337920
SPS: 1713
Epoch: 24, global_step=353280
SPS: 1719
Epoch: 25, global_step=368640
SPS: 1724
Epoch: 26, global_step=384000
Evaluating
Evaluated 2880 steps resulting in 48 episodes
[32mEvaluation Metric: success_once[0m | [36mMean: 0.1667[0m
[32mEvaluation Metric: return[0m | [36mMean: 3.0308[0m
[32mEvaluation Metric: episode_len[0m | [36mMean: 60.0000[0m
[32mEvaluation Metric: reward[0m | [36mMean: 0.0505[0m
[32mEvaluation Metric: success_at_end[0m | [36mMean: 0.0208[0m
model saved to checkpoints/ppo_memtasks/rgb_joints/normalized_dense/RememberShapeAndColor3x3-v0/ppo-lstm-dense-remember-shape-and-color-3x3-v0__42__rgb_joints__20251026_024803/20251026_024803/ckpt_1_26.pt
SPS: 1577
Epoch: 27, global_step=399360
SPS: 1586
Epoch: 28, global_step=414720
SPS: 1594
Epoch: 29, global_step=430080
SPS: 1602
Epoch: 30, global_step=445440
SPS: 1610
Epoch: 31, global_step=460800
SPS: 1617
Epoch: 32, global_step=476160
SPS: 1623
Epoch: 33, global_step=491520
SPS: 1630
Epoch: 34, global_step=506880
SPS: 1636
Epoch: 35, global_step=522240
SPS: 1641
Epoch: 36, global_step=537600
SPS: 1646
Epoch: 37, global_step=552960
SPS: 1651
Epoch: 38, global_step=568320
SPS: 1656
Epoch: 39, global_step=583680
SPS: 1661
Epoch: 40, global_step=599040
SPS: 1665
Epoch: 41, global_step=614400
SPS: 1670
Epoch: 42, global_step=629760
SPS: 1674
Epoch: 43, global_step=645120
SPS: 1678
Epoch: 44, global_step=660480
SPS: 1681
Epoch: 45, global_step=675840
SPS: 1685
Epoch: 46, global_step=691200
SPS: 1688
Epoch: 47, global_step=706560
SPS: 1691
Epoch: 48, global_step=721920
SPS: 1694
Epoch: 49, global_step=737280
SPS: 1697
Epoch: 50, global_step=752640
SPS: 1700
Epoch: 51, global_step=768000
Evaluating
Evaluated 2880 steps resulting in 48 episodes
[32mEvaluation Metric: success_once[0m | [36mMean: 0.2292[0m
[32mEvaluation Metric: return[0m | [36mMean: 3.8309[0m
[32mEvaluation Metric: episode_len[0m | [36mMean: 60.0000[0m
[32mEvaluation Metric: reward[0m | [36mMean: 0.0638[0m
[32mEvaluation Metric: success_at_end[0m | [36mMean: 0.0417[0m
model saved to checkpoints/ppo_memtasks/rgb_joints/normalized_dense/RememberShapeAndColor3x3-v0/ppo-lstm-dense-remember-shape-and-color-3x3-v0__42__rgb_joints__20251026_024803/20251026_024803/ckpt_2_51.pt
SPS: 1628
Epoch: 52, global_step=783360
SPS: 1632
Epoch: 53, global_step=798720
SPS: 1635
Epoch: 54, global_step=814080
SPS: 1639
Epoch: 55, global_step=829440
SPS: 1642
Epoch: 56, global_step=844800
SPS: 1645
Epoch: 57, global_step=860160
SPS: 1649
Epoch: 58, global_step=875520
SPS: 1652
Epoch: 59, global_step=890880
SPS: 1654
Epoch: 60, global_step=906240
SPS: 1657
Epoch: 61, global_step=921600
SPS: 1660
Epoch: 62, global_step=936960
SPS: 1663
Epoch: 63, global_step=952320
SPS: 1665
Epoch: 64, global_step=967680
SPS: 1668
Epoch: 65, global_step=983040
SPS: 1670
Epoch: 66, global_step=998400
SPS: 1672
Epoch: 67, global_step=1013760
SPS: 1675
Epoch: 68, global_step=1029120
SPS: 1677
Epoch: 69, global_step=1044480
SPS: 1679
Epoch: 70, global_step=1059840
SPS: 1681
Epoch: 71, global_step=1075200
SPS: 1684
Epoch: 72, global_step=1090560
SPS: 1686
Epoch: 73, global_step=1105920
SPS: 1688
Epoch: 74, global_step=1121280
SPS: 1689
Epoch: 75, global_step=1136640
SPS: 1691
Epoch: 76, global_step=1152000
Evaluating
Evaluated 2880 steps resulting in 48 episodes
[32mEvaluation Metric: success_once[0m | [36mMean: 0.2292[0m
[32mEvaluation Metric: return[0m | [36mMean: 4.6459[0m
[32mEvaluation Metric: episode_len[0m | [36mMean: 60.0000[0m
[32mEvaluation Metric: reward[0m | [36mMean: 0.0774[0m
[32mEvaluation Metric: success_at_end[0m | [36mMean: 0.0208[0m
model saved to checkpoints/ppo_memtasks/rgb_joints/normalized_dense/RememberShapeAndColor3x3-v0/ppo-lstm-dense-remember-shape-and-color-3x3-v0__42__rgb_joints__20251026_024803/20251026_024803/ckpt_3_76.pt
SPS: 1642
Epoch: 77, global_step=1167360
SPS: 1644
Epoch: 78, global_step=1182720
SPS: 1646
Epoch: 79, global_step=1198080
SPS: 1649
Epoch: 80, global_step=1213440
SPS: 1651
Epoch: 81, global_step=1228800
SPS: 1653
Epoch: 82, global_step=1244160
SPS: 1655
Epoch: 83, global_step=1259520
SPS: 1657
Epoch: 84, global_step=1274880
SPS: 1659
Epoch: 85, global_step=1290240
SPS: 1661
Epoch: 86, global_step=1305600
SPS: 1663
Epoch: 87, global_step=1320960
SPS: 1664
Epoch: 88, global_step=1336320
SPS: 1666
Epoch: 89, global_step=1351680
SPS: 1668
Epoch: 90, global_step=1367040
SPS: 1670
Epoch: 91, global_step=1382400
SPS: 1671
Epoch: 92, global_step=1397760
SPS: 1673
Epoch: 93, global_step=1413120
SPS: 1675
Epoch: 94, global_step=1428480
SPS: 1676
Epoch: 95, global_step=1443840
SPS: 1678
Epoch: 96, global_step=1459200
SPS: 1679
Epoch: 97, global_step=1474560
SPS: 1681
Epoch: 98, global_step=1489920
SPS: 1682
Epoch: 99, global_step=1505280
SPS: 1683
Epoch: 100, global_step=1520640
SPS: 1685
Epoch: 101, global_step=1536000
Evaluating
Evaluated 2880 steps resulting in 48 episodes
[32mEvaluation Metric: success_once[0m | [36mMean: 0.1667[0m
[32mEvaluation Metric: return[0m | [36mMean: 3.0108[0m
[32mEvaluation Metric: episode_len[0m | [36mMean: 60.0000[0m
[32mEvaluation Metric: reward[0m | [36mMean: 0.0502[0m
[32mEvaluation Metric: success_at_end[0m | [36mMean: 0.0000[0m
model saved to checkpoints/ppo_memtasks/rgb_joints/normalized_dense/RememberShapeAndColor3x3-v0/ppo-lstm-dense-remember-shape-and-color-3x3-v0__42__rgb_joints__20251026_024803/20251026_024803/ckpt_4_101.pt
SPS: 1646
Epoch: 102, global_step=1551360
SPS: 1648
Epoch: 103, global_step=1566720
SPS: 1649
Epoch: 104, global_step=1582080
SPS: 1651
Epoch: 105, global_step=1597440
SPS: 1652
Epoch: 106, global_step=1612800
SPS: 1654
Epoch: 107, global_step=1628160
SPS: 1656
Epoch: 108, global_step=1643520
SPS: 1657
Epoch: 109, global_step=1658880
SPS: 1658
Epoch: 110, global_step=1674240
SPS: 1660
Epoch: 111, global_step=1689600
SPS: 1661
Epoch: 112, global_step=1704960
SPS: 1662
Epoch: 113, global_step=1720320
SPS: 1664
Epoch: 114, global_step=1735680
SPS: 1665
Epoch: 115, global_step=1751040
SPS: 1666
Epoch: 116, global_step=1766400
SPS: 1668
Epoch: 117, global_step=1781760
SPS: 1669
Epoch: 118, global_step=1797120
SPS: 1670
Epoch: 119, global_step=1812480
SPS: 1672
Epoch: 120, global_step=1827840
SPS: 1673
Epoch: 121, global_step=1843200
SPS: 1674
Epoch: 122, global_step=1858560
SPS: 1675
Epoch: 123, global_step=1873920
SPS: 1676
Epoch: 124, global_step=1889280
SPS: 1678
Epoch: 125, global_step=1904640
SPS: 1679
Epoch: 126, global_step=1920000
Evaluating
Evaluated 2880 steps resulting in 48 episodes
[32mEvaluation Metric: success_once[0m | [36mMean: 0.2500[0m
[32mEvaluation Metric: return[0m | [36mMean: 4.0447[0m
[32mEvaluation Metric: episode_len[0m | [36mMean: 60.0000[0m
[32mEvaluation Metric: reward[0m | [36mMean: 0.0674[0m
[32mEvaluation Metric: success_at_end[0m | [36mMean: 0.0000[0m
model saved to checkpoints/ppo_memtasks/rgb_joints/normalized_dense/RememberShapeAndColor3x3-v0/ppo-lstm-dense-remember-shape-and-color-3x3-v0__42__rgb_joints__20251026_024803/20251026_024803/ckpt_5_126.pt
SPS: 1648
Epoch: 127, global_step=1935360
SPS: 1650
Epoch: 128, global_step=1950720
SPS: 1651
Epoch: 129, global_step=1966080
SPS: 1652
Epoch: 130, global_step=1981440
SPS: 1653
Epoch: 131, global_step=1996800
SPS: 1655
Epoch: 132, global_step=2012160
SPS: 1656
Epoch: 133, global_step=2027520
SPS: 1657
Epoch: 134, global_step=2042880
SPS: 1658
Epoch: 135, global_step=2058240
SPS: 1659
Epoch: 136, global_step=2073600
SPS: 1660
Epoch: 137, global_step=2088960
SPS: 1662
Epoch: 138, global_step=2104320
SPS: 1663
Epoch: 139, global_step=2119680
SPS: 1664
Epoch: 140, global_step=2135040
SPS: 1665
Epoch: 141, global_step=2150400
SPS: 1666
Epoch: 142, global_step=2165760
SPS: 1667
Epoch: 143, global_step=2181120
SPS: 1668
Epoch: 144, global_step=2196480
SPS: 1669
Epoch: 145, global_step=2211840
SPS: 1670
Epoch: 146, global_step=2227200
SPS: 1672
Epoch: 147, global_step=2242560
SPS: 1673
Epoch: 148, global_step=2257920
SPS: 1674
Epoch: 149, global_step=2273280
SPS: 1675
Epoch: 150, global_step=2288640
SPS: 1676
Epoch: 151, global_step=2304000
Evaluating
Evaluated 2880 steps resulting in 48 episodes
[32mEvaluation Metric: success_once[0m | [36mMean: 0.3542[0m
[32mEvaluation Metric: return[0m | [36mMean: 6.4754[0m
[32mEvaluation Metric: episode_len[0m | [36mMean: 60.0000[0m
[32mEvaluation Metric: reward[0m | [36mMean: 0.1079[0m
[32mEvaluation Metric: success_at_end[0m | [36mMean: 0.0000[0m
model saved to checkpoints/ppo_memtasks/rgb_joints/normalized_dense/RememberShapeAndColor3x3-v0/ppo-lstm-dense-remember-shape-and-color-3x3-v0__42__rgb_joints__20251026_024803/20251026_024803/ckpt_6_151.pt
SPS: 1649
Epoch: 152, global_step=2319360
SPS: 1651
Epoch: 153, global_step=2334720
SPS: 1652
Epoch: 154, global_step=2350080
SPS: 1653
Epoch: 155, global_step=2365440
SPS: 1654
Epoch: 156, global_step=2380800
SPS: 1655
Epoch: 157, global_step=2396160
SPS: 1656
Epoch: 158, global_step=2411520
SPS: 1657
Epoch: 159, global_step=2426880
SPS: 1658
Epoch: 160, global_step=2442240
SPS: 1659
Epoch: 161, global_step=2457600
SPS: 1660
Epoch: 162, global_step=2472960
SPS: 1661
Epoch: 163, global_step=2488320
SPS: 1662
Epoch: 164, global_step=2503680
SPS: 1663
Epoch: 165, global_step=2519040
SPS: 1664
Epoch: 166, global_step=2534400
SPS: 1665
Epoch: 167, global_step=2549760
SPS: 1666
Epoch: 168, global_step=2565120
SPS: 1667
Epoch: 169, global_step=2580480
SPS: 1668
Epoch: 170, global_step=2595840
SPS: 1669
Epoch: 171, global_step=2611200
SPS: 1669
Epoch: 172, global_step=2626560
SPS: 1670
Epoch: 173, global_step=2641920
SPS: 1671
Epoch: 174, global_step=2657280
SPS: 1672
Epoch: 175, global_step=2672640
SPS: 1673
Epoch: 176, global_step=2688000
Evaluating
Evaluated 2880 steps resulting in 48 episodes
[32mEvaluation Metric: success_once[0m | [36mMean: 0.4792[0m
[32mEvaluation Metric: return[0m | [36mMean: 7.6635[0m
[32mEvaluation Metric: episode_len[0m | [36mMean: 60.0000[0m
[32mEvaluation Metric: reward[0m | [36mMean: 0.1277[0m
[32mEvaluation Metric: success_at_end[0m | [36mMean: 0.0833[0m
model saved to checkpoints/ppo_memtasks/rgb_joints/normalized_dense/RememberShapeAndColor3x3-v0/ppo-lstm-dense-remember-shape-and-color-3x3-v0__42__rgb_joints__20251026_024803/20251026_024803/ckpt_7_176.pt
SPS: 1650
Epoch: 177, global_step=2703360
SPS: 1651
Epoch: 178, global_step=2718720
SPS: 1652
Epoch: 179, global_step=2734080
SPS: 1652
Epoch: 180, global_step=2749440
SPS: 1653
Epoch: 181, global_step=2764800
SPS: 1654
Epoch: 182, global_step=2780160
SPS: 1655
Epoch: 183, global_step=2795520
SPS: 1656
Epoch: 184, global_step=2810880
SPS: 1657
Epoch: 185, global_step=2826240
SPS: 1658
Epoch: 186, global_step=2841600
SPS: 1659
Epoch: 187, global_step=2856960
SPS: 1660
Epoch: 188, global_step=2872320
SPS: 1661
Epoch: 189, global_step=2887680
SPS: 1661
Epoch: 190, global_step=2903040
SPS: 1662
Epoch: 191, global_step=2918400
SPS: 1663
Epoch: 192, global_step=2933760
SPS: 1664
Epoch: 193, global_step=2949120
SPS: 1665
Epoch: 194, global_step=2964480
SPS: 1665
Epoch: 195, global_step=2979840
SPS: 1666
Epoch: 196, global_step=2995200
SPS: 1667
Epoch: 197, global_step=3010560
SPS: 1668
Epoch: 198, global_step=3025920
SPS: 1669
Epoch: 199, global_step=3041280
SPS: 1669
Epoch: 200, global_step=3056640
SPS: 1670
Epoch: 201, global_step=3072000
Evaluating
Evaluated 2880 steps resulting in 48 episodes
[32mEvaluation Metric: success_once[0m | [36mMean: 0.5208[0m
[32mEvaluation Metric: return[0m | [36mMean: 8.9538[0m
[32mEvaluation Metric: episode_len[0m | [36mMean: 60.0000[0m
[32mEvaluation Metric: reward[0m | [36mMean: 0.1492[0m
[32mEvaluation Metric: success_at_end[0m | [36mMean: 0.0417[0m
model saved to checkpoints/ppo_memtasks/rgb_joints/normalized_dense/RememberShapeAndColor3x3-v0/ppo-lstm-dense-remember-shape-and-color-3x3-v0__42__rgb_joints__20251026_024803/20251026_024803/ckpt_8_201.pt
SPS: 1651
Epoch: 202, global_step=3087360
SPS: 1652
Epoch: 203, global_step=3102720
SPS: 1653
Epoch: 204, global_step=3118080
SPS: 1653
Epoch: 205, global_step=3133440
SPS: 1654
Epoch: 206, global_step=3148800
SPS: 1655
Epoch: 207, global_step=3164160
SPS: 1656
Epoch: 208, global_step=3179520
SPS: 1657
Epoch: 209, global_step=3194880
SPS: 1657
Epoch: 210, global_step=3210240
SPS: 1658
Epoch: 211, global_step=3225600
SPS: 1659
Epoch: 212, global_step=3240960
SPS: 1660
Epoch: 213, global_step=3256320
SPS: 1660
Epoch: 214, global_step=3271680
SPS: 1661
Epoch: 215, global_step=3287040
SPS: 1662
Epoch: 216, global_step=3302400
SPS: 1663
Epoch: 217, global_step=3317760
SPS: 1663
Epoch: 218, global_step=3333120
SPS: 1664
Epoch: 219, global_step=3348480
SPS: 1665
Epoch: 220, global_step=3363840
SPS: 1666
Epoch: 221, global_step=3379200
SPS: 1666
Epoch: 222, global_step=3394560
SPS: 1667
Epoch: 223, global_step=3409920
SPS: 1668
Epoch: 224, global_step=3425280
SPS: 1668
Epoch: 225, global_step=3440640
SPS: 1669
Epoch: 226, global_step=3456000
Evaluating
Evaluated 2880 steps resulting in 48 episodes
[32mEvaluation Metric: success_once[0m | [36mMean: 0.3958[0m
[32mEvaluation Metric: return[0m | [36mMean: 7.7580[0m
[32mEvaluation Metric: episode_len[0m | [36mMean: 60.0000[0m
[32mEvaluation Metric: reward[0m | [36mMean: 0.1293[0m
[32mEvaluation Metric: success_at_end[0m | [36mMean: 0.0833[0m
model saved to checkpoints/ppo_memtasks/rgb_joints/normalized_dense/RememberShapeAndColor3x3-v0/ppo-lstm-dense-remember-shape-and-color-3x3-v0__42__rgb_joints__20251026_024803/20251026_024803/ckpt_9_226.pt
SPS: 1652
Epoch: 227, global_step=3471360
SPS: 1653
Epoch: 228, global_step=3486720
SPS: 1653
Epoch: 229, global_step=3502080
SPS: 1654
Epoch: 230, global_step=3517440
SPS: 1655
Epoch: 231, global_step=3532800
SPS: 1656
Epoch: 232, global_step=3548160
SPS: 1656
Epoch: 233, global_step=3563520
SPS: 1657
Epoch: 234, global_step=3578880
SPS: 1658
Epoch: 235, global_step=3594240
SPS: 1659
Epoch: 236, global_step=3609600
SPS: 1659
Epoch: 237, global_step=3624960
SPS: 1660
Epoch: 238, global_step=3640320
SPS: 1661
Epoch: 239, global_step=3655680
SPS: 1661
Epoch: 240, global_step=3671040
SPS: 1662
Epoch: 241, global_step=3686400
SPS: 1663
Epoch: 242, global_step=3701760
SPS: 1663
Epoch: 243, global_step=3717120
SPS: 1664
Epoch: 244, global_step=3732480
SPS: 1665
Epoch: 245, global_step=3747840
SPS: 1665
Epoch: 246, global_step=3763200
SPS: 1666
Epoch: 247, global_step=3778560
SPS: 1667
Epoch: 248, global_step=3793920
SPS: 1667
Epoch: 249, global_step=3809280
SPS: 1668
Epoch: 250, global_step=3824640
SPS: 1669
Epoch: 251, global_step=3840000
Evaluating
Evaluated 2880 steps resulting in 48 episodes
[32mEvaluation Metric: success_once[0m | [36mMean: 0.3542[0m
[32mEvaluation Metric: return[0m | [36mMean: 6.8591[0m
[32mEvaluation Metric: episode_len[0m | [36mMean: 60.0000[0m
[32mEvaluation Metric: reward[0m | [36mMean: 0.1143[0m
[32mEvaluation Metric: success_at_end[0m | [36mMean: 0.1042[0m
model saved to checkpoints/ppo_memtasks/rgb_joints/normalized_dense/RememberShapeAndColor3x3-v0/ppo-lstm-dense-remember-shape-and-color-3x3-v0__42__rgb_joints__20251026_024803/20251026_024803/ckpt_10_251.pt
SPS: 1653
Epoch: 252, global_step=3855360
SPS: 1654
Epoch: 253, global_step=3870720
SPS: 1655
Epoch: 254, global_step=3886080
SPS: 1655
Epoch: 255, global_step=3901440
SPS: 1656
Epoch: 256, global_step=3916800
SPS: 1657
Epoch: 257, global_step=3932160
SPS: 1657
Epoch: 258, global_step=3947520
SPS: 1658
Epoch: 259, global_step=3962880
SPS: 1659
Epoch: 260, global_step=3978240
SPS: 1659
Epoch: 261, global_step=3993600
SPS: 1660
Epoch: 262, global_step=4008960
SPS: 1661
Epoch: 263, global_step=4024320
SPS: 1661
Epoch: 264, global_step=4039680
SPS: 1662
Epoch: 265, global_step=4055040
SPS: 1662
Epoch: 266, global_step=4070400
SPS: 1663
Epoch: 267, global_step=4085760
SPS: 1664
Epoch: 268, global_step=4101120
SPS: 1664
Epoch: 269, global_step=4116480
SPS: 1665
Epoch: 270, global_step=4131840
SPS: 1665
Epoch: 271, global_step=4147200
SPS: 1666
Epoch: 272, global_step=4162560
SPS: 1667
Epoch: 273, global_step=4177920
SPS: 1667
Epoch: 274, global_step=4193280
SPS: 1668
Epoch: 275, global_step=4208640
SPS: 1668
Epoch: 276, global_step=4224000
Evaluating
Evaluated 2880 steps resulting in 48 episodes
[32mEvaluation Metric: success_once[0m | [36mMean: 0.3333[0m
[32mEvaluation Metric: return[0m | [36mMean: 5.7016[0m
[32mEvaluation Metric: episode_len[0m | [36mMean: 60.0000[0m
[32mEvaluation Metric: reward[0m | [36mMean: 0.0950[0m
[32mEvaluation Metric: success_at_end[0m | [36mMean: 0.0417[0m
model saved to checkpoints/ppo_memtasks/rgb_joints/normalized_dense/RememberShapeAndColor3x3-v0/ppo-lstm-dense-remember-shape-and-color-3x3-v0__42__rgb_joints__20251026_024803/20251026_024803/ckpt_11_276.pt
SPS: 1655
Epoch: 277, global_step=4239360
SPS: 1655
Epoch: 278, global_step=4254720
SPS: 1656
Epoch: 279, global_step=4270080
SPS: 1656
Epoch: 280, global_step=4285440
SPS: 1657
Epoch: 281, global_step=4300800
SPS: 1658
Epoch: 282, global_step=4316160
SPS: 1658
Epoch: 283, global_step=4331520
SPS: 1659
Epoch: 284, global_step=4346880
SPS: 1659
Epoch: 285, global_step=4362240
SPS: 1660
Epoch: 286, global_step=4377600
SPS: 1660
Epoch: 287, global_step=4392960
SPS: 1661
Epoch: 288, global_step=4408320
SPS: 1662
Epoch: 289, global_step=4423680
SPS: 1662
Epoch: 290, global_step=4439040
SPS: 1663
Epoch: 291, global_step=4454400
SPS: 1663
Epoch: 292, global_step=4469760
SPS: 1664
Epoch: 293, global_step=4485120
SPS: 1664
Epoch: 294, global_step=4500480
SPS: 1665
Epoch: 295, global_step=4515840
SPS: 1666
Epoch: 296, global_step=4531200
SPS: 1666
Epoch: 297, global_step=4546560
SPS: 1667
Epoch: 298, global_step=4561920
SPS: 1667
Epoch: 299, global_step=4577280
SPS: 1668
Epoch: 300, global_step=4592640
SPS: 1668
Epoch: 301, global_step=4608000
Evaluating
Evaluated 2880 steps resulting in 48 episodes
[32mEvaluation Metric: success_once[0m | [36mMean: 0.3333[0m
[32mEvaluation Metric: return[0m | [36mMean: 6.2853[0m
[32mEvaluation Metric: episode_len[0m | [36mMean: 60.0000[0m
[32mEvaluation Metric: reward[0m | [36mMean: 0.1048[0m
[32mEvaluation Metric: success_at_end[0m | [36mMean: 0.0417[0m
model saved to checkpoints/ppo_memtasks/rgb_joints/normalized_dense/RememberShapeAndColor3x3-v0/ppo-lstm-dense-remember-shape-and-color-3x3-v0__42__rgb_joints__20251026_024803/20251026_024803/ckpt_12_301.pt
SPS: 1655
Epoch: 302, global_step=4623360
SPS: 1656
Epoch: 303, global_step=4638720
SPS: 1656
Epoch: 304, global_step=4654080
SPS: 1657
Epoch: 305, global_step=4669440
SPS: 1658
Epoch: 306, global_step=4684800
SPS: 1658
Epoch: 307, global_step=4700160
SPS: 1659
Epoch: 308, global_step=4715520
SPS: 1659
Epoch: 309, global_step=4730880
SPS: 1660
Epoch: 310, global_step=4746240
SPS: 1660
Epoch: 311, global_step=4761600
SPS: 1661
Epoch: 312, global_step=4776960
SPS: 1661
Epoch: 313, global_step=4792320
SPS: 1662
Epoch: 314, global_step=4807680
SPS: 1662
Epoch: 315, global_step=4823040
SPS: 1663
Epoch: 316, global_step=4838400
SPS: 1663
Epoch: 317, global_step=4853760
SPS: 1664
Epoch: 318, global_step=4869120
SPS: 1664
Epoch: 319, global_step=4884480
SPS: 1665
Epoch: 320, global_step=4899840
SPS: 1666
Epoch: 321, global_step=4915200
SPS: 1666
Epoch: 322, global_step=4930560
SPS: 1667
Epoch: 323, global_step=4945920
SPS: 1667
Epoch: 324, global_step=4961280
SPS: 1668
Epoch: 325, global_step=4976640
SPS: 1668
Epoch: 326, global_step=4992000
Evaluating
Evaluated 2880 steps resulting in 48 episodes
[32mEvaluation Metric: success_once[0m | [36mMean: 0.4167[0m
[32mEvaluation Metric: return[0m | [36mMean: 7.3096[0m
[32mEvaluation Metric: episode_len[0m | [36mMean: 60.0000[0m
[32mEvaluation Metric: reward[0m | [36mMean: 0.1218[0m
[32mEvaluation Metric: success_at_end[0m | [36mMean: 0.0625[0m
model saved to checkpoints/ppo_memtasks/rgb_joints/normalized_dense/RememberShapeAndColor3x3-v0/ppo-lstm-dense-remember-shape-and-color-3x3-v0__42__rgb_joints__20251026_024803/20251026_024803/ckpt_13_326.pt
SPS: 1656
Epoch: 327, global_step=5007360
SPS: 1656
Epoch: 328, global_step=5022720
SPS: 1657
Epoch: 329, global_step=5038080
SPS: 1657
Epoch: 330, global_step=5053440
SPS: 1658
Epoch: 331, global_step=5068800
SPS: 1658
Epoch: 332, global_step=5084160
SPS: 1659
Epoch: 333, global_step=5099520
SPS: 1660
Epoch: 334, global_step=5114880
SPS: 1660
Epoch: 335, global_step=5130240
SPS: 1661
Epoch: 336, global_step=5145600
SPS: 1661
Epoch: 337, global_step=5160960
SPS: 1662
Epoch: 338, global_step=5176320
SPS: 1662
Epoch: 339, global_step=5191680
SPS: 1662
Epoch: 340, global_step=5207040
SPS: 1663
Epoch: 341, global_step=5222400
SPS: 1663
Epoch: 342, global_step=5237760
SPS: 1664
Epoch: 343, global_step=5253120
SPS: 1664
Epoch: 344, global_step=5268480
SPS: 1665
Epoch: 345, global_step=5283840
SPS: 1665
Epoch: 346, global_step=5299200
SPS: 1666
Epoch: 347, global_step=5314560
SPS: 1666
Epoch: 348, global_step=5329920
SPS: 1667
Epoch: 349, global_step=5345280
SPS: 1667
Epoch: 350, global_step=5360640
SPS: 1667
Epoch: 351, global_step=5376000
Evaluating
Evaluated 2880 steps resulting in 48 episodes
[32mEvaluation Metric: success_once[0m | [36mMean: 0.2917[0m
[32mEvaluation Metric: return[0m | [36mMean: 5.4409[0m
[32mEvaluation Metric: episode_len[0m | [36mMean: 60.0000[0m
[32mEvaluation Metric: reward[0m | [36mMean: 0.0907[0m
[32mEvaluation Metric: success_at_end[0m | [36mMean: 0.0208[0m
model saved to checkpoints/ppo_memtasks/rgb_joints/normalized_dense/RememberShapeAndColor3x3-v0/ppo-lstm-dense-remember-shape-and-color-3x3-v0__42__rgb_joints__20251026_024803/20251026_024803/ckpt_14_351.pt
SPS: 1657
Epoch: 352, global_step=5391360
SPS: 1657
Epoch: 353, global_step=5406720
SPS: 1658
Epoch: 354, global_step=5422080
SPS: 1658
Epoch: 355, global_step=5437440
SPS: 1659
Epoch: 356, global_step=5452800
SPS: 1659
Epoch: 357, global_step=5468160
SPS: 1659
Epoch: 358, global_step=5483520
SPS: 1660
Epoch: 359, global_step=5498880
SPS: 1660
Epoch: 360, global_step=5514240
SPS: 1661
Epoch: 361, global_step=5529600
SPS: 1661
Epoch: 362, global_step=5544960
SPS: 1662
Epoch: 363, global_step=5560320
SPS: 1662
Epoch: 364, global_step=5575680
SPS: 1663
Epoch: 365, global_step=5591040
SPS: 1663
Epoch: 366, global_step=5606400
SPS: 1664
Epoch: 367, global_step=5621760
SPS: 1664
Epoch: 368, global_step=5637120
SPS: 1664
Epoch: 369, global_step=5652480
SPS: 1665
Epoch: 370, global_step=5667840
SPS: 1665
Epoch: 371, global_step=5683200
SPS: 1666
Epoch: 372, global_step=5698560
SPS: 1666
Epoch: 373, global_step=5713920
SPS: 1667
Epoch: 374, global_step=5729280
SPS: 1667
Epoch: 375, global_step=5744640
SPS: 1667
Epoch: 376, global_step=5760000
Evaluating
Evaluated 2880 steps resulting in 48 episodes
[32mEvaluation Metric: success_once[0m | [36mMean: 0.2500[0m
[32mEvaluation Metric: return[0m | [36mMean: 4.9027[0m
[32mEvaluation Metric: episode_len[0m | [36mMean: 60.0000[0m
[32mEvaluation Metric: reward[0m | [36mMean: 0.0817[0m
[32mEvaluation Metric: success_at_end[0m | [36mMean: 0.0208[0m
model saved to checkpoints/ppo_memtasks/rgb_joints/normalized_dense/RememberShapeAndColor3x3-v0/ppo-lstm-dense-remember-shape-and-color-3x3-v0__42__rgb_joints__20251026_024803/20251026_024803/ckpt_15_376.pt
SPS: 1657
Epoch: 377, global_step=5775360
SPS: 1657
Epoch: 378, global_step=5790720
SPS: 1658
Epoch: 379, global_step=5806080
SPS: 1658
Epoch: 380, global_step=5821440
SPS: 1659
Epoch: 381, global_step=5836800
SPS: 1659
Epoch: 382, global_step=5852160
SPS: 1660
Epoch: 383, global_step=5867520
SPS: 1660
Epoch: 384, global_step=5882880
SPS: 1660
Epoch: 385, global_step=5898240
SPS: 1661
Epoch: 386, global_step=5913600
SPS: 1661
Epoch: 387, global_step=5928960
SPS: 1662
Epoch: 388, global_step=5944320
SPS: 1662
Epoch: 389, global_step=5959680
SPS: 1663
Epoch: 390, global_step=5975040
SPS: 1663
Epoch: 391, global_step=5990400
SPS: 1663
Epoch: 392, global_step=6005760
SPS: 1664
Epoch: 393, global_step=6021120
SPS: 1664
Epoch: 394, global_step=6036480
SPS: 1665
Epoch: 395, global_step=6051840
SPS: 1665
Epoch: 396, global_step=6067200
SPS: 1665
Epoch: 397, global_step=6082560
SPS: 1666
Epoch: 398, global_step=6097920
SPS: 1666
Epoch: 399, global_step=6113280
SPS: 1667
Epoch: 400, global_step=6128640
SPS: 1667
Epoch: 401, global_step=6144000
Evaluating
Evaluated 2880 steps resulting in 48 episodes
[32mEvaluation Metric: success_once[0m | [36mMean: 0.3542[0m
[32mEvaluation Metric: return[0m | [36mMean: 6.6167[0m
[32mEvaluation Metric: episode_len[0m | [36mMean: 60.0000[0m
[32mEvaluation Metric: reward[0m | [36mMean: 0.1103[0m
[32mEvaluation Metric: success_at_end[0m | [36mMean: 0.0625[0m
model saved to checkpoints/ppo_memtasks/rgb_joints/normalized_dense/RememberShapeAndColor3x3-v0/ppo-lstm-dense-remember-shape-and-color-3x3-v0__42__rgb_joints__20251026_024803/20251026_024803/ckpt_16_401.pt
SPS: 1657
Epoch: 402, global_step=6159360
SPS: 1657
Epoch: 403, global_step=6174720
SPS: 1658
Epoch: 404, global_step=6190080
SPS: 1658
Epoch: 405, global_step=6205440
SPS: 1658
Epoch: 406, global_step=6220800
SPS: 1659
Epoch: 407, global_step=6236160
SPS: 1659
Epoch: 408, global_step=6251520
SPS: 1660
Epoch: 409, global_step=6266880
SPS: 1660
Epoch: 410, global_step=6282240
SPS: 1660
Epoch: 411, global_step=6297600
SPS: 1661
Epoch: 412, global_step=6312960
SPS: 1661
Epoch: 413, global_step=6328320
SPS: 1662
Epoch: 414, global_step=6343680
SPS: 1662
Epoch: 415, global_step=6359040
SPS: 1662
Epoch: 416, global_step=6374400
SPS: 1663
Epoch: 417, global_step=6389760
SPS: 1663
Epoch: 418, global_step=6405120
SPS: 1664
Epoch: 419, global_step=6420480
SPS: 1664
Epoch: 420, global_step=6435840
SPS: 1664
Epoch: 421, global_step=6451200
SPS: 1665
Epoch: 422, global_step=6466560
SPS: 1665
Epoch: 423, global_step=6481920
SPS: 1665
Epoch: 424, global_step=6497280
SPS: 1666
Epoch: 425, global_step=6512640
SPS: 1666
Epoch: 426, global_step=6528000
Evaluating
Evaluated 2880 steps resulting in 48 episodes
[32mEvaluation Metric: success_once[0m | [36mMean: 0.2708[0m
[32mEvaluation Metric: return[0m | [36mMean: 5.3736[0m
[32mEvaluation Metric: episode_len[0m | [36mMean: 60.0000[0m
[32mEvaluation Metric: reward[0m | [36mMean: 0.0896[0m
[32mEvaluation Metric: success_at_end[0m | [36mMean: 0.0000[0m
model saved to checkpoints/ppo_memtasks/rgb_joints/normalized_dense/RememberShapeAndColor3x3-v0/ppo-lstm-dense-remember-shape-and-color-3x3-v0__42__rgb_joints__20251026_024803/20251026_024803/ckpt_17_426.pt
SPS: 1656
Epoch: 427, global_step=6543360
SPS: 1657
Epoch: 428, global_step=6558720
SPS: 1657
Epoch: 429, global_step=6574080
SPS: 1658
Epoch: 430, global_step=6589440
SPS: 1658
Epoch: 431, global_step=6604800
SPS: 1658
Epoch: 432, global_step=6620160
SPS: 1659
Epoch: 433, global_step=6635520
SPS: 1659
Epoch: 434, global_step=6650880
SPS: 1659
Epoch: 435, global_step=6666240
SPS: 1660
Epoch: 436, global_step=6681600
SPS: 1660
Epoch: 437, global_step=6696960
SPS: 1660
Epoch: 438, global_step=6712320
SPS: 1661
Epoch: 439, global_step=6727680
SPS: 1661
Epoch: 440, global_step=6743040
SPS: 1661
Epoch: 441, global_step=6758400
SPS: 1662
Epoch: 442, global_step=6773760
SPS: 1662
Epoch: 443, global_step=6789120
SPS: 1663
Epoch: 444, global_step=6804480
SPS: 1663
Epoch: 445, global_step=6819840
SPS: 1663
Epoch: 446, global_step=6835200
SPS: 1664
Epoch: 447, global_step=6850560
SPS: 1664
Epoch: 448, global_step=6865920
SPS: 1664
Epoch: 449, global_step=6881280
SPS: 1665
Epoch: 450, global_step=6896640
SPS: 1665
Epoch: 451, global_step=6912000
Evaluating
Evaluated 2880 steps resulting in 48 episodes
[32mEvaluation Metric: success_once[0m | [36mMean: 0.2708[0m
[32mEvaluation Metric: return[0m | [36mMean: 6.3918[0m
[32mEvaluation Metric: episode_len[0m | [36mMean: 60.0000[0m
[32mEvaluation Metric: reward[0m | [36mMean: 0.1065[0m
[32mEvaluation Metric: success_at_end[0m | [36mMean: 0.0833[0m
model saved to checkpoints/ppo_memtasks/rgb_joints/normalized_dense/RememberShapeAndColor3x3-v0/ppo-lstm-dense-remember-shape-and-color-3x3-v0__42__rgb_joints__20251026_024803/20251026_024803/ckpt_18_451.pt
SPS: 1656
Epoch: 452, global_step=6927360
SPS: 1657
Epoch: 453, global_step=6942720
SPS: 1657
Epoch: 454, global_step=6958080
SPS: 1657
Epoch: 455, global_step=6973440
SPS: 1658
Epoch: 456, global_step=6988800
SPS: 1658
Epoch: 457, global_step=7004160
SPS: 1659
Epoch: 458, global_step=7019520
SPS: 1659
Epoch: 459, global_step=7034880
SPS: 1659
Epoch: 460, global_step=7050240
SPS: 1660
Epoch: 461, global_step=7065600
SPS: 1660
Epoch: 462, global_step=7080960
SPS: 1660
Epoch: 463, global_step=7096320
SPS: 1661
Epoch: 464, global_step=7111680
SPS: 1661
Epoch: 465, global_step=7127040
SPS: 1661
Epoch: 466, global_step=7142400
SPS: 1662
Epoch: 467, global_step=7157760
SPS: 1662
Epoch: 468, global_step=7173120
SPS: 1662
Epoch: 469, global_step=7188480
SPS: 1663
Epoch: 470, global_step=7203840
SPS: 1663
Epoch: 471, global_step=7219200
SPS: 1663
Epoch: 472, global_step=7234560
SPS: 1664
Epoch: 473, global_step=7249920
SPS: 1664
Epoch: 474, global_step=7265280
SPS: 1664
Epoch: 475, global_step=7280640
SPS: 1665
Epoch: 476, global_step=7296000
Evaluating
Evaluated 2880 steps resulting in 48 episodes
[32mEvaluation Metric: success_once[0m | [36mMean: 0.3750[0m
[32mEvaluation Metric: return[0m | [36mMean: 7.7246[0m
[32mEvaluation Metric: episode_len[0m | [36mMean: 60.0000[0m
[32mEvaluation Metric: reward[0m | [36mMean: 0.1287[0m
[32mEvaluation Metric: success_at_end[0m | [36mMean: 0.0833[0m
model saved to checkpoints/ppo_memtasks/rgb_joints/normalized_dense/RememberShapeAndColor3x3-v0/ppo-lstm-dense-remember-shape-and-color-3x3-v0__42__rgb_joints__20251026_024803/20251026_024803/ckpt_19_476.pt
SPS: 1656
Epoch: 477, global_step=7311360
SPS: 1656
Epoch: 478, global_step=7326720
SPS: 1657
Epoch: 479, global_step=7342080
SPS: 1657
Epoch: 480, global_step=7357440
SPS: 1657
Epoch: 481, global_step=7372800
SPS: 1658
Epoch: 482, global_step=7388160
SPS: 1658
Epoch: 483, global_step=7403520
SPS: 1658
Epoch: 484, global_step=7418880
SPS: 1659
Epoch: 485, global_step=7434240
SPS: 1659
Epoch: 486, global_step=7449600
SPS: 1659
Epoch: 487, global_step=7464960
SPS: 1660
Epoch: 488, global_step=7480320
SPS: 1660
Epoch: 489, global_step=7495680
SPS: 1660
Epoch: 490, global_step=7511040
SPS: 1661
Epoch: 491, global_step=7526400
SPS: 1661
Epoch: 492, global_step=7541760
SPS: 1661
Epoch: 493, global_step=7557120
SPS: 1661
Epoch: 494, global_step=7572480
SPS: 1662
Epoch: 495, global_step=7587840
SPS: 1662
Epoch: 496, global_step=7603200
SPS: 1662
Epoch: 497, global_step=7618560
SPS: 1663
Epoch: 498, global_step=7633920
SPS: 1663
Epoch: 499, global_step=7649280
SPS: 1663
Epoch: 500, global_step=7664640
SPS: 1664
Epoch: 501, global_step=7680000
Evaluating
Evaluated 2880 steps resulting in 48 episodes
[32mEvaluation Metric: success_once[0m | [36mMean: 0.3333[0m
[32mEvaluation Metric: return[0m | [36mMean: 7.6964[0m
[32mEvaluation Metric: episode_len[0m | [36mMean: 60.0000[0m
[32mEvaluation Metric: reward[0m | [36mMean: 0.1283[0m
[32mEvaluation Metric: success_at_end[0m | [36mMean: 0.0625[0m
model saved to checkpoints/ppo_memtasks/rgb_joints/normalized_dense/RememberShapeAndColor3x3-v0/ppo-lstm-dense-remember-shape-and-color-3x3-v0__42__rgb_joints__20251026_024803/20251026_024803/ckpt_20_501.pt
SPS: 1656
Epoch: 502, global_step=7695360
SPS: 1656
Epoch: 503, global_step=7710720
SPS: 1656
Epoch: 504, global_step=7726080
SPS: 1657
Epoch: 505, global_step=7741440
SPS: 1657
Epoch: 506, global_step=7756800
SPS: 1657
Epoch: 507, global_step=7772160
SPS: 1658
Epoch: 508, global_step=7787520
SPS: 1658
Epoch: 509, global_step=7802880
SPS: 1658
Epoch: 510, global_step=7818240
SPS: 1658
Epoch: 511, global_step=7833600
SPS: 1659
Epoch: 512, global_step=7848960
SPS: 1659
Epoch: 513, global_step=7864320
SPS: 1659
Epoch: 514, global_step=7879680
SPS: 1660
Epoch: 515, global_step=7895040
SPS: 1660
Epoch: 516, global_step=7910400
SPS: 1660
Epoch: 517, global_step=7925760
SPS: 1661
Epoch: 518, global_step=7941120
SPS: 1661
Epoch: 519, global_step=7956480
SPS: 1661
Epoch: 520, global_step=7971840
SPS: 1662
Epoch: 521, global_step=7987200
SPS: 1662
Epoch: 522, global_step=8002560
SPS: 1662
Epoch: 523, global_step=8017920
SPS: 1662
Epoch: 524, global_step=8033280
SPS: 1663
Epoch: 525, global_step=8048640
SPS: 1663
Epoch: 526, global_step=8064000
Evaluating
Evaluated 2880 steps resulting in 48 episodes
[32mEvaluation Metric: success_once[0m | [36mMean: 0.4167[0m
[32mEvaluation Metric: return[0m | [36mMean: 10.3335[0m
[32mEvaluation Metric: episode_len[0m | [36mMean: 60.0000[0m
[32mEvaluation Metric: reward[0m | [36mMean: 0.1722[0m
[32mEvaluation Metric: success_at_end[0m | [36mMean: 0.2083[0m
model saved to checkpoints/ppo_memtasks/rgb_joints/normalized_dense/RememberShapeAndColor3x3-v0/ppo-lstm-dense-remember-shape-and-color-3x3-v0__42__rgb_joints__20251026_024803/20251026_024803/ckpt_21_526.pt
SPS: 1656
Epoch: 527, global_step=8079360
SPS: 1656
Epoch: 528, global_step=8094720
SPS: 1656
Epoch: 529, global_step=8110080
SPS: 1656
Epoch: 530, global_step=8125440
SPS: 1657
Epoch: 531, global_step=8140800
SPS: 1657
Epoch: 532, global_step=8156160
SPS: 1657
Epoch: 533, global_step=8171520
SPS: 1658
Epoch: 534, global_step=8186880
SPS: 1658
Epoch: 535, global_step=8202240
SPS: 1658
Epoch: 536, global_step=8217600
SPS: 1659
Epoch: 537, global_step=8232960
SPS: 1659
Epoch: 538, global_step=8248320
SPS: 1659
Epoch: 539, global_step=8263680
SPS: 1659
Epoch: 540, global_step=8279040
SPS: 1660
Epoch: 541, global_step=8294400
SPS: 1660
Epoch: 542, global_step=8309760
SPS: 1660
Epoch: 543, global_step=8325120
SPS: 1661
Epoch: 544, global_step=8340480
SPS: 1661
Epoch: 545, global_step=8355840
SPS: 1661
Epoch: 546, global_step=8371200
SPS: 1661
Epoch: 547, global_step=8386560
SPS: 1662
Epoch: 548, global_step=8401920
SPS: 1662
Epoch: 549, global_step=8417280
SPS: 1662
Epoch: 550, global_step=8432640
SPS: 1662
Epoch: 551, global_step=8448000
Evaluating
Evaluated 2880 steps resulting in 48 episodes
[32mEvaluation Metric: success_once[0m | [36mMean: 0.3125[0m
[32mEvaluation Metric: return[0m | [36mMean: 6.9117[0m
[32mEvaluation Metric: episode_len[0m | [36mMean: 60.0000[0m
[32mEvaluation Metric: reward[0m | [36mMean: 0.1152[0m
[32mEvaluation Metric: success_at_end[0m | [36mMean: 0.0417[0m
model saved to checkpoints/ppo_memtasks/rgb_joints/normalized_dense/RememberShapeAndColor3x3-v0/ppo-lstm-dense-remember-shape-and-color-3x3-v0__42__rgb_joints__20251026_024803/20251026_024803/ckpt_22_551.pt
SPS: 1656
Epoch: 552, global_step=8463360
SPS: 1656
Epoch: 553, global_step=8478720
SPS: 1656
Epoch: 554, global_step=8494080
SPS: 1656
Epoch: 555, global_step=8509440
SPS: 1657
Epoch: 556, global_step=8524800
SPS: 1657
Epoch: 557, global_step=8540160
SPS: 1657
Epoch: 558, global_step=8555520
SPS: 1658
Epoch: 559, global_step=8570880
SPS: 1658
Epoch: 560, global_step=8586240
SPS: 1658
Epoch: 561, global_step=8601600
SPS: 1658
Epoch: 562, global_step=8616960
SPS: 1659
Epoch: 563, global_step=8632320
SPS: 1659
Epoch: 564, global_step=8647680
SPS: 1659
Epoch: 565, global_step=8663040
SPS: 1659
Epoch: 566, global_step=8678400
SPS: 1660
Epoch: 567, global_step=8693760
SPS: 1660
Epoch: 568, global_step=8709120
SPS: 1660
Epoch: 569, global_step=8724480
SPS: 1661
Epoch: 570, global_step=8739840
SPS: 1661
Epoch: 571, global_step=8755200
SPS: 1661
Epoch: 572, global_step=8770560
SPS: 1661
Epoch: 573, global_step=8785920
SPS: 1662
Epoch: 574, global_step=8801280
SPS: 1662
Epoch: 575, global_step=8816640
SPS: 1662
Epoch: 576, global_step=8832000
Evaluating
Evaluated 2880 steps resulting in 48 episodes
[32mEvaluation Metric: success_once[0m | [36mMean: 0.3750[0m
[32mEvaluation Metric: return[0m | [36mMean: 8.9290[0m
[32mEvaluation Metric: episode_len[0m | [36mMean: 60.0000[0m
[32mEvaluation Metric: reward[0m | [36mMean: 0.1488[0m
[32mEvaluation Metric: success_at_end[0m | [36mMean: 0.1250[0m
model saved to checkpoints/ppo_memtasks/rgb_joints/normalized_dense/RememberShapeAndColor3x3-v0/ppo-lstm-dense-remember-shape-and-color-3x3-v0__42__rgb_joints__20251026_024803/20251026_024803/ckpt_23_576.pt
SPS: 1656
Epoch: 577, global_step=8847360
SPS: 1656
Epoch: 578, global_step=8862720
SPS: 1656
Epoch: 579, global_step=8878080
SPS: 1656
Epoch: 580, global_step=8893440
SPS: 1657
Epoch: 581, global_step=8908800
SPS: 1657
Epoch: 582, global_step=8924160
SPS: 1657
Epoch: 583, global_step=8939520
SPS: 1657
Epoch: 584, global_step=8954880
SPS: 1658
Epoch: 585, global_step=8970240
SPS: 1658
Epoch: 586, global_step=8985600
SPS: 1658
Epoch: 587, global_step=9000960
SPS: 1659
Epoch: 588, global_step=9016320
SPS: 1659
Epoch: 589, global_step=9031680
SPS: 1659
Epoch: 590, global_step=9047040
SPS: 1659
Epoch: 591, global_step=9062400
SPS: 1660
Epoch: 592, global_step=9077760
SPS: 1660
Epoch: 593, global_step=9093120
SPS: 1660
Epoch: 594, global_step=9108480
SPS: 1660
Epoch: 595, global_step=9123840
SPS: 1661
Epoch: 596, global_step=9139200
SPS: 1661
Epoch: 597, global_step=9154560
SPS: 1661
Epoch: 598, global_step=9169920
SPS: 1661
Epoch: 599, global_step=9185280
SPS: 1662
Epoch: 600, global_step=9200640
SPS: 1662
Epoch: 601, global_step=9216000
Evaluating
Evaluated 2880 steps resulting in 48 episodes
[32mEvaluation Metric: success_once[0m | [36mMean: 0.2917[0m
[32mEvaluation Metric: return[0m | [36mMean: 7.0772[0m
[32mEvaluation Metric: episode_len[0m | [36mMean: 60.0000[0m
[32mEvaluation Metric: reward[0m | [36mMean: 0.1180[0m
[32mEvaluation Metric: success_at_end[0m | [36mMean: 0.0833[0m
model saved to checkpoints/ppo_memtasks/rgb_joints/normalized_dense/RememberShapeAndColor3x3-v0/ppo-lstm-dense-remember-shape-and-color-3x3-v0__42__rgb_joints__20251026_024803/20251026_024803/ckpt_24_601.pt
SPS: 1656
Epoch: 602, global_step=9231360
SPS: 1656
Epoch: 603, global_step=9246720
SPS: 1656
Epoch: 604, global_step=9262080
SPS: 1656
Epoch: 605, global_step=9277440
SPS: 1657
Epoch: 606, global_step=9292800
SPS: 1657
Epoch: 607, global_step=9308160
SPS: 1657
Epoch: 608, global_step=9323520
SPS: 1658
Epoch: 609, global_step=9338880
SPS: 1658
Epoch: 610, global_step=9354240
SPS: 1658
Epoch: 611, global_step=9369600
SPS: 1658
Epoch: 612, global_step=9384960
SPS: 1659
Epoch: 613, global_step=9400320
SPS: 1659
Epoch: 614, global_step=9415680
SPS: 1659
Epoch: 615, global_step=9431040
SPS: 1659
Epoch: 616, global_step=9446400
SPS: 1660
Epoch: 617, global_step=9461760
SPS: 1660
Epoch: 618, global_step=9477120
SPS: 1660
Epoch: 619, global_step=9492480
SPS: 1660
Epoch: 620, global_step=9507840
SPS: 1661
Epoch: 621, global_step=9523200
SPS: 1661
Epoch: 622, global_step=9538560
SPS: 1661
Epoch: 623, global_step=9553920
SPS: 1661
Epoch: 624, global_step=9569280
SPS: 1661
Epoch: 625, global_step=9584640
SPS: 1662
Epoch: 626, global_step=9600000
Evaluating
Evaluated 2880 steps resulting in 48 episodes
[32mEvaluation Metric: success_once[0m | [36mMean: 0.3542[0m
[32mEvaluation Metric: return[0m | [36mMean: 8.6242[0m
[32mEvaluation Metric: episode_len[0m | [36mMean: 60.0000[0m
[32mEvaluation Metric: reward[0m | [36mMean: 0.1437[0m
[32mEvaluation Metric: success_at_end[0m | [36mMean: 0.1458[0m
model saved to checkpoints/ppo_memtasks/rgb_joints/normalized_dense/RememberShapeAndColor3x3-v0/ppo-lstm-dense-remember-shape-and-color-3x3-v0__42__rgb_joints__20251026_024803/20251026_024803/ckpt_25_626.pt
SPS: 1656
Epoch: 627, global_step=9615360
SPS: 1656
Epoch: 628, global_step=9630720
SPS: 1656
Epoch: 629, global_step=9646080
SPS: 1656
Epoch: 630, global_step=9661440
SPS: 1657
Epoch: 631, global_step=9676800
SPS: 1657
Epoch: 632, global_step=9692160
SPS: 1657
Epoch: 633, global_step=9707520
SPS: 1657
Epoch: 634, global_step=9722880
SPS: 1658
Epoch: 635, global_step=9738240
SPS: 1658
Epoch: 636, global_step=9753600
SPS: 1658
Epoch: 637, global_step=9768960
SPS: 1658
Epoch: 638, global_step=9784320
SPS: 1659
Epoch: 639, global_step=9799680
SPS: 1659
Epoch: 640, global_step=9815040
SPS: 1659
Epoch: 641, global_step=9830400
SPS: 1659
Epoch: 642, global_step=9845760
SPS: 1660
Epoch: 643, global_step=9861120
SPS: 1660
Epoch: 644, global_step=9876480
SPS: 1660
Epoch: 645, global_step=9891840
SPS: 1660
Epoch: 646, global_step=9907200
SPS: 1661
Epoch: 647, global_step=9922560
SPS: 1661
Epoch: 648, global_step=9937920
SPS: 1661
Epoch: 649, global_step=9953280
SPS: 1661
Epoch: 650, global_step=9968640
SPS: 1662
Epoch: 651, global_step=9984000
Evaluating
Evaluated 2880 steps resulting in 48 episodes
[32mEvaluation Metric: success_once[0m | [36mMean: 0.2917[0m
[32mEvaluation Metric: return[0m | [36mMean: 7.7973[0m
[32mEvaluation Metric: episode_len[0m | [36mMean: 60.0000[0m
[32mEvaluation Metric: reward[0m | [36mMean: 0.1300[0m
[32mEvaluation Metric: success_at_end[0m | [36mMean: 0.0833[0m
model saved to checkpoints/ppo_memtasks/rgb_joints/normalized_dense/RememberShapeAndColor3x3-v0/ppo-lstm-dense-remember-shape-and-color-3x3-v0__42__rgb_joints__20251026_024803/20251026_024803/ckpt_26_651.pt
SPS: 1656
Epoch: 652, global_step=9999360
SPS: 1656
Epoch: 653, global_step=10014720
SPS: 1656
Epoch: 654, global_step=10030080
SPS: 1657
Epoch: 655, global_step=10045440
SPS: 1657
Epoch: 656, global_step=10060800
SPS: 1657
Epoch: 657, global_step=10076160
SPS: 1657
Epoch: 658, global_step=10091520
SPS: 1658
Epoch: 659, global_step=10106880
SPS: 1658
Epoch: 660, global_step=10122240
SPS: 1658
Epoch: 661, global_step=10137600
SPS: 1658
Epoch: 662, global_step=10152960
SPS: 1659
Epoch: 663, global_step=10168320
SPS: 1659
Epoch: 664, global_step=10183680
SPS: 1659
Epoch: 665, global_step=10199040
SPS: 1659
Epoch: 666, global_step=10214400
SPS: 1660
Epoch: 667, global_step=10229760
SPS: 1660
Epoch: 668, global_step=10245120
SPS: 1660
Epoch: 669, global_step=10260480
SPS: 1660
Epoch: 670, global_step=10275840
SPS: 1660
Epoch: 671, global_step=10291200
SPS: 1661
Epoch: 672, global_step=10306560
SPS: 1661
Epoch: 673, global_step=10321920
SPS: 1661
Epoch: 674, global_step=10337280
SPS: 1661
Epoch: 675, global_step=10352640
SPS: 1662
Epoch: 676, global_step=10368000
Evaluating
Evaluated 2880 steps resulting in 48 episodes
[32mEvaluation Metric: success_once[0m | [36mMean: 0.2500[0m
[32mEvaluation Metric: return[0m | [36mMean: 8.4270[0m
[32mEvaluation Metric: episode_len[0m | [36mMean: 60.0000[0m
[32mEvaluation Metric: reward[0m | [36mMean: 0.1405[0m
[32mEvaluation Metric: success_at_end[0m | [36mMean: 0.0833[0m
model saved to checkpoints/ppo_memtasks/rgb_joints/normalized_dense/RememberShapeAndColor3x3-v0/ppo-lstm-dense-remember-shape-and-color-3x3-v0__42__rgb_joints__20251026_024803/20251026_024803/ckpt_27_676.pt
SPS: 1656
Epoch: 677, global_step=10383360
SPS: 1656
Epoch: 678, global_step=10398720
SPS: 1656
Epoch: 679, global_step=10414080
SPS: 1657
Epoch: 680, global_step=10429440
SPS: 1657
Epoch: 681, global_step=10444800
SPS: 1657
Epoch: 682, global_step=10460160
SPS: 1657
Epoch: 683, global_step=10475520
SPS: 1658
Epoch: 684, global_step=10490880
SPS: 1658
Epoch: 685, global_step=10506240
SPS: 1658
Epoch: 686, global_step=10521600
SPS: 1658
Epoch: 687, global_step=10536960
SPS: 1659
Epoch: 688, global_step=10552320
SPS: 1659
Epoch: 689, global_step=10567680
SPS: 1659
Epoch: 690, global_step=10583040
SPS: 1659
Epoch: 691, global_step=10598400
SPS: 1659
Epoch: 692, global_step=10613760
SPS: 1660
Epoch: 693, global_step=10629120
SPS: 1660
Epoch: 694, global_step=10644480
SPS: 1660
Epoch: 695, global_step=10659840
SPS: 1660
Epoch: 696, global_step=10675200
SPS: 1661
Epoch: 697, global_step=10690560
SPS: 1661
Epoch: 698, global_step=10705920
SPS: 1661
Epoch: 699, global_step=10721280
SPS: 1661
Epoch: 700, global_step=10736640
SPS: 1662
Epoch: 701, global_step=10752000
Evaluating
Evaluated 2880 steps resulting in 48 episodes
[32mEvaluation Metric: success_once[0m | [36mMean: 0.2708[0m
[32mEvaluation Metric: return[0m | [36mMean: 10.0640[0m
[32mEvaluation Metric: episode_len[0m | [36mMean: 60.0000[0m
[32mEvaluation Metric: reward[0m | [36mMean: 0.1677[0m
[32mEvaluation Metric: success_at_end[0m | [36mMean: 0.1667[0m
model saved to checkpoints/ppo_memtasks/rgb_joints/normalized_dense/RememberShapeAndColor3x3-v0/ppo-lstm-dense-remember-shape-and-color-3x3-v0__42__rgb_joints__20251026_024803/20251026_024803/ckpt_28_701.pt
SPS: 1656
Epoch: 702, global_step=10767360
SPS: 1656
Epoch: 703, global_step=10782720
SPS: 1657
Epoch: 704, global_step=10798080
SPS: 1657
Epoch: 705, global_step=10813440
SPS: 1657
Epoch: 706, global_step=10828800
SPS: 1657
Epoch: 707, global_step=10844160
SPS: 1658
Epoch: 708, global_step=10859520
SPS: 1658
Epoch: 709, global_step=10874880
SPS: 1658
Epoch: 710, global_step=10890240
SPS: 1658
Epoch: 711, global_step=10905600
SPS: 1659
Epoch: 712, global_step=10920960
SPS: 1659
Epoch: 713, global_step=10936320
SPS: 1659
Epoch: 714, global_step=10951680
SPS: 1659
Epoch: 715, global_step=10967040
SPS: 1659
Epoch: 716, global_step=10982400
SPS: 1660
Epoch: 717, global_step=10997760
SPS: 1660
Epoch: 718, global_step=11013120
SPS: 1660
Epoch: 719, global_step=11028480
SPS: 1660
Epoch: 720, global_step=11043840
SPS: 1661
Epoch: 721, global_step=11059200
SPS: 1661
Epoch: 722, global_step=11074560
SPS: 1661
Epoch: 723, global_step=11089920
SPS: 1661
Epoch: 724, global_step=11105280
SPS: 1661
Epoch: 725, global_step=11120640
SPS: 1662
Epoch: 726, global_step=11136000
Evaluating
Evaluated 2880 steps resulting in 48 episodes
[32mEvaluation Metric: success_once[0m | [36mMean: 0.2500[0m
[32mEvaluation Metric: return[0m | [36mMean: 9.3306[0m
[32mEvaluation Metric: episode_len[0m | [36mMean: 60.0000[0m
[32mEvaluation Metric: reward[0m | [36mMean: 0.1555[0m
[32mEvaluation Metric: success_at_end[0m | [36mMean: 0.1458[0m
model saved to checkpoints/ppo_memtasks/rgb_joints/normalized_dense/RememberShapeAndColor3x3-v0/ppo-lstm-dense-remember-shape-and-color-3x3-v0__42__rgb_joints__20251026_024803/20251026_024803/ckpt_29_726.pt
SPS: 1656
Epoch: 727, global_step=11151360
SPS: 1657
Epoch: 728, global_step=11166720
SPS: 1657
Epoch: 729, global_step=11182080
SPS: 1657
Epoch: 730, global_step=11197440
SPS: 1657
Epoch: 731, global_step=11212800
SPS: 1658
Epoch: 732, global_step=11228160
SPS: 1658
Epoch: 733, global_step=11243520
SPS: 1658
Epoch: 734, global_step=11258880
SPS: 1658
Epoch: 735, global_step=11274240
SPS: 1658
Epoch: 736, global_step=11289600
SPS: 1659
Epoch: 737, global_step=11304960
SPS: 1659
Epoch: 738, global_step=11320320
SPS: 1659
Epoch: 739, global_step=11335680
SPS: 1659
Epoch: 740, global_step=11351040
SPS: 1660
Epoch: 741, global_step=11366400
SPS: 1660
Epoch: 742, global_step=11381760
SPS: 1660
Epoch: 743, global_step=11397120
SPS: 1660
Epoch: 744, global_step=11412480
SPS: 1660
Epoch: 745, global_step=11427840
SPS: 1661
Epoch: 746, global_step=11443200
SPS: 1661
Epoch: 747, global_step=11458560
SPS: 1661
Epoch: 748, global_step=11473920
SPS: 1661
Epoch: 749, global_step=11489280
SPS: 1661
Epoch: 750, global_step=11504640
SPS: 1662
Epoch: 751, global_step=11520000
Evaluating
Evaluated 2880 steps resulting in 48 episodes
[32mEvaluation Metric: success_once[0m | [36mMean: 0.3542[0m
[32mEvaluation Metric: return[0m | [36mMean: 11.3721[0m
[32mEvaluation Metric: episode_len[0m | [36mMean: 60.0000[0m
[32mEvaluation Metric: reward[0m | [36mMean: 0.1895[0m
[32mEvaluation Metric: success_at_end[0m | [36mMean: 0.1667[0m
model saved to checkpoints/ppo_memtasks/rgb_joints/normalized_dense/RememberShapeAndColor3x3-v0/ppo-lstm-dense-remember-shape-and-color-3x3-v0__42__rgb_joints__20251026_024803/20251026_024803/ckpt_30_751.pt
SPS: 1657
Epoch: 752, global_step=11535360
SPS: 1657
Epoch: 753, global_step=11550720
SPS: 1657
Epoch: 754, global_step=11566080
SPS: 1657
Epoch: 755, global_step=11581440
SPS: 1657
Epoch: 756, global_step=11596800
SPS: 1658
Epoch: 757, global_step=11612160
SPS: 1658
Epoch: 758, global_step=11627520
SPS: 1658
Epoch: 759, global_step=11642880
SPS: 1658
Epoch: 760, global_step=11658240
SPS: 1659
Epoch: 761, global_step=11673600
SPS: 1659
Epoch: 762, global_step=11688960
SPS: 1659
Epoch: 763, global_step=11704320
SPS: 1659
Epoch: 764, global_step=11719680
SPS: 1659
Epoch: 765, global_step=11735040
SPS: 1660
Epoch: 766, global_step=11750400
SPS: 1660
Epoch: 767, global_step=11765760
SPS: 1660
Epoch: 768, global_step=11781120
SPS: 1660
Epoch: 769, global_step=11796480
SPS: 1660
Epoch: 770, global_step=11811840
SPS: 1661
Epoch: 771, global_step=11827200
SPS: 1661
Epoch: 772, global_step=11842560
SPS: 1661
Epoch: 773, global_step=11857920
SPS: 1661
Epoch: 774, global_step=11873280
SPS: 1661
Epoch: 775, global_step=11888640
SPS: 1662
Epoch: 776, global_step=11904000
Evaluating
Evaluated 2880 steps resulting in 48 episodes
[32mEvaluation Metric: success_once[0m | [36mMean: 0.2292[0m
[32mEvaluation Metric: return[0m | [36mMean: 9.5207[0m
[32mEvaluation Metric: episode_len[0m | [36mMean: 60.0000[0m
[32mEvaluation Metric: reward[0m | [36mMean: 0.1587[0m
[32mEvaluation Metric: success_at_end[0m | [36mMean: 0.1250[0m
model saved to checkpoints/ppo_memtasks/rgb_joints/normalized_dense/RememberShapeAndColor3x3-v0/ppo-lstm-dense-remember-shape-and-color-3x3-v0__42__rgb_joints__20251026_024803/20251026_024803/ckpt_31_776.pt
SPS: 1657
Epoch: 777, global_step=11919360
SPS: 1657
Epoch: 778, global_step=11934720
SPS: 1657
Epoch: 779, global_step=11950080
SPS: 1657
Epoch: 780, global_step=11965440
SPS: 1658
Epoch: 781, global_step=11980800
SPS: 1658
Epoch: 782, global_step=11996160
SPS: 1658
Epoch: 783, global_step=12011520
SPS: 1658
Epoch: 784, global_step=12026880
SPS: 1658
Epoch: 785, global_step=12042240
SPS: 1659
Epoch: 786, global_step=12057600
SPS: 1659
Epoch: 787, global_step=12072960
SPS: 1659
Epoch: 788, global_step=12088320
SPS: 1659
Epoch: 789, global_step=12103680
SPS: 1659
Epoch: 790, global_step=12119040
SPS: 1660
Epoch: 791, global_step=12134400
SPS: 1660
Epoch: 792, global_step=12149760
SPS: 1660
Epoch: 793, global_step=12165120
SPS: 1660
Epoch: 794, global_step=12180480
SPS: 1661
Epoch: 795, global_step=12195840
SPS: 1661
Epoch: 796, global_step=12211200
SPS: 1661
Epoch: 797, global_step=12226560
SPS: 1661
Epoch: 798, global_step=12241920
SPS: 1661
Epoch: 799, global_step=12257280
SPS: 1661
Epoch: 800, global_step=12272640
SPS: 1662
Epoch: 801, global_step=12288000
Evaluating
Evaluated 2880 steps resulting in 48 episodes
[32mEvaluation Metric: success_once[0m | [36mMean: 0.2083[0m
[32mEvaluation Metric: return[0m | [36mMean: 10.0297[0m
[32mEvaluation Metric: episode_len[0m | [36mMean: 60.0000[0m
[32mEvaluation Metric: reward[0m | [36mMean: 0.1672[0m
[32mEvaluation Metric: success_at_end[0m | [36mMean: 0.1250[0m
model saved to checkpoints/ppo_memtasks/rgb_joints/normalized_dense/RememberShapeAndColor3x3-v0/ppo-lstm-dense-remember-shape-and-color-3x3-v0__42__rgb_joints__20251026_024803/20251026_024803/ckpt_32_801.pt
SPS: 1657
Epoch: 802, global_step=12303360
SPS: 1657
Epoch: 803, global_step=12318720
SPS: 1658
Epoch: 804, global_step=12334080
SPS: 1658
Epoch: 805, global_step=12349440
SPS: 1658
Epoch: 806, global_step=12364800
SPS: 1658
Epoch: 807, global_step=12380160
SPS: 1658
Epoch: 808, global_step=12395520
SPS: 1659
Epoch: 809, global_step=12410880
SPS: 1659
Epoch: 810, global_step=12426240
SPS: 1659
Epoch: 811, global_step=12441600
SPS: 1659
Epoch: 812, global_step=12456960
SPS: 1659
Epoch: 813, global_step=12472320
SPS: 1660
Epoch: 814, global_step=12487680
SPS: 1660
Epoch: 815, global_step=12503040
SPS: 1660
Epoch: 816, global_step=12518400
SPS: 1660
Epoch: 817, global_step=12533760
SPS: 1660
Epoch: 818, global_step=12549120
SPS: 1661
Epoch: 819, global_step=12564480
SPS: 1661
Epoch: 820, global_step=12579840
SPS: 1661
Epoch: 821, global_step=12595200
SPS: 1661
Epoch: 822, global_step=12610560
SPS: 1661
Epoch: 823, global_step=12625920
SPS: 1662
Epoch: 824, global_step=12641280
SPS: 1662
Epoch: 825, global_step=12656640
SPS: 1662
Epoch: 826, global_step=12672000
Evaluating
Evaluated 2880 steps resulting in 48 episodes
[32mEvaluation Metric: success_once[0m | [36mMean: 0.2083[0m
[32mEvaluation Metric: return[0m | [36mMean: 9.7331[0m
[32mEvaluation Metric: episode_len[0m | [36mMean: 60.0000[0m
[32mEvaluation Metric: reward[0m | [36mMean: 0.1622[0m
[32mEvaluation Metric: success_at_end[0m | [36mMean: 0.1042[0m
model saved to checkpoints/ppo_memtasks/rgb_joints/normalized_dense/RememberShapeAndColor3x3-v0/ppo-lstm-dense-remember-shape-and-color-3x3-v0__42__rgb_joints__20251026_024803/20251026_024803/ckpt_33_826.pt
SPS: 1657
Epoch: 827, global_step=12687360
SPS: 1658
Epoch: 828, global_step=12702720
SPS: 1658
Epoch: 829, global_step=12718080
SPS: 1658
Epoch: 830, global_step=12733440
SPS: 1658
Epoch: 831, global_step=12748800
SPS: 1659
Epoch: 832, global_step=12764160
SPS: 1659
Epoch: 833, global_step=12779520
SPS: 1659
Epoch: 834, global_step=12794880
SPS: 1659
Epoch: 835, global_step=12810240
SPS: 1659
Epoch: 836, global_step=12825600
SPS: 1660
Epoch: 837, global_step=12840960
SPS: 1660
Epoch: 838, global_step=12856320
SPS: 1660
Epoch: 839, global_step=12871680
SPS: 1660
Epoch: 840, global_step=12887040
SPS: 1660
Epoch: 841, global_step=12902400
SPS: 1661
Epoch: 842, global_step=12917760
SPS: 1661
Epoch: 843, global_step=12933120
SPS: 1661
Epoch: 844, global_step=12948480
SPS: 1661
Epoch: 845, global_step=12963840
SPS: 1661
Epoch: 846, global_step=12979200
SPS: 1662
model saved to checkpoints/ppo_memtasks/rgb_joints/normalized_dense/RememberShapeAndColor3x3-v0/ppo-lstm-dense-remember-shape-and-color-3x3-v0__42__rgb_joints__20251026_024803/20251026_024803/final_ckpt.pt
Running RememberShapeAndColor3x3-v0 with seed 33

===========================================================================
║                        Environment Configuration                        ║
===========================================================================
║ Environment ID: RememberShapeAndColor3x3-v0                             ║
║ Oracle Info:    None                                                    ║
║ Wrappers:                                                               ║
║    ├─ InitialZeroActionWrapper                                         ║
║    │  └─ {'n_initial_steps': 0}                                           ║
║    ├─ RememberShapeAndColorInfoWrapper                                 ║
║    ├─ RenderStepInfoWrapper                                            ║
║    ├─ RenderRewardInfoWrapper                                          ║
║    ├─ DebugRewardWrapper                                               ║
║-------------------------------------------------------------------------║
║ include_state:       False │ state will not be used                ║
║ include_rgb:         True  │ rgb images will be used               ║
║ include_oracle:      False │ oracle info will not be used          ║
║ include_joints:      True  │ joints will be used                   ║
===========================================================================

MODE='rgb_joints'
prompt_info=None
{0: 'cube', 1: 'sphere', 2: 't_shape', 3: 'cross', 4: 'torus'}
{0: 'cube', 1: 'sphere', 2: 't_shape', 3: 'cross', 4: 'torus'}
Saving eval videos to checkpoints/ppo_memtasks/rgb_joints/normalized_dense/RememberShapeAndColor3x3-v0/ppo-lstm-dense-remember-shape-and-color-3x3-v0__33__rgb_joints__20251026_045833/20251026_045833/videos
======================================================================
Max Episode Steps: 60
======================================================================

Running training

####
args.num_iterations=846 args.num_envs=256 args.num_eval_envs=16
args.minibatch_size=1920 args.batch_size=15360 args.update_epochs=4
####

sample_obs.keys()=dict_keys(['joints', 'rgb'])
joints: torch.Size([256, 25])
rgb: torch.Size([256, 128, 128, 3])


##################################################
latent_size=512
self.lstm.hidden_size=512
##################################################


Epoch: 1, global_step=0
Evaluating
Evaluated 2880 steps resulting in 48 episodes
[32mEvaluation Metric: success_once[0m | [36mMean: 0.0000[0m
[32mEvaluation Metric: return[0m | [36mMean: 9.9726[0m
[32mEvaluation Metric: episode_len[0m | [36mMean: 60.0000[0m
[32mEvaluation Metric: reward[0m | [36mMean: 0.1662[0m
[32mEvaluation Metric: success_at_end[0m | [36mMean: 0.0000[0m
model saved to checkpoints/ppo_memtasks/rgb_joints/normalized_dense/RememberShapeAndColor3x3-v0/ppo-lstm-dense-remember-shape-and-color-3x3-v0__33__rgb_joints__20251026_045833/20251026_045833/ckpt_0_1.pt
SPS: 526
Epoch: 2, global_step=15360
SPS: 839
Epoch: 3, global_step=30720
SPS: 1042
Epoch: 4, global_step=46080
SPS: 1182
Epoch: 5, global_step=61440
SPS: 1285
Epoch: 6, global_step=76800
SPS: 1361
Epoch: 7, global_step=92160
SPS: 1420
Epoch: 8, global_step=107520
SPS: 1468
Epoch: 9, global_step=122880
SPS: 1506
Epoch: 10, global_step=138240
SPS: 1538
Epoch: 11, global_step=153600
SPS: 1565
Epoch: 12, global_step=168960
SPS: 1588
Epoch: 13, global_step=184320
SPS: 1607
Epoch: 14, global_step=199680
SPS: 1624
Epoch: 15, global_step=215040
SPS: 1639
Epoch: 16, global_step=230400
SPS: 1653
Epoch: 17, global_step=245760
SPS: 1664
Epoch: 18, global_step=261120
SPS: 1675
Epoch: 19, global_step=276480
SPS: 1685
Epoch: 20, global_step=291840
SPS: 1693
Epoch: 21, global_step=307200
SPS: 1701
Epoch: 22, global_step=322560
SPS: 1708
Epoch: 23, global_step=337920
SPS: 1714
Epoch: 24, global_step=353280
SPS: 1720
Epoch: 25, global_step=368640
SPS: 1725
Epoch: 26, global_step=384000
Evaluating
Evaluated 2880 steps resulting in 48 episodes
[32mEvaluation Metric: success_once[0m | [36mMean: 0.0417[0m
[32mEvaluation Metric: return[0m | [36mMean: 2.0252[0m
[32mEvaluation Metric: episode_len[0m | [36mMean: 60.0000[0m
[32mEvaluation Metric: reward[0m | [36mMean: 0.0338[0m
[32mEvaluation Metric: success_at_end[0m | [36mMean: 0.0000[0m
model saved to checkpoints/ppo_memtasks/rgb_joints/normalized_dense/RememberShapeAndColor3x3-v0/ppo-lstm-dense-remember-shape-and-color-3x3-v0__33__rgb_joints__20251026_045833/20251026_045833/ckpt_1_26.pt
SPS: 1578
Epoch: 27, global_step=399360
SPS: 1587
Epoch: 28, global_step=414720
SPS: 1595
Epoch: 29, global_step=430080
SPS: 1603
Epoch: 30, global_step=445440
SPS: 1610
Epoch: 31, global_step=460800
SPS: 1617
Epoch: 32, global_step=476160
SPS: 1624
Epoch: 33, global_step=491520
SPS: 1630
Epoch: 34, global_step=506880
SPS: 1636
Epoch: 35, global_step=522240
SPS: 1642
Epoch: 36, global_step=537600
SPS: 1647
Epoch: 37, global_step=552960
SPS: 1652
Epoch: 38, global_step=568320
SPS: 1657
Epoch: 39, global_step=583680
SPS: 1661
Epoch: 40, global_step=599040
SPS: 1665
Epoch: 41, global_step=614400
SPS: 1670
Epoch: 42, global_step=629760
SPS: 1673
Epoch: 43, global_step=645120
SPS: 1677
Epoch: 44, global_step=660480
SPS: 1680
Epoch: 45, global_step=675840
SPS: 1683
Epoch: 46, global_step=691200
SPS: 1687
Epoch: 47, global_step=706560
SPS: 1690
Epoch: 48, global_step=721920
SPS: 1693
Epoch: 49, global_step=737280
SPS: 1696
Epoch: 50, global_step=752640
SPS: 1698
Epoch: 51, global_step=768000
Evaluating
Evaluated 2880 steps resulting in 48 episodes
[32mEvaluation Metric: success_once[0m | [36mMean: 0.1875[0m
[32mEvaluation Metric: return[0m | [36mMean: 3.4842[0m
[32mEvaluation Metric: episode_len[0m | [36mMean: 60.0000[0m
[32mEvaluation Metric: reward[0m | [36mMean: 0.0581[0m
[32mEvaluation Metric: success_at_end[0m | [36mMean: 0.0208[0m
model saved to checkpoints/ppo_memtasks/rgb_joints/normalized_dense/RememberShapeAndColor3x3-v0/ppo-lstm-dense-remember-shape-and-color-3x3-v0__33__rgb_joints__20251026_045833/20251026_045833/ckpt_2_51.pt
SPS: 1624
Epoch: 52, global_step=783360
SPS: 1628
Epoch: 53, global_step=798720
SPS: 1631
Epoch: 54, global_step=814080
SPS: 1635
Epoch: 55, global_step=829440
SPS: 1638
Epoch: 56, global_step=844800
SPS: 1642
Epoch: 57, global_step=860160
SPS: 1645
Epoch: 58, global_step=875520
SPS: 1648
Epoch: 59, global_step=890880
SPS: 1651
Epoch: 60, global_step=906240
SPS: 1654
Epoch: 61, global_step=921600
SPS: 1657
Epoch: 62, global_step=936960
SPS: 1660
Epoch: 63, global_step=952320
SPS: 1663
Epoch: 64, global_step=967680
SPS: 1665
Epoch: 65, global_step=983040
SPS: 1668
Epoch: 66, global_step=998400
SPS: 1670
Epoch: 67, global_step=1013760
SPS: 1673
Epoch: 68, global_step=1029120
SPS: 1675
Epoch: 69, global_step=1044480
SPS: 1677
Epoch: 70, global_step=1059840
SPS: 1680
Epoch: 71, global_step=1075200
SPS: 1682
Epoch: 72, global_step=1090560
SPS: 1684
Epoch: 73, global_step=1105920
SPS: 1686
Epoch: 74, global_step=1121280
SPS: 1688
Epoch: 75, global_step=1136640
SPS: 1690
Epoch: 76, global_step=1152000
Evaluating
Evaluated 2880 steps resulting in 48 episodes
[32mEvaluation Metric: success_once[0m | [36mMean: 0.1667[0m
[32mEvaluation Metric: return[0m | [36mMean: 5.2696[0m
[32mEvaluation Metric: episode_len[0m | [36mMean: 60.0000[0m
[32mEvaluation Metric: reward[0m | [36mMean: 0.0878[0m
[32mEvaluation Metric: success_at_end[0m | [36mMean: 0.0208[0m
model saved to checkpoints/ppo_memtasks/rgb_joints/normalized_dense/RememberShapeAndColor3x3-v0/ppo-lstm-dense-remember-shape-and-color-3x3-v0__33__rgb_joints__20251026_045833/20251026_045833/ckpt_3_76.pt
SPS: 1640
Epoch: 77, global_step=1167360
SPS: 1643
Epoch: 78, global_step=1182720
SPS: 1647
Epoch: 79, global_step=1198080
SPS: 1649
Epoch: 80, global_step=1213440
SPS: 1652
Epoch: 81, global_step=1228800
SPS: 1654
Epoch: 82, global_step=1244160
SPS: 1656
Epoch: 83, global_step=1259520
SPS: 1658
Epoch: 84, global_step=1274880
SPS: 1660
Epoch: 85, global_step=1290240
SPS: 1662
Epoch: 86, global_step=1305600
SPS: 1664
Epoch: 87, global_step=1320960
SPS: 1666
Epoch: 88, global_step=1336320
SPS: 1668
Epoch: 89, global_step=1351680
SPS: 1670
Epoch: 90, global_step=1367040
SPS: 1672
Epoch: 91, global_step=1382400
SPS: 1674
Epoch: 92, global_step=1397760
SPS: 1675
Epoch: 93, global_step=1413120
SPS: 1677
Epoch: 94, global_step=1428480
SPS: 1679
Epoch: 95, global_step=1443840
SPS: 1680
Epoch: 96, global_step=1459200
SPS: 1682
Epoch: 97, global_step=1474560
SPS: 1684
Epoch: 98, global_step=1489920
SPS: 1685
Epoch: 99, global_step=1505280
SPS: 1687
Epoch: 100, global_step=1520640
SPS: 1688
Epoch: 101, global_step=1536000
Evaluating
Evaluated 2880 steps resulting in 48 episodes
[32mEvaluation Metric: success_once[0m | [36mMean: 0.2917[0m
[32mEvaluation Metric: return[0m | [36mMean: 4.2351[0m
[32mEvaluation Metric: episode_len[0m | [36mMean: 60.0000[0m
[32mEvaluation Metric: reward[0m | [36mMean: 0.0706[0m
[32mEvaluation Metric: success_at_end[0m | [36mMean: 0.0417[0m
model saved to checkpoints/ppo_memtasks/rgb_joints/normalized_dense/RememberShapeAndColor3x3-v0/ppo-lstm-dense-remember-shape-and-color-3x3-v0__33__rgb_joints__20251026_045833/20251026_045833/ckpt_4_101.pt
SPS: 1650
Epoch: 102, global_step=1551360
SPS: 1652
Epoch: 103, global_step=1566720
SPS: 1654
Epoch: 104, global_step=1582080
SPS: 1656
Epoch: 105, global_step=1597440
SPS: 1657
Epoch: 106, global_step=1612800
SPS: 1659
Epoch: 107, global_step=1628160
SPS: 1661
Epoch: 108, global_step=1643520
SPS: 1662
Epoch: 109, global_step=1658880
SPS: 1664
Epoch: 110, global_step=1674240
SPS: 1666
Epoch: 111, global_step=1689600
SPS: 1667
Epoch: 112, global_step=1704960
SPS: 1669
Epoch: 113, global_step=1720320
SPS: 1670
Epoch: 114, global_step=1735680
SPS: 1671
Epoch: 115, global_step=1751040
SPS: 1672
Epoch: 116, global_step=1766400
SPS: 1674
Epoch: 117, global_step=1781760
SPS: 1675
Epoch: 118, global_step=1797120
SPS: 1677
Epoch: 119, global_step=1812480
SPS: 1678
Epoch: 120, global_step=1827840
SPS: 1679
Epoch: 121, global_step=1843200
SPS: 1680
Epoch: 122, global_step=1858560
SPS: 1682
Epoch: 123, global_step=1873920
SPS: 1683
Epoch: 124, global_step=1889280
SPS: 1684
Epoch: 125, global_step=1904640
SPS: 1685
Epoch: 126, global_step=1920000
Evaluating
Evaluated 2880 steps resulting in 48 episodes
[32mEvaluation Metric: success_once[0m | [36mMean: 0.1667[0m
[32mEvaluation Metric: return[0m | [36mMean: 3.8537[0m
[32mEvaluation Metric: episode_len[0m | [36mMean: 60.0000[0m
[32mEvaluation Metric: reward[0m | [36mMean: 0.0642[0m
[32mEvaluation Metric: success_at_end[0m | [36mMean: 0.0000[0m
model saved to checkpoints/ppo_memtasks/rgb_joints/normalized_dense/RememberShapeAndColor3x3-v0/ppo-lstm-dense-remember-shape-and-color-3x3-v0__33__rgb_joints__20251026_045833/20251026_045833/ckpt_5_126.pt
SPS: 1654
Epoch: 127, global_step=1935360
SPS: 1656
Epoch: 128, global_step=1950720
SPS: 1657
Epoch: 129, global_step=1966080
SPS: 1658
Epoch: 130, global_step=1981440
SPS: 1659
Epoch: 131, global_step=1996800
SPS: 1661
Epoch: 132, global_step=2012160
SPS: 1662
Epoch: 133, global_step=2027520
SPS: 1663
Epoch: 134, global_step=2042880
SPS: 1664
Epoch: 135, global_step=2058240
SPS: 1666
Epoch: 136, global_step=2073600
SPS: 1667
Epoch: 137, global_step=2088960
SPS: 1668
Epoch: 138, global_step=2104320
SPS: 1669
Epoch: 139, global_step=2119680
SPS: 1670
Epoch: 140, global_step=2135040
SPS: 1671
Epoch: 141, global_step=2150400
SPS: 1672
Epoch: 142, global_step=2165760
SPS: 1673
Epoch: 143, global_step=2181120
SPS: 1674
Epoch: 144, global_step=2196480
SPS: 1675
Epoch: 145, global_step=2211840
SPS: 1676
Epoch: 146, global_step=2227200
SPS: 1677
Epoch: 147, global_step=2242560
SPS: 1678
Epoch: 148, global_step=2257920
SPS: 1679
Epoch: 149, global_step=2273280
SPS: 1680
Epoch: 150, global_step=2288640
SPS: 1681
Epoch: 151, global_step=2304000
Evaluating
Evaluated 2880 steps resulting in 48 episodes
[32mEvaluation Metric: success_once[0m | [36mMean: 0.0833[0m
[32mEvaluation Metric: return[0m | [36mMean: 3.1380[0m
[32mEvaluation Metric: episode_len[0m | [36mMean: 60.0000[0m
[32mEvaluation Metric: reward[0m | [36mMean: 0.0523[0m
[32mEvaluation Metric: success_at_end[0m | [36mMean: 0.0208[0m
model saved to checkpoints/ppo_memtasks/rgb_joints/normalized_dense/RememberShapeAndColor3x3-v0/ppo-lstm-dense-remember-shape-and-color-3x3-v0__33__rgb_joints__20251026_045833/20251026_045833/ckpt_6_151.pt
SPS: 1655
Epoch: 152, global_step=2319360
SPS: 1657
Epoch: 153, global_step=2334720
SPS: 1658
Epoch: 154, global_step=2350080
SPS: 1659
Epoch: 155, global_step=2365440
SPS: 1660
Epoch: 156, global_step=2380800
SPS: 1661
Epoch: 157, global_step=2396160
SPS: 1662
Epoch: 158, global_step=2411520
SPS: 1663
Epoch: 159, global_step=2426880
SPS: 1664
Epoch: 160, global_step=2442240
SPS: 1665
Epoch: 161, global_step=2457600
SPS: 1666
Epoch: 162, global_step=2472960
SPS: 1667
Epoch: 163, global_step=2488320
SPS: 1668
Epoch: 164, global_step=2503680
SPS: 1669
Epoch: 165, global_step=2519040
SPS: 1670
Epoch: 166, global_step=2534400
SPS: 1671
Epoch: 167, global_step=2549760
SPS: 1672
Epoch: 168, global_step=2565120
SPS: 1673
Epoch: 169, global_step=2580480
SPS: 1674
Epoch: 170, global_step=2595840
SPS: 1675
Epoch: 171, global_step=2611200
SPS: 1675
Epoch: 172, global_step=2626560
SPS: 1676
Epoch: 173, global_step=2641920
SPS: 1677
Epoch: 174, global_step=2657280
SPS: 1678
Epoch: 175, global_step=2672640
SPS: 1679
Epoch: 176, global_step=2688000
Evaluating
Evaluated 2880 steps resulting in 48 episodes
[32mEvaluation Metric: success_once[0m | [36mMean: 0.1042[0m
[32mEvaluation Metric: return[0m | [36mMean: 2.8459[0m
[32mEvaluation Metric: episode_len[0m | [36mMean: 60.0000[0m
[32mEvaluation Metric: reward[0m | [36mMean: 0.0474[0m
[32mEvaluation Metric: success_at_end[0m | [36mMean: 0.0000[0m
model saved to checkpoints/ppo_memtasks/rgb_joints/normalized_dense/RememberShapeAndColor3x3-v0/ppo-lstm-dense-remember-shape-and-color-3x3-v0__33__rgb_joints__20251026_045833/20251026_045833/ckpt_7_176.pt
SPS: 1656
Epoch: 177, global_step=2703360
SPS: 1657
Epoch: 178, global_step=2718720
SPS: 1659
Epoch: 179, global_step=2734080
SPS: 1660
Epoch: 180, global_step=2749440
SPS: 1661
Epoch: 181, global_step=2764800
SPS: 1663
Epoch: 182, global_step=2780160
SPS: 1664
Epoch: 183, global_step=2795520
SPS: 1665
Epoch: 184, global_step=2810880
SPS: 1666
Epoch: 185, global_step=2826240
SPS: 1667
Epoch: 186, global_step=2841600
SPS: 1669
Epoch: 187, global_step=2856960
SPS: 1670
Epoch: 188, global_step=2872320
SPS: 1671
Epoch: 189, global_step=2887680
SPS: 1672
Epoch: 190, global_step=2903040
SPS: 1673
Epoch: 191, global_step=2918400
SPS: 1675
Epoch: 192, global_step=2933760
SPS: 1676
Epoch: 193, global_step=2949120
SPS: 1677
Epoch: 194, global_step=2964480
SPS: 1677
Epoch: 195, global_step=2979840
SPS: 1678
Epoch: 196, global_step=2995200
SPS: 1679
Epoch: 197, global_step=3010560
SPS: 1680
Epoch: 198, global_step=3025920
SPS: 1680
Epoch: 199, global_step=3041280
SPS: 1681
Epoch: 200, global_step=3056640
SPS: 1682
Epoch: 201, global_step=3072000
Evaluating
Evaluated 2880 steps resulting in 48 episodes
[32mEvaluation Metric: success_once[0m | [36mMean: 0.1458[0m
[32mEvaluation Metric: return[0m | [36mMean: 3.0976[0m
[32mEvaluation Metric: episode_len[0m | [36mMean: 60.0000[0m
[32mEvaluation Metric: reward[0m | [36mMean: 0.0516[0m
[32mEvaluation Metric: success_at_end[0m | [36mMean: 0.0417[0m
model saved to checkpoints/ppo_memtasks/rgb_joints/normalized_dense/RememberShapeAndColor3x3-v0/ppo-lstm-dense-remember-shape-and-color-3x3-v0__33__rgb_joints__20251026_045833/20251026_045833/ckpt_8_201.pt
SPS: 1663
Epoch: 202, global_step=3087360
SPS: 1664
Epoch: 203, global_step=3102720
SPS: 1664
Epoch: 204, global_step=3118080
SPS: 1665
Epoch: 205, global_step=3133440
SPS: 1666
Epoch: 206, global_step=3148800
SPS: 1667
Epoch: 207, global_step=3164160
SPS: 1668
Epoch: 208, global_step=3179520
SPS: 1668
Epoch: 209, global_step=3194880
SPS: 1669
Epoch: 210, global_step=3210240
SPS: 1670
Epoch: 211, global_step=3225600
SPS: 1670
Epoch: 212, global_step=3240960
SPS: 1671
Epoch: 213, global_step=3256320
SPS: 1672
Epoch: 214, global_step=3271680
SPS: 1673
Epoch: 215, global_step=3287040
SPS: 1673
Epoch: 216, global_step=3302400
SPS: 1674
Epoch: 217, global_step=3317760
SPS: 1675
Epoch: 218, global_step=3333120
SPS: 1675
Epoch: 219, global_step=3348480
SPS: 1676
Epoch: 220, global_step=3363840
SPS: 1677
Epoch: 221, global_step=3379200
SPS: 1677
Epoch: 222, global_step=3394560
SPS: 1678
Epoch: 223, global_step=3409920
SPS: 1679
Epoch: 224, global_step=3425280
SPS: 1679
Epoch: 225, global_step=3440640
SPS: 1680
Epoch: 226, global_step=3456000
Evaluating
Evaluated 2880 steps resulting in 48 episodes
[32mEvaluation Metric: success_once[0m | [36mMean: 0.0833[0m
[32mEvaluation Metric: return[0m | [36mMean: 3.1900[0m
[32mEvaluation Metric: episode_len[0m | [36mMean: 60.0000[0m
[32mEvaluation Metric: reward[0m | [36mMean: 0.0532[0m
[32mEvaluation Metric: success_at_end[0m | [36mMean: 0.0208[0m
model saved to checkpoints/ppo_memtasks/rgb_joints/normalized_dense/RememberShapeAndColor3x3-v0/ppo-lstm-dense-remember-shape-and-color-3x3-v0__33__rgb_joints__20251026_045833/20251026_045833/ckpt_9_226.pt
SPS: 1663
Epoch: 227, global_step=3471360
SPS: 1663
Epoch: 228, global_step=3486720
SPS: 1664
Epoch: 229, global_step=3502080
SPS: 1665
Epoch: 230, global_step=3517440
SPS: 1665
Epoch: 231, global_step=3532800
SPS: 1666
Epoch: 232, global_step=3548160
SPS: 1667
Epoch: 233, global_step=3563520
SPS: 1667
Epoch: 234, global_step=3578880
SPS: 1668
Epoch: 235, global_step=3594240
SPS: 1669
Epoch: 236, global_step=3609600
SPS: 1669
Epoch: 237, global_step=3624960
SPS: 1670
Epoch: 238, global_step=3640320
SPS: 1671
Epoch: 239, global_step=3655680
SPS: 1671
Epoch: 240, global_step=3671040
SPS: 1672
Epoch: 241, global_step=3686400
SPS: 1673
Epoch: 242, global_step=3701760
SPS: 1673
Epoch: 243, global_step=3717120
SPS: 1674
Epoch: 244, global_step=3732480
SPS: 1674
Epoch: 245, global_step=3747840
SPS: 1675
Epoch: 246, global_step=3763200
SPS: 1675
Epoch: 247, global_step=3778560
SPS: 1676
Epoch: 248, global_step=3793920
SPS: 1677
Epoch: 249, global_step=3809280
SPS: 1677
Epoch: 250, global_step=3824640
SPS: 1678
Epoch: 251, global_step=3840000
Evaluating
Evaluated 2880 steps resulting in 48 episodes
[32mEvaluation Metric: success_once[0m | [36mMean: 0.1042[0m
[32mEvaluation Metric: return[0m | [36mMean: 3.5086[0m
[32mEvaluation Metric: episode_len[0m | [36mMean: 60.0000[0m
[32mEvaluation Metric: reward[0m | [36mMean: 0.0585[0m
[32mEvaluation Metric: success_at_end[0m | [36mMean: 0.0000[0m
model saved to checkpoints/ppo_memtasks/rgb_joints/normalized_dense/RememberShapeAndColor3x3-v0/ppo-lstm-dense-remember-shape-and-color-3x3-v0__33__rgb_joints__20251026_045833/20251026_045833/ckpt_10_251.pt
SPS: 1663
Epoch: 252, global_step=3855360
SPS: 1663
Epoch: 253, global_step=3870720
SPS: 1664
Epoch: 254, global_step=3886080
SPS: 1665
Epoch: 255, global_step=3901440
SPS: 1665
Epoch: 256, global_step=3916800
SPS: 1666
Epoch: 257, global_step=3932160
SPS: 1666
Epoch: 258, global_step=3947520
SPS: 1667
Epoch: 259, global_step=3962880
SPS: 1668
Epoch: 260, global_step=3978240
SPS: 1668
Epoch: 261, global_step=3993600
SPS: 1669
Epoch: 262, global_step=4008960
SPS: 1669
Epoch: 263, global_step=4024320
SPS: 1670
Epoch: 264, global_step=4039680
SPS: 1671
Epoch: 265, global_step=4055040
SPS: 1671
Epoch: 266, global_step=4070400
SPS: 1672
Epoch: 267, global_step=4085760
SPS: 1672
Epoch: 268, global_step=4101120
SPS: 1673
Epoch: 269, global_step=4116480
SPS: 1673
Epoch: 270, global_step=4131840
SPS: 1674
Epoch: 271, global_step=4147200
SPS: 1674
Epoch: 272, global_step=4162560
SPS: 1675
Epoch: 273, global_step=4177920
SPS: 1675
Epoch: 274, global_step=4193280
SPS: 1676
Epoch: 275, global_step=4208640
SPS: 1676
Epoch: 276, global_step=4224000
Evaluating
Evaluated 2880 steps resulting in 48 episodes
[32mEvaluation Metric: success_once[0m | [36mMean: 0.1042[0m
[32mEvaluation Metric: return[0m | [36mMean: 3.2450[0m
[32mEvaluation Metric: episode_len[0m | [36mMean: 60.0000[0m
[32mEvaluation Metric: reward[0m | [36mMean: 0.0541[0m
[32mEvaluation Metric: success_at_end[0m | [36mMean: 0.0208[0m
model saved to checkpoints/ppo_memtasks/rgb_joints/normalized_dense/RememberShapeAndColor3x3-v0/ppo-lstm-dense-remember-shape-and-color-3x3-v0__33__rgb_joints__20251026_045833/20251026_045833/ckpt_11_276.pt
SPS: 1663
Epoch: 277, global_step=4239360
SPS: 1663
Epoch: 278, global_step=4254720
SPS: 1664
Epoch: 279, global_step=4270080
SPS: 1665
Epoch: 280, global_step=4285440
SPS: 1665
Epoch: 281, global_step=4300800
SPS: 1666
Epoch: 282, global_step=4316160
SPS: 1666
Epoch: 283, global_step=4331520
SPS: 1667
Epoch: 284, global_step=4346880
SPS: 1667
Epoch: 285, global_step=4362240
SPS: 1668
Epoch: 286, global_step=4377600
SPS: 1668
Epoch: 287, global_step=4392960
SPS: 1669
Epoch: 288, global_step=4408320
SPS: 1669
Epoch: 289, global_step=4423680
SPS: 1670
Epoch: 290, global_step=4439040
SPS: 1671
Epoch: 291, global_step=4454400
SPS: 1671
Epoch: 292, global_step=4469760
SPS: 1672
Epoch: 293, global_step=4485120
SPS: 1672
Epoch: 294, global_step=4500480
SPS: 1673
Epoch: 295, global_step=4515840
SPS: 1673
Epoch: 296, global_step=4531200
SPS: 1674
Epoch: 297, global_step=4546560
SPS: 1674
Epoch: 298, global_step=4561920
SPS: 1674
Epoch: 299, global_step=4577280
SPS: 1675
Epoch: 300, global_step=4592640
SPS: 1675
Epoch: 301, global_step=4608000
Evaluating
Evaluated 2880 steps resulting in 48 episodes
[32mEvaluation Metric: success_once[0m | [36mMean: 0.1875[0m
[32mEvaluation Metric: return[0m | [36mMean: 4.3766[0m
[32mEvaluation Metric: episode_len[0m | [36mMean: 60.0000[0m
[32mEvaluation Metric: reward[0m | [36mMean: 0.0729[0m
[32mEvaluation Metric: success_at_end[0m | [36mMean: 0.0833[0m
model saved to checkpoints/ppo_memtasks/rgb_joints/normalized_dense/RememberShapeAndColor3x3-v0/ppo-lstm-dense-remember-shape-and-color-3x3-v0__33__rgb_joints__20251026_045833/20251026_045833/ckpt_12_301.pt
SPS: 1663
Epoch: 302, global_step=4623360
SPS: 1663
Epoch: 303, global_step=4638720
SPS: 1664
Epoch: 304, global_step=4654080
SPS: 1664
Epoch: 305, global_step=4669440
SPS: 1665
Epoch: 306, global_step=4684800
SPS: 1665
Epoch: 307, global_step=4700160
SPS: 1666
Epoch: 308, global_step=4715520
SPS: 1667
Epoch: 309, global_step=4730880
SPS: 1667
Epoch: 310, global_step=4746240
SPS: 1668
Epoch: 311, global_step=4761600
SPS: 1668
Epoch: 312, global_step=4776960
SPS: 1669
Epoch: 313, global_step=4792320
SPS: 1669
Epoch: 314, global_step=4807680
SPS: 1669
Epoch: 315, global_step=4823040
SPS: 1670
Epoch: 316, global_step=4838400
SPS: 1670
Epoch: 317, global_step=4853760
SPS: 1671
Epoch: 318, global_step=4869120
SPS: 1671
Epoch: 319, global_step=4884480
SPS: 1672
Epoch: 320, global_step=4899840
SPS: 1672
Epoch: 321, global_step=4915200
SPS: 1673
Epoch: 322, global_step=4930560
SPS: 1673
Epoch: 323, global_step=4945920
SPS: 1674
Epoch: 324, global_step=4961280
SPS: 1674
Epoch: 325, global_step=4976640
SPS: 1675
Epoch: 326, global_step=4992000
Evaluating
Evaluated 2880 steps resulting in 48 episodes
[32mEvaluation Metric: success_once[0m | [36mMean: 0.0625[0m
[32mEvaluation Metric: return[0m | [36mMean: 3.6532[0m
[32mEvaluation Metric: episode_len[0m | [36mMean: 60.0000[0m
[32mEvaluation Metric: reward[0m | [36mMean: 0.0609[0m
[32mEvaluation Metric: success_at_end[0m | [36mMean: 0.0208[0m
model saved to checkpoints/ppo_memtasks/rgb_joints/normalized_dense/RememberShapeAndColor3x3-v0/ppo-lstm-dense-remember-shape-and-color-3x3-v0__33__rgb_joints__20251026_045833/20251026_045833/ckpt_13_326.pt
SPS: 1663
Epoch: 327, global_step=5007360
SPS: 1663
Epoch: 328, global_step=5022720
SPS: 1664
Epoch: 329, global_step=5038080
SPS: 1664
Epoch: 330, global_step=5053440
SPS: 1665
Epoch: 331, global_step=5068800
SPS: 1665
Epoch: 332, global_step=5084160
SPS: 1666
Epoch: 333, global_step=5099520
SPS: 1666
Epoch: 334, global_step=5114880
SPS: 1666
Epoch: 335, global_step=5130240
SPS: 1667
Epoch: 336, global_step=5145600
SPS: 1667
Epoch: 337, global_step=5160960
SPS: 1668
Epoch: 338, global_step=5176320
SPS: 1668
Epoch: 339, global_step=5191680
SPS: 1669
Epoch: 340, global_step=5207040
SPS: 1669
Epoch: 341, global_step=5222400
SPS: 1670
Epoch: 342, global_step=5237760
SPS: 1670
Epoch: 343, global_step=5253120
SPS: 1670
Epoch: 344, global_step=5268480
SPS: 1671
Epoch: 345, global_step=5283840
SPS: 1671
Epoch: 346, global_step=5299200
SPS: 1672
Epoch: 347, global_step=5314560
SPS: 1672
Epoch: 348, global_step=5329920
SPS: 1672
Epoch: 349, global_step=5345280
SPS: 1673
Epoch: 350, global_step=5360640
SPS: 1673
Epoch: 351, global_step=5376000
Evaluating
Evaluated 2880 steps resulting in 48 episodes
[32mEvaluation Metric: success_once[0m | [36mMean: 0.1250[0m
[32mEvaluation Metric: return[0m | [36mMean: 3.2762[0m
[32mEvaluation Metric: episode_len[0m | [36mMean: 60.0000[0m
[32mEvaluation Metric: reward[0m | [36mMean: 0.0546[0m
[32mEvaluation Metric: success_at_end[0m | [36mMean: 0.0000[0m
model saved to checkpoints/ppo_memtasks/rgb_joints/normalized_dense/RememberShapeAndColor3x3-v0/ppo-lstm-dense-remember-shape-and-color-3x3-v0__33__rgb_joints__20251026_045833/20251026_045833/ckpt_14_351.pt
SPS: 1662
Epoch: 352, global_step=5391360
SPS: 1663
Epoch: 353, global_step=5406720
SPS: 1663
Epoch: 354, global_step=5422080
SPS: 1663
Epoch: 355, global_step=5437440
SPS: 1664
Epoch: 356, global_step=5452800
SPS: 1664
Epoch: 357, global_step=5468160
SPS: 1665
Epoch: 358, global_step=5483520
SPS: 1665
Epoch: 359, global_step=5498880
SPS: 1666
Epoch: 360, global_step=5514240
SPS: 1666
Epoch: 361, global_step=5529600
SPS: 1666
Epoch: 362, global_step=5544960
SPS: 1667
Epoch: 363, global_step=5560320
SPS: 1667
Epoch: 364, global_step=5575680
SPS: 1668
Epoch: 365, global_step=5591040
SPS: 1668
Epoch: 366, global_step=5606400
SPS: 1669
Epoch: 367, global_step=5621760
SPS: 1669
Epoch: 368, global_step=5637120
SPS: 1669
Epoch: 369, global_step=5652480
SPS: 1670
Epoch: 370, global_step=5667840
SPS: 1670
Epoch: 371, global_step=5683200
SPS: 1671
Epoch: 372, global_step=5698560
SPS: 1671
Epoch: 373, global_step=5713920
SPS: 1671
Epoch: 374, global_step=5729280
SPS: 1672
Epoch: 375, global_step=5744640
SPS: 1672
Epoch: 376, global_step=5760000
Evaluating
Evaluated 2880 steps resulting in 48 episodes
[32mEvaluation Metric: success_once[0m | [36mMean: 0.1042[0m
[32mEvaluation Metric: return[0m | [36mMean: 3.1087[0m
[32mEvaluation Metric: episode_len[0m | [36mMean: 60.0000[0m
[32mEvaluation Metric: reward[0m | [36mMean: 0.0518[0m
[32mEvaluation Metric: success_at_end[0m | [36mMean: 0.0417[0m
model saved to checkpoints/ppo_memtasks/rgb_joints/normalized_dense/RememberShapeAndColor3x3-v0/ppo-lstm-dense-remember-shape-and-color-3x3-v0__33__rgb_joints__20251026_045833/20251026_045833/ckpt_15_376.pt
SPS: 1662
Epoch: 377, global_step=5775360
SPS: 1662
Epoch: 378, global_step=5790720
SPS: 1663
Epoch: 379, global_step=5806080
SPS: 1663
Epoch: 380, global_step=5821440
SPS: 1664
Epoch: 381, global_step=5836800
SPS: 1664
Epoch: 382, global_step=5852160
SPS: 1665
Epoch: 383, global_step=5867520
SPS: 1665
Epoch: 384, global_step=5882880
SPS: 1666
Epoch: 385, global_step=5898240
SPS: 1666
Epoch: 386, global_step=5913600
SPS: 1667
Epoch: 387, global_step=5928960
SPS: 1667
Epoch: 388, global_step=5944320
SPS: 1667
Epoch: 389, global_step=5959680
SPS: 1668
Epoch: 390, global_step=5975040
SPS: 1668
Epoch: 391, global_step=5990400
SPS: 1669
Epoch: 392, global_step=6005760
SPS: 1669
Epoch: 393, global_step=6021120
SPS: 1669
Epoch: 394, global_step=6036480
SPS: 1670
Epoch: 395, global_step=6051840
SPS: 1670
Epoch: 396, global_step=6067200
SPS: 1670
Epoch: 397, global_step=6082560
SPS: 1671
Epoch: 398, global_step=6097920
SPS: 1671
Epoch: 399, global_step=6113280
SPS: 1672
Epoch: 400, global_step=6128640
SPS: 1672
Epoch: 401, global_step=6144000
Evaluating
Evaluated 2880 steps resulting in 48 episodes
[32mEvaluation Metric: success_once[0m | [36mMean: 0.0625[0m
[32mEvaluation Metric: return[0m | [36mMean: 3.3789[0m
[32mEvaluation Metric: episode_len[0m | [36mMean: 60.0000[0m
[32mEvaluation Metric: reward[0m | [36mMean: 0.0563[0m
[32mEvaluation Metric: success_at_end[0m | [36mMean: 0.0000[0m
model saved to checkpoints/ppo_memtasks/rgb_joints/normalized_dense/RememberShapeAndColor3x3-v0/ppo-lstm-dense-remember-shape-and-color-3x3-v0__33__rgb_joints__20251026_045833/20251026_045833/ckpt_16_401.pt
SPS: 1662
Epoch: 402, global_step=6159360
SPS: 1663
Epoch: 403, global_step=6174720
SPS: 1663
Epoch: 404, global_step=6190080
SPS: 1664
Epoch: 405, global_step=6205440
SPS: 1664
Epoch: 406, global_step=6220800
SPS: 1664
Epoch: 407, global_step=6236160
SPS: 1665
Epoch: 408, global_step=6251520
SPS: 1665
Epoch: 409, global_step=6266880
SPS: 1666
Epoch: 410, global_step=6282240
SPS: 1666
Epoch: 411, global_step=6297600
SPS: 1666
Epoch: 412, global_step=6312960
SPS: 1667
Epoch: 413, global_step=6328320
SPS: 1667
Epoch: 414, global_step=6343680
SPS: 1667
Epoch: 415, global_step=6359040
SPS: 1668
Epoch: 416, global_step=6374400
SPS: 1668
Epoch: 417, global_step=6389760
SPS: 1669
Epoch: 418, global_step=6405120
SPS: 1669
Epoch: 419, global_step=6420480
SPS: 1669
Epoch: 420, global_step=6435840
SPS: 1670
Epoch: 421, global_step=6451200
SPS: 1670
Epoch: 422, global_step=6466560
SPS: 1670
Epoch: 423, global_step=6481920
SPS: 1671
Epoch: 424, global_step=6497280
SPS: 1671
Epoch: 425, global_step=6512640
SPS: 1671
Epoch: 426, global_step=6528000
Evaluating
Evaluated 2880 steps resulting in 48 episodes
[32mEvaluation Metric: success_once[0m | [36mMean: 0.1458[0m
[32mEvaluation Metric: return[0m | [36mMean: 3.7463[0m
[32mEvaluation Metric: episode_len[0m | [36mMean: 60.0000[0m
[32mEvaluation Metric: reward[0m | [36mMean: 0.0624[0m
[32mEvaluation Metric: success_at_end[0m | [36mMean: 0.0000[0m
model saved to checkpoints/ppo_memtasks/rgb_joints/normalized_dense/RememberShapeAndColor3x3-v0/ppo-lstm-dense-remember-shape-and-color-3x3-v0__33__rgb_joints__20251026_045833/20251026_045833/ckpt_17_426.pt
SPS: 1662
Epoch: 427, global_step=6543360
SPS: 1662
Epoch: 428, global_step=6558720
SPS: 1663
Epoch: 429, global_step=6574080
SPS: 1663
Epoch: 430, global_step=6589440
SPS: 1664
Epoch: 431, global_step=6604800
SPS: 1664
Epoch: 432, global_step=6620160
SPS: 1664
Epoch: 433, global_step=6635520
SPS: 1665
Epoch: 434, global_step=6650880
SPS: 1665
Epoch: 435, global_step=6666240
SPS: 1665
Epoch: 436, global_step=6681600
SPS: 1666
Epoch: 437, global_step=6696960
SPS: 1666
Epoch: 438, global_step=6712320
SPS: 1666
Epoch: 439, global_step=6727680
SPS: 1667
Epoch: 440, global_step=6743040
SPS: 1667
Epoch: 441, global_step=6758400
SPS: 1667
Epoch: 442, global_step=6773760
SPS: 1668
Epoch: 443, global_step=6789120
SPS: 1668
Epoch: 444, global_step=6804480
SPS: 1668
Epoch: 445, global_step=6819840
SPS: 1669
Epoch: 446, global_step=6835200
SPS: 1669
Epoch: 447, global_step=6850560
SPS: 1669
Epoch: 448, global_step=6865920
SPS: 1670
Epoch: 449, global_step=6881280
SPS: 1670
Epoch: 450, global_step=6896640
SPS: 1670
Epoch: 451, global_step=6912000
Evaluating
Evaluated 2880 steps resulting in 48 episodes
[32mEvaluation Metric: success_once[0m | [36mMean: 0.1250[0m
[32mEvaluation Metric: return[0m | [36mMean: 3.3481[0m
[32mEvaluation Metric: episode_len[0m | [36mMean: 60.0000[0m
[32mEvaluation Metric: reward[0m | [36mMean: 0.0558[0m
[32mEvaluation Metric: success_at_end[0m | [36mMean: 0.0208[0m
model saved to checkpoints/ppo_memtasks/rgb_joints/normalized_dense/RememberShapeAndColor3x3-v0/ppo-lstm-dense-remember-shape-and-color-3x3-v0__33__rgb_joints__20251026_045833/20251026_045833/ckpt_18_451.pt
SPS: 1662
Epoch: 452, global_step=6927360
SPS: 1662
Epoch: 453, global_step=6942720
SPS: 1663
Epoch: 454, global_step=6958080
SPS: 1663
Epoch: 455, global_step=6973440
SPS: 1663
Epoch: 456, global_step=6988800
SPS: 1664
Epoch: 457, global_step=7004160
SPS: 1664
Epoch: 458, global_step=7019520
SPS: 1664
Epoch: 459, global_step=7034880
SPS: 1665
Epoch: 460, global_step=7050240
SPS: 1665
Epoch: 461, global_step=7065600
SPS: 1665
Epoch: 462, global_step=7080960
SPS: 1666
Epoch: 463, global_step=7096320
SPS: 1666
Epoch: 464, global_step=7111680
SPS: 1666
Epoch: 465, global_step=7127040
SPS: 1667
Epoch: 466, global_step=7142400
SPS: 1667
Epoch: 467, global_step=7157760
SPS: 1667
Epoch: 468, global_step=7173120
SPS: 1667
Epoch: 469, global_step=7188480
SPS: 1668
Epoch: 470, global_step=7203840
SPS: 1668
Epoch: 471, global_step=7219200
SPS: 1668
Epoch: 472, global_step=7234560
SPS: 1669
Epoch: 473, global_step=7249920
SPS: 1669
Epoch: 474, global_step=7265280
SPS: 1670
Epoch: 475, global_step=7280640
SPS: 1670
Epoch: 476, global_step=7296000
Evaluating
Evaluated 2880 steps resulting in 48 episodes
[32mEvaluation Metric: success_once[0m | [36mMean: 0.0625[0m
[32mEvaluation Metric: return[0m | [36mMean: 2.2700[0m
[32mEvaluation Metric: episode_len[0m | [36mMean: 60.0000[0m
[32mEvaluation Metric: reward[0m | [36mMean: 0.0378[0m
[32mEvaluation Metric: success_at_end[0m | [36mMean: 0.0000[0m
model saved to checkpoints/ppo_memtasks/rgb_joints/normalized_dense/RememberShapeAndColor3x3-v0/ppo-lstm-dense-remember-shape-and-color-3x3-v0__33__rgb_joints__20251026_045833/20251026_045833/ckpt_19_476.pt
SPS: 1662
Epoch: 477, global_step=7311360
SPS: 1662
Epoch: 478, global_step=7326720
SPS: 1662
Epoch: 479, global_step=7342080
SPS: 1663
Epoch: 480, global_step=7357440
SPS: 1663
Epoch: 481, global_step=7372800
SPS: 1664
Epoch: 482, global_step=7388160
SPS: 1664
Epoch: 483, global_step=7403520
SPS: 1664
Epoch: 484, global_step=7418880
SPS: 1664
Epoch: 485, global_step=7434240
SPS: 1665
Epoch: 486, global_step=7449600
SPS: 1665
Epoch: 487, global_step=7464960
SPS: 1665
Epoch: 488, global_step=7480320
SPS: 1666
Epoch: 489, global_step=7495680
SPS: 1666
Epoch: 490, global_step=7511040
SPS: 1666
Epoch: 491, global_step=7526400
SPS: 1667
Epoch: 492, global_step=7541760
SPS: 1667
Epoch: 493, global_step=7557120
SPS: 1667
Epoch: 494, global_step=7572480
SPS: 1668
Epoch: 495, global_step=7587840
SPS: 1668
Epoch: 496, global_step=7603200
SPS: 1668
Epoch: 497, global_step=7618560
SPS: 1668
Epoch: 498, global_step=7633920
SPS: 1669
Epoch: 499, global_step=7649280
SPS: 1669
Epoch: 500, global_step=7664640
SPS: 1669
Epoch: 501, global_step=7680000
Evaluating
Evaluated 2880 steps resulting in 48 episodes
[32mEvaluation Metric: success_once[0m | [36mMean: 0.0208[0m
[32mEvaluation Metric: return[0m | [36mMean: 2.4920[0m
[32mEvaluation Metric: episode_len[0m | [36mMean: 60.0000[0m
[32mEvaluation Metric: reward[0m | [36mMean: 0.0415[0m
[32mEvaluation Metric: success_at_end[0m | [36mMean: 0.0000[0m
model saved to checkpoints/ppo_memtasks/rgb_joints/normalized_dense/RememberShapeAndColor3x3-v0/ppo-lstm-dense-remember-shape-and-color-3x3-v0__33__rgb_joints__20251026_045833/20251026_045833/ckpt_20_501.pt
SPS: 1662
Epoch: 502, global_step=7695360
SPS: 1662
Epoch: 503, global_step=7710720
SPS: 1663
Epoch: 504, global_step=7726080
SPS: 1663
Epoch: 505, global_step=7741440
SPS: 1663
Epoch: 506, global_step=7756800
SPS: 1664
Epoch: 507, global_step=7772160
SPS: 1664
Epoch: 508, global_step=7787520
SPS: 1664
Epoch: 509, global_step=7802880
SPS: 1664
Epoch: 510, global_step=7818240
SPS: 1665
Epoch: 511, global_step=7833600
SPS: 1665
Epoch: 512, global_step=7848960
SPS: 1665
Epoch: 513, global_step=7864320
SPS: 1666
Epoch: 514, global_step=7879680
SPS: 1666
Epoch: 515, global_step=7895040
SPS: 1666
Epoch: 516, global_step=7910400
SPS: 1667
Epoch: 517, global_step=7925760
SPS: 1667
Epoch: 518, global_step=7941120
SPS: 1667
Epoch: 519, global_step=7956480
SPS: 1668
Epoch: 520, global_step=7971840
SPS: 1668
Epoch: 521, global_step=7987200
SPS: 1668
Epoch: 522, global_step=8002560
SPS: 1668
Epoch: 523, global_step=8017920
SPS: 1669
Epoch: 524, global_step=8033280
SPS: 1669
Epoch: 525, global_step=8048640
SPS: 1669
Epoch: 526, global_step=8064000
Evaluating
Evaluated 2880 steps resulting in 48 episodes
[32mEvaluation Metric: success_once[0m | [36mMean: 0.0417[0m
[32mEvaluation Metric: return[0m | [36mMean: 2.1811[0m
[32mEvaluation Metric: episode_len[0m | [36mMean: 60.0000[0m
[32mEvaluation Metric: reward[0m | [36mMean: 0.0364[0m
[32mEvaluation Metric: success_at_end[0m | [36mMean: 0.0000[0m
model saved to checkpoints/ppo_memtasks/rgb_joints/normalized_dense/RememberShapeAndColor3x3-v0/ppo-lstm-dense-remember-shape-and-color-3x3-v0__33__rgb_joints__20251026_045833/20251026_045833/ckpt_21_526.pt
SPS: 1662
Epoch: 527, global_step=8079360
SPS: 1662
Epoch: 528, global_step=8094720
SPS: 1663
Epoch: 529, global_step=8110080
SPS: 1663
Epoch: 530, global_step=8125440
SPS: 1663
Epoch: 531, global_step=8140800
SPS: 1664
Epoch: 532, global_step=8156160
SPS: 1664
Epoch: 533, global_step=8171520
SPS: 1664
Epoch: 534, global_step=8186880
SPS: 1665
Epoch: 535, global_step=8202240
SPS: 1665
Epoch: 536, global_step=8217600
SPS: 1665
Epoch: 537, global_step=8232960
SPS: 1665
Epoch: 538, global_step=8248320
SPS: 1666
Epoch: 539, global_step=8263680
SPS: 1666
Epoch: 540, global_step=8279040
SPS: 1667
Epoch: 541, global_step=8294400
SPS: 1667
Epoch: 542, global_step=8309760
SPS: 1667
Epoch: 543, global_step=8325120
SPS: 1668
Epoch: 544, global_step=8340480
SPS: 1668
Epoch: 545, global_step=8355840
SPS: 1668
Epoch: 546, global_step=8371200
SPS: 1668
Epoch: 547, global_step=8386560
SPS: 1669
Epoch: 548, global_step=8401920
SPS: 1669
Epoch: 549, global_step=8417280
SPS: 1669
Epoch: 550, global_step=8432640
SPS: 1669
Epoch: 551, global_step=8448000
Evaluating
Evaluated 2880 steps resulting in 48 episodes
[32mEvaluation Metric: success_once[0m | [36mMean: 0.0417[0m
[32mEvaluation Metric: return[0m | [36mMean: 3.5170[0m
[32mEvaluation Metric: episode_len[0m | [36mMean: 60.0000[0m
[32mEvaluation Metric: reward[0m | [36mMean: 0.0586[0m
[32mEvaluation Metric: success_at_end[0m | [36mMean: 0.0000[0m
model saved to checkpoints/ppo_memtasks/rgb_joints/normalized_dense/RememberShapeAndColor3x3-v0/ppo-lstm-dense-remember-shape-and-color-3x3-v0__33__rgb_joints__20251026_045833/20251026_045833/ckpt_22_551.pt
SPS: 1663
Epoch: 552, global_step=8463360
SPS: 1663
Epoch: 553, global_step=8478720
SPS: 1663
Epoch: 554, global_step=8494080
SPS: 1663
Epoch: 555, global_step=8509440
SPS: 1664
Epoch: 556, global_step=8524800
SPS: 1664
Epoch: 557, global_step=8540160
SPS: 1664
Epoch: 558, global_step=8555520
SPS: 1665
Epoch: 559, global_step=8570880
SPS: 1665
Epoch: 560, global_step=8586240
SPS: 1665
Epoch: 561, global_step=8601600
SPS: 1665
Epoch: 562, global_step=8616960
SPS: 1666
Epoch: 563, global_step=8632320
SPS: 1666
Epoch: 564, global_step=8647680
SPS: 1666
Epoch: 565, global_step=8663040
SPS: 1667
Epoch: 566, global_step=8678400
SPS: 1667
Epoch: 567, global_step=8693760
SPS: 1667
Epoch: 568, global_step=8709120
SPS: 1667
Epoch: 569, global_step=8724480
SPS: 1668
Epoch: 570, global_step=8739840
SPS: 1668
Epoch: 571, global_step=8755200
SPS: 1668
Epoch: 572, global_step=8770560
SPS: 1668
Epoch: 573, global_step=8785920
SPS: 1669
Epoch: 574, global_step=8801280
SPS: 1669
Epoch: 575, global_step=8816640
SPS: 1669
Epoch: 576, global_step=8832000
Evaluating
Evaluated 2880 steps resulting in 48 episodes
[32mEvaluation Metric: success_once[0m | [36mMean: 0.0000[0m
[32mEvaluation Metric: return[0m | [36mMean: 2.6226[0m
[32mEvaluation Metric: episode_len[0m | [36mMean: 60.0000[0m
[32mEvaluation Metric: reward[0m | [36mMean: 0.0437[0m
[32mEvaluation Metric: success_at_end[0m | [36mMean: 0.0000[0m
model saved to checkpoints/ppo_memtasks/rgb_joints/normalized_dense/RememberShapeAndColor3x3-v0/ppo-lstm-dense-remember-shape-and-color-3x3-v0__33__rgb_joints__20251026_045833/20251026_045833/ckpt_23_576.pt
SPS: 1663
Epoch: 577, global_step=8847360
SPS: 1663
Epoch: 578, global_step=8862720
SPS: 1663
Epoch: 579, global_step=8878080
SPS: 1664
Epoch: 580, global_step=8893440
SPS: 1664
Epoch: 581, global_step=8908800
SPS: 1664
Epoch: 582, global_step=8924160
SPS: 1664
Epoch: 583, global_step=8939520
SPS: 1665
Epoch: 584, global_step=8954880
SPS: 1665
Epoch: 585, global_step=8970240
SPS: 1665
Epoch: 586, global_step=8985600
SPS: 1665
Epoch: 587, global_step=9000960
SPS: 1666
Epoch: 588, global_step=9016320
SPS: 1666
Epoch: 589, global_step=9031680
SPS: 1666
Epoch: 590, global_step=9047040
SPS: 1667
Epoch: 591, global_step=9062400
SPS: 1667
Epoch: 592, global_step=9077760
SPS: 1667
Epoch: 593, global_step=9093120
SPS: 1667
Epoch: 594, global_step=9108480
SPS: 1668
Epoch: 595, global_step=9123840
SPS: 1668
Epoch: 596, global_step=9139200
SPS: 1668
Epoch: 597, global_step=9154560
SPS: 1668
Epoch: 598, global_step=9169920
SPS: 1669
Epoch: 599, global_step=9185280
SPS: 1669
Epoch: 600, global_step=9200640
SPS: 1669
Epoch: 601, global_step=9216000
Evaluating
Evaluated 2880 steps resulting in 48 episodes
[32mEvaluation Metric: success_once[0m | [36mMean: 0.0000[0m
[32mEvaluation Metric: return[0m | [36mMean: 2.7883[0m
[32mEvaluation Metric: episode_len[0m | [36mMean: 60.0000[0m
[32mEvaluation Metric: reward[0m | [36mMean: 0.0465[0m
[32mEvaluation Metric: success_at_end[0m | [36mMean: 0.0000[0m
model saved to checkpoints/ppo_memtasks/rgb_joints/normalized_dense/RememberShapeAndColor3x3-v0/ppo-lstm-dense-remember-shape-and-color-3x3-v0__33__rgb_joints__20251026_045833/20251026_045833/ckpt_24_601.pt
SPS: 1663
Epoch: 602, global_step=9231360
SPS: 1663
Epoch: 603, global_step=9246720
SPS: 1663
Epoch: 604, global_step=9262080
SPS: 1663
Epoch: 605, global_step=9277440
SPS: 1664
Epoch: 606, global_step=9292800
SPS: 1664
Epoch: 607, global_step=9308160
SPS: 1664
Epoch: 608, global_step=9323520
SPS: 1664
Epoch: 609, global_step=9338880
SPS: 1665
Epoch: 610, global_step=9354240
SPS: 1665
Epoch: 611, global_step=9369600
SPS: 1665
Epoch: 612, global_step=9384960
SPS: 1666
Epoch: 613, global_step=9400320
SPS: 1666
Epoch: 614, global_step=9415680
SPS: 1666
Epoch: 615, global_step=9431040
SPS: 1666
Epoch: 616, global_step=9446400
SPS: 1667
Epoch: 617, global_step=9461760
SPS: 1667
Epoch: 618, global_step=9477120
SPS: 1667
Epoch: 619, global_step=9492480
SPS: 1667
Epoch: 620, global_step=9507840
SPS: 1667
Epoch: 621, global_step=9523200
SPS: 1668
Epoch: 622, global_step=9538560
SPS: 1668
Epoch: 623, global_step=9553920
SPS: 1668
Epoch: 624, global_step=9569280
SPS: 1668
Epoch: 625, global_step=9584640
SPS: 1669
Epoch: 626, global_step=9600000
Evaluating
Evaluated 2880 steps resulting in 48 episodes
[32mEvaluation Metric: success_once[0m | [36mMean: 0.0000[0m
[32mEvaluation Metric: return[0m | [36mMean: 1.9010[0m
[32mEvaluation Metric: episode_len[0m | [36mMean: 60.0000[0m
[32mEvaluation Metric: reward[0m | [36mMean: 0.0317[0m
[32mEvaluation Metric: success_at_end[0m | [36mMean: 0.0000[0m
model saved to checkpoints/ppo_memtasks/rgb_joints/normalized_dense/RememberShapeAndColor3x3-v0/ppo-lstm-dense-remember-shape-and-color-3x3-v0__33__rgb_joints__20251026_045833/20251026_045833/ckpt_25_626.pt
SPS: 1663
Epoch: 627, global_step=9615360
SPS: 1663
Epoch: 628, global_step=9630720
SPS: 1663
Epoch: 629, global_step=9646080
SPS: 1663
Epoch: 630, global_step=9661440
SPS: 1664
Epoch: 631, global_step=9676800
SPS: 1664
Epoch: 632, global_step=9692160
SPS: 1664
Epoch: 633, global_step=9707520
SPS: 1664
Epoch: 634, global_step=9722880
SPS: 1665
Epoch: 635, global_step=9738240
SPS: 1665
Epoch: 636, global_step=9753600
SPS: 1665
Epoch: 637, global_step=9768960
SPS: 1665
Epoch: 638, global_step=9784320
SPS: 1666
Epoch: 639, global_step=9799680
SPS: 1666
Epoch: 640, global_step=9815040
SPS: 1666
Epoch: 641, global_step=9830400
SPS: 1666
Epoch: 642, global_step=9845760
SPS: 1667
Epoch: 643, global_step=9861120
SPS: 1667
Epoch: 644, global_step=9876480
SPS: 1667
Epoch: 645, global_step=9891840
SPS: 1667
Epoch: 646, global_step=9907200
SPS: 1668
Epoch: 647, global_step=9922560
SPS: 1668
Epoch: 648, global_step=9937920
SPS: 1668
Epoch: 649, global_step=9953280
SPS: 1668
Epoch: 650, global_step=9968640
SPS: 1668
Epoch: 651, global_step=9984000
Evaluating
Evaluated 2880 steps resulting in 48 episodes
[32mEvaluation Metric: success_once[0m | [36mMean: 0.0208[0m
[32mEvaluation Metric: return[0m | [36mMean: 2.3079[0m
[32mEvaluation Metric: episode_len[0m | [36mMean: 60.0000[0m
[32mEvaluation Metric: reward[0m | [36mMean: 0.0385[0m
[32mEvaluation Metric: success_at_end[0m | [36mMean: 0.0000[0m
model saved to checkpoints/ppo_memtasks/rgb_joints/normalized_dense/RememberShapeAndColor3x3-v0/ppo-lstm-dense-remember-shape-and-color-3x3-v0__33__rgb_joints__20251026_045833/20251026_045833/ckpt_26_651.pt
SPS: 1663
Epoch: 652, global_step=9999360
SPS: 1663
Epoch: 653, global_step=10014720
SPS: 1663
Epoch: 654, global_step=10030080
SPS: 1663
Epoch: 655, global_step=10045440
SPS: 1664
Epoch: 656, global_step=10060800
SPS: 1664
Epoch: 657, global_step=10076160
SPS: 1664
Epoch: 658, global_step=10091520
SPS: 1664
Epoch: 659, global_step=10106880
SPS: 1664
Epoch: 660, global_step=10122240
SPS: 1665
Epoch: 661, global_step=10137600
SPS: 1665
Epoch: 662, global_step=10152960
SPS: 1665
Epoch: 663, global_step=10168320
SPS: 1665
Epoch: 664, global_step=10183680
SPS: 1666
Epoch: 665, global_step=10199040
SPS: 1666
Epoch: 666, global_step=10214400
SPS: 1666
Epoch: 667, global_step=10229760
SPS: 1666
Epoch: 668, global_step=10245120
SPS: 1667
Epoch: 669, global_step=10260480
SPS: 1667
Epoch: 670, global_step=10275840
SPS: 1667
Epoch: 671, global_step=10291200
SPS: 1667
Epoch: 672, global_step=10306560
SPS: 1668
Epoch: 673, global_step=10321920
SPS: 1668
Epoch: 674, global_step=10337280
SPS: 1668
Epoch: 675, global_step=10352640
SPS: 1668
Epoch: 676, global_step=10368000
Evaluating
Evaluated 2880 steps resulting in 48 episodes
[32mEvaluation Metric: success_once[0m | [36mMean: 0.0208[0m
[32mEvaluation Metric: return[0m | [36mMean: 2.6143[0m
[32mEvaluation Metric: episode_len[0m | [36mMean: 60.0000[0m
[32mEvaluation Metric: reward[0m | [36mMean: 0.0436[0m
[32mEvaluation Metric: success_at_end[0m | [36mMean: 0.0000[0m
model saved to checkpoints/ppo_memtasks/rgb_joints/normalized_dense/RememberShapeAndColor3x3-v0/ppo-lstm-dense-remember-shape-and-color-3x3-v0__33__rgb_joints__20251026_045833/20251026_045833/ckpt_27_676.pt
SPS: 1663
Epoch: 677, global_step=10383360
SPS: 1663
Epoch: 678, global_step=10398720
SPS: 1663
Epoch: 679, global_step=10414080
SPS: 1663
Epoch: 680, global_step=10429440
SPS: 1664
Epoch: 681, global_step=10444800
SPS: 1664
Epoch: 682, global_step=10460160
SPS: 1664
Epoch: 683, global_step=10475520
SPS: 1664
Epoch: 684, global_step=10490880
SPS: 1665
Epoch: 685, global_step=10506240
SPS: 1665
Epoch: 686, global_step=10521600
SPS: 1665
Epoch: 687, global_step=10536960
SPS: 1665
Epoch: 688, global_step=10552320
SPS: 1665
Epoch: 689, global_step=10567680
SPS: 1666
Epoch: 690, global_step=10583040
SPS: 1666
Epoch: 691, global_step=10598400
SPS: 1666
Epoch: 692, global_step=10613760
SPS: 1667
Epoch: 693, global_step=10629120
SPS: 1667
Epoch: 694, global_step=10644480
SPS: 1667
Epoch: 695, global_step=10659840
SPS: 1667
Epoch: 696, global_step=10675200
SPS: 1667
Epoch: 697, global_step=10690560
SPS: 1668
Epoch: 698, global_step=10705920
SPS: 1668
Epoch: 699, global_step=10721280
SPS: 1668
Epoch: 700, global_step=10736640
SPS: 1668
Epoch: 701, global_step=10752000
Evaluating
Evaluated 2880 steps resulting in 48 episodes
[32mEvaluation Metric: success_once[0m | [36mMean: 0.0417[0m
[32mEvaluation Metric: return[0m | [36mMean: 2.2578[0m
[32mEvaluation Metric: episode_len[0m | [36mMean: 60.0000[0m
[32mEvaluation Metric: reward[0m | [36mMean: 0.0376[0m
[32mEvaluation Metric: success_at_end[0m | [36mMean: 0.0000[0m
model saved to checkpoints/ppo_memtasks/rgb_joints/normalized_dense/RememberShapeAndColor3x3-v0/ppo-lstm-dense-remember-shape-and-color-3x3-v0__33__rgb_joints__20251026_045833/20251026_045833/ckpt_28_701.pt
SPS: 1663
Epoch: 702, global_step=10767360
SPS: 1663
Epoch: 703, global_step=10782720
SPS: 1663
Epoch: 704, global_step=10798080
SPS: 1664
Epoch: 705, global_step=10813440
SPS: 1664
Epoch: 706, global_step=10828800
SPS: 1664
Epoch: 707, global_step=10844160
SPS: 1665
Epoch: 708, global_step=10859520
SPS: 1665
Epoch: 709, global_step=10874880
SPS: 1665
Epoch: 710, global_step=10890240
SPS: 1665
Epoch: 711, global_step=10905600
SPS: 1666
Epoch: 712, global_step=10920960
SPS: 1666
Epoch: 713, global_step=10936320
SPS: 1666
Epoch: 714, global_step=10951680
SPS: 1667
Epoch: 715, global_step=10967040
SPS: 1667
Epoch: 716, global_step=10982400
SPS: 1667
Epoch: 717, global_step=10997760
SPS: 1668
Epoch: 718, global_step=11013120
SPS: 1668
Epoch: 719, global_step=11028480
SPS: 1668
Epoch: 720, global_step=11043840
SPS: 1668
Epoch: 721, global_step=11059200
SPS: 1669
Epoch: 722, global_step=11074560
SPS: 1669
Epoch: 723, global_step=11089920
SPS: 1669
Epoch: 724, global_step=11105280
SPS: 1669
Epoch: 725, global_step=11120640
SPS: 1669
Epoch: 726, global_step=11136000
Evaluating
Evaluated 2880 steps resulting in 48 episodes
[32mEvaluation Metric: success_once[0m | [36mMean: 0.0417[0m
[32mEvaluation Metric: return[0m | [36mMean: 2.0804[0m
[32mEvaluation Metric: episode_len[0m | [36mMean: 60.0000[0m
[32mEvaluation Metric: reward[0m | [36mMean: 0.0347[0m
[32mEvaluation Metric: success_at_end[0m | [36mMean: 0.0000[0m
model saved to checkpoints/ppo_memtasks/rgb_joints/normalized_dense/RememberShapeAndColor3x3-v0/ppo-lstm-dense-remember-shape-and-color-3x3-v0__33__rgb_joints__20251026_045833/20251026_045833/ckpt_29_726.pt
SPS: 1664
Epoch: 727, global_step=11151360
SPS: 1664
Epoch: 728, global_step=11166720
SPS: 1664
Epoch: 729, global_step=11182080
SPS: 1665
Epoch: 730, global_step=11197440
SPS: 1665
Epoch: 731, global_step=11212800
SPS: 1665
Epoch: 732, global_step=11228160
SPS: 1665
Epoch: 733, global_step=11243520
SPS: 1666
Epoch: 734, global_step=11258880
SPS: 1666
Epoch: 735, global_step=11274240
SPS: 1666
Epoch: 736, global_step=11289600
SPS: 1666
Epoch: 737, global_step=11304960
SPS: 1666
Epoch: 738, global_step=11320320
SPS: 1667
Epoch: 739, global_step=11335680
SPS: 1667
Epoch: 740, global_step=11351040
SPS: 1667
Epoch: 741, global_step=11366400
SPS: 1667
Epoch: 742, global_step=11381760
SPS: 1667
Epoch: 743, global_step=11397120
SPS: 1668
Epoch: 744, global_step=11412480
SPS: 1668
Epoch: 745, global_step=11427840
SPS: 1668
Epoch: 746, global_step=11443200
SPS: 1668
Epoch: 747, global_step=11458560
SPS: 1668
Epoch: 748, global_step=11473920
SPS: 1669
Epoch: 749, global_step=11489280
SPS: 1669
Epoch: 750, global_step=11504640
SPS: 1669
Epoch: 751, global_step=11520000
Evaluating
Evaluated 2880 steps resulting in 48 episodes
[32mEvaluation Metric: success_once[0m | [36mMean: 0.0000[0m
[32mEvaluation Metric: return[0m | [36mMean: 2.4807[0m
[32mEvaluation Metric: episode_len[0m | [36mMean: 60.0000[0m
[32mEvaluation Metric: reward[0m | [36mMean: 0.0413[0m
[32mEvaluation Metric: success_at_end[0m | [36mMean: 0.0000[0m
model saved to checkpoints/ppo_memtasks/rgb_joints/normalized_dense/RememberShapeAndColor3x3-v0/ppo-lstm-dense-remember-shape-and-color-3x3-v0__33__rgb_joints__20251026_045833/20251026_045833/ckpt_30_751.pt
SPS: 1664
Epoch: 752, global_step=11535360
SPS: 1664
Epoch: 753, global_step=11550720
SPS: 1665
Epoch: 754, global_step=11566080
SPS: 1665
Epoch: 755, global_step=11581440
SPS: 1665
Epoch: 756, global_step=11596800
SPS: 1665
Epoch: 757, global_step=11612160
SPS: 1665
Epoch: 758, global_step=11627520
SPS: 1666
Epoch: 759, global_step=11642880
SPS: 1666
Epoch: 760, global_step=11658240
SPS: 1666
Epoch: 761, global_step=11673600
SPS: 1666
Epoch: 762, global_step=11688960
SPS: 1666
Epoch: 763, global_step=11704320
SPS: 1667
Epoch: 764, global_step=11719680
SPS: 1667
Epoch: 765, global_step=11735040
SPS: 1667
Epoch: 766, global_step=11750400
SPS: 1667
Epoch: 767, global_step=11765760
SPS: 1667
Epoch: 768, global_step=11781120
SPS: 1668
Epoch: 769, global_step=11796480
SPS: 1668
Epoch: 770, global_step=11811840
SPS: 1668
Epoch: 771, global_step=11827200
SPS: 1668
Epoch: 772, global_step=11842560
SPS: 1668
Epoch: 773, global_step=11857920
SPS: 1669
Epoch: 774, global_step=11873280
SPS: 1669
Epoch: 775, global_step=11888640
SPS: 1669
Epoch: 776, global_step=11904000
Evaluating
Evaluated 2880 steps resulting in 48 episodes
[32mEvaluation Metric: success_once[0m | [36mMean: 0.0208[0m
[32mEvaluation Metric: return[0m | [36mMean: 2.2737[0m
[32mEvaluation Metric: episode_len[0m | [36mMean: 60.0000[0m
[32mEvaluation Metric: reward[0m | [36mMean: 0.0379[0m
[32mEvaluation Metric: success_at_end[0m | [36mMean: 0.0000[0m
model saved to checkpoints/ppo_memtasks/rgb_joints/normalized_dense/RememberShapeAndColor3x3-v0/ppo-lstm-dense-remember-shape-and-color-3x3-v0__33__rgb_joints__20251026_045833/20251026_045833/ckpt_31_776.pt
SPS: 1664
Epoch: 777, global_step=11919360
SPS: 1664
Epoch: 778, global_step=11934720
SPS: 1665
Epoch: 779, global_step=11950080
SPS: 1665
Epoch: 780, global_step=11965440
SPS: 1665
Epoch: 781, global_step=11980800
SPS: 1665
Epoch: 782, global_step=11996160
SPS: 1666
Epoch: 783, global_step=12011520
SPS: 1666
Epoch: 784, global_step=12026880
SPS: 1666
Epoch: 785, global_step=12042240
SPS: 1666
Epoch: 786, global_step=12057600
SPS: 1666
Epoch: 787, global_step=12072960
SPS: 1667
Epoch: 788, global_step=12088320
SPS: 1667
Epoch: 789, global_step=12103680
SPS: 1667
Epoch: 790, global_step=12119040
SPS: 1667
Epoch: 791, global_step=12134400
SPS: 1667
Epoch: 792, global_step=12149760
SPS: 1668
Epoch: 793, global_step=12165120
SPS: 1668
Epoch: 794, global_step=12180480
SPS: 1668
Epoch: 795, global_step=12195840
SPS: 1668
Epoch: 796, global_step=12211200
SPS: 1668
Epoch: 797, global_step=12226560
SPS: 1669
Epoch: 798, global_step=12241920
SPS: 1669
Epoch: 799, global_step=12257280
SPS: 1669
Epoch: 800, global_step=12272640
SPS: 1669
Epoch: 801, global_step=12288000
Evaluating
Evaluated 2880 steps resulting in 48 episodes
[32mEvaluation Metric: success_once[0m | [36mMean: 0.0000[0m
[32mEvaluation Metric: return[0m | [36mMean: 2.2562[0m
[32mEvaluation Metric: episode_len[0m | [36mMean: 60.0000[0m
[32mEvaluation Metric: reward[0m | [36mMean: 0.0376[0m
[32mEvaluation Metric: success_at_end[0m | [36mMean: 0.0000[0m
model saved to checkpoints/ppo_memtasks/rgb_joints/normalized_dense/RememberShapeAndColor3x3-v0/ppo-lstm-dense-remember-shape-and-color-3x3-v0__33__rgb_joints__20251026_045833/20251026_045833/ckpt_32_801.pt
SPS: 1664
Epoch: 802, global_step=12303360
SPS: 1664
Epoch: 803, global_step=12318720
SPS: 1665
Epoch: 804, global_step=12334080
SPS: 1665
Epoch: 805, global_step=12349440
SPS: 1665
Epoch: 806, global_step=12364800
SPS: 1665
Epoch: 807, global_step=12380160
SPS: 1665
Epoch: 808, global_step=12395520
SPS: 1666
Epoch: 809, global_step=12410880
SPS: 1666
Epoch: 810, global_step=12426240
SPS: 1666
Epoch: 811, global_step=12441600
SPS: 1666
Epoch: 812, global_step=12456960
SPS: 1666
Epoch: 813, global_step=12472320
SPS: 1667
Epoch: 814, global_step=12487680
SPS: 1667
Epoch: 815, global_step=12503040
SPS: 1667
Epoch: 816, global_step=12518400
SPS: 1667
Epoch: 817, global_step=12533760
SPS: 1667
Epoch: 818, global_step=12549120
SPS: 1668
Epoch: 819, global_step=12564480
SPS: 1668
Epoch: 820, global_step=12579840
SPS: 1668
Epoch: 821, global_step=12595200
SPS: 1668
Epoch: 822, global_step=12610560
SPS: 1668
Epoch: 823, global_step=12625920
SPS: 1668
Epoch: 824, global_step=12641280
SPS: 1669
Epoch: 825, global_step=12656640
SPS: 1669
Epoch: 826, global_step=12672000
Evaluating
Evaluated 2880 steps resulting in 48 episodes
[32mEvaluation Metric: success_once[0m | [36mMean: 0.0625[0m
[32mEvaluation Metric: return[0m | [36mMean: 2.0797[0m
[32mEvaluation Metric: episode_len[0m | [36mMean: 60.0000[0m
[32mEvaluation Metric: reward[0m | [36mMean: 0.0347[0m
[32mEvaluation Metric: success_at_end[0m | [36mMean: 0.0000[0m
model saved to checkpoints/ppo_memtasks/rgb_joints/normalized_dense/RememberShapeAndColor3x3-v0/ppo-lstm-dense-remember-shape-and-color-3x3-v0__33__rgb_joints__20251026_045833/20251026_045833/ckpt_33_826.pt
SPS: 1664
Epoch: 827, global_step=12687360
SPS: 1664
Epoch: 828, global_step=12702720
SPS: 1665
Epoch: 829, global_step=12718080
SPS: 1665
Epoch: 830, global_step=12733440
SPS: 1665
Epoch: 831, global_step=12748800
SPS: 1665
Epoch: 832, global_step=12764160
SPS: 1665
Epoch: 833, global_step=12779520
SPS: 1666
Epoch: 834, global_step=12794880
SPS: 1666
Epoch: 835, global_step=12810240
SPS: 1666
Epoch: 836, global_step=12825600
SPS: 1666
Epoch: 837, global_step=12840960
SPS: 1666
Epoch: 838, global_step=12856320
SPS: 1666
Epoch: 839, global_step=12871680
SPS: 1667
Epoch: 840, global_step=12887040
SPS: 1667
Epoch: 841, global_step=12902400
SPS: 1667
Epoch: 842, global_step=12917760
SPS: 1667
Epoch: 843, global_step=12933120
SPS: 1667
Epoch: 844, global_step=12948480
SPS: 1668
Epoch: 845, global_step=12963840
SPS: 1668
Epoch: 846, global_step=12979200
SPS: 1668
model saved to checkpoints/ppo_memtasks/rgb_joints/normalized_dense/RememberShapeAndColor3x3-v0/ppo-lstm-dense-remember-shape-and-color-3x3-v0__33__rgb_joints__20251026_045833/20251026_045833/final_ckpt.pt
