Enabling podman.socket for user: s4176650
Running RememberShape5-v0 with seed 42

===========================================================================
║                        Environment Configuration                        ║
===========================================================================
║ Environment ID: RememberShape5-v0                                       ║
║ Oracle Info:    None                                                    ║
║ Wrappers:                                                               ║
║    ├─ InitialZeroActionWrapper                                         ║
║    │  └─ {'n_initial_steps': 0}                                           ║
║    ├─ RememberShapeInfoWrapper                                         ║
║    ├─ RenderStepInfoWrapper                                            ║
║    ├─ RenderRewardInfoWrapper                                          ║
║    ├─ DebugRewardWrapper                                               ║
║-------------------------------------------------------------------------║
║ include_state:       False │ state will not be used                ║
║ include_rgb:         True  │ rgb images will be used               ║
║ include_oracle:      False │ oracle info will not be used          ║
║ include_joints:      True  │ joints will be used                   ║
===========================================================================

MODE='rgb_joints'
prompt_info=None
Saving eval videos to checkpoints/ppo_memtasks/rgb_joints/normalized_dense/RememberShape5-v0/ppo-mlp-dense-remember-shape-5-v0__42__rgb_joints__20251026_023613/20251026_023613/videos
======================================================================
Max Episode Steps: 60
======================================================================

Running training

####
args.num_iterations=846 args.num_envs=256 args.num_eval_envs=16
args.minibatch_size=1920 args.batch_size=15360 args.update_epochs=4
####

sample_obs.keys()=dict_keys(['joints', 'rgb'])
joints: torch.Size([256, 25])
rgb: torch.Size([256, 128, 128, 3])


Epoch: 1, global_step=0
Evaluating
Evaluated 2880 steps resulting in 48 episodes
[32mEvaluation Metric: success_once[0m | [36mMean: 0.0000[0m
[32mEvaluation Metric: return[0m | [36mMean: 9.9516[0m
[32mEvaluation Metric: episode_len[0m | [36mMean: 60.0000[0m
[32mEvaluation Metric: reward[0m | [36mMean: 0.1659[0m
[32mEvaluation Metric: success_at_end[0m | [36mMean: 0.0000[0m
model saved to checkpoints/ppo_memtasks/rgb_joints/normalized_dense/RememberShape5-v0/ppo-mlp-dense-remember-shape-5-v0__42__rgb_joints__20251026_023613/20251026_023613/ckpt_0_1.pt
SPS: 235
Epoch: 2, global_step=15360
SPS: 429
Epoch: 3, global_step=30720
SPS: 591
Epoch: 4, global_step=46080
SPS: 730
Epoch: 5, global_step=61440
SPS: 849
Epoch: 6, global_step=76800
SPS: 950
Epoch: 7, global_step=92160
SPS: 1040
Epoch: 8, global_step=107520
SPS: 1118
Epoch: 9, global_step=122880
SPS: 1187
Epoch: 10, global_step=138240
SPS: 1246
Epoch: 11, global_step=153600
SPS: 1300
Epoch: 12, global_step=168960
SPS: 1347
Epoch: 13, global_step=184320
SPS: 1390
Epoch: 14, global_step=199680
SPS: 1429
Epoch: 15, global_step=215040
SPS: 1463
Epoch: 16, global_step=230400
SPS: 1494
Epoch: 17, global_step=245760
SPS: 1523
Epoch: 18, global_step=261120
SPS: 1549
Epoch: 19, global_step=276480
SPS: 1573
Epoch: 20, global_step=291840
SPS: 1596
Epoch: 21, global_step=307200
SPS: 1617
Epoch: 22, global_step=322560
SPS: 1636
Epoch: 23, global_step=337920
SPS: 1654
Epoch: 24, global_step=353280
SPS: 1670
Epoch: 25, global_step=368640
SPS: 1686
Epoch: 26, global_step=384000
Evaluating
Evaluated 2880 steps resulting in 48 episodes
[32mEvaluation Metric: success_once[0m | [36mMean: 0.0625[0m
[32mEvaluation Metric: return[0m | [36mMean: 2.5179[0m
[32mEvaluation Metric: episode_len[0m | [36mMean: 60.0000[0m
[32mEvaluation Metric: reward[0m | [36mMean: 0.0420[0m
[32mEvaluation Metric: success_at_end[0m | [36mMean: 0.0000[0m
model saved to checkpoints/ppo_memtasks/rgb_joints/normalized_dense/RememberShape5-v0/ppo-mlp-dense-remember-shape-5-v0__42__rgb_joints__20251026_023613/20251026_023613/ckpt_1_26.pt
SPS: 1562
Epoch: 27, global_step=399360
SPS: 1578
Epoch: 28, global_step=414720
SPS: 1594
Epoch: 29, global_step=430080
SPS: 1609
Epoch: 30, global_step=445440
SPS: 1623
Epoch: 31, global_step=460800
SPS: 1636
Epoch: 32, global_step=476160
SPS: 1648
Epoch: 33, global_step=491520
SPS: 1660
Epoch: 34, global_step=506880
SPS: 1672
Epoch: 35, global_step=522240
SPS: 1683
Epoch: 36, global_step=537600
SPS: 1693
Epoch: 37, global_step=552960
SPS: 1703
Epoch: 38, global_step=568320
SPS: 1713
Epoch: 39, global_step=583680
SPS: 1722
Epoch: 40, global_step=599040
SPS: 1731
Epoch: 41, global_step=614400
SPS: 1739
Epoch: 42, global_step=629760
SPS: 1747
Epoch: 43, global_step=645120
SPS: 1754
Epoch: 44, global_step=660480
SPS: 1761
Epoch: 45, global_step=675840
SPS: 1768
Epoch: 46, global_step=691200
SPS: 1775
Epoch: 47, global_step=706560
SPS: 1781
Epoch: 48, global_step=721920
SPS: 1788
Epoch: 49, global_step=737280
SPS: 1794
Epoch: 50, global_step=752640
SPS: 1800
Epoch: 51, global_step=768000
Evaluating
Evaluated 2880 steps resulting in 48 episodes
[32mEvaluation Metric: success_once[0m | [36mMean: 0.0833[0m
[32mEvaluation Metric: return[0m | [36mMean: 4.0415[0m
[32mEvaluation Metric: episode_len[0m | [36mMean: 60.0000[0m
[32mEvaluation Metric: reward[0m | [36mMean: 0.0674[0m
[32mEvaluation Metric: success_at_end[0m | [36mMean: 0.0625[0m
model saved to checkpoints/ppo_memtasks/rgb_joints/normalized_dense/RememberShape5-v0/ppo-mlp-dense-remember-shape-5-v0__42__rgb_joints__20251026_023613/20251026_023613/ckpt_2_51.pt
SPS: 1722
Epoch: 52, global_step=783360
SPS: 1729
Epoch: 53, global_step=798720
SPS: 1735
Epoch: 54, global_step=814080
SPS: 1741
Epoch: 55, global_step=829440
SPS: 1747
Epoch: 56, global_step=844800
SPS: 1753
Epoch: 57, global_step=860160
SPS: 1758
Epoch: 58, global_step=875520
SPS: 1764
Epoch: 59, global_step=890880
SPS: 1769
Epoch: 60, global_step=906240
SPS: 1774
Epoch: 61, global_step=921600
SPS: 1779
Epoch: 62, global_step=936960
SPS: 1784
Epoch: 63, global_step=952320
SPS: 1788
Epoch: 64, global_step=967680
SPS: 1793
Epoch: 65, global_step=983040
SPS: 1796
Epoch: 66, global_step=998400
SPS: 1800
Epoch: 67, global_step=1013760
SPS: 1805
Epoch: 68, global_step=1029120
SPS: 1809
Epoch: 69, global_step=1044480
SPS: 1813
Epoch: 70, global_step=1059840
SPS: 1817
Epoch: 71, global_step=1075200
SPS: 1820
Epoch: 72, global_step=1090560
SPS: 1824
Epoch: 73, global_step=1105920
SPS: 1828
Epoch: 74, global_step=1121280
SPS: 1831
Epoch: 75, global_step=1136640
SPS: 1834
Epoch: 76, global_step=1152000
Evaluating
Evaluated 2880 steps resulting in 48 episodes
[32mEvaluation Metric: success_once[0m | [36mMean: 0.0208[0m
[32mEvaluation Metric: return[0m | [36mMean: 5.2189[0m
[32mEvaluation Metric: episode_len[0m | [36mMean: 60.0000[0m
[32mEvaluation Metric: reward[0m | [36mMean: 0.0870[0m
[32mEvaluation Metric: success_at_end[0m | [36mMean: 0.0208[0m
model saved to checkpoints/ppo_memtasks/rgb_joints/normalized_dense/RememberShape5-v0/ppo-mlp-dense-remember-shape-5-v0__42__rgb_joints__20251026_023613/20251026_023613/ckpt_3_76.pt
SPS: 1779
Epoch: 77, global_step=1167360
SPS: 1783
Epoch: 78, global_step=1182720
SPS: 1786
Epoch: 79, global_step=1198080
SPS: 1789
Epoch: 80, global_step=1213440
SPS: 1792
Epoch: 81, global_step=1228800
SPS: 1796
Epoch: 82, global_step=1244160
SPS: 1799
Epoch: 83, global_step=1259520
SPS: 1802
Epoch: 84, global_step=1274880
SPS: 1806
Epoch: 85, global_step=1290240
SPS: 1809
Epoch: 86, global_step=1305600
SPS: 1812
Epoch: 87, global_step=1320960
SPS: 1814
Epoch: 88, global_step=1336320
SPS: 1818
Epoch: 89, global_step=1351680
SPS: 1820
Epoch: 90, global_step=1367040
SPS: 1823
Epoch: 91, global_step=1382400
SPS: 1826
Epoch: 92, global_step=1397760
SPS: 1829
Epoch: 93, global_step=1413120
SPS: 1832
Epoch: 94, global_step=1428480
SPS: 1834
Epoch: 95, global_step=1443840
SPS: 1837
Epoch: 96, global_step=1459200
SPS: 1840
Epoch: 97, global_step=1474560
SPS: 1842
Epoch: 98, global_step=1489920
SPS: 1845
Epoch: 99, global_step=1505280
SPS: 1847
Epoch: 100, global_step=1520640
SPS: 1850
Epoch: 101, global_step=1536000
Evaluating
Evaluated 2880 steps resulting in 48 episodes
[32mEvaluation Metric: success_once[0m | [36mMean: 0.1250[0m
[32mEvaluation Metric: return[0m | [36mMean: 7.6864[0m
[32mEvaluation Metric: episode_len[0m | [36mMean: 60.0000[0m
[32mEvaluation Metric: reward[0m | [36mMean: 0.1281[0m
[32mEvaluation Metric: success_at_end[0m | [36mMean: 0.1042[0m
model saved to checkpoints/ppo_memtasks/rgb_joints/normalized_dense/RememberShape5-v0/ppo-mlp-dense-remember-shape-5-v0__42__rgb_joints__20251026_023613/20251026_023613/ckpt_4_101.pt
SPS: 1805
Epoch: 102, global_step=1551360
SPS: 1808
Epoch: 103, global_step=1566720
SPS: 1811
Epoch: 104, global_step=1582080
SPS: 1813
Epoch: 105, global_step=1597440
SPS: 1816
Epoch: 106, global_step=1612800
SPS: 1818
Epoch: 107, global_step=1628160
SPS: 1821
Epoch: 108, global_step=1643520
SPS: 1823
Epoch: 109, global_step=1658880
SPS: 1826
Epoch: 110, global_step=1674240
SPS: 1828
Epoch: 111, global_step=1689600
SPS: 1830
Epoch: 112, global_step=1704960
SPS: 1832
Epoch: 113, global_step=1720320
SPS: 1835
Epoch: 114, global_step=1735680
SPS: 1837
Epoch: 115, global_step=1751040
SPS: 1839
Epoch: 116, global_step=1766400
SPS: 1841
Epoch: 117, global_step=1781760
SPS: 1843
Epoch: 118, global_step=1797120
SPS: 1844
Epoch: 119, global_step=1812480
SPS: 1846
Epoch: 120, global_step=1827840
SPS: 1848
Epoch: 121, global_step=1843200
SPS: 1850
Epoch: 122, global_step=1858560
SPS: 1852
Epoch: 123, global_step=1873920
SPS: 1854
Epoch: 124, global_step=1889280
SPS: 1855
Epoch: 125, global_step=1904640
SPS: 1857
Epoch: 126, global_step=1920000
Evaluating
Evaluated 2880 steps resulting in 48 episodes
[32mEvaluation Metric: success_once[0m | [36mMean: 0.0625[0m
[32mEvaluation Metric: return[0m | [36mMean: 4.1822[0m
[32mEvaluation Metric: episode_len[0m | [36mMean: 60.0000[0m
[32mEvaluation Metric: reward[0m | [36mMean: 0.0697[0m
[32mEvaluation Metric: success_at_end[0m | [36mMean: 0.0208[0m
model saved to checkpoints/ppo_memtasks/rgb_joints/normalized_dense/RememberShape5-v0/ppo-mlp-dense-remember-shape-5-v0__42__rgb_joints__20251026_023613/20251026_023613/ckpt_5_126.pt
SPS: 1819
Epoch: 127, global_step=1935360
SPS: 1821
Epoch: 128, global_step=1950720
SPS: 1823
Epoch: 129, global_step=1966080
SPS: 1825
Epoch: 130, global_step=1981440
SPS: 1827
Epoch: 131, global_step=1996800
SPS: 1829
Epoch: 132, global_step=2012160
SPS: 1831
Epoch: 133, global_step=2027520
SPS: 1833
Epoch: 134, global_step=2042880
SPS: 1834
Epoch: 135, global_step=2058240
SPS: 1836
Epoch: 136, global_step=2073600
SPS: 1838
Epoch: 137, global_step=2088960
SPS: 1840
Epoch: 138, global_step=2104320
SPS: 1841
Epoch: 139, global_step=2119680
SPS: 1843
Epoch: 140, global_step=2135040
SPS: 1845
Epoch: 141, global_step=2150400
SPS: 1846
Epoch: 142, global_step=2165760
SPS: 1848
Epoch: 143, global_step=2181120
SPS: 1849
Epoch: 144, global_step=2196480
SPS: 1851
Epoch: 145, global_step=2211840
SPS: 1852
Epoch: 146, global_step=2227200
SPS: 1854
Epoch: 147, global_step=2242560
SPS: 1855
Epoch: 148, global_step=2257920
SPS: 1857
Epoch: 149, global_step=2273280
SPS: 1858
Epoch: 150, global_step=2288640
SPS: 1860
Epoch: 151, global_step=2304000
Evaluating
Evaluated 2880 steps resulting in 48 episodes
[32mEvaluation Metric: success_once[0m | [36mMean: 0.0208[0m
[32mEvaluation Metric: return[0m | [36mMean: 4.3100[0m
[32mEvaluation Metric: episode_len[0m | [36mMean: 60.0000[0m
[32mEvaluation Metric: reward[0m | [36mMean: 0.0718[0m
[32mEvaluation Metric: success_at_end[0m | [36mMean: 0.0208[0m
model saved to checkpoints/ppo_memtasks/rgb_joints/normalized_dense/RememberShape5-v0/ppo-mlp-dense-remember-shape-5-v0__42__rgb_joints__20251026_023613/20251026_023613/ckpt_6_151.pt
SPS: 1830
Epoch: 152, global_step=2319360
SPS: 1831
Epoch: 153, global_step=2334720
SPS: 1833
Epoch: 154, global_step=2350080
SPS: 1835
Epoch: 155, global_step=2365440
SPS: 1836
Epoch: 156, global_step=2380800
SPS: 1837
Epoch: 157, global_step=2396160
SPS: 1839
Epoch: 158, global_step=2411520
SPS: 1840
Epoch: 159, global_step=2426880
SPS: 1842
Epoch: 160, global_step=2442240
SPS: 1843
Epoch: 161, global_step=2457600
SPS: 1845
Epoch: 162, global_step=2472960
SPS: 1846
Epoch: 163, global_step=2488320
SPS: 1847
Epoch: 164, global_step=2503680
SPS: 1849
Epoch: 165, global_step=2519040
SPS: 1850
Epoch: 166, global_step=2534400
SPS: 1851
Epoch: 167, global_step=2549760
SPS: 1853
Epoch: 168, global_step=2565120
SPS: 1854
Epoch: 169, global_step=2580480
SPS: 1855
Epoch: 170, global_step=2595840
SPS: 1856
Epoch: 171, global_step=2611200
SPS: 1858
Epoch: 172, global_step=2626560
SPS: 1859
Epoch: 173, global_step=2641920
SPS: 1860
Epoch: 174, global_step=2657280
SPS: 1861
Epoch: 175, global_step=2672640
SPS: 1863
Epoch: 176, global_step=2688000
Evaluating
Evaluated 2880 steps resulting in 48 episodes
[32mEvaluation Metric: success_once[0m | [36mMean: 0.0000[0m
[32mEvaluation Metric: return[0m | [36mMean: 2.8811[0m
[32mEvaluation Metric: episode_len[0m | [36mMean: 60.0000[0m
[32mEvaluation Metric: reward[0m | [36mMean: 0.0480[0m
[32mEvaluation Metric: success_at_end[0m | [36mMean: 0.0000[0m
model saved to checkpoints/ppo_memtasks/rgb_joints/normalized_dense/RememberShape5-v0/ppo-mlp-dense-remember-shape-5-v0__42__rgb_joints__20251026_023613/20251026_023613/ckpt_7_176.pt
SPS: 1837
Epoch: 177, global_step=2703360
SPS: 1838
Epoch: 178, global_step=2718720
SPS: 1839
Epoch: 179, global_step=2734080
SPS: 1841
Epoch: 180, global_step=2749440
SPS: 1842
Epoch: 181, global_step=2764800
SPS: 1843
Epoch: 182, global_step=2780160
SPS: 1845
Epoch: 183, global_step=2795520
SPS: 1846
Epoch: 184, global_step=2810880
SPS: 1847
Epoch: 185, global_step=2826240
SPS: 1848
Epoch: 186, global_step=2841600
SPS: 1850
Epoch: 187, global_step=2856960
SPS: 1851
Epoch: 188, global_step=2872320
SPS: 1852
Epoch: 189, global_step=2887680
SPS: 1853
Epoch: 190, global_step=2903040
SPS: 1854
Epoch: 191, global_step=2918400
SPS: 1856
Epoch: 192, global_step=2933760
SPS: 1857
Epoch: 193, global_step=2949120
SPS: 1858
Epoch: 194, global_step=2964480
SPS: 1859
Epoch: 195, global_step=2979840
SPS: 1860
Epoch: 196, global_step=2995200
SPS: 1861
Epoch: 197, global_step=3010560
SPS: 1862
Epoch: 198, global_step=3025920
SPS: 1863
Epoch: 199, global_step=3041280
SPS: 1864
Epoch: 200, global_step=3056640
SPS: 1865
Epoch: 201, global_step=3072000
Evaluating
Evaluated 2880 steps resulting in 48 episodes
[32mEvaluation Metric: success_once[0m | [36mMean: 0.0208[0m
[32mEvaluation Metric: return[0m | [36mMean: 3.9333[0m
[32mEvaluation Metric: episode_len[0m | [36mMean: 60.0000[0m
[32mEvaluation Metric: reward[0m | [36mMean: 0.0656[0m
[32mEvaluation Metric: success_at_end[0m | [36mMean: 0.0208[0m
model saved to checkpoints/ppo_memtasks/rgb_joints/normalized_dense/RememberShape5-v0/ppo-mlp-dense-remember-shape-5-v0__42__rgb_joints__20251026_023613/20251026_023613/ckpt_8_201.pt
SPS: 1843
Epoch: 202, global_step=3087360
SPS: 1844
Epoch: 203, global_step=3102720
SPS: 1845
Epoch: 204, global_step=3118080
SPS: 1846
Epoch: 205, global_step=3133440
SPS: 1847
Epoch: 206, global_step=3148800
SPS: 1848
Epoch: 207, global_step=3164160
SPS: 1850
Epoch: 208, global_step=3179520
SPS: 1851
Epoch: 209, global_step=3194880
SPS: 1852
Epoch: 210, global_step=3210240
SPS: 1853
Epoch: 211, global_step=3225600
SPS: 1854
Epoch: 212, global_step=3240960
SPS: 1855
Epoch: 213, global_step=3256320
SPS: 1856
Epoch: 214, global_step=3271680
SPS: 1857
Epoch: 215, global_step=3287040
SPS: 1858
Epoch: 216, global_step=3302400
SPS: 1859
Epoch: 217, global_step=3317760
SPS: 1860
Epoch: 218, global_step=3333120
SPS: 1861
Epoch: 219, global_step=3348480
SPS: 1862
Epoch: 220, global_step=3363840
SPS: 1863
Epoch: 221, global_step=3379200
SPS: 1864
Epoch: 222, global_step=3394560
SPS: 1865
Epoch: 223, global_step=3409920
SPS: 1866
Epoch: 224, global_step=3425280
SPS: 1867
Epoch: 225, global_step=3440640
SPS: 1868
Epoch: 226, global_step=3456000
Evaluating
Evaluated 2880 steps resulting in 48 episodes
[32mEvaluation Metric: success_once[0m | [36mMean: 0.0208[0m
[32mEvaluation Metric: return[0m | [36mMean: 4.1069[0m
[32mEvaluation Metric: episode_len[0m | [36mMean: 60.0000[0m
[32mEvaluation Metric: reward[0m | [36mMean: 0.0684[0m
[32mEvaluation Metric: success_at_end[0m | [36mMean: 0.0000[0m
model saved to checkpoints/ppo_memtasks/rgb_joints/normalized_dense/RememberShape5-v0/ppo-mlp-dense-remember-shape-5-v0__42__rgb_joints__20251026_023613/20251026_023613/ckpt_9_226.pt
SPS: 1847
Epoch: 227, global_step=3471360
SPS: 1847
Epoch: 228, global_step=3486720
SPS: 1848
Epoch: 229, global_step=3502080
SPS: 1849
Epoch: 230, global_step=3517440
SPS: 1850
Epoch: 231, global_step=3532800
SPS: 1851
Epoch: 232, global_step=3548160
SPS: 1852
Epoch: 233, global_step=3563520
SPS: 1853
Epoch: 234, global_step=3578880
SPS: 1854
Epoch: 235, global_step=3594240
SPS: 1855
Epoch: 236, global_step=3609600
SPS: 1856
Epoch: 237, global_step=3624960
SPS: 1857
Epoch: 238, global_step=3640320
SPS: 1857
Epoch: 239, global_step=3655680
SPS: 1858
Epoch: 240, global_step=3671040
SPS: 1859
Epoch: 241, global_step=3686400
SPS: 1860
Epoch: 242, global_step=3701760
SPS: 1861
Epoch: 243, global_step=3717120
SPS: 1862
Epoch: 244, global_step=3732480
SPS: 1863
Epoch: 245, global_step=3747840
SPS: 1864
Epoch: 246, global_step=3763200
SPS: 1864
Epoch: 247, global_step=3778560
SPS: 1865
Epoch: 248, global_step=3793920
SPS: 1866
Epoch: 249, global_step=3809280
SPS: 1867
Epoch: 250, global_step=3824640
SPS: 1868
Epoch: 251, global_step=3840000
Evaluating
Evaluated 2880 steps resulting in 48 episodes
[32mEvaluation Metric: success_once[0m | [36mMean: 0.0417[0m
[32mEvaluation Metric: return[0m | [36mMean: 4.1135[0m
[32mEvaluation Metric: episode_len[0m | [36mMean: 60.0000[0m
[32mEvaluation Metric: reward[0m | [36mMean: 0.0686[0m
[32mEvaluation Metric: success_at_end[0m | [36mMean: 0.0000[0m
model saved to checkpoints/ppo_memtasks/rgb_joints/normalized_dense/RememberShape5-v0/ppo-mlp-dense-remember-shape-5-v0__42__rgb_joints__20251026_023613/20251026_023613/ckpt_10_251.pt
SPS: 1849
Epoch: 252, global_step=3855360
SPS: 1850
Epoch: 253, global_step=3870720
SPS: 1851
Epoch: 254, global_step=3886080
SPS: 1851
Epoch: 255, global_step=3901440
SPS: 1852
Epoch: 256, global_step=3916800
SPS: 1853
Epoch: 257, global_step=3932160
SPS: 1854
Epoch: 258, global_step=3947520
SPS: 1855
Epoch: 259, global_step=3962880
SPS: 1856
Epoch: 260, global_step=3978240
SPS: 1856
Epoch: 261, global_step=3993600
SPS: 1857
Epoch: 262, global_step=4008960
SPS: 1858
Epoch: 263, global_step=4024320
SPS: 1859
Epoch: 264, global_step=4039680
SPS: 1860
Epoch: 265, global_step=4055040
SPS: 1860
Epoch: 266, global_step=4070400
SPS: 1861
Epoch: 267, global_step=4085760
SPS: 1862
Epoch: 268, global_step=4101120
SPS: 1863
Epoch: 269, global_step=4116480
SPS: 1863
Epoch: 270, global_step=4131840
SPS: 1864
Epoch: 271, global_step=4147200
SPS: 1865
Epoch: 272, global_step=4162560
SPS: 1865
Epoch: 273, global_step=4177920
SPS: 1866
Epoch: 274, global_step=4193280
SPS: 1867
Epoch: 275, global_step=4208640
SPS: 1868
Epoch: 276, global_step=4224000
Evaluating
Evaluated 2880 steps resulting in 48 episodes
[32mEvaluation Metric: success_once[0m | [36mMean: 0.1042[0m
[32mEvaluation Metric: return[0m | [36mMean: 4.2136[0m
[32mEvaluation Metric: episode_len[0m | [36mMean: 60.0000[0m
[32mEvaluation Metric: reward[0m | [36mMean: 0.0702[0m
[32mEvaluation Metric: success_at_end[0m | [36mMean: 0.0208[0m
model saved to checkpoints/ppo_memtasks/rgb_joints/normalized_dense/RememberShape5-v0/ppo-mlp-dense-remember-shape-5-v0__42__rgb_joints__20251026_023613/20251026_023613/ckpt_11_276.pt
SPS: 1850
Epoch: 277, global_step=4239360
SPS: 1851
Epoch: 278, global_step=4254720
SPS: 1851
Epoch: 279, global_step=4270080
SPS: 1852
Epoch: 280, global_step=4285440
SPS: 1853
Epoch: 281, global_step=4300800
SPS: 1854
Epoch: 282, global_step=4316160
SPS: 1854
Epoch: 283, global_step=4331520
SPS: 1855
Epoch: 284, global_step=4346880
SPS: 1856
Epoch: 285, global_step=4362240
SPS: 1857
Epoch: 286, global_step=4377600
SPS: 1857
Epoch: 287, global_step=4392960
SPS: 1858
Epoch: 288, global_step=4408320
SPS: 1859
Epoch: 289, global_step=4423680
SPS: 1860
Epoch: 290, global_step=4439040
SPS: 1860
Epoch: 291, global_step=4454400
SPS: 1861
Epoch: 292, global_step=4469760
SPS: 1862
Epoch: 293, global_step=4485120
SPS: 1862
Epoch: 294, global_step=4500480
SPS: 1863
Epoch: 295, global_step=4515840
SPS: 1864
Epoch: 296, global_step=4531200
SPS: 1864
Epoch: 297, global_step=4546560
SPS: 1865
Epoch: 298, global_step=4561920
SPS: 1866
Epoch: 299, global_step=4577280
SPS: 1866
Epoch: 300, global_step=4592640
SPS: 1867
Epoch: 301, global_step=4608000
Evaluating
Evaluated 2880 steps resulting in 48 episodes
[32mEvaluation Metric: success_once[0m | [36mMean: 0.0417[0m
[32mEvaluation Metric: return[0m | [36mMean: 3.5281[0m
[32mEvaluation Metric: episode_len[0m | [36mMean: 60.0000[0m
[32mEvaluation Metric: reward[0m | [36mMean: 0.0588[0m
[32mEvaluation Metric: success_at_end[0m | [36mMean: 0.0417[0m
model saved to checkpoints/ppo_memtasks/rgb_joints/normalized_dense/RememberShape5-v0/ppo-mlp-dense-remember-shape-5-v0__42__rgb_joints__20251026_023613/20251026_023613/ckpt_12_301.pt
SPS: 1851
Epoch: 302, global_step=4623360
SPS: 1852
Epoch: 303, global_step=4638720
SPS: 1852
Epoch: 304, global_step=4654080
SPS: 1853
Epoch: 305, global_step=4669440
SPS: 1854
Epoch: 306, global_step=4684800
SPS: 1854
Epoch: 307, global_step=4700160
SPS: 1855
Epoch: 308, global_step=4715520
SPS: 1856
Epoch: 309, global_step=4730880
SPS: 1856
Epoch: 310, global_step=4746240
SPS: 1857
Epoch: 311, global_step=4761600
SPS: 1858
Epoch: 312, global_step=4776960
SPS: 1858
Epoch: 313, global_step=4792320
SPS: 1859
Epoch: 314, global_step=4807680
SPS: 1860
Epoch: 315, global_step=4823040
SPS: 1860
Epoch: 316, global_step=4838400
SPS: 1861
Epoch: 317, global_step=4853760
SPS: 1861
Epoch: 318, global_step=4869120
SPS: 1862
Epoch: 319, global_step=4884480
SPS: 1863
Epoch: 320, global_step=4899840
SPS: 1863
Epoch: 321, global_step=4915200
SPS: 1864
Epoch: 322, global_step=4930560
SPS: 1864
Epoch: 323, global_step=4945920
SPS: 1865
Epoch: 324, global_step=4961280
SPS: 1866
Epoch: 325, global_step=4976640
SPS: 1866
Epoch: 326, global_step=4992000
Evaluating
Evaluated 2880 steps resulting in 48 episodes
[32mEvaluation Metric: success_once[0m | [36mMean: 0.0417[0m
[32mEvaluation Metric: return[0m | [36mMean: 4.0249[0m
[32mEvaluation Metric: episode_len[0m | [36mMean: 60.0000[0m
[32mEvaluation Metric: reward[0m | [36mMean: 0.0671[0m
[32mEvaluation Metric: success_at_end[0m | [36mMean: 0.0000[0m
model saved to checkpoints/ppo_memtasks/rgb_joints/normalized_dense/RememberShape5-v0/ppo-mlp-dense-remember-shape-5-v0__42__rgb_joints__20251026_023613/20251026_023613/ckpt_13_326.pt
SPS: 1852
Epoch: 327, global_step=5007360
SPS: 1852
Epoch: 328, global_step=5022720
SPS: 1853
Epoch: 329, global_step=5038080
SPS: 1854
Epoch: 330, global_step=5053440
SPS: 1854
Epoch: 331, global_step=5068800
SPS: 1855
Epoch: 332, global_step=5084160
SPS: 1855
Epoch: 333, global_step=5099520
SPS: 1856
Epoch: 334, global_step=5114880
SPS: 1857
Epoch: 335, global_step=5130240
SPS: 1857
Epoch: 336, global_step=5145600
SPS: 1858
Epoch: 337, global_step=5160960
SPS: 1858
Epoch: 338, global_step=5176320
SPS: 1859
Epoch: 339, global_step=5191680
SPS: 1859
Epoch: 340, global_step=5207040
SPS: 1860
Epoch: 341, global_step=5222400
SPS: 1861
Epoch: 342, global_step=5237760
SPS: 1861
Epoch: 343, global_step=5253120
SPS: 1862
Epoch: 344, global_step=5268480
SPS: 1862
Epoch: 345, global_step=5283840
SPS: 1863
Epoch: 346, global_step=5299200
SPS: 1863
Epoch: 347, global_step=5314560
SPS: 1864
Epoch: 348, global_step=5329920
SPS: 1864
Epoch: 349, global_step=5345280
SPS: 1865
Epoch: 350, global_step=5360640
SPS: 1865
Epoch: 351, global_step=5376000
Evaluating
Evaluated 2880 steps resulting in 48 episodes
[32mEvaluation Metric: success_once[0m | [36mMean: 0.0000[0m
[32mEvaluation Metric: return[0m | [36mMean: 2.6957[0m
[32mEvaluation Metric: episode_len[0m | [36mMean: 60.0000[0m
[32mEvaluation Metric: reward[0m | [36mMean: 0.0449[0m
[32mEvaluation Metric: success_at_end[0m | [36mMean: 0.0000[0m
model saved to checkpoints/ppo_memtasks/rgb_joints/normalized_dense/RememberShape5-v0/ppo-mlp-dense-remember-shape-5-v0__42__rgb_joints__20251026_023613/20251026_023613/ckpt_14_351.pt
SPS: 1852
Epoch: 352, global_step=5391360
SPS: 1852
Epoch: 353, global_step=5406720
SPS: 1853
Epoch: 354, global_step=5422080
SPS: 1854
Epoch: 355, global_step=5437440
SPS: 1854
Epoch: 356, global_step=5452800
SPS: 1855
Epoch: 357, global_step=5468160
SPS: 1855
Epoch: 358, global_step=5483520
SPS: 1856
Epoch: 359, global_step=5498880
SPS: 1856
Epoch: 360, global_step=5514240
SPS: 1857
Epoch: 361, global_step=5529600
SPS: 1858
Epoch: 362, global_step=5544960
SPS: 1858
Epoch: 363, global_step=5560320
SPS: 1859
Epoch: 364, global_step=5575680
SPS: 1859
Epoch: 365, global_step=5591040
SPS: 1860
Epoch: 366, global_step=5606400
SPS: 1860
Epoch: 367, global_step=5621760
SPS: 1861
Epoch: 368, global_step=5637120
SPS: 1861
Epoch: 369, global_step=5652480
SPS: 1862
Epoch: 370, global_step=5667840
SPS: 1862
Epoch: 371, global_step=5683200
SPS: 1863
Epoch: 372, global_step=5698560
SPS: 1863
Epoch: 373, global_step=5713920
SPS: 1864
Epoch: 374, global_step=5729280
SPS: 1864
Epoch: 375, global_step=5744640
SPS: 1865
Epoch: 376, global_step=5760000
Evaluating
Evaluated 2880 steps resulting in 48 episodes
[32mEvaluation Metric: success_once[0m | [36mMean: 0.0000[0m
[32mEvaluation Metric: return[0m | [36mMean: 3.2190[0m
[32mEvaluation Metric: episode_len[0m | [36mMean: 60.0000[0m
[32mEvaluation Metric: reward[0m | [36mMean: 0.0537[0m
[32mEvaluation Metric: success_at_end[0m | [36mMean: 0.0000[0m
model saved to checkpoints/ppo_memtasks/rgb_joints/normalized_dense/RememberShape5-v0/ppo-mlp-dense-remember-shape-5-v0__42__rgb_joints__20251026_023613/20251026_023613/ckpt_15_376.pt
SPS: 1852
Epoch: 377, global_step=5775360
SPS: 1852
Epoch: 378, global_step=5790720
SPS: 1853
Epoch: 379, global_step=5806080
SPS: 1853
Epoch: 380, global_step=5821440
SPS: 1854
Epoch: 381, global_step=5836800
SPS: 1854
Epoch: 382, global_step=5852160
SPS: 1855
Epoch: 383, global_step=5867520
SPS: 1855
Epoch: 384, global_step=5882880
SPS: 1856
Epoch: 385, global_step=5898240
SPS: 1856
Epoch: 386, global_step=5913600
SPS: 1857
Epoch: 387, global_step=5928960
SPS: 1857
Epoch: 388, global_step=5944320
SPS: 1858
Epoch: 389, global_step=5959680
SPS: 1858
Epoch: 390, global_step=5975040
SPS: 1859
Epoch: 391, global_step=5990400
SPS: 1859
Epoch: 392, global_step=6005760
SPS: 1860
Epoch: 393, global_step=6021120
SPS: 1860
Epoch: 394, global_step=6036480
SPS: 1861
Epoch: 395, global_step=6051840
SPS: 1861
Epoch: 396, global_step=6067200
SPS: 1862
Epoch: 397, global_step=6082560
SPS: 1862
Epoch: 398, global_step=6097920
SPS: 1863
Epoch: 399, global_step=6113280
SPS: 1863
Epoch: 400, global_step=6128640
SPS: 1864
Epoch: 401, global_step=6144000
Evaluating
Evaluated 2880 steps resulting in 48 episodes
[32mEvaluation Metric: success_once[0m | [36mMean: 0.0000[0m
[32mEvaluation Metric: return[0m | [36mMean: 2.7642[0m
[32mEvaluation Metric: episode_len[0m | [36mMean: 60.0000[0m
[32mEvaluation Metric: reward[0m | [36mMean: 0.0461[0m
[32mEvaluation Metric: success_at_end[0m | [36mMean: 0.0000[0m
model saved to checkpoints/ppo_memtasks/rgb_joints/normalized_dense/RememberShape5-v0/ppo-mlp-dense-remember-shape-5-v0__42__rgb_joints__20251026_023613/20251026_023613/ckpt_16_401.pt
SPS: 1852
Epoch: 402, global_step=6159360
SPS: 1852
Epoch: 403, global_step=6174720
SPS: 1853
Epoch: 404, global_step=6190080
SPS: 1853
Epoch: 405, global_step=6205440
SPS: 1854
Epoch: 406, global_step=6220800
SPS: 1854
Epoch: 407, global_step=6236160
SPS: 1855
Epoch: 408, global_step=6251520
SPS: 1855
Epoch: 409, global_step=6266880
SPS: 1856
Epoch: 410, global_step=6282240
SPS: 1856
Epoch: 411, global_step=6297600
SPS: 1857
Epoch: 412, global_step=6312960
SPS: 1857
Epoch: 413, global_step=6328320
SPS: 1858
Epoch: 414, global_step=6343680
SPS: 1858
Epoch: 415, global_step=6359040
SPS: 1859
Epoch: 416, global_step=6374400
SPS: 1859
Epoch: 417, global_step=6389760
SPS: 1860
Epoch: 418, global_step=6405120
SPS: 1860
Epoch: 419, global_step=6420480
SPS: 1861
Epoch: 420, global_step=6435840
SPS: 1861
Epoch: 421, global_step=6451200
SPS: 1861
Epoch: 422, global_step=6466560
SPS: 1862
Epoch: 423, global_step=6481920
SPS: 1862
Epoch: 424, global_step=6497280
SPS: 1863
Epoch: 425, global_step=6512640
SPS: 1863
Epoch: 426, global_step=6528000
Evaluating
Evaluated 2880 steps resulting in 48 episodes
[32mEvaluation Metric: success_once[0m | [36mMean: 0.0000[0m
[32mEvaluation Metric: return[0m | [36mMean: 2.9638[0m
[32mEvaluation Metric: episode_len[0m | [36mMean: 60.0000[0m
[32mEvaluation Metric: reward[0m | [36mMean: 0.0494[0m
[32mEvaluation Metric: success_at_end[0m | [36mMean: 0.0000[0m
model saved to checkpoints/ppo_memtasks/rgb_joints/normalized_dense/RememberShape5-v0/ppo-mlp-dense-remember-shape-5-v0__42__rgb_joints__20251026_023613/20251026_023613/ckpt_17_426.pt
SPS: 1851
Epoch: 427, global_step=6543360
SPS: 1852
Epoch: 428, global_step=6558720
SPS: 1852
Epoch: 429, global_step=6574080
SPS: 1852
Epoch: 430, global_step=6589440
SPS: 1853
Epoch: 431, global_step=6604800
SPS: 1853
Epoch: 432, global_step=6620160
SPS: 1854
Epoch: 433, global_step=6635520
SPS: 1854
Epoch: 434, global_step=6650880
SPS: 1855
Epoch: 435, global_step=6666240
SPS: 1855
Epoch: 436, global_step=6681600
SPS: 1856
Epoch: 437, global_step=6696960
SPS: 1856
Epoch: 438, global_step=6712320
SPS: 1857
Epoch: 439, global_step=6727680
SPS: 1857
Epoch: 440, global_step=6743040
SPS: 1858
Epoch: 441, global_step=6758400
SPS: 1858
Epoch: 442, global_step=6773760
SPS: 1858
Epoch: 443, global_step=6789120
SPS: 1859
Epoch: 444, global_step=6804480
SPS: 1859
Epoch: 445, global_step=6819840
SPS: 1860
Epoch: 446, global_step=6835200
SPS: 1860
Epoch: 447, global_step=6850560
SPS: 1861
Epoch: 448, global_step=6865920
SPS: 1861
Epoch: 449, global_step=6881280
SPS: 1861
Epoch: 450, global_step=6896640
SPS: 1862
Epoch: 451, global_step=6912000
Evaluating
Evaluated 2880 steps resulting in 48 episodes
[32mEvaluation Metric: success_once[0m | [36mMean: 0.0000[0m
[32mEvaluation Metric: return[0m | [36mMean: 2.7436[0m
[32mEvaluation Metric: episode_len[0m | [36mMean: 60.0000[0m
[32mEvaluation Metric: reward[0m | [36mMean: 0.0457[0m
[32mEvaluation Metric: success_at_end[0m | [36mMean: 0.0000[0m
model saved to checkpoints/ppo_memtasks/rgb_joints/normalized_dense/RememberShape5-v0/ppo-mlp-dense-remember-shape-5-v0__42__rgb_joints__20251026_023613/20251026_023613/ckpt_18_451.pt
SPS: 1851
Epoch: 452, global_step=6927360
SPS: 1852
Epoch: 453, global_step=6942720
SPS: 1852
Epoch: 454, global_step=6958080
SPS: 1853
Epoch: 455, global_step=6973440
SPS: 1853
Epoch: 456, global_step=6988800
SPS: 1853
Epoch: 457, global_step=7004160
SPS: 1854
Epoch: 458, global_step=7019520
SPS: 1854
Epoch: 459, global_step=7034880
SPS: 1855
Epoch: 460, global_step=7050240
SPS: 1855
Epoch: 461, global_step=7065600
SPS: 1856
Epoch: 462, global_step=7080960
SPS: 1856
Epoch: 463, global_step=7096320
SPS: 1856
Epoch: 464, global_step=7111680
SPS: 1857
Epoch: 465, global_step=7127040
SPS: 1857
Epoch: 466, global_step=7142400
SPS: 1858
Epoch: 467, global_step=7157760
SPS: 1858
Epoch: 468, global_step=7173120
SPS: 1859
Epoch: 469, global_step=7188480
SPS: 1859
Epoch: 470, global_step=7203840
SPS: 1859
Epoch: 471, global_step=7219200
SPS: 1860
Epoch: 472, global_step=7234560
SPS: 1860
Epoch: 473, global_step=7249920
SPS: 1861
Epoch: 474, global_step=7265280
SPS: 1861
Epoch: 475, global_step=7280640
SPS: 1861
Epoch: 476, global_step=7296000
Evaluating
Evaluated 2880 steps resulting in 48 episodes
[32mEvaluation Metric: success_once[0m | [36mMean: 0.0000[0m
[32mEvaluation Metric: return[0m | [36mMean: 2.6486[0m
[32mEvaluation Metric: episode_len[0m | [36mMean: 60.0000[0m
[32mEvaluation Metric: reward[0m | [36mMean: 0.0441[0m
[32mEvaluation Metric: success_at_end[0m | [36mMean: 0.0000[0m
model saved to checkpoints/ppo_memtasks/rgb_joints/normalized_dense/RememberShape5-v0/ppo-mlp-dense-remember-shape-5-v0__42__rgb_joints__20251026_023613/20251026_023613/ckpt_19_476.pt
SPS: 1852
Epoch: 477, global_step=7311360
SPS: 1852
Epoch: 478, global_step=7326720
SPS: 1852
Epoch: 479, global_step=7342080
SPS: 1853
Epoch: 480, global_step=7357440
SPS: 1853
Epoch: 481, global_step=7372800
SPS: 1854
Epoch: 482, global_step=7388160
SPS: 1854
Epoch: 483, global_step=7403520
SPS: 1855
Epoch: 484, global_step=7418880
SPS: 1855
Epoch: 485, global_step=7434240
SPS: 1855
Epoch: 486, global_step=7449600
SPS: 1856
Epoch: 487, global_step=7464960
SPS: 1856
Epoch: 488, global_step=7480320
SPS: 1857
Epoch: 489, global_step=7495680
SPS: 1857
Epoch: 490, global_step=7511040
SPS: 1857
Epoch: 491, global_step=7526400
SPS: 1858
Epoch: 492, global_step=7541760
SPS: 1858
Epoch: 493, global_step=7557120
SPS: 1859
Epoch: 494, global_step=7572480
SPS: 1859
Epoch: 495, global_step=7587840
SPS: 1859
Epoch: 496, global_step=7603200
SPS: 1860
Epoch: 497, global_step=7618560
SPS: 1860
Epoch: 498, global_step=7633920
SPS: 1861
Epoch: 499, global_step=7649280
SPS: 1861
Epoch: 500, global_step=7664640
SPS: 1861
Epoch: 501, global_step=7680000
Evaluating
Evaluated 2880 steps resulting in 48 episodes
[32mEvaluation Metric: success_once[0m | [36mMean: 0.0000[0m
[32mEvaluation Metric: return[0m | [36mMean: 2.5141[0m
[32mEvaluation Metric: episode_len[0m | [36mMean: 60.0000[0m
[32mEvaluation Metric: reward[0m | [36mMean: 0.0419[0m
[32mEvaluation Metric: success_at_end[0m | [36mMean: 0.0000[0m
model saved to checkpoints/ppo_memtasks/rgb_joints/normalized_dense/RememberShape5-v0/ppo-mlp-dense-remember-shape-5-v0__42__rgb_joints__20251026_023613/20251026_023613/ckpt_20_501.pt
SPS: 1852
Epoch: 502, global_step=7695360
SPS: 1852
Epoch: 503, global_step=7710720
SPS: 1852
Epoch: 504, global_step=7726080
SPS: 1853
Epoch: 505, global_step=7741440
SPS: 1853
Epoch: 506, global_step=7756800
SPS: 1854
Epoch: 507, global_step=7772160
SPS: 1854
Epoch: 508, global_step=7787520
SPS: 1854
Epoch: 509, global_step=7802880
SPS: 1855
Epoch: 510, global_step=7818240
SPS: 1855
Epoch: 511, global_step=7833600
SPS: 1856
Epoch: 512, global_step=7848960
SPS: 1856
Epoch: 513, global_step=7864320
SPS: 1856
Epoch: 514, global_step=7879680
SPS: 1857
Epoch: 515, global_step=7895040
SPS: 1857
Epoch: 516, global_step=7910400
SPS: 1858
Epoch: 517, global_step=7925760
SPS: 1858
Epoch: 518, global_step=7941120
SPS: 1858
Epoch: 519, global_step=7956480
SPS: 1859
Epoch: 520, global_step=7971840
SPS: 1859
Epoch: 521, global_step=7987200
SPS: 1859
Epoch: 522, global_step=8002560
SPS: 1860
Epoch: 523, global_step=8017920
SPS: 1860
Epoch: 524, global_step=8033280
SPS: 1861
Epoch: 525, global_step=8048640
SPS: 1861
Epoch: 526, global_step=8064000
Evaluating
Evaluated 2880 steps resulting in 48 episodes
[32mEvaluation Metric: success_once[0m | [36mMean: 0.0000[0m
[32mEvaluation Metric: return[0m | [36mMean: 2.3670[0m
[32mEvaluation Metric: episode_len[0m | [36mMean: 60.0000[0m
[32mEvaluation Metric: reward[0m | [36mMean: 0.0395[0m
[32mEvaluation Metric: success_at_end[0m | [36mMean: 0.0000[0m
model saved to checkpoints/ppo_memtasks/rgb_joints/normalized_dense/RememberShape5-v0/ppo-mlp-dense-remember-shape-5-v0__42__rgb_joints__20251026_023613/20251026_023613/ckpt_21_526.pt
SPS: 1851
Epoch: 527, global_step=8079360
SPS: 1852
Epoch: 528, global_step=8094720
SPS: 1852
Epoch: 529, global_step=8110080
SPS: 1853
Epoch: 530, global_step=8125440
SPS: 1853
Epoch: 531, global_step=8140800
SPS: 1853
Epoch: 532, global_step=8156160
SPS: 1854
Epoch: 533, global_step=8171520
SPS: 1854
Epoch: 534, global_step=8186880
SPS: 1855
Epoch: 535, global_step=8202240
SPS: 1855
Epoch: 536, global_step=8217600
SPS: 1855
Epoch: 537, global_step=8232960
SPS: 1856
Epoch: 538, global_step=8248320
SPS: 1856
Epoch: 539, global_step=8263680
SPS: 1856
Epoch: 540, global_step=8279040
SPS: 1857
Epoch: 541, global_step=8294400
SPS: 1857
Epoch: 542, global_step=8309760
SPS: 1857
Epoch: 543, global_step=8325120
SPS: 1858
Epoch: 544, global_step=8340480
SPS: 1858
Epoch: 545, global_step=8355840
SPS: 1858
Epoch: 546, global_step=8371200
SPS: 1859
Epoch: 547, global_step=8386560
SPS: 1859
Epoch: 548, global_step=8401920
SPS: 1859
Epoch: 549, global_step=8417280
SPS: 1860
Epoch: 550, global_step=8432640
SPS: 1860
Epoch: 551, global_step=8448000
Evaluating
Evaluated 2880 steps resulting in 48 episodes
[32mEvaluation Metric: success_once[0m | [36mMean: 0.0000[0m
[32mEvaluation Metric: return[0m | [36mMean: 2.1766[0m
[32mEvaluation Metric: episode_len[0m | [36mMean: 60.0000[0m
[32mEvaluation Metric: reward[0m | [36mMean: 0.0363[0m
[32mEvaluation Metric: success_at_end[0m | [36mMean: 0.0000[0m
model saved to checkpoints/ppo_memtasks/rgb_joints/normalized_dense/RememberShape5-v0/ppo-mlp-dense-remember-shape-5-v0__42__rgb_joints__20251026_023613/20251026_023613/ckpt_22_551.pt
SPS: 1851
Epoch: 552, global_step=8463360
SPS: 1852
Epoch: 553, global_step=8478720
SPS: 1852
Epoch: 554, global_step=8494080
SPS: 1852
Epoch: 555, global_step=8509440
SPS: 1853
Epoch: 556, global_step=8524800
SPS: 1853
Epoch: 557, global_step=8540160
SPS: 1853
Epoch: 558, global_step=8555520
SPS: 1854
Epoch: 559, global_step=8570880
SPS: 1854
Epoch: 560, global_step=8586240
SPS: 1854
Epoch: 561, global_step=8601600
SPS: 1855
Epoch: 562, global_step=8616960
SPS: 1855
Epoch: 563, global_step=8632320
SPS: 1855
Epoch: 564, global_step=8647680
SPS: 1856
Epoch: 565, global_step=8663040
SPS: 1856
Epoch: 566, global_step=8678400
SPS: 1857
Epoch: 567, global_step=8693760
SPS: 1857
Epoch: 568, global_step=8709120
SPS: 1857
Epoch: 569, global_step=8724480
SPS: 1858
Epoch: 570, global_step=8739840
SPS: 1858
Epoch: 571, global_step=8755200
SPS: 1858
Epoch: 572, global_step=8770560
SPS: 1859
Epoch: 573, global_step=8785920
SPS: 1859
Epoch: 574, global_step=8801280
SPS: 1859
Epoch: 575, global_step=8816640
SPS: 1860
Epoch: 576, global_step=8832000
Evaluating
Evaluated 2880 steps resulting in 48 episodes
[32mEvaluation Metric: success_once[0m | [36mMean: 0.0000[0m
[32mEvaluation Metric: return[0m | [36mMean: 2.0947[0m
[32mEvaluation Metric: episode_len[0m | [36mMean: 60.0000[0m
[32mEvaluation Metric: reward[0m | [36mMean: 0.0349[0m
[32mEvaluation Metric: success_at_end[0m | [36mMean: 0.0000[0m
model saved to checkpoints/ppo_memtasks/rgb_joints/normalized_dense/RememberShape5-v0/ppo-mlp-dense-remember-shape-5-v0__42__rgb_joints__20251026_023613/20251026_023613/ckpt_23_576.pt
SPS: 1851
Epoch: 577, global_step=8847360
SPS: 1851
Epoch: 578, global_step=8862720
SPS: 1851
Epoch: 579, global_step=8878080
SPS: 1852
Epoch: 580, global_step=8893440
SPS: 1852
Epoch: 581, global_step=8908800
SPS: 1853
Epoch: 582, global_step=8924160
SPS: 1853
Epoch: 583, global_step=8939520
SPS: 1853
Epoch: 584, global_step=8954880
SPS: 1854
Epoch: 585, global_step=8970240
SPS: 1854
Epoch: 586, global_step=8985600
SPS: 1854
Epoch: 587, global_step=9000960
SPS: 1854
Epoch: 588, global_step=9016320
SPS: 1855
Epoch: 589, global_step=9031680
SPS: 1855
Epoch: 590, global_step=9047040
SPS: 1856
Epoch: 591, global_step=9062400
SPS: 1856
Epoch: 592, global_step=9077760
SPS: 1856
Epoch: 593, global_step=9093120
SPS: 1857
Epoch: 594, global_step=9108480
SPS: 1857
Epoch: 595, global_step=9123840
SPS: 1857
Epoch: 596, global_step=9139200
SPS: 1857
Epoch: 597, global_step=9154560
SPS: 1858
Epoch: 598, global_step=9169920
SPS: 1858
Epoch: 599, global_step=9185280
SPS: 1858
Epoch: 600, global_step=9200640
SPS: 1859
Epoch: 601, global_step=9216000
Evaluating
Evaluated 2880 steps resulting in 48 episodes
[32mEvaluation Metric: success_once[0m | [36mMean: 0.0000[0m
[32mEvaluation Metric: return[0m | [36mMean: 2.9496[0m
[32mEvaluation Metric: episode_len[0m | [36mMean: 60.0000[0m
[32mEvaluation Metric: reward[0m | [36mMean: 0.0492[0m
[32mEvaluation Metric: success_at_end[0m | [36mMean: 0.0000[0m
model saved to checkpoints/ppo_memtasks/rgb_joints/normalized_dense/RememberShape5-v0/ppo-mlp-dense-remember-shape-5-v0__42__rgb_joints__20251026_023613/20251026_023613/ckpt_24_601.pt
SPS: 1851
Epoch: 602, global_step=9231360
SPS: 1851
Epoch: 603, global_step=9246720
SPS: 1851
Epoch: 604, global_step=9262080
SPS: 1852
Epoch: 605, global_step=9277440
SPS: 1852
Epoch: 606, global_step=9292800
SPS: 1853
Epoch: 607, global_step=9308160
SPS: 1853
Epoch: 608, global_step=9323520
SPS: 1853
Epoch: 609, global_step=9338880
SPS: 1854
Epoch: 610, global_step=9354240
SPS: 1854
Epoch: 611, global_step=9369600
SPS: 1854
Epoch: 612, global_step=9384960
SPS: 1855
Epoch: 613, global_step=9400320
SPS: 1855
Epoch: 614, global_step=9415680
SPS: 1855
Epoch: 615, global_step=9431040
SPS: 1856
Epoch: 616, global_step=9446400
SPS: 1856
Epoch: 617, global_step=9461760
SPS: 1856
Epoch: 618, global_step=9477120
SPS: 1857
Epoch: 619, global_step=9492480
SPS: 1857
Epoch: 620, global_step=9507840
SPS: 1857
Epoch: 621, global_step=9523200
SPS: 1857
Epoch: 622, global_step=9538560
SPS: 1858
Epoch: 623, global_step=9553920
SPS: 1858
Epoch: 624, global_step=9569280
SPS: 1858
Epoch: 625, global_step=9584640
SPS: 1859
Epoch: 626, global_step=9600000
Evaluating
Evaluated 2880 steps resulting in 48 episodes
[32mEvaluation Metric: success_once[0m | [36mMean: 0.0000[0m
[32mEvaluation Metric: return[0m | [36mMean: 2.6760[0m
[32mEvaluation Metric: episode_len[0m | [36mMean: 60.0000[0m
[32mEvaluation Metric: reward[0m | [36mMean: 0.0446[0m
[32mEvaluation Metric: success_at_end[0m | [36mMean: 0.0000[0m
model saved to checkpoints/ppo_memtasks/rgb_joints/normalized_dense/RememberShape5-v0/ppo-mlp-dense-remember-shape-5-v0__42__rgb_joints__20251026_023613/20251026_023613/ckpt_25_626.pt
SPS: 1851
Epoch: 627, global_step=9615360
SPS: 1852
Epoch: 628, global_step=9630720
SPS: 1852
Epoch: 629, global_step=9646080
SPS: 1852
Epoch: 630, global_step=9661440
SPS: 1852
Epoch: 631, global_step=9676800
SPS: 1853
Epoch: 632, global_step=9692160
SPS: 1853
Epoch: 633, global_step=9707520
SPS: 1853
Epoch: 634, global_step=9722880
SPS: 1854
Epoch: 635, global_step=9738240
SPS: 1854
Epoch: 636, global_step=9753600
SPS: 1854
Epoch: 637, global_step=9768960
SPS: 1855
Epoch: 638, global_step=9784320
SPS: 1855
Epoch: 639, global_step=9799680
SPS: 1855
Epoch: 640, global_step=9815040
SPS: 1856
Epoch: 641, global_step=9830400
SPS: 1856
Epoch: 642, global_step=9845760
SPS: 1856
Epoch: 643, global_step=9861120
SPS: 1857
Epoch: 644, global_step=9876480
SPS: 1857
Epoch: 645, global_step=9891840
SPS: 1857
Epoch: 646, global_step=9907200
SPS: 1858
Epoch: 647, global_step=9922560
SPS: 1858
Epoch: 648, global_step=9937920
SPS: 1858
Epoch: 649, global_step=9953280
SPS: 1858
Epoch: 650, global_step=9968640
SPS: 1859
Epoch: 651, global_step=9984000
Evaluating
Evaluated 2880 steps resulting in 48 episodes
[32mEvaluation Metric: success_once[0m | [36mMean: 0.0000[0m
[32mEvaluation Metric: return[0m | [36mMean: 2.7022[0m
[32mEvaluation Metric: episode_len[0m | [36mMean: 60.0000[0m
[32mEvaluation Metric: reward[0m | [36mMean: 0.0450[0m
[32mEvaluation Metric: success_at_end[0m | [36mMean: 0.0000[0m
model saved to checkpoints/ppo_memtasks/rgb_joints/normalized_dense/RememberShape5-v0/ppo-mlp-dense-remember-shape-5-v0__42__rgb_joints__20251026_023613/20251026_023613/ckpt_26_651.pt
SPS: 1851
Epoch: 652, global_step=9999360
SPS: 1852
Epoch: 653, global_step=10014720
SPS: 1852
Epoch: 654, global_step=10030080
SPS: 1852
Epoch: 655, global_step=10045440
SPS: 1853
Epoch: 656, global_step=10060800
SPS: 1853
Epoch: 657, global_step=10076160
SPS: 1853
Epoch: 658, global_step=10091520
SPS: 1853
Epoch: 659, global_step=10106880
SPS: 1854
Epoch: 660, global_step=10122240
SPS: 1854
Epoch: 661, global_step=10137600
SPS: 1854
Epoch: 662, global_step=10152960
SPS: 1855
Epoch: 663, global_step=10168320
SPS: 1855
Epoch: 664, global_step=10183680
SPS: 1855
Epoch: 665, global_step=10199040
SPS: 1856
Epoch: 666, global_step=10214400
SPS: 1856
Epoch: 667, global_step=10229760
SPS: 1856
Epoch: 668, global_step=10245120
SPS: 1856
Epoch: 669, global_step=10260480
SPS: 1857
Epoch: 670, global_step=10275840
SPS: 1857
Epoch: 671, global_step=10291200
SPS: 1857
Epoch: 672, global_step=10306560
SPS: 1858
Epoch: 673, global_step=10321920
SPS: 1858
Epoch: 674, global_step=10337280
SPS: 1858
Epoch: 675, global_step=10352640
SPS: 1859
Epoch: 676, global_step=10368000
Evaluating
Evaluated 2880 steps resulting in 48 episodes
[32mEvaluation Metric: success_once[0m | [36mMean: 0.0000[0m
[32mEvaluation Metric: return[0m | [36mMean: 2.3959[0m
[32mEvaluation Metric: episode_len[0m | [36mMean: 60.0000[0m
[32mEvaluation Metric: reward[0m | [36mMean: 0.0399[0m
[32mEvaluation Metric: success_at_end[0m | [36mMean: 0.0000[0m
model saved to checkpoints/ppo_memtasks/rgb_joints/normalized_dense/RememberShape5-v0/ppo-mlp-dense-remember-shape-5-v0__42__rgb_joints__20251026_023613/20251026_023613/ckpt_27_676.pt
SPS: 1851
Epoch: 677, global_step=10383360
SPS: 1852
Epoch: 678, global_step=10398720
SPS: 1852
Epoch: 679, global_step=10414080
SPS: 1852
Epoch: 680, global_step=10429440
SPS: 1853
Epoch: 681, global_step=10444800
SPS: 1853
Epoch: 682, global_step=10460160
SPS: 1853
Epoch: 683, global_step=10475520
SPS: 1853
Epoch: 684, global_step=10490880
SPS: 1854
Epoch: 685, global_step=10506240
SPS: 1854
Epoch: 686, global_step=10521600
SPS: 1854
Epoch: 687, global_step=10536960
SPS: 1855
Epoch: 688, global_step=10552320
SPS: 1855
Epoch: 689, global_step=10567680
SPS: 1855
Epoch: 690, global_step=10583040
SPS: 1856
Epoch: 691, global_step=10598400
SPS: 1856
Epoch: 692, global_step=10613760
SPS: 1856
Epoch: 693, global_step=10629120
SPS: 1857
Epoch: 694, global_step=10644480
SPS: 1857
Epoch: 695, global_step=10659840
SPS: 1857
Epoch: 696, global_step=10675200
SPS: 1857
Epoch: 697, global_step=10690560
SPS: 1858
Epoch: 698, global_step=10705920
SPS: 1858
Epoch: 699, global_step=10721280
SPS: 1858
Epoch: 700, global_step=10736640
SPS: 1859
Epoch: 701, global_step=10752000
Evaluating
Evaluated 2880 steps resulting in 48 episodes
[32mEvaluation Metric: success_once[0m | [36mMean: 0.0000[0m
[32mEvaluation Metric: return[0m | [36mMean: 3.0390[0m
[32mEvaluation Metric: episode_len[0m | [36mMean: 60.0000[0m
[32mEvaluation Metric: reward[0m | [36mMean: 0.0506[0m
[32mEvaluation Metric: success_at_end[0m | [36mMean: 0.0000[0m
model saved to checkpoints/ppo_memtasks/rgb_joints/normalized_dense/RememberShape5-v0/ppo-mlp-dense-remember-shape-5-v0__42__rgb_joints__20251026_023613/20251026_023613/ckpt_28_701.pt
SPS: 1852
Epoch: 702, global_step=10767360
SPS: 1852
Epoch: 703, global_step=10782720
SPS: 1852
Epoch: 704, global_step=10798080
SPS: 1853
Epoch: 705, global_step=10813440
SPS: 1853
Epoch: 706, global_step=10828800
SPS: 1853
Epoch: 707, global_step=10844160
SPS: 1853
Epoch: 708, global_step=10859520
SPS: 1854
Epoch: 709, global_step=10874880
SPS: 1854
Epoch: 710, global_step=10890240
SPS: 1854
Epoch: 711, global_step=10905600
SPS: 1854
Epoch: 712, global_step=10920960
SPS: 1855
Epoch: 713, global_step=10936320
SPS: 1855
Epoch: 714, global_step=10951680
SPS: 1855
Epoch: 715, global_step=10967040
SPS: 1856
Epoch: 716, global_step=10982400
SPS: 1856
Epoch: 717, global_step=10997760
SPS: 1856
Epoch: 718, global_step=11013120
SPS: 1856
Epoch: 719, global_step=11028480
SPS: 1857
Epoch: 720, global_step=11043840
SPS: 1857
Epoch: 721, global_step=11059200
SPS: 1857
Epoch: 722, global_step=11074560
SPS: 1858
Epoch: 723, global_step=11089920
SPS: 1858
Epoch: 724, global_step=11105280
SPS: 1858
Epoch: 725, global_step=11120640
SPS: 1858
Epoch: 726, global_step=11136000
Evaluating
Evaluated 2880 steps resulting in 48 episodes
[32mEvaluation Metric: success_once[0m | [36mMean: 0.0000[0m
[32mEvaluation Metric: return[0m | [36mMean: 2.6270[0m
[32mEvaluation Metric: episode_len[0m | [36mMean: 60.0000[0m
[32mEvaluation Metric: reward[0m | [36mMean: 0.0438[0m
[32mEvaluation Metric: success_at_end[0m | [36mMean: 0.0000[0m
model saved to checkpoints/ppo_memtasks/rgb_joints/normalized_dense/RememberShape5-v0/ppo-mlp-dense-remember-shape-5-v0__42__rgb_joints__20251026_023613/20251026_023613/ckpt_29_726.pt
SPS: 1852
Epoch: 727, global_step=11151360
SPS: 1852
Epoch: 728, global_step=11166720
SPS: 1852
Epoch: 729, global_step=11182080
SPS: 1852
Epoch: 730, global_step=11197440
SPS: 1853
Epoch: 731, global_step=11212800
SPS: 1853
Epoch: 732, global_step=11228160
SPS: 1853
Epoch: 733, global_step=11243520
SPS: 1854
Epoch: 734, global_step=11258880
SPS: 1854
Epoch: 735, global_step=11274240
SPS: 1854
Epoch: 736, global_step=11289600
SPS: 1854
Epoch: 737, global_step=11304960
SPS: 1855
Epoch: 738, global_step=11320320
SPS: 1855
Epoch: 739, global_step=11335680
SPS: 1855
Epoch: 740, global_step=11351040
SPS: 1856
Epoch: 741, global_step=11366400
SPS: 1856
Epoch: 742, global_step=11381760
SPS: 1856
Epoch: 743, global_step=11397120
SPS: 1856
Epoch: 744, global_step=11412480
SPS: 1857
Epoch: 745, global_step=11427840
SPS: 1857
Epoch: 746, global_step=11443200
SPS: 1857
Epoch: 747, global_step=11458560
SPS: 1857
Epoch: 748, global_step=11473920
SPS: 1858
Epoch: 749, global_step=11489280
SPS: 1858
Epoch: 750, global_step=11504640
SPS: 1858
Epoch: 751, global_step=11520000
Evaluating
Evaluated 2880 steps resulting in 48 episodes
[32mEvaluation Metric: success_once[0m | [36mMean: 0.0000[0m
[32mEvaluation Metric: return[0m | [36mMean: 3.0417[0m
[32mEvaluation Metric: episode_len[0m | [36mMean: 60.0000[0m
[32mEvaluation Metric: reward[0m | [36mMean: 0.0507[0m
[32mEvaluation Metric: success_at_end[0m | [36mMean: 0.0000[0m
model saved to checkpoints/ppo_memtasks/rgb_joints/normalized_dense/RememberShape5-v0/ppo-mlp-dense-remember-shape-5-v0__42__rgb_joints__20251026_023613/20251026_023613/ckpt_30_751.pt
SPS: 1852
Epoch: 752, global_step=11535360
SPS: 1852
Epoch: 753, global_step=11550720
SPS: 1852
Epoch: 754, global_step=11566080
SPS: 1853
Epoch: 755, global_step=11581440
SPS: 1853
Epoch: 756, global_step=11596800
SPS: 1853
Epoch: 757, global_step=11612160
SPS: 1853
Epoch: 758, global_step=11627520
SPS: 1854
Epoch: 759, global_step=11642880
SPS: 1854
Epoch: 760, global_step=11658240
SPS: 1854
Epoch: 761, global_step=11673600
SPS: 1855
Epoch: 762, global_step=11688960
SPS: 1855
Epoch: 763, global_step=11704320
SPS: 1855
Epoch: 764, global_step=11719680
SPS: 1855
Epoch: 765, global_step=11735040
SPS: 1856
Epoch: 766, global_step=11750400
SPS: 1856
Epoch: 767, global_step=11765760
SPS: 1856
Epoch: 768, global_step=11781120
SPS: 1856
Epoch: 769, global_step=11796480
SPS: 1857
Epoch: 770, global_step=11811840
SPS: 1857
Epoch: 771, global_step=11827200
SPS: 1857
Epoch: 772, global_step=11842560
SPS: 1857
Epoch: 773, global_step=11857920
SPS: 1858
Epoch: 774, global_step=11873280
SPS: 1858
Epoch: 775, global_step=11888640
SPS: 1858
Epoch: 776, global_step=11904000
Evaluating
Evaluated 2880 steps resulting in 48 episodes
[32mEvaluation Metric: success_once[0m | [36mMean: 0.0000[0m
[32mEvaluation Metric: return[0m | [36mMean: 2.3643[0m
[32mEvaluation Metric: episode_len[0m | [36mMean: 60.0000[0m
[32mEvaluation Metric: reward[0m | [36mMean: 0.0394[0m
[32mEvaluation Metric: success_at_end[0m | [36mMean: 0.0000[0m
model saved to checkpoints/ppo_memtasks/rgb_joints/normalized_dense/RememberShape5-v0/ppo-mlp-dense-remember-shape-5-v0__42__rgb_joints__20251026_023613/20251026_023613/ckpt_31_776.pt
SPS: 1852
Epoch: 777, global_step=11919360
SPS: 1852
Epoch: 778, global_step=11934720
SPS: 1853
Epoch: 779, global_step=11950080
SPS: 1853
Epoch: 780, global_step=11965440
SPS: 1853
Epoch: 781, global_step=11980800
SPS: 1853
Epoch: 782, global_step=11996160
SPS: 1854
Epoch: 783, global_step=12011520
SPS: 1854
Epoch: 784, global_step=12026880
SPS: 1854
Epoch: 785, global_step=12042240
SPS: 1854
Epoch: 786, global_step=12057600
SPS: 1855
Epoch: 787, global_step=12072960
SPS: 1855
Epoch: 788, global_step=12088320
SPS: 1855
Epoch: 789, global_step=12103680
SPS: 1856
Epoch: 790, global_step=12119040
SPS: 1856
Epoch: 791, global_step=12134400
SPS: 1856
Epoch: 792, global_step=12149760
SPS: 1857
Epoch: 793, global_step=12165120
SPS: 1857
Epoch: 794, global_step=12180480
SPS: 1857
Epoch: 795, global_step=12195840
SPS: 1857
Epoch: 796, global_step=12211200
SPS: 1858
Epoch: 797, global_step=12226560
SPS: 1858
Epoch: 798, global_step=12241920
SPS: 1858
Epoch: 799, global_step=12257280
SPS: 1859
Epoch: 800, global_step=12272640
SPS: 1859
Epoch: 801, global_step=12288000
Evaluating
Evaluated 2880 steps resulting in 48 episodes
[32mEvaluation Metric: success_once[0m | [36mMean: 0.0000[0m
[32mEvaluation Metric: return[0m | [36mMean: 2.5915[0m
[32mEvaluation Metric: episode_len[0m | [36mMean: 60.0000[0m
[32mEvaluation Metric: reward[0m | [36mMean: 0.0432[0m
[32mEvaluation Metric: success_at_end[0m | [36mMean: 0.0000[0m
model saved to checkpoints/ppo_memtasks/rgb_joints/normalized_dense/RememberShape5-v0/ppo-mlp-dense-remember-shape-5-v0__42__rgb_joints__20251026_023613/20251026_023613/ckpt_32_801.pt
SPS: 1853
Epoch: 802, global_step=12303360
SPS: 1853
Epoch: 803, global_step=12318720
SPS: 1853
Epoch: 804, global_step=12334080
SPS: 1854
Epoch: 805, global_step=12349440
SPS: 1854
Epoch: 806, global_step=12364800
SPS: 1854
Epoch: 807, global_step=12380160
SPS: 1854
Epoch: 808, global_step=12395520
SPS: 1855
Epoch: 809, global_step=12410880
SPS: 1855
Epoch: 810, global_step=12426240
SPS: 1855
Epoch: 811, global_step=12441600
SPS: 1855
Epoch: 812, global_step=12456960
SPS: 1856
Epoch: 813, global_step=12472320
SPS: 1856
Epoch: 814, global_step=12487680
SPS: 1856
Epoch: 815, global_step=12503040
SPS: 1856
Epoch: 816, global_step=12518400
SPS: 1857
Epoch: 817, global_step=12533760
SPS: 1857
Epoch: 818, global_step=12549120
SPS: 1857
Epoch: 819, global_step=12564480
SPS: 1857
Epoch: 820, global_step=12579840
SPS: 1858
Epoch: 821, global_step=12595200
SPS: 1858
Epoch: 822, global_step=12610560
SPS: 1858
Epoch: 823, global_step=12625920
SPS: 1858
Epoch: 824, global_step=12641280
SPS: 1858
Epoch: 825, global_step=12656640
SPS: 1859
Epoch: 826, global_step=12672000
Evaluating
Evaluated 2880 steps resulting in 48 episodes
[32mEvaluation Metric: success_once[0m | [36mMean: 0.0000[0m
[32mEvaluation Metric: return[0m | [36mMean: 2.7629[0m
[32mEvaluation Metric: episode_len[0m | [36mMean: 60.0000[0m
[32mEvaluation Metric: reward[0m | [36mMean: 0.0460[0m
[32mEvaluation Metric: success_at_end[0m | [36mMean: 0.0000[0m
model saved to checkpoints/ppo_memtasks/rgb_joints/normalized_dense/RememberShape5-v0/ppo-mlp-dense-remember-shape-5-v0__42__rgb_joints__20251026_023613/20251026_023613/ckpt_33_826.pt
SPS: 1853
Epoch: 827, global_step=12687360
SPS: 1853
Epoch: 828, global_step=12702720
SPS: 1853
Epoch: 829, global_step=12718080
SPS: 1854
Epoch: 830, global_step=12733440
SPS: 1854
Epoch: 831, global_step=12748800
SPS: 1854
Epoch: 832, global_step=12764160
SPS: 1854
Epoch: 833, global_step=12779520
SPS: 1855
Epoch: 834, global_step=12794880
SPS: 1855
Epoch: 835, global_step=12810240
SPS: 1855
Epoch: 836, global_step=12825600
SPS: 1855
Epoch: 837, global_step=12840960
SPS: 1855
Epoch: 838, global_step=12856320
SPS: 1856
Epoch: 839, global_step=12871680
SPS: 1856
Epoch: 840, global_step=12887040
SPS: 1856
Epoch: 841, global_step=12902400
SPS: 1856
Epoch: 842, global_step=12917760
SPS: 1857
Epoch: 843, global_step=12933120
SPS: 1857
Epoch: 844, global_step=12948480
SPS: 1857
Epoch: 845, global_step=12963840
SPS: 1857
Epoch: 846, global_step=12979200
SPS: 1857
model saved to checkpoints/ppo_memtasks/rgb_joints/normalized_dense/RememberShape5-v0/ppo-mlp-dense-remember-shape-5-v0__42__rgb_joints__20251026_023613/20251026_023613/final_ckpt.pt
Running RememberShape5-v0 with seed 33

===========================================================================
║                        Environment Configuration                        ║
===========================================================================
║ Environment ID: RememberShape5-v0                                       ║
║ Oracle Info:    None                                                    ║
║ Wrappers:                                                               ║
║    ├─ InitialZeroActionWrapper                                         ║
║    │  └─ {'n_initial_steps': 0}                                           ║
║    ├─ RememberShapeInfoWrapper                                         ║
║    ├─ RenderStepInfoWrapper                                            ║
║    ├─ RenderRewardInfoWrapper                                          ║
║    ├─ DebugRewardWrapper                                               ║
║-------------------------------------------------------------------------║
║ include_state:       False │ state will not be used                ║
║ include_rgb:         True  │ rgb images will be used               ║
║ include_oracle:      False │ oracle info will not be used          ║
║ include_joints:      True  │ joints will be used                   ║
===========================================================================

MODE='rgb_joints'
prompt_info=None
Saving eval videos to checkpoints/ppo_memtasks/rgb_joints/normalized_dense/RememberShape5-v0/ppo-mlp-dense-remember-shape-5-v0__33__rgb_joints__20251026_043519/20251026_043519/videos
======================================================================
Max Episode Steps: 60
======================================================================

Running training

####
args.num_iterations=846 args.num_envs=256 args.num_eval_envs=16
args.minibatch_size=1920 args.batch_size=15360 args.update_epochs=4
####

sample_obs.keys()=dict_keys(['joints', 'rgb'])
joints: torch.Size([256, 25])
rgb: torch.Size([256, 128, 128, 3])


Epoch: 1, global_step=0
Evaluating
Evaluated 2880 steps resulting in 48 episodes
[32mEvaluation Metric: success_once[0m | [36mMean: 0.0000[0m
[32mEvaluation Metric: return[0m | [36mMean: 9.8428[0m
[32mEvaluation Metric: episode_len[0m | [36mMean: 60.0000[0m
[32mEvaluation Metric: reward[0m | [36mMean: 0.1640[0m
[32mEvaluation Metric: success_at_end[0m | [36mMean: 0.0000[0m
model saved to checkpoints/ppo_memtasks/rgb_joints/normalized_dense/RememberShape5-v0/ppo-mlp-dense-remember-shape-5-v0__33__rgb_joints__20251026_043519/20251026_043519/ckpt_0_1.pt
SPS: 266
Epoch: 2, global_step=15360
SPS: 481
Epoch: 3, global_step=30720
SPS: 658
Epoch: 4, global_step=46080
SPS: 804
Epoch: 5, global_step=61440
SPS: 927
Epoch: 6, global_step=76800
SPS: 1031
Epoch: 7, global_step=92160
SPS: 1119
Epoch: 8, global_step=107520
SPS: 1196
Epoch: 9, global_step=122880
SPS: 1262
Epoch: 10, global_step=138240
SPS: 1321
Epoch: 11, global_step=153600
SPS: 1372
Epoch: 12, global_step=168960
SPS: 1417
Epoch: 13, global_step=184320
SPS: 1458
Epoch: 14, global_step=199680
SPS: 1495
Epoch: 15, global_step=215040
SPS: 1528
Epoch: 16, global_step=230400
SPS: 1558
Epoch: 17, global_step=245760
SPS: 1585
Epoch: 18, global_step=261120
SPS: 1611
Epoch: 19, global_step=276480
SPS: 1634
Epoch: 20, global_step=291840
SPS: 1654
Epoch: 21, global_step=307200
SPS: 1674
Epoch: 22, global_step=322560
SPS: 1692
Epoch: 23, global_step=337920
SPS: 1709
Epoch: 24, global_step=353280
SPS: 1724
Epoch: 25, global_step=368640
SPS: 1738
Epoch: 26, global_step=384000
Evaluating
Evaluated 2880 steps resulting in 48 episodes
[32mEvaluation Metric: success_once[0m | [36mMean: 0.0208[0m
[32mEvaluation Metric: return[0m | [36mMean: 2.5932[0m
[32mEvaluation Metric: episode_len[0m | [36mMean: 60.0000[0m
[32mEvaluation Metric: reward[0m | [36mMean: 0.0432[0m
[32mEvaluation Metric: success_at_end[0m | [36mMean: 0.0000[0m
model saved to checkpoints/ppo_memtasks/rgb_joints/normalized_dense/RememberShape5-v0/ppo-mlp-dense-remember-shape-5-v0__33__rgb_joints__20251026_043519/20251026_043519/ckpt_1_26.pt
SPS: 1605
Epoch: 27, global_step=399360
SPS: 1620
Epoch: 28, global_step=414720
SPS: 1634
Epoch: 29, global_step=430080
SPS: 1648
Epoch: 30, global_step=445440
SPS: 1661
Epoch: 31, global_step=460800
SPS: 1672
Epoch: 32, global_step=476160
SPS: 1684
Epoch: 33, global_step=491520
SPS: 1694
Epoch: 34, global_step=506880
SPS: 1705
Epoch: 35, global_step=522240
SPS: 1715
Epoch: 36, global_step=537600
SPS: 1724
Epoch: 37, global_step=552960
SPS: 1733
Epoch: 38, global_step=568320
SPS: 1742
Epoch: 39, global_step=583680
SPS: 1750
Epoch: 40, global_step=599040
SPS: 1758
Epoch: 41, global_step=614400
SPS: 1765
Epoch: 42, global_step=629760
SPS: 1773
Epoch: 43, global_step=645120
SPS: 1779
Epoch: 44, global_step=660480
SPS: 1786
Epoch: 45, global_step=675840
SPS: 1793
Epoch: 46, global_step=691200
SPS: 1799
Epoch: 47, global_step=706560
SPS: 1805
Epoch: 48, global_step=721920
SPS: 1811
Epoch: 49, global_step=737280
SPS: 1816
Epoch: 50, global_step=752640
SPS: 1821
Epoch: 51, global_step=768000
Evaluating
Evaluated 2880 steps resulting in 48 episodes
[32mEvaluation Metric: success_once[0m | [36mMean: 0.0000[0m
[32mEvaluation Metric: return[0m | [36mMean: 4.9650[0m
[32mEvaluation Metric: episode_len[0m | [36mMean: 60.0000[0m
[32mEvaluation Metric: reward[0m | [36mMean: 0.0828[0m
[32mEvaluation Metric: success_at_end[0m | [36mMean: 0.0000[0m
model saved to checkpoints/ppo_memtasks/rgb_joints/normalized_dense/RememberShape5-v0/ppo-mlp-dense-remember-shape-5-v0__33__rgb_joints__20251026_043519/20251026_043519/ckpt_2_51.pt
SPS: 1739
Epoch: 52, global_step=783360
SPS: 1745
Epoch: 53, global_step=798720
SPS: 1750
Epoch: 54, global_step=814080
SPS: 1756
Epoch: 55, global_step=829440
SPS: 1762
Epoch: 56, global_step=844800
SPS: 1767
Epoch: 57, global_step=860160
SPS: 1772
Epoch: 58, global_step=875520
SPS: 1777
Epoch: 59, global_step=890880
SPS: 1782
Epoch: 60, global_step=906240
SPS: 1787
Epoch: 61, global_step=921600
SPS: 1791
Epoch: 62, global_step=936960
SPS: 1796
Epoch: 63, global_step=952320
SPS: 1800
Epoch: 64, global_step=967680
SPS: 1804
Epoch: 65, global_step=983040
SPS: 1808
Epoch: 66, global_step=998400
SPS: 1812
Epoch: 67, global_step=1013760
SPS: 1816
Epoch: 68, global_step=1029120
SPS: 1820
Epoch: 69, global_step=1044480
SPS: 1825
Epoch: 70, global_step=1059840
SPS: 1829
Epoch: 71, global_step=1075200
SPS: 1833
Epoch: 72, global_step=1090560
SPS: 1837
Epoch: 73, global_step=1105920
SPS: 1841
Epoch: 74, global_step=1121280
SPS: 1845
Epoch: 75, global_step=1136640
SPS: 1848
Epoch: 76, global_step=1152000
Evaluating
Evaluated 2880 steps resulting in 48 episodes
[32mEvaluation Metric: success_once[0m | [36mMean: 0.0208[0m
[32mEvaluation Metric: return[0m | [36mMean: 4.5879[0m
[32mEvaluation Metric: episode_len[0m | [36mMean: 60.0000[0m
[32mEvaluation Metric: reward[0m | [36mMean: 0.0765[0m
[32mEvaluation Metric: success_at_end[0m | [36mMean: 0.0000[0m
model saved to checkpoints/ppo_memtasks/rgb_joints/normalized_dense/RememberShape5-v0/ppo-mlp-dense-remember-shape-5-v0__33__rgb_joints__20251026_043519/20251026_043519/ckpt_3_76.pt
SPS: 1789
Epoch: 77, global_step=1167360
SPS: 1793
Epoch: 78, global_step=1182720
SPS: 1796
Epoch: 79, global_step=1198080
SPS: 1799
Epoch: 80, global_step=1213440
SPS: 1802
Epoch: 81, global_step=1228800
SPS: 1804
Epoch: 82, global_step=1244160
SPS: 1808
Epoch: 83, global_step=1259520
SPS: 1811
Epoch: 84, global_step=1274880
SPS: 1814
Epoch: 85, global_step=1290240
SPS: 1817
Epoch: 86, global_step=1305600
SPS: 1820
Epoch: 87, global_step=1320960
SPS: 1822
Epoch: 88, global_step=1336320
SPS: 1825
Epoch: 89, global_step=1351680
SPS: 1828
Epoch: 90, global_step=1367040
SPS: 1831
Epoch: 91, global_step=1382400
SPS: 1833
Epoch: 92, global_step=1397760
SPS: 1835
Epoch: 93, global_step=1413120
SPS: 1838
Epoch: 94, global_step=1428480
SPS: 1840
Epoch: 95, global_step=1443840
SPS: 1842
Epoch: 96, global_step=1459200
SPS: 1845
Epoch: 97, global_step=1474560
SPS: 1847
Epoch: 98, global_step=1489920
SPS: 1850
Epoch: 99, global_step=1505280
SPS: 1851
Epoch: 100, global_step=1520640
SPS: 1853
Epoch: 101, global_step=1536000
Evaluating
Evaluated 2880 steps resulting in 48 episodes
[32mEvaluation Metric: success_once[0m | [36mMean: 0.0208[0m
[32mEvaluation Metric: return[0m | [36mMean: 2.4137[0m
[32mEvaluation Metric: episode_len[0m | [36mMean: 60.0000[0m
[32mEvaluation Metric: reward[0m | [36mMean: 0.0402[0m
[32mEvaluation Metric: success_at_end[0m | [36mMean: 0.0000[0m
model saved to checkpoints/ppo_memtasks/rgb_joints/normalized_dense/RememberShape5-v0/ppo-mlp-dense-remember-shape-5-v0__33__rgb_joints__20251026_043519/20251026_043519/ckpt_4_101.pt
SPS: 1808
Epoch: 102, global_step=1551360
SPS: 1811
Epoch: 103, global_step=1566720
SPS: 1813
Epoch: 104, global_step=1582080
SPS: 1816
Epoch: 105, global_step=1597440
SPS: 1818
Epoch: 106, global_step=1612800
SPS: 1820
Epoch: 107, global_step=1628160
SPS: 1823
Epoch: 108, global_step=1643520
SPS: 1825
Epoch: 109, global_step=1658880
SPS: 1827
Epoch: 110, global_step=1674240
SPS: 1830
Epoch: 111, global_step=1689600
SPS: 1832
Epoch: 112, global_step=1704960
SPS: 1834
Epoch: 113, global_step=1720320
SPS: 1836
Epoch: 114, global_step=1735680
SPS: 1838
Epoch: 115, global_step=1751040
SPS: 1841
Epoch: 116, global_step=1766400
SPS: 1843
Epoch: 117, global_step=1781760
SPS: 1845
Epoch: 118, global_step=1797120
SPS: 1846
Epoch: 119, global_step=1812480
SPS: 1848
Epoch: 120, global_step=1827840
SPS: 1850
Epoch: 121, global_step=1843200
SPS: 1852
Epoch: 122, global_step=1858560
SPS: 1854
Epoch: 123, global_step=1873920
SPS: 1856
Epoch: 124, global_step=1889280
SPS: 1857
Epoch: 125, global_step=1904640
SPS: 1859
Epoch: 126, global_step=1920000
Evaluating
Evaluated 2880 steps resulting in 48 episodes
[32mEvaluation Metric: success_once[0m | [36mMean: 0.1250[0m
[32mEvaluation Metric: return[0m | [36mMean: 3.2279[0m
[32mEvaluation Metric: episode_len[0m | [36mMean: 60.0000[0m
[32mEvaluation Metric: reward[0m | [36mMean: 0.0538[0m
[32mEvaluation Metric: success_at_end[0m | [36mMean: 0.0417[0m
model saved to checkpoints/ppo_memtasks/rgb_joints/normalized_dense/RememberShape5-v0/ppo-mlp-dense-remember-shape-5-v0__33__rgb_joints__20251026_043519/20251026_043519/ckpt_5_126.pt
SPS: 1823
Epoch: 127, global_step=1935360
SPS: 1825
Epoch: 128, global_step=1950720
SPS: 1827
Epoch: 129, global_step=1966080
SPS: 1829
Epoch: 130, global_step=1981440
SPS: 1830
Epoch: 131, global_step=1996800
SPS: 1832
Epoch: 132, global_step=2012160
SPS: 1834
Epoch: 133, global_step=2027520
SPS: 1836
Epoch: 134, global_step=2042880
SPS: 1838
Epoch: 135, global_step=2058240
SPS: 1839
Epoch: 136, global_step=2073600
SPS: 1841
Epoch: 137, global_step=2088960
SPS: 1843
Epoch: 138, global_step=2104320
SPS: 1845
Epoch: 139, global_step=2119680
SPS: 1846
Epoch: 140, global_step=2135040
SPS: 1848
Epoch: 141, global_step=2150400
SPS: 1849
Epoch: 142, global_step=2165760
SPS: 1851
Epoch: 143, global_step=2181120
SPS: 1853
Epoch: 144, global_step=2196480
SPS: 1854
Epoch: 145, global_step=2211840
SPS: 1855
Epoch: 146, global_step=2227200
SPS: 1857
Epoch: 147, global_step=2242560
SPS: 1858
Epoch: 148, global_step=2257920
SPS: 1860
Epoch: 149, global_step=2273280
SPS: 1861
Epoch: 150, global_step=2288640
SPS: 1863
Epoch: 151, global_step=2304000
Evaluating
Evaluated 2880 steps resulting in 48 episodes
[32mEvaluation Metric: success_once[0m | [36mMean: 0.1250[0m
[32mEvaluation Metric: return[0m | [36mMean: 4.8359[0m
[32mEvaluation Metric: episode_len[0m | [36mMean: 60.0000[0m
[32mEvaluation Metric: reward[0m | [36mMean: 0.0806[0m
[32mEvaluation Metric: success_at_end[0m | [36mMean: 0.1250[0m
model saved to checkpoints/ppo_memtasks/rgb_joints/normalized_dense/RememberShape5-v0/ppo-mlp-dense-remember-shape-5-v0__33__rgb_joints__20251026_043519/20251026_043519/ckpt_6_151.pt
SPS: 1831
Epoch: 152, global_step=2319360
SPS: 1833
Epoch: 153, global_step=2334720
SPS: 1834
Epoch: 154, global_step=2350080
SPS: 1836
Epoch: 155, global_step=2365440
SPS: 1837
Epoch: 156, global_step=2380800
SPS: 1839
Epoch: 157, global_step=2396160
SPS: 1840
Epoch: 158, global_step=2411520
SPS: 1842
Epoch: 159, global_step=2426880
SPS: 1843
Epoch: 160, global_step=2442240
SPS: 1845
Epoch: 161, global_step=2457600
SPS: 1846
Epoch: 162, global_step=2472960
SPS: 1847
Epoch: 163, global_step=2488320
SPS: 1849
Epoch: 164, global_step=2503680
SPS: 1850
Epoch: 165, global_step=2519040
SPS: 1852
Epoch: 166, global_step=2534400
SPS: 1853
Epoch: 167, global_step=2549760
SPS: 1854
Epoch: 168, global_step=2565120
SPS: 1855
Epoch: 169, global_step=2580480
SPS: 1857
Epoch: 170, global_step=2595840
SPS: 1858
Epoch: 171, global_step=2611200
SPS: 1859
Epoch: 172, global_step=2626560
SPS: 1860
Epoch: 173, global_step=2641920
SPS: 1862
Epoch: 174, global_step=2657280
SPS: 1863
Epoch: 175, global_step=2672640
SPS: 1864
Epoch: 176, global_step=2688000
Evaluating
Evaluated 2880 steps resulting in 48 episodes
[32mEvaluation Metric: success_once[0m | [36mMean: 0.1458[0m
[32mEvaluation Metric: return[0m | [36mMean: 5.0824[0m
[32mEvaluation Metric: episode_len[0m | [36mMean: 60.0000[0m
[32mEvaluation Metric: reward[0m | [36mMean: 0.0847[0m
[32mEvaluation Metric: success_at_end[0m | [36mMean: 0.0625[0m
model saved to checkpoints/ppo_memtasks/rgb_joints/normalized_dense/RememberShape5-v0/ppo-mlp-dense-remember-shape-5-v0__33__rgb_joints__20251026_043519/20251026_043519/ckpt_7_176.pt
SPS: 1838
Epoch: 177, global_step=2703360
SPS: 1839
Epoch: 178, global_step=2718720
SPS: 1840
Epoch: 179, global_step=2734080
SPS: 1842
Epoch: 180, global_step=2749440
SPS: 1843
Epoch: 181, global_step=2764800
SPS: 1844
Epoch: 182, global_step=2780160
SPS: 1845
Epoch: 183, global_step=2795520
SPS: 1847
Epoch: 184, global_step=2810880
SPS: 1848
Epoch: 185, global_step=2826240
SPS: 1849
Epoch: 186, global_step=2841600
SPS: 1850
Epoch: 187, global_step=2856960
SPS: 1851
Epoch: 188, global_step=2872320
SPS: 1853
Epoch: 189, global_step=2887680
SPS: 1854
Epoch: 190, global_step=2903040
SPS: 1855
Epoch: 191, global_step=2918400
SPS: 1856
Epoch: 192, global_step=2933760
SPS: 1857
Epoch: 193, global_step=2949120
SPS: 1858
Epoch: 194, global_step=2964480
SPS: 1860
Epoch: 195, global_step=2979840
SPS: 1861
Epoch: 196, global_step=2995200
SPS: 1862
Epoch: 197, global_step=3010560
SPS: 1863
Epoch: 198, global_step=3025920
SPS: 1864
Epoch: 199, global_step=3041280
SPS: 1865
Epoch: 200, global_step=3056640
SPS: 1866
Epoch: 201, global_step=3072000
Evaluating
Evaluated 2880 steps resulting in 48 episodes
[32mEvaluation Metric: success_once[0m | [36mMean: 0.1458[0m
[32mEvaluation Metric: return[0m | [36mMean: 5.5261[0m
[32mEvaluation Metric: episode_len[0m | [36mMean: 60.0000[0m
[32mEvaluation Metric: reward[0m | [36mMean: 0.0921[0m
[32mEvaluation Metric: success_at_end[0m | [36mMean: 0.1250[0m
model saved to checkpoints/ppo_memtasks/rgb_joints/normalized_dense/RememberShape5-v0/ppo-mlp-dense-remember-shape-5-v0__33__rgb_joints__20251026_043519/20251026_043519/ckpt_8_201.pt
SPS: 1843
Epoch: 202, global_step=3087360
SPS: 1844
Epoch: 203, global_step=3102720
SPS: 1845
Epoch: 204, global_step=3118080
SPS: 1847
Epoch: 205, global_step=3133440
SPS: 1848
Epoch: 206, global_step=3148800
SPS: 1849
Epoch: 207, global_step=3164160
SPS: 1850
Epoch: 208, global_step=3179520
SPS: 1851
Epoch: 209, global_step=3194880
SPS: 1852
Epoch: 210, global_step=3210240
SPS: 1853
Epoch: 211, global_step=3225600
SPS: 1854
Epoch: 212, global_step=3240960
SPS: 1855
Epoch: 213, global_step=3256320
SPS: 1856
Epoch: 214, global_step=3271680
SPS: 1857
Epoch: 215, global_step=3287040
SPS: 1858
Epoch: 216, global_step=3302400
SPS: 1859
Epoch: 217, global_step=3317760
SPS: 1860
Epoch: 218, global_step=3333120
SPS: 1861
Epoch: 219, global_step=3348480
SPS: 1861
Epoch: 220, global_step=3363840
SPS: 1862
Epoch: 221, global_step=3379200
SPS: 1863
Epoch: 222, global_step=3394560
SPS: 1864
Epoch: 223, global_step=3409920
SPS: 1865
Epoch: 224, global_step=3425280
SPS: 1866
Epoch: 225, global_step=3440640
SPS: 1867
Epoch: 226, global_step=3456000
Evaluating
Evaluated 2880 steps resulting in 48 episodes
[32mEvaluation Metric: success_once[0m | [36mMean: 0.0625[0m
[32mEvaluation Metric: return[0m | [36mMean: 4.2254[0m
[32mEvaluation Metric: episode_len[0m | [36mMean: 60.0000[0m
[32mEvaluation Metric: reward[0m | [36mMean: 0.0704[0m
[32mEvaluation Metric: success_at_end[0m | [36mMean: 0.0208[0m
model saved to checkpoints/ppo_memtasks/rgb_joints/normalized_dense/RememberShape5-v0/ppo-mlp-dense-remember-shape-5-v0__33__rgb_joints__20251026_043519/20251026_043519/ckpt_9_226.pt
SPS: 1846
Epoch: 227, global_step=3471360
SPS: 1847
Epoch: 228, global_step=3486720
SPS: 1848
Epoch: 229, global_step=3502080
SPS: 1849
Epoch: 230, global_step=3517440
SPS: 1850
Epoch: 231, global_step=3532800
SPS: 1851
Epoch: 232, global_step=3548160
SPS: 1852
Epoch: 233, global_step=3563520
SPS: 1853
Epoch: 234, global_step=3578880
SPS: 1854
Epoch: 235, global_step=3594240
SPS: 1854
Epoch: 236, global_step=3609600
SPS: 1855
Epoch: 237, global_step=3624960
SPS: 1856
Epoch: 238, global_step=3640320
SPS: 1857
Epoch: 239, global_step=3655680
SPS: 1858
Epoch: 240, global_step=3671040
SPS: 1859
Epoch: 241, global_step=3686400
SPS: 1860
Epoch: 242, global_step=3701760
SPS: 1861
Epoch: 243, global_step=3717120
SPS: 1862
Epoch: 244, global_step=3732480
SPS: 1862
Epoch: 245, global_step=3747840
SPS: 1863
Epoch: 246, global_step=3763200
SPS: 1864
Epoch: 247, global_step=3778560
SPS: 1865
Epoch: 248, global_step=3793920
SPS: 1866
Epoch: 249, global_step=3809280
SPS: 1867
Epoch: 250, global_step=3824640
SPS: 1867
Epoch: 251, global_step=3840000
Evaluating
Evaluated 2880 steps resulting in 48 episodes
[32mEvaluation Metric: success_once[0m | [36mMean: 0.1458[0m
[32mEvaluation Metric: return[0m | [36mMean: 6.1341[0m
[32mEvaluation Metric: episode_len[0m | [36mMean: 60.0000[0m
[32mEvaluation Metric: reward[0m | [36mMean: 0.1022[0m
[32mEvaluation Metric: success_at_end[0m | [36mMean: 0.1042[0m
model saved to checkpoints/ppo_memtasks/rgb_joints/normalized_dense/RememberShape5-v0/ppo-mlp-dense-remember-shape-5-v0__33__rgb_joints__20251026_043519/20251026_043519/ckpt_10_251.pt
SPS: 1849
Epoch: 252, global_step=3855360
SPS: 1850
Epoch: 253, global_step=3870720
SPS: 1851
Epoch: 254, global_step=3886080
SPS: 1851
Epoch: 255, global_step=3901440
SPS: 1852
Epoch: 256, global_step=3916800
SPS: 1853
Epoch: 257, global_step=3932160
SPS: 1854
Epoch: 258, global_step=3947520
SPS: 1855
Epoch: 259, global_step=3962880
SPS: 1856
Epoch: 260, global_step=3978240
SPS: 1856
Epoch: 261, global_step=3993600
SPS: 1857
Epoch: 262, global_step=4008960
SPS: 1858
Epoch: 263, global_step=4024320
SPS: 1859
Epoch: 264, global_step=4039680
SPS: 1859
Epoch: 265, global_step=4055040
SPS: 1860
Epoch: 266, global_step=4070400
SPS: 1861
Epoch: 267, global_step=4085760
SPS: 1862
Epoch: 268, global_step=4101120
SPS: 1862
Epoch: 269, global_step=4116480
SPS: 1863
Epoch: 270, global_step=4131840
SPS: 1864
Epoch: 271, global_step=4147200
SPS: 1865
Epoch: 272, global_step=4162560
SPS: 1865
Epoch: 273, global_step=4177920
SPS: 1866
Epoch: 274, global_step=4193280
SPS: 1867
Epoch: 275, global_step=4208640
SPS: 1868
Epoch: 276, global_step=4224000
Evaluating
Evaluated 2880 steps resulting in 48 episodes
[32mEvaluation Metric: success_once[0m | [36mMean: 0.0833[0m
[32mEvaluation Metric: return[0m | [36mMean: 5.2411[0m
[32mEvaluation Metric: episode_len[0m | [36mMean: 60.0000[0m
[32mEvaluation Metric: reward[0m | [36mMean: 0.0874[0m
[32mEvaluation Metric: success_at_end[0m | [36mMean: 0.0208[0m
model saved to checkpoints/ppo_memtasks/rgb_joints/normalized_dense/RememberShape5-v0/ppo-mlp-dense-remember-shape-5-v0__33__rgb_joints__20251026_043519/20251026_043519/ckpt_11_276.pt
SPS: 1850
Epoch: 277, global_step=4239360
SPS: 1851
Epoch: 278, global_step=4254720
SPS: 1852
Epoch: 279, global_step=4270080
SPS: 1852
Epoch: 280, global_step=4285440
SPS: 1853
Epoch: 281, global_step=4300800
SPS: 1854
Epoch: 282, global_step=4316160
SPS: 1855
Epoch: 283, global_step=4331520
SPS: 1855
Epoch: 284, global_step=4346880
SPS: 1856
Epoch: 285, global_step=4362240
SPS: 1857
Epoch: 286, global_step=4377600
SPS: 1857
Epoch: 287, global_step=4392960
SPS: 1858
Epoch: 288, global_step=4408320
SPS: 1859
Epoch: 289, global_step=4423680
SPS: 1859
Epoch: 290, global_step=4439040
SPS: 1860
Epoch: 291, global_step=4454400
SPS: 1861
Epoch: 292, global_step=4469760
SPS: 1861
Epoch: 293, global_step=4485120
SPS: 1862
Epoch: 294, global_step=4500480
SPS: 1863
Epoch: 295, global_step=4515840
SPS: 1863
Epoch: 296, global_step=4531200
SPS: 1864
Epoch: 297, global_step=4546560
SPS: 1865
Epoch: 298, global_step=4561920
SPS: 1865
Epoch: 299, global_step=4577280
SPS: 1866
Epoch: 300, global_step=4592640
SPS: 1867
Epoch: 301, global_step=4608000
Evaluating
Evaluated 2880 steps resulting in 48 episodes
[32mEvaluation Metric: success_once[0m | [36mMean: 0.0208[0m
[32mEvaluation Metric: return[0m | [36mMean: 3.7703[0m
[32mEvaluation Metric: episode_len[0m | [36mMean: 60.0000[0m
[32mEvaluation Metric: reward[0m | [36mMean: 0.0628[0m
[32mEvaluation Metric: success_at_end[0m | [36mMean: 0.0208[0m
model saved to checkpoints/ppo_memtasks/rgb_joints/normalized_dense/RememberShape5-v0/ppo-mlp-dense-remember-shape-5-v0__33__rgb_joints__20251026_043519/20251026_043519/ckpt_12_301.pt
SPS: 1850
Epoch: 302, global_step=4623360
SPS: 1851
Epoch: 303, global_step=4638720
SPS: 1851
Epoch: 304, global_step=4654080
SPS: 1852
Epoch: 305, global_step=4669440
SPS: 1853
Epoch: 306, global_step=4684800
SPS: 1853
Epoch: 307, global_step=4700160
SPS: 1854
Epoch: 308, global_step=4715520
SPS: 1855
Epoch: 309, global_step=4730880
SPS: 1855
Epoch: 310, global_step=4746240
SPS: 1856
Epoch: 311, global_step=4761600
SPS: 1857
Epoch: 312, global_step=4776960
SPS: 1857
Epoch: 313, global_step=4792320
SPS: 1858
Epoch: 314, global_step=4807680
SPS: 1858
Epoch: 315, global_step=4823040
SPS: 1859
Epoch: 316, global_step=4838400
SPS: 1859
Epoch: 317, global_step=4853760
SPS: 1860
Epoch: 318, global_step=4869120
SPS: 1861
Epoch: 319, global_step=4884480
SPS: 1861
Epoch: 320, global_step=4899840
SPS: 1862
Epoch: 321, global_step=4915200
SPS: 1863
Epoch: 322, global_step=4930560
SPS: 1863
Epoch: 323, global_step=4945920
SPS: 1864
Epoch: 324, global_step=4961280
SPS: 1864
Epoch: 325, global_step=4976640
SPS: 1865
Epoch: 326, global_step=4992000
Evaluating
Evaluated 2880 steps resulting in 48 episodes
[32mEvaluation Metric: success_once[0m | [36mMean: 0.0625[0m
[32mEvaluation Metric: return[0m | [36mMean: 4.4060[0m
[32mEvaluation Metric: episode_len[0m | [36mMean: 60.0000[0m
[32mEvaluation Metric: reward[0m | [36mMean: 0.0734[0m
[32mEvaluation Metric: success_at_end[0m | [36mMean: 0.0417[0m
model saved to checkpoints/ppo_memtasks/rgb_joints/normalized_dense/RememberShape5-v0/ppo-mlp-dense-remember-shape-5-v0__33__rgb_joints__20251026_043519/20251026_043519/ckpt_13_326.pt
SPS: 1851
Epoch: 327, global_step=5007360
SPS: 1851
Epoch: 328, global_step=5022720
SPS: 1852
Epoch: 329, global_step=5038080
SPS: 1852
Epoch: 330, global_step=5053440
SPS: 1853
Epoch: 331, global_step=5068800
SPS: 1854
Epoch: 332, global_step=5084160
SPS: 1854
Epoch: 333, global_step=5099520
SPS: 1855
Epoch: 334, global_step=5114880
SPS: 1855
Epoch: 335, global_step=5130240
SPS: 1856
Epoch: 336, global_step=5145600
SPS: 1857
Epoch: 337, global_step=5160960
SPS: 1857
Epoch: 338, global_step=5176320
SPS: 1858
Epoch: 339, global_step=5191680
SPS: 1859
Epoch: 340, global_step=5207040
SPS: 1859
Epoch: 341, global_step=5222400
SPS: 1860
Epoch: 342, global_step=5237760
SPS: 1860
Epoch: 343, global_step=5253120
SPS: 1861
Epoch: 344, global_step=5268480
SPS: 1861
Epoch: 345, global_step=5283840
SPS: 1862
Epoch: 346, global_step=5299200
SPS: 1863
Epoch: 347, global_step=5314560
SPS: 1863
Epoch: 348, global_step=5329920
SPS: 1863
Epoch: 349, global_step=5345280
SPS: 1864
Epoch: 350, global_step=5360640
SPS: 1865
Epoch: 351, global_step=5376000
Evaluating
Evaluated 2880 steps resulting in 48 episodes
[32mEvaluation Metric: success_once[0m | [36mMean: 0.0208[0m
[32mEvaluation Metric: return[0m | [36mMean: 3.1266[0m
[32mEvaluation Metric: episode_len[0m | [36mMean: 60.0000[0m
[32mEvaluation Metric: reward[0m | [36mMean: 0.0521[0m
[32mEvaluation Metric: success_at_end[0m | [36mMean: 0.0000[0m
model saved to checkpoints/ppo_memtasks/rgb_joints/normalized_dense/RememberShape5-v0/ppo-mlp-dense-remember-shape-5-v0__33__rgb_joints__20251026_043519/20251026_043519/ckpt_14_351.pt
SPS: 1851
Epoch: 352, global_step=5391360
SPS: 1851
Epoch: 353, global_step=5406720
SPS: 1852
Epoch: 354, global_step=5422080
SPS: 1852
Epoch: 355, global_step=5437440
SPS: 1853
Epoch: 356, global_step=5452800
SPS: 1853
Epoch: 357, global_step=5468160
SPS: 1854
Epoch: 358, global_step=5483520
SPS: 1855
Epoch: 359, global_step=5498880
SPS: 1855
Epoch: 360, global_step=5514240
SPS: 1856
Epoch: 361, global_step=5529600
SPS: 1856
Epoch: 362, global_step=5544960
SPS: 1857
Epoch: 363, global_step=5560320
SPS: 1857
Epoch: 364, global_step=5575680
SPS: 1858
Epoch: 365, global_step=5591040
SPS: 1858
Epoch: 366, global_step=5606400
SPS: 1859
Epoch: 367, global_step=5621760
SPS: 1860
Epoch: 368, global_step=5637120
SPS: 1860
Epoch: 369, global_step=5652480
SPS: 1861
Epoch: 370, global_step=5667840
SPS: 1861
Epoch: 371, global_step=5683200
SPS: 1862
Epoch: 372, global_step=5698560
SPS: 1862
Epoch: 373, global_step=5713920
SPS: 1863
Epoch: 374, global_step=5729280
SPS: 1863
Epoch: 375, global_step=5744640
SPS: 1864
Epoch: 376, global_step=5760000
Evaluating
Evaluated 2880 steps resulting in 48 episodes
[32mEvaluation Metric: success_once[0m | [36mMean: 0.0208[0m
[32mEvaluation Metric: return[0m | [36mMean: 3.5251[0m
[32mEvaluation Metric: episode_len[0m | [36mMean: 60.0000[0m
[32mEvaluation Metric: reward[0m | [36mMean: 0.0588[0m
[32mEvaluation Metric: success_at_end[0m | [36mMean: 0.0000[0m
model saved to checkpoints/ppo_memtasks/rgb_joints/normalized_dense/RememberShape5-v0/ppo-mlp-dense-remember-shape-5-v0__33__rgb_joints__20251026_043519/20251026_043519/ckpt_15_376.pt
SPS: 1851
Epoch: 377, global_step=5775360
SPS: 1852
Epoch: 378, global_step=5790720
SPS: 1852
Epoch: 379, global_step=5806080
SPS: 1853
Epoch: 380, global_step=5821440
SPS: 1854
Epoch: 381, global_step=5836800
SPS: 1854
Epoch: 382, global_step=5852160
SPS: 1855
Epoch: 383, global_step=5867520
SPS: 1855
Epoch: 384, global_step=5882880
SPS: 1856
Epoch: 385, global_step=5898240
SPS: 1856
Epoch: 386, global_step=5913600
SPS: 1857
Epoch: 387, global_step=5928960
SPS: 1857
Epoch: 388, global_step=5944320
SPS: 1858
Epoch: 389, global_step=5959680
SPS: 1858
Epoch: 390, global_step=5975040
SPS: 1859
Epoch: 391, global_step=5990400
SPS: 1859
Epoch: 392, global_step=6005760
SPS: 1860
Epoch: 393, global_step=6021120
SPS: 1860
Epoch: 394, global_step=6036480
SPS: 1861
Epoch: 395, global_step=6051840
SPS: 1861
Epoch: 396, global_step=6067200
SPS: 1862
Epoch: 397, global_step=6082560
SPS: 1862
Epoch: 398, global_step=6097920
SPS: 1863
Epoch: 399, global_step=6113280
SPS: 1863
Epoch: 400, global_step=6128640
SPS: 1864
Epoch: 401, global_step=6144000
Evaluating
Evaluated 2880 steps resulting in 48 episodes
[32mEvaluation Metric: success_once[0m | [36mMean: 0.0417[0m
[32mEvaluation Metric: return[0m | [36mMean: 2.5259[0m
[32mEvaluation Metric: episode_len[0m | [36mMean: 60.0000[0m
[32mEvaluation Metric: reward[0m | [36mMean: 0.0421[0m
[32mEvaluation Metric: success_at_end[0m | [36mMean: 0.0000[0m
model saved to checkpoints/ppo_memtasks/rgb_joints/normalized_dense/RememberShape5-v0/ppo-mlp-dense-remember-shape-5-v0__33__rgb_joints__20251026_043519/20251026_043519/ckpt_16_401.pt
SPS: 1852
Epoch: 402, global_step=6159360
SPS: 1852
Epoch: 403, global_step=6174720
SPS: 1853
Epoch: 404, global_step=6190080
SPS: 1853
Epoch: 405, global_step=6205440
SPS: 1854
Epoch: 406, global_step=6220800
SPS: 1854
Epoch: 407, global_step=6236160
SPS: 1855
Epoch: 408, global_step=6251520
SPS: 1855
Epoch: 409, global_step=6266880
SPS: 1856
Epoch: 410, global_step=6282240
SPS: 1856
Epoch: 411, global_step=6297600
SPS: 1857
Epoch: 412, global_step=6312960
SPS: 1857
Epoch: 413, global_step=6328320
SPS: 1858
Epoch: 414, global_step=6343680
SPS: 1858
Epoch: 415, global_step=6359040
SPS: 1859
Epoch: 416, global_step=6374400
SPS: 1859
Epoch: 417, global_step=6389760
SPS: 1860
Epoch: 418, global_step=6405120
SPS: 1860
Epoch: 419, global_step=6420480
SPS: 1861
Epoch: 420, global_step=6435840
SPS: 1861
Epoch: 421, global_step=6451200
SPS: 1862
Epoch: 422, global_step=6466560
SPS: 1862
Epoch: 423, global_step=6481920
SPS: 1862
Epoch: 424, global_step=6497280
SPS: 1863
Epoch: 425, global_step=6512640
SPS: 1863
Epoch: 426, global_step=6528000
Evaluating
Evaluated 2880 steps resulting in 48 episodes
[32mEvaluation Metric: success_once[0m | [36mMean: 0.0000[0m
[32mEvaluation Metric: return[0m | [36mMean: 2.8432[0m
[32mEvaluation Metric: episode_len[0m | [36mMean: 60.0000[0m
[32mEvaluation Metric: reward[0m | [36mMean: 0.0474[0m
[32mEvaluation Metric: success_at_end[0m | [36mMean: 0.0000[0m
model saved to checkpoints/ppo_memtasks/rgb_joints/normalized_dense/RememberShape5-v0/ppo-mlp-dense-remember-shape-5-v0__33__rgb_joints__20251026_043519/20251026_043519/ckpt_17_426.pt
SPS: 1852
Epoch: 427, global_step=6543360
SPS: 1852
Epoch: 428, global_step=6558720
SPS: 1853
Epoch: 429, global_step=6574080
SPS: 1853
Epoch: 430, global_step=6589440
SPS: 1854
Epoch: 431, global_step=6604800
SPS: 1854
Epoch: 432, global_step=6620160
SPS: 1855
Epoch: 433, global_step=6635520
SPS: 1855
Epoch: 434, global_step=6650880
SPS: 1855
Epoch: 435, global_step=6666240
SPS: 1856
Epoch: 436, global_step=6681600
SPS: 1856
Epoch: 437, global_step=6696960
SPS: 1857
Epoch: 438, global_step=6712320
SPS: 1857
Epoch: 439, global_step=6727680
SPS: 1858
Epoch: 440, global_step=6743040
SPS: 1858
Epoch: 441, global_step=6758400
SPS: 1859
Epoch: 442, global_step=6773760
SPS: 1859
Epoch: 443, global_step=6789120
SPS: 1859
Epoch: 444, global_step=6804480
SPS: 1860
Epoch: 445, global_step=6819840
SPS: 1860
Epoch: 446, global_step=6835200
SPS: 1860
Epoch: 447, global_step=6850560
SPS: 1861
Epoch: 448, global_step=6865920
SPS: 1861
Epoch: 449, global_step=6881280
SPS: 1862
Epoch: 450, global_step=6896640
SPS: 1862
Epoch: 451, global_step=6912000
Evaluating
Evaluated 2880 steps resulting in 48 episodes
[32mEvaluation Metric: success_once[0m | [36mMean: 0.0000[0m
[32mEvaluation Metric: return[0m | [36mMean: 2.9387[0m
[32mEvaluation Metric: episode_len[0m | [36mMean: 60.0000[0m
[32mEvaluation Metric: reward[0m | [36mMean: 0.0490[0m
[32mEvaluation Metric: success_at_end[0m | [36mMean: 0.0000[0m
model saved to checkpoints/ppo_memtasks/rgb_joints/normalized_dense/RememberShape5-v0/ppo-mlp-dense-remember-shape-5-v0__33__rgb_joints__20251026_043519/20251026_043519/ckpt_18_451.pt
SPS: 1851
Epoch: 452, global_step=6927360
SPS: 1852
Epoch: 453, global_step=6942720
SPS: 1852
Epoch: 454, global_step=6958080
SPS: 1853
Epoch: 455, global_step=6973440
SPS: 1853
Epoch: 456, global_step=6988800
SPS: 1853
Epoch: 457, global_step=7004160
SPS: 1854
Epoch: 458, global_step=7019520
SPS: 1854
Epoch: 459, global_step=7034880
SPS: 1855
Epoch: 460, global_step=7050240
SPS: 1855
Epoch: 461, global_step=7065600
SPS: 1855
Epoch: 462, global_step=7080960
SPS: 1856
Epoch: 463, global_step=7096320
SPS: 1856
Epoch: 464, global_step=7111680
SPS: 1857
Epoch: 465, global_step=7127040
SPS: 1857
Epoch: 466, global_step=7142400
SPS: 1858
Epoch: 467, global_step=7157760
SPS: 1858
Epoch: 468, global_step=7173120
SPS: 1858
Epoch: 469, global_step=7188480
SPS: 1859
Epoch: 470, global_step=7203840
SPS: 1859
Epoch: 471, global_step=7219200
SPS: 1860
Epoch: 472, global_step=7234560
SPS: 1860
Epoch: 473, global_step=7249920
SPS: 1861
Epoch: 474, global_step=7265280
SPS: 1861
Epoch: 475, global_step=7280640
SPS: 1861
Epoch: 476, global_step=7296000
Evaluating
Evaluated 2880 steps resulting in 48 episodes
[32mEvaluation Metric: success_once[0m | [36mMean: 0.0000[0m
[32mEvaluation Metric: return[0m | [36mMean: 2.8998[0m
[32mEvaluation Metric: episode_len[0m | [36mMean: 60.0000[0m
[32mEvaluation Metric: reward[0m | [36mMean: 0.0483[0m
[32mEvaluation Metric: success_at_end[0m | [36mMean: 0.0000[0m
model saved to checkpoints/ppo_memtasks/rgb_joints/normalized_dense/RememberShape5-v0/ppo-mlp-dense-remember-shape-5-v0__33__rgb_joints__20251026_043519/20251026_043519/ckpt_19_476.pt
SPS: 1851
Epoch: 477, global_step=7311360
SPS: 1851
Epoch: 478, global_step=7326720
SPS: 1852
Epoch: 479, global_step=7342080
SPS: 1852
Epoch: 480, global_step=7357440
SPS: 1853
Epoch: 481, global_step=7372800
SPS: 1853
Epoch: 482, global_step=7388160
SPS: 1853
Epoch: 483, global_step=7403520
SPS: 1854
Epoch: 484, global_step=7418880
SPS: 1854
Epoch: 485, global_step=7434240
SPS: 1855
Epoch: 486, global_step=7449600
SPS: 1855
Epoch: 487, global_step=7464960
SPS: 1856
Epoch: 488, global_step=7480320
SPS: 1856
Epoch: 489, global_step=7495680
SPS: 1856
Epoch: 490, global_step=7511040
SPS: 1857
Epoch: 491, global_step=7526400
SPS: 1857
Epoch: 492, global_step=7541760
SPS: 1858
Epoch: 493, global_step=7557120
SPS: 1858
Epoch: 494, global_step=7572480
SPS: 1858
Epoch: 495, global_step=7587840
SPS: 1859
Epoch: 496, global_step=7603200
SPS: 1859
Epoch: 497, global_step=7618560
SPS: 1860
Epoch: 498, global_step=7633920
SPS: 1860
Epoch: 499, global_step=7649280
SPS: 1860
Epoch: 500, global_step=7664640
SPS: 1861
Epoch: 501, global_step=7680000
Evaluating
Evaluated 2880 steps resulting in 48 episodes
[32mEvaluation Metric: success_once[0m | [36mMean: 0.0000[0m
[32mEvaluation Metric: return[0m | [36mMean: 2.4859[0m
[32mEvaluation Metric: episode_len[0m | [36mMean: 60.0000[0m
[32mEvaluation Metric: reward[0m | [36mMean: 0.0414[0m
[32mEvaluation Metric: success_at_end[0m | [36mMean: 0.0000[0m
model saved to checkpoints/ppo_memtasks/rgb_joints/normalized_dense/RememberShape5-v0/ppo-mlp-dense-remember-shape-5-v0__33__rgb_joints__20251026_043519/20251026_043519/ckpt_20_501.pt
SPS: 1851
Epoch: 502, global_step=7695360
SPS: 1852
Epoch: 503, global_step=7710720
SPS: 1852
Epoch: 504, global_step=7726080
SPS: 1853
Epoch: 505, global_step=7741440
SPS: 1853
Epoch: 506, global_step=7756800
SPS: 1853
Epoch: 507, global_step=7772160
SPS: 1854
Epoch: 508, global_step=7787520
SPS: 1854
Epoch: 509, global_step=7802880
SPS: 1855
Epoch: 510, global_step=7818240
SPS: 1855
Epoch: 511, global_step=7833600
SPS: 1856
Epoch: 512, global_step=7848960
SPS: 1856
Epoch: 513, global_step=7864320
SPS: 1856
Epoch: 514, global_step=7879680
SPS: 1857
Epoch: 515, global_step=7895040
SPS: 1857
Epoch: 516, global_step=7910400
SPS: 1858
Epoch: 517, global_step=7925760
SPS: 1858
Epoch: 518, global_step=7941120
SPS: 1858
Epoch: 519, global_step=7956480
SPS: 1859
Epoch: 520, global_step=7971840
SPS: 1859
Epoch: 521, global_step=7987200
SPS: 1860
Epoch: 522, global_step=8002560
SPS: 1860
Epoch: 523, global_step=8017920
SPS: 1860
Epoch: 524, global_step=8033280
SPS: 1861
Epoch: 525, global_step=8048640
SPS: 1861
Epoch: 526, global_step=8064000
Evaluating
Evaluated 2880 steps resulting in 48 episodes
[32mEvaluation Metric: success_once[0m | [36mMean: 0.0208[0m
[32mEvaluation Metric: return[0m | [36mMean: 2.4197[0m
[32mEvaluation Metric: episode_len[0m | [36mMean: 60.0000[0m
[32mEvaluation Metric: reward[0m | [36mMean: 0.0403[0m
[32mEvaluation Metric: success_at_end[0m | [36mMean: 0.0000[0m
model saved to checkpoints/ppo_memtasks/rgb_joints/normalized_dense/RememberShape5-v0/ppo-mlp-dense-remember-shape-5-v0__33__rgb_joints__20251026_043519/20251026_043519/ckpt_21_526.pt
SPS: 1852
Epoch: 527, global_step=8079360
SPS: 1852
Epoch: 528, global_step=8094720
SPS: 1853
Epoch: 529, global_step=8110080
SPS: 1853
Epoch: 530, global_step=8125440
SPS: 1854
Epoch: 531, global_step=8140800
SPS: 1854
Epoch: 532, global_step=8156160
SPS: 1854
Epoch: 533, global_step=8171520
SPS: 1855
Epoch: 534, global_step=8186880
SPS: 1855
Epoch: 535, global_step=8202240
SPS: 1856
Epoch: 536, global_step=8217600
SPS: 1856
Epoch: 537, global_step=8232960
SPS: 1856
Epoch: 538, global_step=8248320
SPS: 1857
Epoch: 539, global_step=8263680
SPS: 1857
Epoch: 540, global_step=8279040
SPS: 1858
Epoch: 541, global_step=8294400
SPS: 1858
Epoch: 542, global_step=8309760
SPS: 1858
Epoch: 543, global_step=8325120
SPS: 1859
Epoch: 544, global_step=8340480
SPS: 1859
Epoch: 545, global_step=8355840
SPS: 1859
Epoch: 546, global_step=8371200
SPS: 1860
Epoch: 547, global_step=8386560
SPS: 1860
Epoch: 548, global_step=8401920
SPS: 1861
Epoch: 549, global_step=8417280
SPS: 1861
Epoch: 550, global_step=8432640
SPS: 1861
Epoch: 551, global_step=8448000
Evaluating
Evaluated 2880 steps resulting in 48 episodes
[32mEvaluation Metric: success_once[0m | [36mMean: 0.0000[0m
[32mEvaluation Metric: return[0m | [36mMean: 2.1513[0m
[32mEvaluation Metric: episode_len[0m | [36mMean: 60.0000[0m
[32mEvaluation Metric: reward[0m | [36mMean: 0.0359[0m
[32mEvaluation Metric: success_at_end[0m | [36mMean: 0.0000[0m
model saved to checkpoints/ppo_memtasks/rgb_joints/normalized_dense/RememberShape5-v0/ppo-mlp-dense-remember-shape-5-v0__33__rgb_joints__20251026_043519/20251026_043519/ckpt_22_551.pt
SPS: 1852
Epoch: 552, global_step=8463360
SPS: 1853
Epoch: 553, global_step=8478720
SPS: 1853
Epoch: 554, global_step=8494080
SPS: 1854
Epoch: 555, global_step=8509440
SPS: 1854
Epoch: 556, global_step=8524800
SPS: 1854
Epoch: 557, global_step=8540160
SPS: 1855
Epoch: 558, global_step=8555520
SPS: 1855
Epoch: 559, global_step=8570880
SPS: 1855
Epoch: 560, global_step=8586240
SPS: 1856
Epoch: 561, global_step=8601600
SPS: 1856
Epoch: 562, global_step=8616960
SPS: 1856
Epoch: 563, global_step=8632320
SPS: 1857
Epoch: 564, global_step=8647680
SPS: 1857
Epoch: 565, global_step=8663040
SPS: 1857
Epoch: 566, global_step=8678400
SPS: 1858
Epoch: 567, global_step=8693760
SPS: 1858
Epoch: 568, global_step=8709120
SPS: 1858
Epoch: 569, global_step=8724480
SPS: 1859
Epoch: 570, global_step=8739840
SPS: 1859
Epoch: 571, global_step=8755200
SPS: 1859
Epoch: 572, global_step=8770560
SPS: 1860
Epoch: 573, global_step=8785920
SPS: 1860
Epoch: 574, global_step=8801280
SPS: 1860
Epoch: 575, global_step=8816640
SPS: 1861
Epoch: 576, global_step=8832000
Evaluating
Evaluated 2880 steps resulting in 48 episodes
[32mEvaluation Metric: success_once[0m | [36mMean: 0.0000[0m
[32mEvaluation Metric: return[0m | [36mMean: 2.9402[0m
[32mEvaluation Metric: episode_len[0m | [36mMean: 60.0000[0m
[32mEvaluation Metric: reward[0m | [36mMean: 0.0490[0m
[32mEvaluation Metric: success_at_end[0m | [36mMean: 0.0000[0m
model saved to checkpoints/ppo_memtasks/rgb_joints/normalized_dense/RememberShape5-v0/ppo-mlp-dense-remember-shape-5-v0__33__rgb_joints__20251026_043519/20251026_043519/ckpt_23_576.pt
SPS: 1852
Epoch: 577, global_step=8847360
SPS: 1853
Epoch: 578, global_step=8862720
SPS: 1853
Epoch: 579, global_step=8878080
SPS: 1853
Epoch: 580, global_step=8893440
SPS: 1854
Epoch: 581, global_step=8908800
SPS: 1854
Epoch: 582, global_step=8924160
SPS: 1854
Epoch: 583, global_step=8939520
SPS: 1855
Epoch: 584, global_step=8954880
SPS: 1855
Epoch: 585, global_step=8970240
SPS: 1855
Epoch: 586, global_step=8985600
SPS: 1856
Epoch: 587, global_step=9000960
SPS: 1856
Epoch: 588, global_step=9016320
SPS: 1856
Epoch: 589, global_step=9031680
SPS: 1857
Epoch: 590, global_step=9047040
SPS: 1857
Epoch: 591, global_step=9062400
SPS: 1857
Epoch: 592, global_step=9077760
SPS: 1857
Epoch: 593, global_step=9093120
SPS: 1858
Epoch: 594, global_step=9108480
SPS: 1858
Epoch: 595, global_step=9123840
SPS: 1858
Epoch: 596, global_step=9139200
SPS: 1859
Epoch: 597, global_step=9154560
SPS: 1859
Epoch: 598, global_step=9169920
SPS: 1859
Epoch: 599, global_step=9185280
SPS: 1860
Epoch: 600, global_step=9200640
SPS: 1860
Epoch: 601, global_step=9216000
Evaluating
Evaluated 2880 steps resulting in 48 episodes
[32mEvaluation Metric: success_once[0m | [36mMean: 0.0000[0m
[32mEvaluation Metric: return[0m | [36mMean: 2.4593[0m
[32mEvaluation Metric: episode_len[0m | [36mMean: 60.0000[0m
[32mEvaluation Metric: reward[0m | [36mMean: 0.0410[0m
[32mEvaluation Metric: success_at_end[0m | [36mMean: 0.0000[0m
model saved to checkpoints/ppo_memtasks/rgb_joints/normalized_dense/RememberShape5-v0/ppo-mlp-dense-remember-shape-5-v0__33__rgb_joints__20251026_043519/20251026_043519/ckpt_24_601.pt
SPS: 1852
Epoch: 602, global_step=9231360
SPS: 1853
Epoch: 603, global_step=9246720
SPS: 1853
Epoch: 604, global_step=9262080
SPS: 1853
Epoch: 605, global_step=9277440
SPS: 1854
Epoch: 606, global_step=9292800
SPS: 1854
Epoch: 607, global_step=9308160
SPS: 1854
Epoch: 608, global_step=9323520
SPS: 1855
Epoch: 609, global_step=9338880
SPS: 1855
Epoch: 610, global_step=9354240
SPS: 1855
Epoch: 611, global_step=9369600
SPS: 1856
Epoch: 612, global_step=9384960
SPS: 1856
Epoch: 613, global_step=9400320
SPS: 1856
Epoch: 614, global_step=9415680
SPS: 1857
Epoch: 615, global_step=9431040
SPS: 1857
Epoch: 616, global_step=9446400
SPS: 1857
Epoch: 617, global_step=9461760
SPS: 1858
Epoch: 618, global_step=9477120
SPS: 1858
Epoch: 619, global_step=9492480
SPS: 1858
Epoch: 620, global_step=9507840
SPS: 1859
Epoch: 621, global_step=9523200
SPS: 1859
Epoch: 622, global_step=9538560
SPS: 1859
Epoch: 623, global_step=9553920
SPS: 1860
Epoch: 624, global_step=9569280
SPS: 1860
Epoch: 625, global_step=9584640
SPS: 1860
Epoch: 626, global_step=9600000
Evaluating
Evaluated 2880 steps resulting in 48 episodes
[32mEvaluation Metric: success_once[0m | [36mMean: 0.0000[0m
[32mEvaluation Metric: return[0m | [36mMean: 2.1856[0m
[32mEvaluation Metric: episode_len[0m | [36mMean: 60.0000[0m
[32mEvaluation Metric: reward[0m | [36mMean: 0.0364[0m
[32mEvaluation Metric: success_at_end[0m | [36mMean: 0.0000[0m
model saved to checkpoints/ppo_memtasks/rgb_joints/normalized_dense/RememberShape5-v0/ppo-mlp-dense-remember-shape-5-v0__33__rgb_joints__20251026_043519/20251026_043519/ckpt_25_626.pt
SPS: 1853
Epoch: 627, global_step=9615360
SPS: 1853
Epoch: 628, global_step=9630720
SPS: 1853
Epoch: 629, global_step=9646080
SPS: 1854
Epoch: 630, global_step=9661440
SPS: 1854
Epoch: 631, global_step=9676800
SPS: 1854
Epoch: 632, global_step=9692160
SPS: 1855
Epoch: 633, global_step=9707520
SPS: 1855
Epoch: 634, global_step=9722880
SPS: 1855
Epoch: 635, global_step=9738240
SPS: 1856
Epoch: 636, global_step=9753600
SPS: 1856
Epoch: 637, global_step=9768960
SPS: 1856
Epoch: 638, global_step=9784320
SPS: 1857
Epoch: 639, global_step=9799680
SPS: 1857
Epoch: 640, global_step=9815040
SPS: 1857
Epoch: 641, global_step=9830400
SPS: 1858
Epoch: 642, global_step=9845760
SPS: 1858
Epoch: 643, global_step=9861120
SPS: 1858
Epoch: 644, global_step=9876480
SPS: 1858
Epoch: 645, global_step=9891840
SPS: 1859
Epoch: 646, global_step=9907200
SPS: 1859
Epoch: 647, global_step=9922560
SPS: 1859
Epoch: 648, global_step=9937920
SPS: 1860
Epoch: 649, global_step=9953280
SPS: 1860
Epoch: 650, global_step=9968640
SPS: 1860
Epoch: 651, global_step=9984000
Evaluating
Evaluated 2880 steps resulting in 48 episodes
[32mEvaluation Metric: success_once[0m | [36mMean: 0.0000[0m
[32mEvaluation Metric: return[0m | [36mMean: 2.3486[0m
[32mEvaluation Metric: episode_len[0m | [36mMean: 60.0000[0m
[32mEvaluation Metric: reward[0m | [36mMean: 0.0391[0m
[32mEvaluation Metric: success_at_end[0m | [36mMean: 0.0000[0m
model saved to checkpoints/ppo_memtasks/rgb_joints/normalized_dense/RememberShape5-v0/ppo-mlp-dense-remember-shape-5-v0__33__rgb_joints__20251026_043519/20251026_043519/ckpt_26_651.pt
SPS: 1853
Epoch: 652, global_step=9999360
SPS: 1853
Epoch: 653, global_step=10014720
SPS: 1854
Epoch: 654, global_step=10030080
SPS: 1854
Epoch: 655, global_step=10045440
SPS: 1854
Epoch: 656, global_step=10060800
SPS: 1854
Epoch: 657, global_step=10076160
SPS: 1855
Epoch: 658, global_step=10091520
SPS: 1855
Epoch: 659, global_step=10106880
SPS: 1855
Epoch: 660, global_step=10122240
SPS: 1856
Epoch: 661, global_step=10137600
SPS: 1856
Epoch: 662, global_step=10152960
SPS: 1856
Epoch: 663, global_step=10168320
SPS: 1857
Epoch: 664, global_step=10183680
SPS: 1857
Epoch: 665, global_step=10199040
SPS: 1857
Epoch: 666, global_step=10214400
SPS: 1857
Epoch: 667, global_step=10229760
SPS: 1858
Epoch: 668, global_step=10245120
SPS: 1858
Epoch: 669, global_step=10260480
SPS: 1858
Epoch: 670, global_step=10275840
SPS: 1859
Epoch: 671, global_step=10291200
SPS: 1859
Epoch: 672, global_step=10306560
SPS: 1859
Epoch: 673, global_step=10321920
SPS: 1860
Epoch: 674, global_step=10337280
SPS: 1860
Epoch: 675, global_step=10352640
SPS: 1860
Epoch: 676, global_step=10368000
Evaluating
Evaluated 2880 steps resulting in 48 episodes
[32mEvaluation Metric: success_once[0m | [36mMean: 0.0208[0m
[32mEvaluation Metric: return[0m | [36mMean: 2.6367[0m
[32mEvaluation Metric: episode_len[0m | [36mMean: 60.0000[0m
[32mEvaluation Metric: reward[0m | [36mMean: 0.0439[0m
[32mEvaluation Metric: success_at_end[0m | [36mMean: 0.0000[0m
model saved to checkpoints/ppo_memtasks/rgb_joints/normalized_dense/RememberShape5-v0/ppo-mlp-dense-remember-shape-5-v0__33__rgb_joints__20251026_043519/20251026_043519/ckpt_27_676.pt
SPS: 1853
Epoch: 677, global_step=10383360
SPS: 1854
Epoch: 678, global_step=10398720
SPS: 1854
Epoch: 679, global_step=10414080
SPS: 1854
Epoch: 680, global_step=10429440
SPS: 1854
Epoch: 681, global_step=10444800
SPS: 1855
Epoch: 682, global_step=10460160
SPS: 1855
Epoch: 683, global_step=10475520
SPS: 1855
Epoch: 684, global_step=10490880
SPS: 1856
Epoch: 685, global_step=10506240
SPS: 1856
Epoch: 686, global_step=10521600
SPS: 1856
Epoch: 687, global_step=10536960
SPS: 1857
Epoch: 688, global_step=10552320
SPS: 1857
Epoch: 689, global_step=10567680
SPS: 1857
Epoch: 690, global_step=10583040
SPS: 1857
Epoch: 691, global_step=10598400
SPS: 1858
Epoch: 692, global_step=10613760
SPS: 1858
Epoch: 693, global_step=10629120
SPS: 1858
Epoch: 694, global_step=10644480
SPS: 1859
Epoch: 695, global_step=10659840
SPS: 1859
Epoch: 696, global_step=10675200
SPS: 1859
Epoch: 697, global_step=10690560
SPS: 1859
Epoch: 698, global_step=10705920
SPS: 1860
Epoch: 699, global_step=10721280
SPS: 1860
Epoch: 700, global_step=10736640
SPS: 1860
Epoch: 701, global_step=10752000
Evaluating
Evaluated 2880 steps resulting in 48 episodes
[32mEvaluation Metric: success_once[0m | [36mMean: 0.0000[0m
[32mEvaluation Metric: return[0m | [36mMean: 2.9160[0m
[32mEvaluation Metric: episode_len[0m | [36mMean: 60.0000[0m
[32mEvaluation Metric: reward[0m | [36mMean: 0.0486[0m
[32mEvaluation Metric: success_at_end[0m | [36mMean: 0.0000[0m
model saved to checkpoints/ppo_memtasks/rgb_joints/normalized_dense/RememberShape5-v0/ppo-mlp-dense-remember-shape-5-v0__33__rgb_joints__20251026_043519/20251026_043519/ckpt_28_701.pt
SPS: 1854
Epoch: 702, global_step=10767360
SPS: 1854
Epoch: 703, global_step=10782720
SPS: 1854
Epoch: 704, global_step=10798080
SPS: 1854
Epoch: 705, global_step=10813440
SPS: 1855
Epoch: 706, global_step=10828800
SPS: 1855
Epoch: 707, global_step=10844160
SPS: 1855
Epoch: 708, global_step=10859520
SPS: 1856
Epoch: 709, global_step=10874880
SPS: 1856
Epoch: 710, global_step=10890240
SPS: 1856
Epoch: 711, global_step=10905600
SPS: 1856
Epoch: 712, global_step=10920960
SPS: 1857
Epoch: 713, global_step=10936320
SPS: 1857
Epoch: 714, global_step=10951680
SPS: 1857
Epoch: 715, global_step=10967040
SPS: 1857
Epoch: 716, global_step=10982400
SPS: 1858
Epoch: 717, global_step=10997760
SPS: 1858
Epoch: 718, global_step=11013120
SPS: 1858
Epoch: 719, global_step=11028480
SPS: 1859
Epoch: 720, global_step=11043840
SPS: 1859
Epoch: 721, global_step=11059200
SPS: 1859
Epoch: 722, global_step=11074560
SPS: 1859
Epoch: 723, global_step=11089920
SPS: 1860
Epoch: 724, global_step=11105280
SPS: 1860
Epoch: 725, global_step=11120640
SPS: 1860
Epoch: 726, global_step=11136000
Evaluating
Evaluated 2880 steps resulting in 48 episodes
[32mEvaluation Metric: success_once[0m | [36mMean: 0.0000[0m
[32mEvaluation Metric: return[0m | [36mMean: 2.8030[0m
[32mEvaluation Metric: episode_len[0m | [36mMean: 60.0000[0m
[32mEvaluation Metric: reward[0m | [36mMean: 0.0467[0m
[32mEvaluation Metric: success_at_end[0m | [36mMean: 0.0000[0m
model saved to checkpoints/ppo_memtasks/rgb_joints/normalized_dense/RememberShape5-v0/ppo-mlp-dense-remember-shape-5-v0__33__rgb_joints__20251026_043519/20251026_043519/ckpt_29_726.pt
SPS: 1854
Epoch: 727, global_step=11151360
SPS: 1854
Epoch: 728, global_step=11166720
SPS: 1854
Epoch: 729, global_step=11182080
SPS: 1854
Epoch: 730, global_step=11197440
SPS: 1855
Epoch: 731, global_step=11212800
SPS: 1855
Epoch: 732, global_step=11228160
SPS: 1855
Epoch: 733, global_step=11243520
SPS: 1855
Epoch: 734, global_step=11258880
SPS: 1856
Epoch: 735, global_step=11274240
SPS: 1856
Epoch: 736, global_step=11289600
SPS: 1856
Epoch: 737, global_step=11304960
SPS: 1857
Epoch: 738, global_step=11320320
SPS: 1857
Epoch: 739, global_step=11335680
SPS: 1857
Epoch: 740, global_step=11351040
SPS: 1857
Epoch: 741, global_step=11366400
SPS: 1858
Epoch: 742, global_step=11381760
SPS: 1858
Epoch: 743, global_step=11397120
SPS: 1858
Epoch: 744, global_step=11412480
SPS: 1858
Epoch: 745, global_step=11427840
SPS: 1859
Epoch: 746, global_step=11443200
SPS: 1859
Epoch: 747, global_step=11458560
SPS: 1859
Epoch: 748, global_step=11473920
SPS: 1860
Epoch: 749, global_step=11489280
SPS: 1860
Epoch: 750, global_step=11504640
SPS: 1860
Epoch: 751, global_step=11520000
Evaluating
Evaluated 2880 steps resulting in 48 episodes
[32mEvaluation Metric: success_once[0m | [36mMean: 0.0000[0m
[32mEvaluation Metric: return[0m | [36mMean: 2.6350[0m
[32mEvaluation Metric: episode_len[0m | [36mMean: 60.0000[0m
[32mEvaluation Metric: reward[0m | [36mMean: 0.0439[0m
[32mEvaluation Metric: success_at_end[0m | [36mMean: 0.0000[0m
model saved to checkpoints/ppo_memtasks/rgb_joints/normalized_dense/RememberShape5-v0/ppo-mlp-dense-remember-shape-5-v0__33__rgb_joints__20251026_043519/20251026_043519/ckpt_30_751.pt
SPS: 1854
Epoch: 752, global_step=11535360
SPS: 1854
Epoch: 753, global_step=11550720
SPS: 1854
Epoch: 754, global_step=11566080
SPS: 1854
Epoch: 755, global_step=11581440
SPS: 1855
Epoch: 756, global_step=11596800
SPS: 1855
Epoch: 757, global_step=11612160
SPS: 1855
Epoch: 758, global_step=11627520
SPS: 1855
Epoch: 759, global_step=11642880
SPS: 1856
Epoch: 760, global_step=11658240
SPS: 1856
Epoch: 761, global_step=11673600
SPS: 1856
Epoch: 762, global_step=11688960
SPS: 1856
Epoch: 763, global_step=11704320
SPS: 1857
Epoch: 764, global_step=11719680
SPS: 1857
Epoch: 765, global_step=11735040
SPS: 1857
Epoch: 766, global_step=11750400
SPS: 1857
Epoch: 767, global_step=11765760
SPS: 1858
Epoch: 768, global_step=11781120
SPS: 1858
Epoch: 769, global_step=11796480
SPS: 1858
Epoch: 770, global_step=11811840
SPS: 1858
Epoch: 771, global_step=11827200
SPS: 1859
Epoch: 772, global_step=11842560
SPS: 1859
Epoch: 773, global_step=11857920
SPS: 1859
Epoch: 774, global_step=11873280
SPS: 1859
Epoch: 775, global_step=11888640
SPS: 1860
Epoch: 776, global_step=11904000
Evaluating
Evaluated 2880 steps resulting in 48 episodes
[32mEvaluation Metric: success_once[0m | [36mMean: 0.0000[0m
[32mEvaluation Metric: return[0m | [36mMean: 2.8220[0m
[32mEvaluation Metric: episode_len[0m | [36mMean: 60.0000[0m
[32mEvaluation Metric: reward[0m | [36mMean: 0.0470[0m
[32mEvaluation Metric: success_at_end[0m | [36mMean: 0.0000[0m
model saved to checkpoints/ppo_memtasks/rgb_joints/normalized_dense/RememberShape5-v0/ppo-mlp-dense-remember-shape-5-v0__33__rgb_joints__20251026_043519/20251026_043519/ckpt_31_776.pt
SPS: 1853
Epoch: 777, global_step=11919360
SPS: 1854
Epoch: 778, global_step=11934720
SPS: 1854
Epoch: 779, global_step=11950080
SPS: 1854
Epoch: 780, global_step=11965440
SPS: 1854
Epoch: 781, global_step=11980800
SPS: 1855
Epoch: 782, global_step=11996160
SPS: 1855
Epoch: 783, global_step=12011520
SPS: 1855
Epoch: 784, global_step=12026880
SPS: 1855
Epoch: 785, global_step=12042240
SPS: 1856
Epoch: 786, global_step=12057600
SPS: 1856
Epoch: 787, global_step=12072960
SPS: 1856
Epoch: 788, global_step=12088320
SPS: 1856
Epoch: 789, global_step=12103680
SPS: 1857
Epoch: 790, global_step=12119040
SPS: 1857
Epoch: 791, global_step=12134400
SPS: 1857
Epoch: 792, global_step=12149760
SPS: 1857
Epoch: 793, global_step=12165120
SPS: 1857
Epoch: 794, global_step=12180480
SPS: 1858
Epoch: 795, global_step=12195840
SPS: 1858
Epoch: 796, global_step=12211200
SPS: 1858
Epoch: 797, global_step=12226560
SPS: 1858
Epoch: 798, global_step=12241920
SPS: 1859
Epoch: 799, global_step=12257280
SPS: 1859
Epoch: 800, global_step=12272640
SPS: 1859
Epoch: 801, global_step=12288000
Evaluating
Evaluated 2880 steps resulting in 48 episodes
[32mEvaluation Metric: success_once[0m | [36mMean: 0.0000[0m
[32mEvaluation Metric: return[0m | [36mMean: 2.7327[0m
[32mEvaluation Metric: episode_len[0m | [36mMean: 60.0000[0m
[32mEvaluation Metric: reward[0m | [36mMean: 0.0455[0m
[32mEvaluation Metric: success_at_end[0m | [36mMean: 0.0000[0m
model saved to checkpoints/ppo_memtasks/rgb_joints/normalized_dense/RememberShape5-v0/ppo-mlp-dense-remember-shape-5-v0__33__rgb_joints__20251026_043519/20251026_043519/ckpt_32_801.pt
SPS: 1853
Epoch: 802, global_step=12303360
SPS: 1853
Epoch: 803, global_step=12318720
SPS: 1853
Epoch: 804, global_step=12334080
SPS: 1854
Epoch: 805, global_step=12349440
SPS: 1854
Epoch: 806, global_step=12364800
SPS: 1854
Epoch: 807, global_step=12380160
SPS: 1855
Epoch: 808, global_step=12395520
SPS: 1855
Epoch: 809, global_step=12410880
SPS: 1855
Epoch: 810, global_step=12426240
SPS: 1855
Epoch: 811, global_step=12441600
SPS: 1855
Epoch: 812, global_step=12456960
SPS: 1856
Epoch: 813, global_step=12472320
SPS: 1856
Epoch: 814, global_step=12487680
SPS: 1856
Epoch: 815, global_step=12503040
SPS: 1856
Epoch: 816, global_step=12518400
SPS: 1857
Epoch: 817, global_step=12533760
SPS: 1857
Epoch: 818, global_step=12549120
SPS: 1857
Epoch: 819, global_step=12564480
SPS: 1857
Epoch: 820, global_step=12579840
SPS: 1858
Epoch: 821, global_step=12595200
SPS: 1858
Epoch: 822, global_step=12610560
SPS: 1858
Epoch: 823, global_step=12625920
SPS: 1858
Epoch: 824, global_step=12641280
SPS: 1858
Epoch: 825, global_step=12656640
SPS: 1859
Epoch: 826, global_step=12672000
Evaluating
Evaluated 2880 steps resulting in 48 episodes
[32mEvaluation Metric: success_once[0m | [36mMean: 0.0000[0m
[32mEvaluation Metric: return[0m | [36mMean: 2.4442[0m
[32mEvaluation Metric: episode_len[0m | [36mMean: 60.0000[0m
[32mEvaluation Metric: reward[0m | [36mMean: 0.0407[0m
[32mEvaluation Metric: success_at_end[0m | [36mMean: 0.0000[0m
model saved to checkpoints/ppo_memtasks/rgb_joints/normalized_dense/RememberShape5-v0/ppo-mlp-dense-remember-shape-5-v0__33__rgb_joints__20251026_043519/20251026_043519/ckpt_33_826.pt
SPS: 1853
Epoch: 827, global_step=12687360
SPS: 1853
Epoch: 828, global_step=12702720
SPS: 1853
Epoch: 829, global_step=12718080
SPS: 1854
Epoch: 830, global_step=12733440
SPS: 1854
Epoch: 831, global_step=12748800
SPS: 1854
Epoch: 832, global_step=12764160
SPS: 1855
Epoch: 833, global_step=12779520
SPS: 1855
Epoch: 834, global_step=12794880
SPS: 1855
Epoch: 835, global_step=12810240
SPS: 1855
Epoch: 836, global_step=12825600
SPS: 1856
Epoch: 837, global_step=12840960
SPS: 1856
Epoch: 838, global_step=12856320
SPS: 1856
Epoch: 839, global_step=12871680
SPS: 1856
Epoch: 840, global_step=12887040
SPS: 1857
Epoch: 841, global_step=12902400
SPS: 1857
Epoch: 842, global_step=12917760
SPS: 1857
Epoch: 843, global_step=12933120
SPS: 1857
Epoch: 844, global_step=12948480
SPS: 1857
Epoch: 845, global_step=12963840
SPS: 1858
Epoch: 846, global_step=12979200
SPS: 1858
model saved to checkpoints/ppo_memtasks/rgb_joints/normalized_dense/RememberShape5-v0/ppo-mlp-dense-remember-shape-5-v0__33__rgb_joints__20251026_043519/20251026_043519/final_ckpt.pt
Running InterceptGrabMedium-v0 with seed 42

===========================================================================
║                        Environment Configuration                        ║
===========================================================================
║ Environment ID: InterceptGrabMedium-v0                                  ║
║ Oracle Info:    None                                                    ║
║ Wrappers:                                                               ║
║    ├─ InitialZeroActionWrapper                                         ║
║    │  └─ {'n_initial_steps': 0}                                           ║
║    ├─ RenderStepInfoWrapper                                            ║
║    ├─ RenderRewardInfoWrapper                                          ║
║    ├─ DebugRewardWrapper                                               ║
║-------------------------------------------------------------------------║
║ include_state:       False │ state will not be used                ║
║ include_rgb:         True  │ rgb images will be used               ║
║ include_oracle:      False │ oracle info will not be used          ║
║ include_joints:      True  │ joints will be used                   ║
===========================================================================

MODE='rgb_joints'
prompt_info=None
Saving eval videos to checkpoints/ppo_memtasks/rgb_joints/normalized_dense/InterceptGrabMedium-v0/ppo-mlp-dense-intercept-grab-medium-v0__42__rgb_joints__20251026_063403/20251026_063403/videos
======================================================================
Max Episode Steps: 90
======================================================================

Running training

####
args.num_iterations=564 args.num_envs=256 args.num_eval_envs=16
args.minibatch_size=2880 args.batch_size=23040 args.update_epochs=4
####

sample_obs.keys()=dict_keys(['joints', 'rgb'])
joints: torch.Size([256, 25])
rgb: torch.Size([256, 128, 128, 3])


Epoch: 1, global_step=0
Evaluating
Evaluated 4320 steps resulting in 48 episodes
[32mEvaluation Metric: success_once[0m | [36mMean: 0.0000[0m
[32mEvaluation Metric: return[0m | [36mMean: 0.2622[0m
[32mEvaluation Metric: episode_len[0m | [36mMean: 90.0000[0m
[32mEvaluation Metric: reward[0m | [36mMean: 0.0029[0m
[32mEvaluation Metric: success_at_end[0m | [36mMean: 0.0000[0m
model saved to checkpoints/ppo_memtasks/rgb_joints/normalized_dense/InterceptGrabMedium-v0/ppo-mlp-dense-intercept-grab-medium-v0__42__rgb_joints__20251026_063403/20251026_063403/ckpt_0_1.pt
SPS: 406
Epoch: 2, global_step=23040
SPS: 709
Epoch: 3, global_step=46080
SPS: 944
Epoch: 4, global_step=69120
SPS: 1130
Epoch: 5, global_step=92160
SPS: 1280
Epoch: 6, global_step=115200
SPS: 1404
Epoch: 7, global_step=138240
SPS: 1507
Epoch: 8, global_step=161280
SPS: 1596
Epoch: 9, global_step=184320
SPS: 1672
Epoch: 10, global_step=207360
SPS: 1739
Epoch: 11, global_step=230400
SPS: 1799
Epoch: 12, global_step=253440
SPS: 1854
Epoch: 13, global_step=276480
SPS: 1903
Epoch: 14, global_step=299520
SPS: 1947
Epoch: 15, global_step=322560
SPS: 1987
Epoch: 16, global_step=345600
SPS: 2024
Epoch: 17, global_step=368640
SPS: 2058
Epoch: 18, global_step=391680
SPS: 2089
Epoch: 19, global_step=414720
SPS: 2116
Epoch: 20, global_step=437760
SPS: 2141
Epoch: 21, global_step=460800
SPS: 2163
Epoch: 22, global_step=483840
SPS: 2184
Epoch: 23, global_step=506880
SPS: 2204
Epoch: 24, global_step=529920
SPS: 2224
Epoch: 25, global_step=552960
SPS: 2242
Epoch: 26, global_step=576000
SPS: 2259
Epoch: 27, global_step=599040
SPS: 2275
Epoch: 28, global_step=622080
SPS: 2291
Epoch: 29, global_step=645120
SPS: 2306
Epoch: 30, global_step=668160
SPS: 2320
Epoch: 31, global_step=691200
SPS: 2334
Epoch: 32, global_step=714240
SPS: 2347
Epoch: 33, global_step=737280
SPS: 2359
Epoch: 34, global_step=760320
SPS: 2370
Epoch: 35, global_step=783360
SPS: 2381
Epoch: 36, global_step=806400
SPS: 2392
Epoch: 37, global_step=829440
SPS: 2402
Epoch: 38, global_step=852480
SPS: 2412
Epoch: 39, global_step=875520
SPS: 2421
Epoch: 40, global_step=898560
SPS: 2430
Epoch: 41, global_step=921600
SPS: 2438
Epoch: 42, global_step=944640
SPS: 2446
Epoch: 43, global_step=967680
SPS: 2454
Epoch: 44, global_step=990720
SPS: 2461
Epoch: 45, global_step=1013760
SPS: 2468
Epoch: 46, global_step=1036800
SPS: 2475
Epoch: 47, global_step=1059840
SPS: 2482
Epoch: 48, global_step=1082880
SPS: 2488
Epoch: 49, global_step=1105920
SPS: 2494
Epoch: 50, global_step=1128960
SPS: 2500
Epoch: 51, global_step=1152000
Evaluating
Evaluated 4320 steps resulting in 48 episodes
[32mEvaluation Metric: success_once[0m | [36mMean: 0.0000[0m
[32mEvaluation Metric: return[0m | [36mMean: 0.4288[0m
[32mEvaluation Metric: episode_len[0m | [36mMean: 90.0000[0m
[32mEvaluation Metric: reward[0m | [36mMean: 0.0048[0m
[32mEvaluation Metric: success_at_end[0m | [36mMean: 0.0000[0m
model saved to checkpoints/ppo_memtasks/rgb_joints/normalized_dense/InterceptGrabMedium-v0/ppo-mlp-dense-intercept-grab-medium-v0__42__rgb_joints__20251026_063403/20251026_063403/ckpt_1_51.pt
SPS: 2382
Epoch: 52, global_step=1175040
SPS: 2389
Epoch: 53, global_step=1198080
SPS: 2396
Epoch: 54, global_step=1221120
SPS: 2403
Epoch: 55, global_step=1244160
SPS: 2409
Epoch: 56, global_step=1267200
SPS: 2416
Epoch: 57, global_step=1290240
SPS: 2422
Epoch: 58, global_step=1313280
SPS: 2428
Epoch: 59, global_step=1336320
SPS: 2434
Epoch: 60, global_step=1359360
SPS: 2439
Epoch: 61, global_step=1382400
SPS: 2445
Epoch: 62, global_step=1405440
SPS: 2450
Epoch: 63, global_step=1428480
SPS: 2455
Epoch: 64, global_step=1451520
SPS: 2460
Epoch: 65, global_step=1474560
SPS: 2465
Epoch: 66, global_step=1497600
SPS: 2470
Epoch: 67, global_step=1520640
SPS: 2474
Epoch: 68, global_step=1543680
SPS: 2479
Epoch: 69, global_step=1566720
SPS: 2483
Epoch: 70, global_step=1589760
SPS: 2487
Epoch: 71, global_step=1612800
SPS: 2491
Epoch: 72, global_step=1635840
SPS: 2495
Epoch: 73, global_step=1658880
SPS: 2499
Epoch: 74, global_step=1681920
SPS: 2502
Epoch: 75, global_step=1704960
SPS: 2505
Epoch: 76, global_step=1728000
SPS: 2508
Epoch: 77, global_step=1751040
SPS: 2510
Epoch: 78, global_step=1774080
SPS: 2513
Epoch: 79, global_step=1797120
SPS: 2516
Epoch: 80, global_step=1820160
SPS: 2519
Epoch: 81, global_step=1843200
SPS: 2522
Epoch: 82, global_step=1866240
SPS: 2524
Epoch: 83, global_step=1889280
SPS: 2527
Epoch: 84, global_step=1912320
SPS: 2530
Epoch: 85, global_step=1935360
SPS: 2532
Epoch: 86, global_step=1958400
SPS: 2534
Epoch: 87, global_step=1981440
SPS: 2536
Epoch: 88, global_step=2004480
SPS: 2538
Epoch: 89, global_step=2027520
SPS: 2540
Epoch: 90, global_step=2050560
SPS: 2542
Epoch: 91, global_step=2073600
SPS: 2544
Epoch: 92, global_step=2096640
SPS: 2545
Epoch: 93, global_step=2119680
SPS: 2547
Epoch: 94, global_step=2142720
SPS: 2549
Epoch: 95, global_step=2165760
SPS: 2551
Epoch: 96, global_step=2188800
SPS: 2553
Epoch: 97, global_step=2211840
SPS: 2554
Epoch: 98, global_step=2234880
SPS: 2556
Epoch: 99, global_step=2257920
SPS: 2557
Epoch: 100, global_step=2280960
SPS: 2559
Epoch: 101, global_step=2304000
Evaluating
Evaluated 4320 steps resulting in 48 episodes
[32mEvaluation Metric: success_once[0m | [36mMean: 0.0000[0m
[32mEvaluation Metric: return[0m | [36mMean: 0.5049[0m
[32mEvaluation Metric: episode_len[0m | [36mMean: 90.0000[0m
[32mEvaluation Metric: reward[0m | [36mMean: 0.0056[0m
[32mEvaluation Metric: success_at_end[0m | [36mMean: 0.0000[0m
model saved to checkpoints/ppo_memtasks/rgb_joints/normalized_dense/InterceptGrabMedium-v0/ppo-mlp-dense-intercept-grab-medium-v0__42__rgb_joints__20251026_063403/20251026_063403/ckpt_2_101.pt
SPS: 2493
Epoch: 102, global_step=2327040
SPS: 2495
Epoch: 103, global_step=2350080
SPS: 2497
Epoch: 104, global_step=2373120
SPS: 2499
Epoch: 105, global_step=2396160
SPS: 2501
Epoch: 106, global_step=2419200
SPS: 2503
Epoch: 107, global_step=2442240
SPS: 2504
Epoch: 108, global_step=2465280
SPS: 2506
Epoch: 109, global_step=2488320
SPS: 2508
Epoch: 110, global_step=2511360
SPS: 2510
Epoch: 111, global_step=2534400
SPS: 2512
Epoch: 112, global_step=2557440
SPS: 2514
Epoch: 113, global_step=2580480
SPS: 2515
Epoch: 114, global_step=2603520
SPS: 2517
Epoch: 115, global_step=2626560
SPS: 2518
Epoch: 116, global_step=2649600
SPS: 2519
Epoch: 117, global_step=2672640
SPS: 2521
Epoch: 118, global_step=2695680
SPS: 2522
Epoch: 119, global_step=2718720
SPS: 2523
Epoch: 120, global_step=2741760
SPS: 2525
Epoch: 121, global_step=2764800
SPS: 2526
Epoch: 122, global_step=2787840
SPS: 2527
Epoch: 123, global_step=2810880
SPS: 2528
Epoch: 124, global_step=2833920
SPS: 2529
Epoch: 125, global_step=2856960
SPS: 2531
Epoch: 126, global_step=2880000
SPS: 2532
Epoch: 127, global_step=2903040
SPS: 2533
Epoch: 128, global_step=2926080
SPS: 2534
Epoch: 129, global_step=2949120
SPS: 2535
Epoch: 130, global_step=2972160
SPS: 2536
Epoch: 131, global_step=2995200
SPS: 2538
Epoch: 132, global_step=3018240
SPS: 2539
Epoch: 133, global_step=3041280
SPS: 2540
Epoch: 134, global_step=3064320
SPS: 2541
Epoch: 135, global_step=3087360
SPS: 2542
Epoch: 136, global_step=3110400
SPS: 2543
Epoch: 137, global_step=3133440
SPS: 2544
Epoch: 138, global_step=3156480
SPS: 2545
Epoch: 139, global_step=3179520
SPS: 2546
Epoch: 140, global_step=3202560
SPS: 2547
Epoch: 141, global_step=3225600
SPS: 2548
Epoch: 142, global_step=3248640
SPS: 2549
Epoch: 143, global_step=3271680
SPS: 2550
Epoch: 144, global_step=3294720
SPS: 2551
Epoch: 145, global_step=3317760
SPS: 2552
Epoch: 146, global_step=3340800
SPS: 2553
Epoch: 147, global_step=3363840
SPS: 2554
Epoch: 148, global_step=3386880
SPS: 2554
Epoch: 149, global_step=3409920
SPS: 2555
Epoch: 150, global_step=3432960
SPS: 2556
Epoch: 151, global_step=3456000
Evaluating
Evaluated 4320 steps resulting in 48 episodes
[32mEvaluation Metric: success_once[0m | [36mMean: 0.0000[0m
[32mEvaluation Metric: return[0m | [36mMean: 0.7310[0m
[32mEvaluation Metric: episode_len[0m | [36mMean: 90.0000[0m
[32mEvaluation Metric: reward[0m | [36mMean: 0.0081[0m
[32mEvaluation Metric: success_at_end[0m | [36mMean: 0.0000[0m
model saved to checkpoints/ppo_memtasks/rgb_joints/normalized_dense/InterceptGrabMedium-v0/ppo-mlp-dense-intercept-grab-medium-v0__42__rgb_joints__20251026_063403/20251026_063403/ckpt_3_151.pt
SPS: 2509
Epoch: 152, global_step=3479040
SPS: 2510
Epoch: 153, global_step=3502080
SPS: 2512
Epoch: 154, global_step=3525120
SPS: 2512
Epoch: 155, global_step=3548160
SPS: 2513
Epoch: 156, global_step=3571200
SPS: 2514
Epoch: 157, global_step=3594240
SPS: 2515
Epoch: 158, global_step=3617280
SPS: 2516
Epoch: 159, global_step=3640320
SPS: 2517
Epoch: 160, global_step=3663360
SPS: 2518
Epoch: 161, global_step=3686400
SPS: 2519
Epoch: 162, global_step=3709440
SPS: 2520
Epoch: 163, global_step=3732480
SPS: 2521
Epoch: 164, global_step=3755520
SPS: 2522
Epoch: 165, global_step=3778560
SPS: 2523
Epoch: 166, global_step=3801600
SPS: 2524
Epoch: 167, global_step=3824640
SPS: 2525
Epoch: 168, global_step=3847680
SPS: 2526
Epoch: 169, global_step=3870720
SPS: 2526
Epoch: 170, global_step=3893760
SPS: 2527
Epoch: 171, global_step=3916800
SPS: 2528
Epoch: 172, global_step=3939840
SPS: 2529
Epoch: 173, global_step=3962880
SPS: 2530
Epoch: 174, global_step=3985920
SPS: 2530
Epoch: 175, global_step=4008960
SPS: 2531
Epoch: 176, global_step=4032000
SPS: 2532
Epoch: 177, global_step=4055040
SPS: 2533
Epoch: 178, global_step=4078080
SPS: 2533
Epoch: 179, global_step=4101120
SPS: 2534
Epoch: 180, global_step=4124160
SPS: 2535
Epoch: 181, global_step=4147200
SPS: 2535
Epoch: 182, global_step=4170240
SPS: 2536
Epoch: 183, global_step=4193280
SPS: 2537
Epoch: 184, global_step=4216320
SPS: 2537
Epoch: 185, global_step=4239360
SPS: 2538
Epoch: 186, global_step=4262400
SPS: 2539
Epoch: 187, global_step=4285440
SPS: 2539
Epoch: 188, global_step=4308480
SPS: 2540
Epoch: 189, global_step=4331520
SPS: 2541
Epoch: 190, global_step=4354560
SPS: 2541
Epoch: 191, global_step=4377600
SPS: 2542
Epoch: 192, global_step=4400640
SPS: 2542
Epoch: 193, global_step=4423680
SPS: 2543
Epoch: 194, global_step=4446720
SPS: 2544
Epoch: 195, global_step=4469760
SPS: 2544
Epoch: 196, global_step=4492800
SPS: 2545
Epoch: 197, global_step=4515840
SPS: 2546
Epoch: 198, global_step=4538880
SPS: 2546
Epoch: 199, global_step=4561920
SPS: 2547
Epoch: 200, global_step=4584960
SPS: 2547
Epoch: 201, global_step=4608000
Evaluating
Evaluated 4320 steps resulting in 48 episodes
[32mEvaluation Metric: success_once[0m | [36mMean: 0.0000[0m
[32mEvaluation Metric: return[0m | [36mMean: 0.9863[0m
[32mEvaluation Metric: episode_len[0m | [36mMean: 90.0000[0m
[32mEvaluation Metric: reward[0m | [36mMean: 0.0110[0m
[32mEvaluation Metric: success_at_end[0m | [36mMean: 0.0000[0m
model saved to checkpoints/ppo_memtasks/rgb_joints/normalized_dense/InterceptGrabMedium-v0/ppo-mlp-dense-intercept-grab-medium-v0__42__rgb_joints__20251026_063403/20251026_063403/ckpt_4_201.pt
SPS: 2511
Epoch: 202, global_step=4631040
SPS: 2512
Epoch: 203, global_step=4654080
SPS: 2513
Epoch: 204, global_step=4677120
SPS: 2514
Epoch: 205, global_step=4700160
SPS: 2514
Epoch: 206, global_step=4723200
SPS: 2515
Epoch: 207, global_step=4746240
SPS: 2515
Epoch: 208, global_step=4769280
SPS: 2516
Epoch: 209, global_step=4792320
SPS: 2517
Epoch: 210, global_step=4815360
SPS: 2517
Epoch: 211, global_step=4838400
SPS: 2518
Epoch: 212, global_step=4861440
SPS: 2518
Epoch: 213, global_step=4884480
SPS: 2519
Epoch: 214, global_step=4907520
SPS: 2519
Epoch: 215, global_step=4930560
SPS: 2520
Epoch: 216, global_step=4953600
SPS: 2520
Epoch: 217, global_step=4976640
SPS: 2521
Epoch: 218, global_step=4999680
SPS: 2522
Epoch: 219, global_step=5022720
SPS: 2522
Epoch: 220, global_step=5045760
SPS: 2523
Epoch: 221, global_step=5068800
SPS: 2523
Epoch: 222, global_step=5091840
SPS: 2524
Epoch: 223, global_step=5114880
SPS: 2524
Epoch: 224, global_step=5137920
SPS: 2525
Epoch: 225, global_step=5160960
SPS: 2525
Epoch: 226, global_step=5184000
SPS: 2525
Epoch: 227, global_step=5207040
SPS: 2526
Epoch: 228, global_step=5230080
SPS: 2526
Epoch: 229, global_step=5253120
SPS: 2527
Epoch: 230, global_step=5276160
SPS: 2527
Epoch: 231, global_step=5299200
SPS: 2528
Epoch: 232, global_step=5322240
SPS: 2528
Epoch: 233, global_step=5345280
SPS: 2529
Epoch: 234, global_step=5368320
SPS: 2529
Epoch: 235, global_step=5391360
SPS: 2529
Epoch: 236, global_step=5414400
SPS: 2530
Epoch: 237, global_step=5437440
SPS: 2530
Epoch: 238, global_step=5460480
SPS: 2531
Epoch: 239, global_step=5483520
SPS: 2531
Epoch: 240, global_step=5506560
SPS: 2531
Epoch: 241, global_step=5529600
SPS: 2532
Epoch: 242, global_step=5552640
SPS: 2532
Epoch: 243, global_step=5575680
SPS: 2532
Epoch: 244, global_step=5598720
SPS: 2533
Epoch: 245, global_step=5621760
SPS: 2533
Epoch: 246, global_step=5644800
SPS: 2533
Epoch: 247, global_step=5667840
SPS: 2534
Epoch: 248, global_step=5690880
SPS: 2534
Epoch: 249, global_step=5713920
SPS: 2534
Epoch: 250, global_step=5736960
SPS: 2535
Epoch: 251, global_step=5760000
Evaluating
Evaluated 4320 steps resulting in 48 episodes
[32mEvaluation Metric: success_once[0m | [36mMean: 0.0000[0m
[32mEvaluation Metric: return[0m | [36mMean: 1.2162[0m
[32mEvaluation Metric: episode_len[0m | [36mMean: 90.0000[0m
[32mEvaluation Metric: reward[0m | [36mMean: 0.0135[0m
[32mEvaluation Metric: success_at_end[0m | [36mMean: 0.0000[0m
model saved to checkpoints/ppo_memtasks/rgb_joints/normalized_dense/InterceptGrabMedium-v0/ppo-mlp-dense-intercept-grab-medium-v0__42__rgb_joints__20251026_063403/20251026_063403/ckpt_5_251.pt
SPS: 2506
Epoch: 252, global_step=5783040
SPS: 2506
Epoch: 253, global_step=5806080
SPS: 2506
Epoch: 254, global_step=5829120
SPS: 2506
Epoch: 255, global_step=5852160
SPS: 2507
Epoch: 256, global_step=5875200
SPS: 2507
Epoch: 257, global_step=5898240
SPS: 2507
Epoch: 258, global_step=5921280
SPS: 2508
Epoch: 259, global_step=5944320
SPS: 2508
Epoch: 260, global_step=5967360
SPS: 2508
Epoch: 261, global_step=5990400
SPS: 2509
Epoch: 262, global_step=6013440
SPS: 2509
Epoch: 263, global_step=6036480
SPS: 2509
Epoch: 264, global_step=6059520
SPS: 2510
Epoch: 265, global_step=6082560
SPS: 2510
Epoch: 266, global_step=6105600
SPS: 2510
Epoch: 267, global_step=6128640
SPS: 2511
Epoch: 268, global_step=6151680
SPS: 2511
Epoch: 269, global_step=6174720
SPS: 2511
Epoch: 270, global_step=6197760
SPS: 2512
Epoch: 271, global_step=6220800
SPS: 2512
Epoch: 272, global_step=6243840
SPS: 2512
Epoch: 273, global_step=6266880
SPS: 2513
Epoch: 274, global_step=6289920
SPS: 2513
Epoch: 275, global_step=6312960
SPS: 2513
Epoch: 276, global_step=6336000
SPS: 2513
Epoch: 277, global_step=6359040
SPS: 2514
Epoch: 278, global_step=6382080
SPS: 2514
Epoch: 279, global_step=6405120
SPS: 2514
Epoch: 280, global_step=6428160
SPS: 2514
Epoch: 281, global_step=6451200
SPS: 2515
Epoch: 282, global_step=6474240
SPS: 2515
Epoch: 283, global_step=6497280
SPS: 2515
Epoch: 284, global_step=6520320
SPS: 2515
Epoch: 285, global_step=6543360
SPS: 2515
Epoch: 286, global_step=6566400
SPS: 2515
Epoch: 287, global_step=6589440
SPS: 2516
Epoch: 288, global_step=6612480
SPS: 2516
Epoch: 289, global_step=6635520
SPS: 2516
Epoch: 290, global_step=6658560
SPS: 2516
Epoch: 291, global_step=6681600
SPS: 2517
Epoch: 292, global_step=6704640
SPS: 2517
Epoch: 293, global_step=6727680
SPS: 2517
Epoch: 294, global_step=6750720
SPS: 2517
Epoch: 295, global_step=6773760
SPS: 2517
Epoch: 296, global_step=6796800
SPS: 2518
Epoch: 297, global_step=6819840
SPS: 2518
Epoch: 298, global_step=6842880
SPS: 2518
Epoch: 299, global_step=6865920
SPS: 2518
Epoch: 300, global_step=6888960
SPS: 2518
Epoch: 301, global_step=6912000
Evaluating
Evaluated 4320 steps resulting in 48 episodes
[32mEvaluation Metric: success_once[0m | [36mMean: 0.0000[0m
[32mEvaluation Metric: return[0m | [36mMean: 1.5280[0m
[32mEvaluation Metric: episode_len[0m | [36mMean: 90.0000[0m
[32mEvaluation Metric: reward[0m | [36mMean: 0.0170[0m
[32mEvaluation Metric: success_at_end[0m | [36mMean: 0.0000[0m
model saved to checkpoints/ppo_memtasks/rgb_joints/normalized_dense/InterceptGrabMedium-v0/ppo-mlp-dense-intercept-grab-medium-v0__42__rgb_joints__20251026_063403/20251026_063403/ckpt_6_301.pt
SPS: 2495
Epoch: 302, global_step=6935040
SPS: 2495
Epoch: 303, global_step=6958080
SPS: 2495
Epoch: 304, global_step=6981120
SPS: 2496
Epoch: 305, global_step=7004160
SPS: 2496
Epoch: 306, global_step=7027200
SPS: 2496
Epoch: 307, global_step=7050240
SPS: 2496
Epoch: 308, global_step=7073280
SPS: 2497
Epoch: 309, global_step=7096320
SPS: 2497
Epoch: 310, global_step=7119360
SPS: 2497
Epoch: 311, global_step=7142400
SPS: 2497
Epoch: 312, global_step=7165440
SPS: 2498
Epoch: 313, global_step=7188480
SPS: 2498
Epoch: 314, global_step=7211520
SPS: 2498
Epoch: 315, global_step=7234560
SPS: 2498
Epoch: 316, global_step=7257600
SPS: 2498
Epoch: 317, global_step=7280640
SPS: 2499
Epoch: 318, global_step=7303680
SPS: 2499
Epoch: 319, global_step=7326720
SPS: 2499
Epoch: 320, global_step=7349760
SPS: 2499
Epoch: 321, global_step=7372800
SPS: 2499
Epoch: 322, global_step=7395840
SPS: 2500
Epoch: 323, global_step=7418880
SPS: 2500
Epoch: 324, global_step=7441920
SPS: 2500
Epoch: 325, global_step=7464960
SPS: 2500
Epoch: 326, global_step=7488000
SPS: 2500
Epoch: 327, global_step=7511040
SPS: 2501
Epoch: 328, global_step=7534080
SPS: 2501
Epoch: 329, global_step=7557120
SPS: 2501
Epoch: 330, global_step=7580160
SPS: 2501
Epoch: 331, global_step=7603200
SPS: 2501
Epoch: 332, global_step=7626240
SPS: 2501
Epoch: 333, global_step=7649280
SPS: 2501
Epoch: 334, global_step=7672320
SPS: 2502
Epoch: 335, global_step=7695360
SPS: 2502
Epoch: 336, global_step=7718400
SPS: 2502
Epoch: 337, global_step=7741440
SPS: 2502
Epoch: 338, global_step=7764480
SPS: 2502
Epoch: 339, global_step=7787520
SPS: 2502
Epoch: 340, global_step=7810560
SPS: 2503
Epoch: 341, global_step=7833600
SPS: 2503
Epoch: 342, global_step=7856640
SPS: 2503
Epoch: 343, global_step=7879680
SPS: 2503
Epoch: 344, global_step=7902720
SPS: 2503
Epoch: 345, global_step=7925760
SPS: 2503
Epoch: 346, global_step=7948800
SPS: 2503
Epoch: 347, global_step=7971840
SPS: 2504
Epoch: 348, global_step=7994880
SPS: 2504
Epoch: 349, global_step=8017920
SPS: 2504
Epoch: 350, global_step=8040960
SPS: 2504
Epoch: 351, global_step=8064000
Evaluating
Evaluated 4320 steps resulting in 48 episodes
[32mEvaluation Metric: success_once[0m | [36mMean: 0.0000[0m
[32mEvaluation Metric: return[0m | [36mMean: 1.7630[0m
[32mEvaluation Metric: episode_len[0m | [36mMean: 90.0000[0m
[32mEvaluation Metric: reward[0m | [36mMean: 0.0196[0m
[32mEvaluation Metric: success_at_end[0m | [36mMean: 0.0000[0m
model saved to checkpoints/ppo_memtasks/rgb_joints/normalized_dense/InterceptGrabMedium-v0/ppo-mlp-dense-intercept-grab-medium-v0__42__rgb_joints__20251026_063403/20251026_063403/ckpt_7_351.pt
SPS: 2484
Epoch: 352, global_step=8087040
SPS: 2484
Epoch: 353, global_step=8110080
SPS: 2485
Epoch: 354, global_step=8133120
SPS: 2485
Epoch: 355, global_step=8156160
SPS: 2485
Epoch: 356, global_step=8179200
SPS: 2485
Epoch: 357, global_step=8202240
SPS: 2485
Epoch: 358, global_step=8225280
SPS: 2486
Epoch: 359, global_step=8248320
SPS: 2486
Epoch: 360, global_step=8271360
SPS: 2486
Epoch: 361, global_step=8294400
SPS: 2486
Epoch: 362, global_step=8317440
SPS: 2486
Epoch: 363, global_step=8340480
SPS: 2487
Epoch: 364, global_step=8363520
SPS: 2487
Epoch: 365, global_step=8386560
SPS: 2487
Epoch: 366, global_step=8409600
SPS: 2487
Epoch: 367, global_step=8432640
SPS: 2487
Epoch: 368, global_step=8455680
SPS: 2487
Epoch: 369, global_step=8478720
SPS: 2488
Epoch: 370, global_step=8501760
SPS: 2488
Epoch: 371, global_step=8524800
SPS: 2488
Epoch: 372, global_step=8547840
SPS: 2488
Epoch: 373, global_step=8570880
SPS: 2488
Epoch: 374, global_step=8593920
SPS: 2489
Epoch: 375, global_step=8616960
SPS: 2489
Epoch: 376, global_step=8640000
SPS: 2489
Epoch: 377, global_step=8663040
SPS: 2489
Epoch: 378, global_step=8686080
SPS: 2489
Epoch: 379, global_step=8709120
SPS: 2490
Epoch: 380, global_step=8732160
SPS: 2490
Epoch: 381, global_step=8755200
SPS: 2490
Epoch: 382, global_step=8778240
SPS: 2490
Epoch: 383, global_step=8801280
SPS: 2490
Epoch: 384, global_step=8824320
SPS: 2491
Epoch: 385, global_step=8847360
SPS: 2491
Epoch: 386, global_step=8870400
SPS: 2491
Epoch: 387, global_step=8893440
SPS: 2491
Epoch: 388, global_step=8916480
SPS: 2492
Epoch: 389, global_step=8939520
SPS: 2492
Epoch: 390, global_step=8962560
SPS: 2492
Epoch: 391, global_step=8985600
SPS: 2492
Epoch: 392, global_step=9008640
SPS: 2492
Epoch: 393, global_step=9031680
SPS: 2493
Epoch: 394, global_step=9054720
SPS: 2493
Epoch: 395, global_step=9077760
SPS: 2493
Epoch: 396, global_step=9100800
SPS: 2493
Epoch: 397, global_step=9123840
SPS: 2494
Epoch: 398, global_step=9146880
SPS: 2494
Epoch: 399, global_step=9169920
SPS: 2494
Epoch: 400, global_step=9192960
SPS: 2494
Epoch: 401, global_step=9216000
Evaluating
Evaluated 4320 steps resulting in 48 episodes
[32mEvaluation Metric: success_once[0m | [36mMean: 0.0000[0m
[32mEvaluation Metric: return[0m | [36mMean: 1.1500[0m
[32mEvaluation Metric: episode_len[0m | [36mMean: 90.0000[0m
[32mEvaluation Metric: reward[0m | [36mMean: 0.0128[0m
[32mEvaluation Metric: success_at_end[0m | [36mMean: 0.0000[0m
model saved to checkpoints/ppo_memtasks/rgb_joints/normalized_dense/InterceptGrabMedium-v0/ppo-mlp-dense-intercept-grab-medium-v0__42__rgb_joints__20251026_063403/20251026_063403/ckpt_8_401.pt
SPS: 2476
Epoch: 402, global_step=9239040
SPS: 2477
Epoch: 403, global_step=9262080
SPS: 2477
Epoch: 404, global_step=9285120
SPS: 2477
Epoch: 405, global_step=9308160
SPS: 2477
Epoch: 406, global_step=9331200
SPS: 2478
Epoch: 407, global_step=9354240
SPS: 2478
Epoch: 408, global_step=9377280
SPS: 2478
Epoch: 409, global_step=9400320
SPS: 2478
Epoch: 410, global_step=9423360
SPS: 2479
Epoch: 411, global_step=9446400
SPS: 2479
Epoch: 412, global_step=9469440
SPS: 2479
Epoch: 413, global_step=9492480
SPS: 2480
Epoch: 414, global_step=9515520
SPS: 2480
Epoch: 415, global_step=9538560
SPS: 2480
Epoch: 416, global_step=9561600
SPS: 2480
Epoch: 417, global_step=9584640
SPS: 2481
Epoch: 418, global_step=9607680
SPS: 2481
Epoch: 419, global_step=9630720
SPS: 2481
Epoch: 420, global_step=9653760
SPS: 2481
Epoch: 421, global_step=9676800
SPS: 2482
Epoch: 422, global_step=9699840
SPS: 2482
Epoch: 423, global_step=9722880
SPS: 2482
Epoch: 424, global_step=9745920
SPS: 2482
Epoch: 425, global_step=9768960
SPS: 2482
Epoch: 426, global_step=9792000
SPS: 2483
Epoch: 427, global_step=9815040
SPS: 2483
Epoch: 428, global_step=9838080
SPS: 2483
Epoch: 429, global_step=9861120
SPS: 2483
Epoch: 430, global_step=9884160
SPS: 2484
Epoch: 431, global_step=9907200
SPS: 2484
Epoch: 432, global_step=9930240
SPS: 2484
Epoch: 433, global_step=9953280
SPS: 2484
Epoch: 434, global_step=9976320
SPS: 2484
Epoch: 435, global_step=9999360
SPS: 2485
Epoch: 436, global_step=10022400
SPS: 2485
Epoch: 437, global_step=10045440
SPS: 2485
Epoch: 438, global_step=10068480
SPS: 2485
Epoch: 439, global_step=10091520
SPS: 2486
Epoch: 440, global_step=10114560
SPS: 2486
Epoch: 441, global_step=10137600
SPS: 2486
Epoch: 442, global_step=10160640
SPS: 2486
Epoch: 443, global_step=10183680
SPS: 2486
Epoch: 444, global_step=10206720
SPS: 2487
Epoch: 445, global_step=10229760
SPS: 2487
Epoch: 446, global_step=10252800
SPS: 2487
Epoch: 447, global_step=10275840
SPS: 2487
Epoch: 448, global_step=10298880
SPS: 2488
Epoch: 449, global_step=10321920
SPS: 2488
Epoch: 450, global_step=10344960
SPS: 2488
Epoch: 451, global_step=10368000
Evaluating
Evaluated 4320 steps resulting in 48 episodes
[32mEvaluation Metric: success_once[0m | [36mMean: 0.0000[0m
[32mEvaluation Metric: return[0m | [36mMean: 0.8477[0m
[32mEvaluation Metric: episode_len[0m | [36mMean: 90.0000[0m
[32mEvaluation Metric: reward[0m | [36mMean: 0.0094[0m
[32mEvaluation Metric: success_at_end[0m | [36mMean: 0.0000[0m
model saved to checkpoints/ppo_memtasks/rgb_joints/normalized_dense/InterceptGrabMedium-v0/ppo-mlp-dense-intercept-grab-medium-v0__42__rgb_joints__20251026_063403/20251026_063403/ckpt_9_451.pt
SPS: 2472
Epoch: 452, global_step=10391040
SPS: 2473
Epoch: 453, global_step=10414080
SPS: 2473
Epoch: 454, global_step=10437120
SPS: 2473
Epoch: 455, global_step=10460160
SPS: 2473
Epoch: 456, global_step=10483200
SPS: 2474
Epoch: 457, global_step=10506240
SPS: 2474
Epoch: 458, global_step=10529280
SPS: 2474
Epoch: 459, global_step=10552320
SPS: 2474
Epoch: 460, global_step=10575360
SPS: 2475
Epoch: 461, global_step=10598400
SPS: 2475
Epoch: 462, global_step=10621440
SPS: 2475
Epoch: 463, global_step=10644480
SPS: 2475
Epoch: 464, global_step=10667520
SPS: 2476
Epoch: 465, global_step=10690560
SPS: 2476
Epoch: 466, global_step=10713600
SPS: 2476
Epoch: 467, global_step=10736640
SPS: 2476
Epoch: 468, global_step=10759680
SPS: 2476
Epoch: 469, global_step=10782720
SPS: 2477
Epoch: 470, global_step=10805760
SPS: 2477
Epoch: 471, global_step=10828800
SPS: 2477
Epoch: 472, global_step=10851840
SPS: 2477
Epoch: 473, global_step=10874880
SPS: 2478
Epoch: 474, global_step=10897920
SPS: 2478
Epoch: 475, global_step=10920960
SPS: 2478
Epoch: 476, global_step=10944000
SPS: 2478
Epoch: 477, global_step=10967040
SPS: 2478
Epoch: 478, global_step=10990080
SPS: 2479
Epoch: 479, global_step=11013120
SPS: 2479
Epoch: 480, global_step=11036160
SPS: 2479
Epoch: 481, global_step=11059200
SPS: 2480
Epoch: 482, global_step=11082240
SPS: 2480
Epoch: 483, global_step=11105280
SPS: 2480
Epoch: 484, global_step=11128320
SPS: 2480
Epoch: 485, global_step=11151360
SPS: 2480
Epoch: 486, global_step=11174400
SPS: 2481
Epoch: 487, global_step=11197440
SPS: 2481
Epoch: 488, global_step=11220480
SPS: 2481
Epoch: 489, global_step=11243520
SPS: 2481
Epoch: 490, global_step=11266560
SPS: 2482
Epoch: 491, global_step=11289600
SPS: 2482
Epoch: 492, global_step=11312640
SPS: 2482
Epoch: 493, global_step=11335680
SPS: 2482
Epoch: 494, global_step=11358720
SPS: 2482
Epoch: 495, global_step=11381760
SPS: 2483
Epoch: 496, global_step=11404800
SPS: 2483
Epoch: 497, global_step=11427840
SPS: 2483
Epoch: 498, global_step=11450880
SPS: 2483
Epoch: 499, global_step=11473920
SPS: 2483
Epoch: 500, global_step=11496960
SPS: 2483
Epoch: 501, global_step=11520000
Evaluating
Evaluated 4320 steps resulting in 48 episodes
[32mEvaluation Metric: success_once[0m | [36mMean: 0.0000[0m
[32mEvaluation Metric: return[0m | [36mMean: 1.9278[0m
[32mEvaluation Metric: episode_len[0m | [36mMean: 90.0000[0m
[32mEvaluation Metric: reward[0m | [36mMean: 0.0214[0m
[32mEvaluation Metric: success_at_end[0m | [36mMean: 0.0000[0m
model saved to checkpoints/ppo_memtasks/rgb_joints/normalized_dense/InterceptGrabMedium-v0/ppo-mlp-dense-intercept-grab-medium-v0__42__rgb_joints__20251026_063403/20251026_063403/ckpt_10_501.pt
SPS: 2470
Epoch: 502, global_step=11543040
SPS: 2470
Epoch: 503, global_step=11566080
SPS: 2470
Epoch: 504, global_step=11589120
SPS: 2471
Epoch: 505, global_step=11612160
SPS: 2471
Epoch: 506, global_step=11635200
SPS: 2471
Epoch: 507, global_step=11658240
SPS: 2471
Epoch: 508, global_step=11681280
SPS: 2471
Epoch: 509, global_step=11704320
SPS: 2472
Epoch: 510, global_step=11727360
SPS: 2472
Epoch: 511, global_step=11750400
SPS: 2472
Epoch: 512, global_step=11773440
SPS: 2472
Epoch: 513, global_step=11796480
SPS: 2472
Epoch: 514, global_step=11819520
SPS: 2473
Epoch: 515, global_step=11842560
SPS: 2473
Epoch: 516, global_step=11865600
SPS: 2473
Epoch: 517, global_step=11888640
SPS: 2473
Epoch: 518, global_step=11911680
SPS: 2473
Epoch: 519, global_step=11934720
SPS: 2474
Epoch: 520, global_step=11957760
SPS: 2474
Epoch: 521, global_step=11980800
SPS: 2474
Epoch: 522, global_step=12003840
SPS: 2474
Epoch: 523, global_step=12026880
SPS: 2474
Epoch: 524, global_step=12049920
SPS: 2475
Epoch: 525, global_step=12072960
SPS: 2475
Epoch: 526, global_step=12096000
SPS: 2475
Epoch: 527, global_step=12119040
SPS: 2475
Epoch: 528, global_step=12142080
SPS: 2475
Epoch: 529, global_step=12165120
SPS: 2476
Epoch: 530, global_step=12188160
SPS: 2476
Epoch: 531, global_step=12211200
SPS: 2476
Epoch: 532, global_step=12234240
SPS: 2476
Epoch: 533, global_step=12257280
SPS: 2476
Epoch: 534, global_step=12280320
SPS: 2477
Epoch: 535, global_step=12303360
SPS: 2477
Epoch: 536, global_step=12326400
SPS: 2477
Epoch: 537, global_step=12349440
SPS: 2477
Epoch: 538, global_step=12372480
SPS: 2477
Epoch: 539, global_step=12395520
SPS: 2478
Epoch: 540, global_step=12418560
SPS: 2478
Epoch: 541, global_step=12441600
SPS: 2478
Epoch: 542, global_step=12464640
SPS: 2478
Epoch: 543, global_step=12487680
SPS: 2478
Epoch: 544, global_step=12510720
SPS: 2479
Epoch: 545, global_step=12533760
SPS: 2479
Epoch: 546, global_step=12556800
SPS: 2479
Epoch: 547, global_step=12579840
SPS: 2479
Epoch: 548, global_step=12602880
SPS: 2479
Epoch: 549, global_step=12625920
SPS: 2479
Epoch: 550, global_step=12648960
SPS: 2480
Epoch: 551, global_step=12672000
Evaluating
Evaluated 4320 steps resulting in 48 episodes
[32mEvaluation Metric: success_once[0m | [36mMean: 0.0000[0m
[32mEvaluation Metric: return[0m | [36mMean: 0.9511[0m
[32mEvaluation Metric: episode_len[0m | [36mMean: 90.0000[0m
[32mEvaluation Metric: reward[0m | [36mMean: 0.0106[0m
[32mEvaluation Metric: success_at_end[0m | [36mMean: 0.0000[0m
model saved to checkpoints/ppo_memtasks/rgb_joints/normalized_dense/InterceptGrabMedium-v0/ppo-mlp-dense-intercept-grab-medium-v0__42__rgb_joints__20251026_063403/20251026_063403/ckpt_11_551.pt
SPS: 2467
Epoch: 552, global_step=12695040
SPS: 2467
Epoch: 553, global_step=12718080
SPS: 2467
Epoch: 554, global_step=12741120
SPS: 2467
Epoch: 555, global_step=12764160
SPS: 2468
Epoch: 556, global_step=12787200
SPS: 2468
Epoch: 557, global_step=12810240
SPS: 2468
Epoch: 558, global_step=12833280
SPS: 2468
Epoch: 559, global_step=12856320
SPS: 2468
Epoch: 560, global_step=12879360
SPS: 2469
Epoch: 561, global_step=12902400
SPS: 2469
Epoch: 562, global_step=12925440
SPS: 2469
Epoch: 563, global_step=12948480
SPS: 2469
Epoch: 564, global_step=12971520
SPS: 2469
model saved to checkpoints/ppo_memtasks/rgb_joints/normalized_dense/InterceptGrabMedium-v0/ppo-mlp-dense-intercept-grab-medium-v0__42__rgb_joints__20251026_063403/20251026_063403/final_ckpt.pt
Running InterceptGrabMedium-v0 with seed 33

===========================================================================
║                        Environment Configuration                        ║
===========================================================================
║ Environment ID: InterceptGrabMedium-v0                                  ║
║ Oracle Info:    None                                                    ║
║ Wrappers:                                                               ║
║    ├─ InitialZeroActionWrapper                                         ║
║    │  └─ {'n_initial_steps': 0}                                           ║
║    ├─ RenderStepInfoWrapper                                            ║
║    ├─ RenderRewardInfoWrapper                                          ║
║    ├─ DebugRewardWrapper                                               ║
║-------------------------------------------------------------------------║
║ include_state:       False │ state will not be used                ║
║ include_rgb:         True  │ rgb images will be used               ║
║ include_oracle:      False │ oracle info will not be used          ║
║ include_joints:      True  │ joints will be used                   ║
===========================================================================

MODE='rgb_joints'
prompt_info=None
Saving eval videos to checkpoints/ppo_memtasks/rgb_joints/normalized_dense/InterceptGrabMedium-v0/ppo-mlp-dense-intercept-grab-medium-v0__33__rgb_joints__20251026_080157/20251026_080157/videos
======================================================================
Max Episode Steps: 90
======================================================================

Running training

####
args.num_iterations=564 args.num_envs=256 args.num_eval_envs=16
args.minibatch_size=2880 args.batch_size=23040 args.update_epochs=4
####

sample_obs.keys()=dict_keys(['joints', 'rgb'])
joints: torch.Size([256, 25])
rgb: torch.Size([256, 128, 128, 3])


Epoch: 1, global_step=0
Evaluating
Evaluated 4320 steps resulting in 48 episodes
[32mEvaluation Metric: success_once[0m | [36mMean: 0.0000[0m
[32mEvaluation Metric: return[0m | [36mMean: 0.2800[0m
[32mEvaluation Metric: episode_len[0m | [36mMean: 90.0000[0m
[32mEvaluation Metric: reward[0m | [36mMean: 0.0031[0m
[32mEvaluation Metric: success_at_end[0m | [36mMean: 0.0000[0m
model saved to checkpoints/ppo_memtasks/rgb_joints/normalized_dense/InterceptGrabMedium-v0/ppo-mlp-dense-intercept-grab-medium-v0__33__rgb_joints__20251026_080157/20251026_080157/ckpt_0_1.pt
SPS: 699
Epoch: 2, global_step=23040
SPS: 1118
Epoch: 3, global_step=46080
SPS: 1387
Epoch: 4, global_step=69120
SPS: 1583
Epoch: 5, global_step=92160
SPS: 1725
Epoch: 6, global_step=115200
SPS: 1830
Epoch: 7, global_step=138240
SPS: 1920
Epoch: 8, global_step=161280
SPS: 1994
Epoch: 9, global_step=184320
SPS: 2059
Epoch: 10, global_step=207360
SPS: 2111
Epoch: 11, global_step=230400
SPS: 2153
Epoch: 12, global_step=253440
SPS: 2189
Epoch: 13, global_step=276480
SPS: 2220
Epoch: 14, global_step=299520
SPS: 2248
Epoch: 15, global_step=322560
SPS: 2273
Epoch: 16, global_step=345600
SPS: 2297
Epoch: 17, global_step=368640
SPS: 2319
Epoch: 18, global_step=391680
SPS: 2341
Epoch: 19, global_step=414720
SPS: 2362
Epoch: 20, global_step=437760
SPS: 2382
Epoch: 21, global_step=460800
SPS: 2400
Epoch: 22, global_step=483840
SPS: 2417
Epoch: 23, global_step=506880
SPS: 2432
Epoch: 24, global_step=529920
SPS: 2447
Epoch: 25, global_step=552960
SPS: 2460
Epoch: 26, global_step=576000
SPS: 2472
Epoch: 27, global_step=599040
SPS: 2484
Epoch: 28, global_step=622080
SPS: 2495
Epoch: 29, global_step=645120
SPS: 2505
Epoch: 30, global_step=668160
SPS: 2515
Epoch: 31, global_step=691200
SPS: 2524
Epoch: 32, global_step=714240
SPS: 2533
Epoch: 33, global_step=737280
SPS: 2541
Epoch: 34, global_step=760320
SPS: 2548
Epoch: 35, global_step=783360
SPS: 2556
Epoch: 36, global_step=806400
SPS: 2563
Epoch: 37, global_step=829440
SPS: 2569
Epoch: 38, global_step=852480
SPS: 2575
Epoch: 39, global_step=875520
SPS: 2581
Epoch: 40, global_step=898560
SPS: 2586
Epoch: 41, global_step=921600
SPS: 2591
Epoch: 42, global_step=944640
SPS: 2596
Epoch: 43, global_step=967680
SPS: 2601
Epoch: 44, global_step=990720
SPS: 2605
Epoch: 45, global_step=1013760
SPS: 2610
Epoch: 46, global_step=1036800
SPS: 2614
Epoch: 47, global_step=1059840
SPS: 2618
Epoch: 48, global_step=1082880
SPS: 2622
Epoch: 49, global_step=1105920
SPS: 2626
Epoch: 50, global_step=1128960
SPS: 2629
Epoch: 51, global_step=1152000
Evaluating
Evaluated 4320 steps resulting in 48 episodes
[32mEvaluation Metric: success_once[0m | [36mMean: 0.0000[0m
[32mEvaluation Metric: return[0m | [36mMean: 0.5741[0m
[32mEvaluation Metric: episode_len[0m | [36mMean: 90.0000[0m
[32mEvaluation Metric: reward[0m | [36mMean: 0.0064[0m
[32mEvaluation Metric: success_at_end[0m | [36mMean: 0.0000[0m
model saved to checkpoints/ppo_memtasks/rgb_joints/normalized_dense/InterceptGrabMedium-v0/ppo-mlp-dense-intercept-grab-medium-v0__33__rgb_joints__20251026_080157/20251026_080157/ckpt_1_51.pt
SPS: 2499
Epoch: 52, global_step=1175040
SPS: 2505
Epoch: 53, global_step=1198080
SPS: 2510
Epoch: 54, global_step=1221120
SPS: 2515
Epoch: 55, global_step=1244160
SPS: 2520
Epoch: 56, global_step=1267200
SPS: 2525
Epoch: 57, global_step=1290240
SPS: 2530
Epoch: 58, global_step=1313280
SPS: 2534
Epoch: 59, global_step=1336320
SPS: 2538
Epoch: 60, global_step=1359360
SPS: 2542
Epoch: 61, global_step=1382400
SPS: 2546
Epoch: 62, global_step=1405440
SPS: 2550
Epoch: 63, global_step=1428480
SPS: 2554
Epoch: 64, global_step=1451520
SPS: 2558
Epoch: 65, global_step=1474560
SPS: 2561
Epoch: 66, global_step=1497600
SPS: 2565
Epoch: 67, global_step=1520640
SPS: 2568
Epoch: 68, global_step=1543680
SPS: 2571
Epoch: 69, global_step=1566720
SPS: 2574
Epoch: 70, global_step=1589760
SPS: 2577
Epoch: 71, global_step=1612800
SPS: 2580
Epoch: 72, global_step=1635840
SPS: 2583
Epoch: 73, global_step=1658880
SPS: 2586
Epoch: 74, global_step=1681920
SPS: 2588
Epoch: 75, global_step=1704960
SPS: 2591
Epoch: 76, global_step=1728000
SPS: 2593
Epoch: 77, global_step=1751040
SPS: 2596
Epoch: 78, global_step=1774080
SPS: 2598
Epoch: 79, global_step=1797120
SPS: 2600
Epoch: 80, global_step=1820160
SPS: 2603
Epoch: 81, global_step=1843200
SPS: 2605
Epoch: 82, global_step=1866240
SPS: 2607
Epoch: 83, global_step=1889280
SPS: 2609
Epoch: 84, global_step=1912320
SPS: 2611
Epoch: 85, global_step=1935360
SPS: 2613
Epoch: 86, global_step=1958400
SPS: 2615
Epoch: 87, global_step=1981440
SPS: 2617
Epoch: 88, global_step=2004480
SPS: 2619
Epoch: 89, global_step=2027520
SPS: 2621
Epoch: 90, global_step=2050560
SPS: 2622
Epoch: 91, global_step=2073600
SPS: 2624
Epoch: 92, global_step=2096640
SPS: 2625
Epoch: 93, global_step=2119680
SPS: 2627
Epoch: 94, global_step=2142720
SPS: 2628
Epoch: 95, global_step=2165760
SPS: 2630
Epoch: 96, global_step=2188800
SPS: 2631
Epoch: 97, global_step=2211840
SPS: 2633
Epoch: 98, global_step=2234880
SPS: 2634
Epoch: 99, global_step=2257920
SPS: 2635
Epoch: 100, global_step=2280960
SPS: 2636
Epoch: 101, global_step=2304000
Evaluating
Evaluated 4320 steps resulting in 48 episodes
[32mEvaluation Metric: success_once[0m | [36mMean: 0.0000[0m
[32mEvaluation Metric: return[0m | [36mMean: 0.7896[0m
[32mEvaluation Metric: episode_len[0m | [36mMean: 90.0000[0m
[32mEvaluation Metric: reward[0m | [36mMean: 0.0088[0m
[32mEvaluation Metric: success_at_end[0m | [36mMean: 0.0000[0m
model saved to checkpoints/ppo_memtasks/rgb_joints/normalized_dense/InterceptGrabMedium-v0/ppo-mlp-dense-intercept-grab-medium-v0__33__rgb_joints__20251026_080157/20251026_080157/ckpt_2_101.pt
SPS: 2562
Epoch: 102, global_step=2327040
SPS: 2564
Epoch: 103, global_step=2350080
SPS: 2566
Epoch: 104, global_step=2373120
SPS: 2567
Epoch: 105, global_step=2396160
SPS: 2569
Epoch: 106, global_step=2419200
SPS: 2570
Epoch: 107, global_step=2442240
SPS: 2572
Epoch: 108, global_step=2465280
SPS: 2573
Epoch: 109, global_step=2488320
SPS: 2574
Epoch: 110, global_step=2511360
SPS: 2576
Epoch: 111, global_step=2534400
SPS: 2577
Epoch: 112, global_step=2557440
SPS: 2578
Epoch: 113, global_step=2580480
SPS: 2579
Epoch: 114, global_step=2603520
SPS: 2579
Epoch: 115, global_step=2626560
SPS: 2580
Epoch: 116, global_step=2649600
SPS: 2581
Epoch: 117, global_step=2672640
SPS: 2582
Epoch: 118, global_step=2695680
SPS: 2583
Epoch: 119, global_step=2718720
SPS: 2584
Epoch: 120, global_step=2741760
SPS: 2584
Epoch: 121, global_step=2764800
SPS: 2585
Epoch: 122, global_step=2787840
SPS: 2586
Epoch: 123, global_step=2810880
SPS: 2587
Epoch: 124, global_step=2833920
SPS: 2587
Epoch: 125, global_step=2856960
SPS: 2588
Epoch: 126, global_step=2880000
SPS: 2588
Epoch: 127, global_step=2903040
SPS: 2588
Epoch: 128, global_step=2926080
SPS: 2588
Epoch: 129, global_step=2949120
SPS: 2588
Epoch: 130, global_step=2972160
SPS: 2589
Epoch: 131, global_step=2995200
SPS: 2589
Epoch: 132, global_step=3018240
SPS: 2589
Epoch: 133, global_step=3041280
SPS: 2589
Epoch: 134, global_step=3064320
SPS: 2589
Epoch: 135, global_step=3087360
SPS: 2589
Epoch: 136, global_step=3110400
SPS: 2589
Epoch: 137, global_step=3133440
SPS: 2589
Epoch: 138, global_step=3156480
SPS: 2589
Epoch: 139, global_step=3179520
SPS: 2589
Epoch: 140, global_step=3202560
SPS: 2590
Epoch: 141, global_step=3225600
SPS: 2590
Epoch: 142, global_step=3248640
SPS: 2589
Epoch: 143, global_step=3271680
SPS: 2589
Epoch: 144, global_step=3294720
SPS: 2589
Epoch: 145, global_step=3317760
SPS: 2589
Epoch: 146, global_step=3340800
SPS: 2590
Epoch: 147, global_step=3363840
SPS: 2590
Epoch: 148, global_step=3386880
SPS: 2590
Epoch: 149, global_step=3409920
SPS: 2590
Epoch: 150, global_step=3432960
SPS: 2590
Epoch: 151, global_step=3456000
Evaluating
Evaluated 4320 steps resulting in 48 episodes
[32mEvaluation Metric: success_once[0m | [36mMean: 0.0417[0m
[32mEvaluation Metric: return[0m | [36mMean: 2.6761[0m
[32mEvaluation Metric: episode_len[0m | [36mMean: 90.0000[0m
[32mEvaluation Metric: reward[0m | [36mMean: 0.0297[0m
[32mEvaluation Metric: success_at_end[0m | [36mMean: 0.0000[0m
model saved to checkpoints/ppo_memtasks/rgb_joints/normalized_dense/InterceptGrabMedium-v0/ppo-mlp-dense-intercept-grab-medium-v0__33__rgb_joints__20251026_080157/20251026_080157/ckpt_3_151.pt
SPS: 2539
Epoch: 152, global_step=3479040
SPS: 2540
Epoch: 153, global_step=3502080
SPS: 2540
Epoch: 154, global_step=3525120
SPS: 2541
Epoch: 155, global_step=3548160
SPS: 2541
Epoch: 156, global_step=3571200
SPS: 2542
Epoch: 157, global_step=3594240
SPS: 2542
Epoch: 158, global_step=3617280
SPS: 2543
Epoch: 159, global_step=3640320
SPS: 2543
Epoch: 160, global_step=3663360
SPS: 2544
Epoch: 161, global_step=3686400
SPS: 2544
Epoch: 162, global_step=3709440
SPS: 2544
Epoch: 163, global_step=3732480
SPS: 2545
Epoch: 164, global_step=3755520
SPS: 2545
Epoch: 165, global_step=3778560
SPS: 2545
Epoch: 166, global_step=3801600
SPS: 2545
Epoch: 167, global_step=3824640
SPS: 2545
Epoch: 168, global_step=3847680
SPS: 2546
Epoch: 169, global_step=3870720
SPS: 2546
Epoch: 170, global_step=3893760
SPS: 2546
Epoch: 171, global_step=3916800
SPS: 2546
Epoch: 172, global_step=3939840
SPS: 2546
Epoch: 173, global_step=3962880
SPS: 2546
Epoch: 174, global_step=3985920
SPS: 2546
Epoch: 175, global_step=4008960
SPS: 2546
Epoch: 176, global_step=4032000
SPS: 2546
Epoch: 177, global_step=4055040
SPS: 2546
Epoch: 178, global_step=4078080
SPS: 2546
Epoch: 179, global_step=4101120
SPS: 2546
Epoch: 180, global_step=4124160
SPS: 2546
Epoch: 181, global_step=4147200
SPS: 2546
Epoch: 182, global_step=4170240
SPS: 2546
Epoch: 183, global_step=4193280
SPS: 2546
Epoch: 184, global_step=4216320
SPS: 2546
Epoch: 185, global_step=4239360
SPS: 2546
Epoch: 186, global_step=4262400
SPS: 2546
Epoch: 187, global_step=4285440
SPS: 2546
Epoch: 188, global_step=4308480
SPS: 2546
Epoch: 189, global_step=4331520
SPS: 2546
Epoch: 190, global_step=4354560
SPS: 2546
Epoch: 191, global_step=4377600
SPS: 2546
Epoch: 192, global_step=4400640
SPS: 2545
Epoch: 193, global_step=4423680
SPS: 2545
Epoch: 194, global_step=4446720
SPS: 2545
Epoch: 195, global_step=4469760
SPS: 2545
Epoch: 196, global_step=4492800
SPS: 2545
Epoch: 197, global_step=4515840
SPS: 2545
Epoch: 198, global_step=4538880
SPS: 2545
Epoch: 199, global_step=4561920
SPS: 2545
Epoch: 200, global_step=4584960
SPS: 2544
Epoch: 201, global_step=4608000
Evaluating
Evaluated 4320 steps resulting in 48 episodes
[32mEvaluation Metric: success_once[0m | [36mMean: 0.0000[0m
[32mEvaluation Metric: return[0m | [36mMean: 9.3623[0m
[32mEvaluation Metric: episode_len[0m | [36mMean: 90.0000[0m
[32mEvaluation Metric: reward[0m | [36mMean: 0.1040[0m
[32mEvaluation Metric: success_at_end[0m | [36mMean: 0.0000[0m
model saved to checkpoints/ppo_memtasks/rgb_joints/normalized_dense/InterceptGrabMedium-v0/ppo-mlp-dense-intercept-grab-medium-v0__33__rgb_joints__20251026_080157/20251026_080157/ckpt_4_201.pt
SPS: 2507
Epoch: 202, global_step=4631040
SPS: 2507
Epoch: 203, global_step=4654080
SPS: 2507
Epoch: 204, global_step=4677120
SPS: 2507
Epoch: 205, global_step=4700160
SPS: 2506
Epoch: 206, global_step=4723200
SPS: 2506
Epoch: 207, global_step=4746240
SPS: 2506
Epoch: 208, global_step=4769280
SPS: 2506
Epoch: 209, global_step=4792320
SPS: 2506
Epoch: 210, global_step=4815360
SPS: 2506
Epoch: 211, global_step=4838400
SPS: 2506
Epoch: 212, global_step=4861440
SPS: 2506
Epoch: 213, global_step=4884480
SPS: 2506
Epoch: 214, global_step=4907520
SPS: 2506
Epoch: 215, global_step=4930560
SPS: 2506
Epoch: 216, global_step=4953600
SPS: 2506
Epoch: 217, global_step=4976640
SPS: 2505
Epoch: 218, global_step=4999680
SPS: 2505
Epoch: 219, global_step=5022720
SPS: 2505
Epoch: 220, global_step=5045760
SPS: 2505
Epoch: 221, global_step=5068800
SPS: 2505
Epoch: 222, global_step=5091840
SPS: 2505
Epoch: 223, global_step=5114880
SPS: 2504
Epoch: 224, global_step=5137920
SPS: 2504
Epoch: 225, global_step=5160960
SPS: 2504
Epoch: 226, global_step=5184000
SPS: 2504
Epoch: 227, global_step=5207040
SPS: 2504
Epoch: 228, global_step=5230080
SPS: 2504
Epoch: 229, global_step=5253120
SPS: 2503
Epoch: 230, global_step=5276160
SPS: 2503
Epoch: 231, global_step=5299200
SPS: 2503
Epoch: 232, global_step=5322240
SPS: 2503
Epoch: 233, global_step=5345280
SPS: 2503
Epoch: 234, global_step=5368320
SPS: 2503
Epoch: 235, global_step=5391360
SPS: 2502
Epoch: 236, global_step=5414400
SPS: 2502
Epoch: 237, global_step=5437440
SPS: 2502
Epoch: 238, global_step=5460480
SPS: 2502
Epoch: 239, global_step=5483520
SPS: 2502
Epoch: 240, global_step=5506560
SPS: 2502
Epoch: 241, global_step=5529600
SPS: 2501
Epoch: 242, global_step=5552640
SPS: 2501
Epoch: 243, global_step=5575680
SPS: 2501
Epoch: 244, global_step=5598720
SPS: 2501
Epoch: 245, global_step=5621760
SPS: 2500
Epoch: 246, global_step=5644800
SPS: 2500
Epoch: 247, global_step=5667840
SPS: 2500
Epoch: 248, global_step=5690880
SPS: 2500
Epoch: 249, global_step=5713920
SPS: 2499
Epoch: 250, global_step=5736960
SPS: 2499
Epoch: 251, global_step=5760000
Evaluating
Evaluated 4320 steps resulting in 48 episodes
[32mEvaluation Metric: success_once[0m | [36mMean: 0.0000[0m
[32mEvaluation Metric: return[0m | [36mMean: 14.2973[0m
[32mEvaluation Metric: episode_len[0m | [36mMean: 90.0000[0m
[32mEvaluation Metric: reward[0m | [36mMean: 0.1589[0m
[32mEvaluation Metric: success_at_end[0m | [36mMean: 0.0000[0m
model saved to checkpoints/ppo_memtasks/rgb_joints/normalized_dense/InterceptGrabMedium-v0/ppo-mlp-dense-intercept-grab-medium-v0__33__rgb_joints__20251026_080157/20251026_080157/ckpt_5_251.pt
SPS: 2470
Epoch: 252, global_step=5783040
SPS: 2469
Epoch: 253, global_step=5806080
SPS: 2469
Epoch: 254, global_step=5829120
SPS: 2469
Epoch: 255, global_step=5852160
SPS: 2469
Epoch: 256, global_step=5875200
SPS: 2469
Epoch: 257, global_step=5898240
SPS: 2469
Epoch: 258, global_step=5921280
SPS: 2468
Epoch: 259, global_step=5944320
SPS: 2468
Epoch: 260, global_step=5967360
SPS: 2468
Epoch: 261, global_step=5990400
SPS: 2468
Epoch: 262, global_step=6013440
SPS: 2468
Epoch: 263, global_step=6036480
SPS: 2467
Epoch: 264, global_step=6059520
SPS: 2467
Epoch: 265, global_step=6082560
SPS: 2467
Epoch: 266, global_step=6105600
SPS: 2467
Epoch: 267, global_step=6128640
SPS: 2467
Epoch: 268, global_step=6151680
SPS: 2466
Epoch: 269, global_step=6174720
SPS: 2466
Epoch: 270, global_step=6197760
SPS: 2466
Epoch: 271, global_step=6220800
SPS: 2466
Epoch: 272, global_step=6243840
SPS: 2466
Epoch: 273, global_step=6266880
SPS: 2466
Epoch: 274, global_step=6289920
SPS: 2465
Epoch: 275, global_step=6312960
SPS: 2465
Epoch: 276, global_step=6336000
SPS: 2465
Epoch: 277, global_step=6359040
SPS: 2465
Epoch: 278, global_step=6382080
SPS: 2465
Epoch: 279, global_step=6405120
SPS: 2465
Epoch: 280, global_step=6428160
SPS: 2464
Epoch: 281, global_step=6451200
SPS: 2464
Epoch: 282, global_step=6474240
SPS: 2464
Epoch: 283, global_step=6497280
SPS: 2464
Epoch: 284, global_step=6520320
SPS: 2464
Epoch: 285, global_step=6543360
SPS: 2464
Epoch: 286, global_step=6566400
SPS: 2464
Epoch: 287, global_step=6589440
SPS: 2463
Epoch: 288, global_step=6612480
SPS: 2463
Epoch: 289, global_step=6635520
SPS: 2463
Epoch: 290, global_step=6658560
SPS: 2463
Epoch: 291, global_step=6681600
SPS: 2463
Epoch: 292, global_step=6704640
SPS: 2463
Epoch: 293, global_step=6727680
SPS: 2462
Epoch: 294, global_step=6750720
SPS: 2462
Epoch: 295, global_step=6773760
SPS: 2462
Epoch: 296, global_step=6796800
SPS: 2462
Epoch: 297, global_step=6819840
SPS: 2462
Epoch: 298, global_step=6842880
SPS: 2462
Epoch: 299, global_step=6865920
SPS: 2462
Epoch: 300, global_step=6888960
SPS: 2461
Epoch: 301, global_step=6912000
Evaluating
Evaluated 4320 steps resulting in 48 episodes
[32mEvaluation Metric: success_once[0m | [36mMean: 0.0417[0m
[32mEvaluation Metric: return[0m | [36mMean: 31.3672[0m
[32mEvaluation Metric: episode_len[0m | [36mMean: 90.0000[0m
[32mEvaluation Metric: reward[0m | [36mMean: 0.3485[0m
[32mEvaluation Metric: success_at_end[0m | [36mMean: 0.0000[0m
model saved to checkpoints/ppo_memtasks/rgb_joints/normalized_dense/InterceptGrabMedium-v0/ppo-mlp-dense-intercept-grab-medium-v0__33__rgb_joints__20251026_080157/20251026_080157/ckpt_6_301.pt
SPS: 2437
Epoch: 302, global_step=6935040
SPS: 2437
Epoch: 303, global_step=6958080
SPS: 2437
Epoch: 304, global_step=6981120
SPS: 2437
Epoch: 305, global_step=7004160
SPS: 2436
Epoch: 306, global_step=7027200
SPS: 2436
Epoch: 307, global_step=7050240
SPS: 2436
Epoch: 308, global_step=7073280
SPS: 2436
Epoch: 309, global_step=7096320
SPS: 2436
Epoch: 310, global_step=7119360
SPS: 2436
Epoch: 311, global_step=7142400
SPS: 2436
Epoch: 312, global_step=7165440
SPS: 2436
Epoch: 313, global_step=7188480
SPS: 2436
Epoch: 314, global_step=7211520
SPS: 2436
Epoch: 315, global_step=7234560
SPS: 2436
Epoch: 316, global_step=7257600
SPS: 2436
Epoch: 317, global_step=7280640
SPS: 2436
Epoch: 318, global_step=7303680
SPS: 2436
Epoch: 319, global_step=7326720
SPS: 2436
Epoch: 320, global_step=7349760
SPS: 2435
Epoch: 321, global_step=7372800
SPS: 2435
Epoch: 322, global_step=7395840
SPS: 2435
Epoch: 323, global_step=7418880
SPS: 2435
Epoch: 324, global_step=7441920
SPS: 2435
Epoch: 325, global_step=7464960
SPS: 2435
Epoch: 326, global_step=7488000
SPS: 2435
Epoch: 327, global_step=7511040
SPS: 2435
Epoch: 328, global_step=7534080
SPS: 2435
Epoch: 329, global_step=7557120
SPS: 2435
Epoch: 330, global_step=7580160
SPS: 2435
Epoch: 331, global_step=7603200
SPS: 2435
Epoch: 332, global_step=7626240
SPS: 2435
Epoch: 333, global_step=7649280
SPS: 2435
Epoch: 334, global_step=7672320
SPS: 2435
Epoch: 335, global_step=7695360
SPS: 2435
Epoch: 336, global_step=7718400
SPS: 2435
Epoch: 337, global_step=7741440
SPS: 2434
Epoch: 338, global_step=7764480
SPS: 2434
Epoch: 339, global_step=7787520
SPS: 2434
Epoch: 340, global_step=7810560
SPS: 2434
Epoch: 341, global_step=7833600
SPS: 2434
Epoch: 342, global_step=7856640
SPS: 2434
Epoch: 343, global_step=7879680
SPS: 2434
Epoch: 344, global_step=7902720
SPS: 2434
Epoch: 345, global_step=7925760
SPS: 2434
Epoch: 346, global_step=7948800
SPS: 2434
Epoch: 347, global_step=7971840
SPS: 2434
Epoch: 348, global_step=7994880
SPS: 2434
Epoch: 349, global_step=8017920
SPS: 2434
Epoch: 350, global_step=8040960
SPS: 2434
Epoch: 351, global_step=8064000
Evaluating
Evaluated 4320 steps resulting in 48 episodes
[32mEvaluation Metric: success_once[0m | [36mMean: 0.1458[0m
[32mEvaluation Metric: return[0m | [36mMean: 32.3872[0m
[32mEvaluation Metric: episode_len[0m | [36mMean: 90.0000[0m
[32mEvaluation Metric: reward[0m | [36mMean: 0.3599[0m
[32mEvaluation Metric: success_at_end[0m | [36mMean: 0.0417[0m
model saved to checkpoints/ppo_memtasks/rgb_joints/normalized_dense/InterceptGrabMedium-v0/ppo-mlp-dense-intercept-grab-medium-v0__33__rgb_joints__20251026_080157/20251026_080157/ckpt_7_351.pt
SPS: 2414
Epoch: 352, global_step=8087040
SPS: 2414
Epoch: 353, global_step=8110080
SPS: 2414
Epoch: 354, global_step=8133120
SPS: 2414
Epoch: 355, global_step=8156160
SPS: 2414
Epoch: 356, global_step=8179200
SPS: 2414
Epoch: 357, global_step=8202240
SPS: 2414
Epoch: 358, global_step=8225280
SPS: 2414
Epoch: 359, global_step=8248320
SPS: 2414
Epoch: 360, global_step=8271360
SPS: 2414
Epoch: 361, global_step=8294400
SPS: 2414
Epoch: 362, global_step=8317440
SPS: 2414
Epoch: 363, global_step=8340480
SPS: 2414
Epoch: 364, global_step=8363520
SPS: 2414
Epoch: 365, global_step=8386560
SPS: 2414
Epoch: 366, global_step=8409600
SPS: 2414
Epoch: 367, global_step=8432640
SPS: 2414
Epoch: 368, global_step=8455680
SPS: 2414
Epoch: 369, global_step=8478720
SPS: 2414
Epoch: 370, global_step=8501760
SPS: 2414
Epoch: 371, global_step=8524800
SPS: 2414
Epoch: 372, global_step=8547840
SPS: 2414
Epoch: 373, global_step=8570880
SPS: 2414
Epoch: 374, global_step=8593920
SPS: 2414
Epoch: 375, global_step=8616960
SPS: 2414
Epoch: 376, global_step=8640000
SPS: 2414
Epoch: 377, global_step=8663040
SPS: 2414
Epoch: 378, global_step=8686080
SPS: 2414
Epoch: 379, global_step=8709120
SPS: 2414
Epoch: 380, global_step=8732160
SPS: 2414
Epoch: 381, global_step=8755200
SPS: 2414
Epoch: 382, global_step=8778240
SPS: 2414
Epoch: 383, global_step=8801280
SPS: 2414
Epoch: 384, global_step=8824320
SPS: 2414
Epoch: 385, global_step=8847360
SPS: 2414
Epoch: 386, global_step=8870400
SPS: 2414
Epoch: 387, global_step=8893440
SPS: 2414
Epoch: 388, global_step=8916480
SPS: 2414
Epoch: 389, global_step=8939520
SPS: 2414
Epoch: 390, global_step=8962560
SPS: 2414
Epoch: 391, global_step=8985600
SPS: 2414
Epoch: 392, global_step=9008640
SPS: 2414
Epoch: 393, global_step=9031680
SPS: 2414
Epoch: 394, global_step=9054720
SPS: 2414
Epoch: 395, global_step=9077760
SPS: 2414
Epoch: 396, global_step=9100800
SPS: 2414
Epoch: 397, global_step=9123840
SPS: 2414
Epoch: 398, global_step=9146880
SPS: 2414
Epoch: 399, global_step=9169920
SPS: 2414
Epoch: 400, global_step=9192960
SPS: 2414
Epoch: 401, global_step=9216000
Evaluating
Evaluated 4320 steps resulting in 48 episodes
[32mEvaluation Metric: success_once[0m | [36mMean: 0.1250[0m
[32mEvaluation Metric: return[0m | [36mMean: 34.7565[0m
[32mEvaluation Metric: episode_len[0m | [36mMean: 90.0000[0m
[32mEvaluation Metric: reward[0m | [36mMean: 0.3862[0m
[32mEvaluation Metric: success_at_end[0m | [36mMean: 0.0625[0m
model saved to checkpoints/ppo_memtasks/rgb_joints/normalized_dense/InterceptGrabMedium-v0/ppo-mlp-dense-intercept-grab-medium-v0__33__rgb_joints__20251026_080157/20251026_080157/ckpt_8_401.pt
SPS: 2397
Epoch: 402, global_step=9239040
SPS: 2397
Epoch: 403, global_step=9262080
SPS: 2397
Epoch: 404, global_step=9285120
SPS: 2397
Epoch: 405, global_step=9308160
SPS: 2397
Epoch: 406, global_step=9331200
SPS: 2397
Epoch: 407, global_step=9354240
SPS: 2397
Epoch: 408, global_step=9377280
SPS: 2397
Epoch: 409, global_step=9400320
SPS: 2397
Epoch: 410, global_step=9423360
SPS: 2397
Epoch: 411, global_step=9446400
SPS: 2397
Epoch: 412, global_step=9469440
SPS: 2397
Epoch: 413, global_step=9492480
SPS: 2398
Epoch: 414, global_step=9515520
SPS: 2398
Epoch: 415, global_step=9538560
SPS: 2398
Epoch: 416, global_step=9561600
SPS: 2398
Epoch: 417, global_step=9584640
SPS: 2398
Epoch: 418, global_step=9607680
SPS: 2398
Epoch: 419, global_step=9630720
SPS: 2398
Epoch: 420, global_step=9653760
SPS: 2398
Epoch: 421, global_step=9676800
SPS: 2398
Epoch: 422, global_step=9699840
SPS: 2398
Epoch: 423, global_step=9722880
SPS: 2398
Epoch: 424, global_step=9745920
SPS: 2398
Epoch: 425, global_step=9768960
SPS: 2398
Epoch: 426, global_step=9792000
SPS: 2398
Epoch: 427, global_step=9815040
SPS: 2398
Epoch: 428, global_step=9838080
SPS: 2398
Epoch: 429, global_step=9861120
SPS: 2398
Epoch: 430, global_step=9884160
SPS: 2398
Epoch: 431, global_step=9907200
SPS: 2398
Epoch: 432, global_step=9930240
SPS: 2398
Epoch: 433, global_step=9953280
SPS: 2398
Epoch: 434, global_step=9976320
SPS: 2398
Epoch: 435, global_step=9999360
SPS: 2398
Epoch: 436, global_step=10022400
SPS: 2398
Epoch: 437, global_step=10045440
SPS: 2398
Epoch: 438, global_step=10068480
SPS: 2399
Epoch: 439, global_step=10091520
SPS: 2399
Epoch: 440, global_step=10114560
SPS: 2399
Epoch: 441, global_step=10137600
SPS: 2399
Epoch: 442, global_step=10160640
SPS: 2399
Epoch: 443, global_step=10183680
SPS: 2399
Epoch: 444, global_step=10206720
SPS: 2399
Epoch: 445, global_step=10229760
SPS: 2399
Epoch: 446, global_step=10252800
SPS: 2399
Epoch: 447, global_step=10275840
SPS: 2399
Epoch: 448, global_step=10298880
SPS: 2399
Epoch: 449, global_step=10321920
SPS: 2399
Epoch: 450, global_step=10344960
SPS: 2399
Epoch: 451, global_step=10368000
Evaluating
Evaluated 4320 steps resulting in 48 episodes
[32mEvaluation Metric: success_once[0m | [36mMean: 0.8750[0m
[32mEvaluation Metric: return[0m | [36mMean: 49.1294[0m
[32mEvaluation Metric: episode_len[0m | [36mMean: 90.0000[0m
[32mEvaluation Metric: reward[0m | [36mMean: 0.5459[0m
[32mEvaluation Metric: success_at_end[0m | [36mMean: 0.6250[0m
model saved to checkpoints/ppo_memtasks/rgb_joints/normalized_dense/InterceptGrabMedium-v0/ppo-mlp-dense-intercept-grab-medium-v0__33__rgb_joints__20251026_080157/20251026_080157/ckpt_9_451.pt
SPS: 2384
Epoch: 452, global_step=10391040
SPS: 2384
Epoch: 453, global_step=10414080
SPS: 2384
Epoch: 454, global_step=10437120
SPS: 2384
Epoch: 455, global_step=10460160
SPS: 2384
Epoch: 456, global_step=10483200
SPS: 2384
Epoch: 457, global_step=10506240
SPS: 2384
Epoch: 458, global_step=10529280
SPS: 2385
Epoch: 459, global_step=10552320
SPS: 2385
Epoch: 460, global_step=10575360
SPS: 2385
Epoch: 461, global_step=10598400
SPS: 2385
Epoch: 462, global_step=10621440
SPS: 2385
Epoch: 463, global_step=10644480
SPS: 2385
Epoch: 464, global_step=10667520
SPS: 2385
Epoch: 465, global_step=10690560
SPS: 2385
Epoch: 466, global_step=10713600
SPS: 2385
Epoch: 467, global_step=10736640
SPS: 2385
Epoch: 468, global_step=10759680
SPS: 2385
Epoch: 469, global_step=10782720
SPS: 2385
Epoch: 470, global_step=10805760
SPS: 2385
Epoch: 471, global_step=10828800
SPS: 2386
Epoch: 472, global_step=10851840
SPS: 2386
Epoch: 473, global_step=10874880
SPS: 2386
Epoch: 474, global_step=10897920
SPS: 2386
Epoch: 475, global_step=10920960
SPS: 2386
Epoch: 476, global_step=10944000
SPS: 2386
Epoch: 477, global_step=10967040
SPS: 2386
Epoch: 478, global_step=10990080
SPS: 2386
Epoch: 479, global_step=11013120
SPS: 2386
Epoch: 480, global_step=11036160
SPS: 2386
Epoch: 481, global_step=11059200
SPS: 2386
Epoch: 482, global_step=11082240
SPS: 2386
Epoch: 483, global_step=11105280
SPS: 2386
Epoch: 484, global_step=11128320
SPS: 2387
Epoch: 485, global_step=11151360
SPS: 2387
Epoch: 486, global_step=11174400
SPS: 2387
Epoch: 487, global_step=11197440
SPS: 2387
Epoch: 488, global_step=11220480
SPS: 2387
Epoch: 489, global_step=11243520
SPS: 2387
Epoch: 490, global_step=11266560
SPS: 2387
Epoch: 491, global_step=11289600
SPS: 2387
Epoch: 492, global_step=11312640
SPS: 2387
Epoch: 493, global_step=11335680
SPS: 2387
Epoch: 494, global_step=11358720
SPS: 2388
Epoch: 495, global_step=11381760
SPS: 2388
Epoch: 496, global_step=11404800
SPS: 2388
Epoch: 497, global_step=11427840
SPS: 2388
Epoch: 498, global_step=11450880
SPS: 2388
Epoch: 499, global_step=11473920
SPS: 2388
Epoch: 500, global_step=11496960
SPS: 2388
Epoch: 501, global_step=11520000
Evaluating
Evaluated 4320 steps resulting in 48 episodes
[32mEvaluation Metric: success_once[0m | [36mMean: 0.8333[0m
[32mEvaluation Metric: return[0m | [36mMean: 44.2468[0m
[32mEvaluation Metric: episode_len[0m | [36mMean: 90.0000[0m
[32mEvaluation Metric: reward[0m | [36mMean: 0.4916[0m
[32mEvaluation Metric: success_at_end[0m | [36mMean: 0.2500[0m
model saved to checkpoints/ppo_memtasks/rgb_joints/normalized_dense/InterceptGrabMedium-v0/ppo-mlp-dense-intercept-grab-medium-v0__33__rgb_joints__20251026_080157/20251026_080157/ckpt_10_501.pt
SPS: 2375
Epoch: 502, global_step=11543040
SPS: 2375
Epoch: 503, global_step=11566080
SPS: 2375
Epoch: 504, global_step=11589120
SPS: 2375
Epoch: 505, global_step=11612160
SPS: 2375
Epoch: 506, global_step=11635200
SPS: 2375
Epoch: 507, global_step=11658240
SPS: 2375
Epoch: 508, global_step=11681280
SPS: 2376
Epoch: 509, global_step=11704320
SPS: 2375
Epoch: 510, global_step=11727360
SPS: 2375
Epoch: 511, global_step=11750400
SPS: 2376
Epoch: 512, global_step=11773440
SPS: 2376
Epoch: 513, global_step=11796480
SPS: 2376
Epoch: 514, global_step=11819520
SPS: 2376
Epoch: 515, global_step=11842560
SPS: 2376
Epoch: 516, global_step=11865600
SPS: 2376
Epoch: 517, global_step=11888640
SPS: 2376
Epoch: 518, global_step=11911680
SPS: 2376
Epoch: 519, global_step=11934720
SPS: 2376
Epoch: 520, global_step=11957760
SPS: 2376
Epoch: 521, global_step=11980800
SPS: 2376
Epoch: 522, global_step=12003840
SPS: 2377
Epoch: 523, global_step=12026880
SPS: 2377
Epoch: 524, global_step=12049920
SPS: 2377
Epoch: 525, global_step=12072960
SPS: 2377
Epoch: 526, global_step=12096000
SPS: 2377
Epoch: 527, global_step=12119040
SPS: 2377
Epoch: 528, global_step=12142080
SPS: 2377
Epoch: 529, global_step=12165120
SPS: 2377
Epoch: 530, global_step=12188160
SPS: 2377
Epoch: 531, global_step=12211200
SPS: 2377
Epoch: 532, global_step=12234240
SPS: 2377
Epoch: 533, global_step=12257280
SPS: 2377
Epoch: 534, global_step=12280320
SPS: 2377
Epoch: 535, global_step=12303360
SPS: 2378
Epoch: 536, global_step=12326400
SPS: 2378
Epoch: 537, global_step=12349440
SPS: 2378
Epoch: 538, global_step=12372480
SPS: 2378
Epoch: 539, global_step=12395520
SPS: 2378
Epoch: 540, global_step=12418560
SPS: 2378
Epoch: 541, global_step=12441600
SPS: 2378
Epoch: 542, global_step=12464640
SPS: 2378
Epoch: 543, global_step=12487680
SPS: 2378
Epoch: 544, global_step=12510720
SPS: 2378
Epoch: 545, global_step=12533760
SPS: 2378
Epoch: 546, global_step=12556800
SPS: 2378
Epoch: 547, global_step=12579840
SPS: 2378
Epoch: 548, global_step=12602880
SPS: 2378
Epoch: 549, global_step=12625920
SPS: 2378
Epoch: 550, global_step=12648960
SPS: 2379
Epoch: 551, global_step=12672000
Evaluating
Evaluated 4320 steps resulting in 48 episodes
[32mEvaluation Metric: success_once[0m | [36mMean: 0.7083[0m
[32mEvaluation Metric: return[0m | [36mMean: 43.8064[0m
[32mEvaluation Metric: episode_len[0m | [36mMean: 90.0000[0m
[32mEvaluation Metric: reward[0m | [36mMean: 0.4867[0m
[32mEvaluation Metric: success_at_end[0m | [36mMean: 0.1458[0m
model saved to checkpoints/ppo_memtasks/rgb_joints/normalized_dense/InterceptGrabMedium-v0/ppo-mlp-dense-intercept-grab-medium-v0__33__rgb_joints__20251026_080157/20251026_080157/ckpt_11_551.pt
SPS: 2367
Epoch: 552, global_step=12695040
SPS: 2367
Epoch: 553, global_step=12718080
SPS: 2367
Epoch: 554, global_step=12741120
SPS: 2367
Epoch: 555, global_step=12764160
SPS: 2367
Epoch: 556, global_step=12787200
SPS: 2367
Epoch: 557, global_step=12810240
SPS: 2367
Epoch: 558, global_step=12833280
SPS: 2367
Epoch: 559, global_step=12856320
SPS: 2367
Epoch: 560, global_step=12879360
SPS: 2367
Epoch: 561, global_step=12902400
SPS: 2367
Epoch: 562, global_step=12925440
SPS: 2368
Epoch: 563, global_step=12948480
SPS: 2368
Epoch: 564, global_step=12971520
SPS: 2368
model saved to checkpoints/ppo_memtasks/rgb_joints/normalized_dense/InterceptGrabMedium-v0/ppo-mlp-dense-intercept-grab-medium-v0__33__rgb_joints__20251026_080157/20251026_080157/final_ckpt.pt
