Enabling podman.socket for user: s4176650
Running RememberShapeAndColor3x2-v0 with belief, seed 33

===========================================================================
║                        Environment Configuration                        ║
===========================================================================
║ Environment ID: RememberShapeAndColor3x2-v0                             ║
║ Oracle Info:    None                                                    ║
║ Wrappers:                                                               ║
║    ├─ InitialZeroActionWrapper                                         ║
║    │  └─ {'n_initial_steps': 0}                                           ║
║    ├─ RememberShapeAndColorInfoWrapper                                 ║
║    ├─ RenderStepInfoWrapper                                            ║
║    ├─ RenderRewardInfoWrapper                                          ║
║    ├─ DebugRewardWrapper                                               ║
║-------------------------------------------------------------------------║
║ include_state:       False │ state will not be used                ║
║ include_rgb:         True  │ rgb images will be used               ║
║ include_oracle:      False │ oracle info will not be used          ║
║ include_joints:      True  │ joints will be used                   ║
===========================================================================

MODE='rgb_joints'
prompt_info=None
{0: 'cube', 1: 'sphere', 2: 't_shape', 3: 'cross', 4: 'torus'}
{0: 'cube', 1: 'sphere', 2: 't_shape', 3: 'cross', 4: 'torus'}
Saving eval videos to checkpoints/ppo_memtasks/rgb_joints/normalized_dense/RememberShapeAndColor3x2-v0/ppo-nonbelief-gru-newhyper-lr1e-4-33__33__rgb_joints__20260127_233958/20260127_233958/videos
======================================================================
Max Episode Steps: 60
======================================================================

Running training

####
args.num_iterations=865 args.num_envs=200 args.num_eval_envs=16
args.minibatch_size=375 args.batch_size=12000 args.update_epochs=4
####

sample_obs.keys()=dict_keys(['joints', 'rgb'])
joints: torch.Size([200, 25])
rgb: torch.Size([200, 128, 128, 3])


##################################################
latent_size=512
self.gru.hidden_size=512
##################################################


Epoch: 1, global_step=0
Evaluating
Evaluated 11520 steps resulting in 192 episodes
[32mEvaluation Metric: success_once[0m | [36mMean: 0.0000[0m
[32mEvaluation Metric: return[0m | [36mMean: 9.8263[0m
[32mEvaluation Metric: episode_len[0m | [36mMean: 60.0000[0m
[32mEvaluation Metric: reward[0m | [36mMean: 0.1638[0m
[32mEvaluation Metric: success_at_end[0m | [36mMean: 0.0000[0m
model saved to checkpoints/ppo_memtasks/rgb_joints/normalized_dense/RememberShapeAndColor3x2-v0/ppo-nonbelief-gru-newhyper-lr1e-4-33__33__rgb_joints__20260127_233958/20260127_233958/ckpt_0_1.pt
SPS: 93
Epoch: 2, global_step=12000
SPS: 179
Epoch: 3, global_step=24000
SPS: 257
Epoch: 4, global_step=36000
SPS: 328
Epoch: 5, global_step=48000
SPS: 393
Epoch: 6, global_step=60000
SPS: 452
Epoch: 7, global_step=72000
SPS: 506
Epoch: 8, global_step=84000
SPS: 556
Epoch: 9, global_step=96000
SPS: 602
Epoch: 10, global_step=108000
SPS: 644
Epoch: 11, global_step=120000
SPS: 684
Epoch: 12, global_step=132000
SPS: 718
Epoch: 13, global_step=144000
SPS: 749
Epoch: 14, global_step=156000
SPS: 781
Epoch: 15, global_step=168000
SPS: 810
Epoch: 16, global_step=180000
SPS: 838
Epoch: 17, global_step=192000
SPS: 864
Epoch: 18, global_step=204000
SPS: 890
Epoch: 19, global_step=216000
SPS: 915
Epoch: 20, global_step=228000
SPS: 940
Epoch: 21, global_step=240000
SPS: 963
Epoch: 22, global_step=252000
SPS: 985
Epoch: 23, global_step=264000
SPS: 1006
Epoch: 24, global_step=276000
SPS: 1023
Epoch: 25, global_step=288000
SPS: 1039
Epoch: 26, global_step=300000
SPS: 1055
Epoch: 27, global_step=312000
SPS: 1070
Epoch: 28, global_step=324000
SPS: 1085
Epoch: 29, global_step=336000
SPS: 1098
Epoch: 30, global_step=348000
SPS: 1110
Epoch: 31, global_step=360000
SPS: 1123
Epoch: 32, global_step=372000
SPS: 1135
Epoch: 33, global_step=384000
SPS: 1147
Epoch: 34, global_step=396000
SPS: 1159
Epoch: 35, global_step=408000
SPS: 1171
Epoch: 36, global_step=420000
SPS: 1182
Epoch: 37, global_step=432000
SPS: 1193
Epoch: 38, global_step=444000
SPS: 1203
Epoch: 39, global_step=456000
SPS: 1213
Epoch: 40, global_step=468000
SPS: 1224
Epoch: 41, global_step=480000
SPS: 1234
Epoch: 42, global_step=492000
SPS: 1243
Epoch: 43, global_step=504000
SPS: 1252
Epoch: 44, global_step=516000
SPS: 1261
Epoch: 45, global_step=528000
SPS: 1270
Epoch: 46, global_step=540000
SPS: 1279
Epoch: 47, global_step=552000
SPS: 1287
Epoch: 48, global_step=564000
SPS: 1295
Epoch: 49, global_step=576000
Evaluating
Evaluated 11520 steps resulting in 192 episodes
[32mEvaluation Metric: success_once[0m | [36mMean: 0.2552[0m
[32mEvaluation Metric: return[0m | [36mMean: 3.7779[0m
[32mEvaluation Metric: episode_len[0m | [36mMean: 60.0000[0m
[32mEvaluation Metric: reward[0m | [36mMean: 0.0630[0m
[32mEvaluation Metric: success_at_end[0m | [36mMean: 0.0417[0m
model saved to checkpoints/ppo_memtasks/rgb_joints/normalized_dense/RememberShapeAndColor3x2-v0/ppo-nonbelief-gru-newhyper-lr1e-4-33__33__rgb_joints__20260127_233958/20260127_233958/ckpt_1_49.pt
SPS: 1007
Epoch: 50, global_step=588000
SPS: 1017
Epoch: 51, global_step=600000
SPS: 1025
Epoch: 52, global_step=612000
SPS: 1032
Epoch: 53, global_step=624000
SPS: 1040
Epoch: 54, global_step=636000
SPS: 1048
Epoch: 55, global_step=648000
SPS: 1055
Epoch: 56, global_step=660000
SPS: 1063
Epoch: 57, global_step=672000
SPS: 1070
Epoch: 58, global_step=684000
SPS: 1076
Epoch: 59, global_step=696000
SPS: 1083
Epoch: 60, global_step=708000
SPS: 1090
Epoch: 61, global_step=720000
SPS: 1096
Epoch: 62, global_step=732000
SPS: 1103
Epoch: 63, global_step=744000
SPS: 1109
Epoch: 64, global_step=756000
SPS: 1115
Epoch: 65, global_step=768000
SPS: 1121
Epoch: 66, global_step=780000
SPS: 1128
Epoch: 67, global_step=792000
SPS: 1133
Epoch: 68, global_step=804000
SPS: 1138
Epoch: 69, global_step=816000
SPS: 1143
Epoch: 70, global_step=828000
SPS: 1148
Epoch: 71, global_step=840000
SPS: 1153
Epoch: 72, global_step=852000
SPS: 1158
Epoch: 73, global_step=864000
SPS: 1163
Epoch: 74, global_step=876000
SPS: 1167
Epoch: 75, global_step=888000
SPS: 1172
Epoch: 76, global_step=900000
SPS: 1177
Epoch: 77, global_step=912000
SPS: 1181
Epoch: 78, global_step=924000
SPS: 1185
Epoch: 79, global_step=936000
SPS: 1190
Epoch: 80, global_step=948000
SPS: 1194
Epoch: 81, global_step=960000
SPS: 1199
Epoch: 82, global_step=972000
SPS: 1203
Epoch: 83, global_step=984000
SPS: 1207
Epoch: 84, global_step=996000
SPS: 1211
Epoch: 85, global_step=1008000
SPS: 1215
Epoch: 86, global_step=1020000
SPS: 1219
Epoch: 87, global_step=1032000
SPS: 1223
Epoch: 88, global_step=1044000
SPS: 1227
Epoch: 89, global_step=1056000
SPS: 1231
Epoch: 90, global_step=1068000
SPS: 1235
Epoch: 91, global_step=1080000
SPS: 1239
Epoch: 92, global_step=1092000
SPS: 1243
Epoch: 93, global_step=1104000
SPS: 1247
Epoch: 94, global_step=1116000
SPS: 1250
Epoch: 95, global_step=1128000
SPS: 1254
Epoch: 96, global_step=1140000
SPS: 1257
Epoch: 97, global_step=1152000
Evaluating
Evaluated 11520 steps resulting in 192 episodes
[32mEvaluation Metric: success_once[0m | [36mMean: 0.0573[0m
[32mEvaluation Metric: return[0m | [36mMean: 2.6254[0m
[32mEvaluation Metric: episode_len[0m | [36mMean: 60.0000[0m
[32mEvaluation Metric: reward[0m | [36mMean: 0.0438[0m
[32mEvaluation Metric: success_at_end[0m | [36mMean: 0.0000[0m
model saved to checkpoints/ppo_memtasks/rgb_joints/normalized_dense/RememberShapeAndColor3x2-v0/ppo-nonbelief-gru-newhyper-lr1e-4-33__33__rgb_joints__20260127_233958/20260127_233958/ckpt_2_97.pt
SPS: 1094
Epoch: 98, global_step=1164000
SPS: 1098
Epoch: 99, global_step=1176000
SPS: 1102
Epoch: 100, global_step=1188000
SPS: 1106
Epoch: 101, global_step=1200000
SPS: 1109
Epoch: 102, global_step=1212000
SPS: 1113
Epoch: 103, global_step=1224000
SPS: 1117
Epoch: 104, global_step=1236000
SPS: 1121
Epoch: 105, global_step=1248000
SPS: 1124
Epoch: 106, global_step=1260000
SPS: 1128
Epoch: 107, global_step=1272000
SPS: 1131
Epoch: 108, global_step=1284000
SPS: 1135
Epoch: 109, global_step=1296000
SPS: 1138
Epoch: 110, global_step=1308000
SPS: 1141
Epoch: 111, global_step=1320000
SPS: 1145
Epoch: 112, global_step=1332000
SPS: 1148
Epoch: 113, global_step=1344000
SPS: 1152
Epoch: 114, global_step=1356000
SPS: 1155
Epoch: 115, global_step=1368000
SPS: 1158
Epoch: 116, global_step=1380000
SPS: 1162
Epoch: 117, global_step=1392000
SPS: 1165
Epoch: 118, global_step=1404000
SPS: 1168
Epoch: 119, global_step=1416000
SPS: 1171
Epoch: 120, global_step=1428000
SPS: 1174
Epoch: 121, global_step=1440000
SPS: 1178
Epoch: 122, global_step=1452000
SPS: 1181
Epoch: 123, global_step=1464000
SPS: 1184
Epoch: 124, global_step=1476000
SPS: 1187
Epoch: 125, global_step=1488000
SPS: 1190
Epoch: 126, global_step=1500000
SPS: 1193
Epoch: 127, global_step=1512000
SPS: 1196
Epoch: 128, global_step=1524000
SPS: 1199
Epoch: 129, global_step=1536000
SPS: 1202
Epoch: 130, global_step=1548000
SPS: 1205
Epoch: 131, global_step=1560000
SPS: 1207
Epoch: 132, global_step=1572000
SPS: 1210
Epoch: 133, global_step=1584000
SPS: 1213
Epoch: 134, global_step=1596000
SPS: 1215
Epoch: 135, global_step=1608000
SPS: 1218
Epoch: 136, global_step=1620000
SPS: 1222
Epoch: 137, global_step=1632000
SPS: 1225
Epoch: 138, global_step=1644000
SPS: 1227
Epoch: 139, global_step=1656000
SPS: 1230
Epoch: 140, global_step=1668000
SPS: 1232
Epoch: 141, global_step=1680000
SPS: 1235
Epoch: 142, global_step=1692000
SPS: 1237
Epoch: 143, global_step=1704000
SPS: 1240
Epoch: 144, global_step=1716000
SPS: 1242
Epoch: 145, global_step=1728000
Evaluating
Evaluated 11520 steps resulting in 192 episodes
[32mEvaluation Metric: success_once[0m | [36mMean: 0.1146[0m
[32mEvaluation Metric: return[0m | [36mMean: 3.7237[0m
[32mEvaluation Metric: episode_len[0m | [36mMean: 60.0000[0m
[32mEvaluation Metric: reward[0m | [36mMean: 0.0621[0m
[32mEvaluation Metric: success_at_end[0m | [36mMean: 0.0469[0m
model saved to checkpoints/ppo_memtasks/rgb_joints/normalized_dense/RememberShapeAndColor3x2-v0/ppo-nonbelief-gru-newhyper-lr1e-4-33__33__rgb_joints__20260127_233958/20260127_233958/ckpt_3_145.pt
SPS: 1183
Epoch: 146, global_step=1740000
SPS: 1186
Epoch: 147, global_step=1752000
SPS: 1189
Epoch: 148, global_step=1764000
SPS: 1192
Epoch: 149, global_step=1776000
SPS: 1194
Epoch: 150, global_step=1788000
SPS: 1197
Epoch: 151, global_step=1800000
SPS: 1199
Epoch: 152, global_step=1812000
SPS: 1201
Epoch: 153, global_step=1824000
SPS: 1203
Epoch: 154, global_step=1836000
SPS: 1206
Epoch: 155, global_step=1848000
SPS: 1208
Epoch: 156, global_step=1860000
SPS: 1211
Epoch: 157, global_step=1872000
SPS: 1213
Epoch: 158, global_step=1884000
SPS: 1215
Epoch: 159, global_step=1896000
SPS: 1218
Epoch: 160, global_step=1908000
SPS: 1220
Epoch: 161, global_step=1920000
SPS: 1222
Epoch: 162, global_step=1932000
SPS: 1225
Epoch: 163, global_step=1944000
SPS: 1227
Epoch: 164, global_step=1956000
SPS: 1230
Epoch: 165, global_step=1968000
SPS: 1233
Epoch: 166, global_step=1980000
SPS: 1235
Epoch: 167, global_step=1992000
SPS: 1238
Epoch: 168, global_step=2004000
SPS: 1240
Epoch: 169, global_step=2016000
SPS: 1242
Epoch: 170, global_step=2028000
SPS: 1244
Epoch: 171, global_step=2040000
SPS: 1247
Epoch: 172, global_step=2052000
SPS: 1249
Epoch: 173, global_step=2064000
SPS: 1251
Epoch: 174, global_step=2076000
SPS: 1253
Epoch: 175, global_step=2088000
SPS: 1255
Epoch: 176, global_step=2100000
SPS: 1257
Epoch: 177, global_step=2112000
SPS: 1260
Epoch: 178, global_step=2124000
SPS: 1262
Epoch: 179, global_step=2136000
SPS: 1264
Epoch: 180, global_step=2148000
SPS: 1267
Epoch: 181, global_step=2160000
SPS: 1269
Epoch: 182, global_step=2172000
SPS: 1272
Epoch: 183, global_step=2184000
SPS: 1274
Epoch: 184, global_step=2196000
SPS: 1276
Epoch: 185, global_step=2208000
SPS: 1279
Epoch: 186, global_step=2220000
SPS: 1281
Epoch: 187, global_step=2232000
SPS: 1283
Epoch: 188, global_step=2244000
SPS: 1285
Epoch: 189, global_step=2256000
SPS: 1288
Epoch: 190, global_step=2268000
SPS: 1290
Epoch: 191, global_step=2280000
SPS: 1293
Epoch: 192, global_step=2292000
SPS: 1294
Epoch: 193, global_step=2304000
Evaluating
Evaluated 11520 steps resulting in 192 episodes
[32mEvaluation Metric: success_once[0m | [36mMean: 0.0573[0m
[32mEvaluation Metric: return[0m | [36mMean: 2.3891[0m
[32mEvaluation Metric: episode_len[0m | [36mMean: 60.0000[0m
[32mEvaluation Metric: reward[0m | [36mMean: 0.0398[0m
[32mEvaluation Metric: success_at_end[0m | [36mMean: 0.0000[0m
model saved to checkpoints/ppo_memtasks/rgb_joints/normalized_dense/RememberShapeAndColor3x2-v0/ppo-nonbelief-gru-newhyper-lr1e-4-33__33__rgb_joints__20260127_233958/20260127_233958/ckpt_4_193.pt
SPS: 1246
Epoch: 194, global_step=2316000
SPS: 1248
Epoch: 195, global_step=2328000
SPS: 1251
Epoch: 196, global_step=2340000
SPS: 1253
Epoch: 197, global_step=2352000
SPS: 1255
Epoch: 198, global_step=2364000
SPS: 1257
Epoch: 199, global_step=2376000
SPS: 1259
Epoch: 200, global_step=2388000
SPS: 1261
Epoch: 201, global_step=2400000
SPS: 1263
Epoch: 202, global_step=2412000
SPS: 1264
Epoch: 203, global_step=2424000
SPS: 1267
Epoch: 204, global_step=2436000
SPS: 1269
Epoch: 205, global_step=2448000
SPS: 1270
Epoch: 206, global_step=2460000
SPS: 1272
Epoch: 207, global_step=2472000
SPS: 1274
Epoch: 208, global_step=2484000
SPS: 1276
Epoch: 209, global_step=2496000
SPS: 1277
Epoch: 210, global_step=2508000
SPS: 1279
Epoch: 211, global_step=2520000
SPS: 1282
Epoch: 212, global_step=2532000
SPS: 1284
Epoch: 213, global_step=2544000
SPS: 1286
Epoch: 214, global_step=2556000
SPS: 1288
Epoch: 215, global_step=2568000
SPS: 1290
Epoch: 216, global_step=2580000
SPS: 1292
Epoch: 217, global_step=2592000
SPS: 1293
Epoch: 218, global_step=2604000
SPS: 1295
Epoch: 219, global_step=2616000
SPS: 1297
Epoch: 220, global_step=2628000
SPS: 1299
Epoch: 221, global_step=2640000
SPS: 1301
Epoch: 222, global_step=2652000
SPS: 1303
Epoch: 223, global_step=2664000
SPS: 1305
Epoch: 224, global_step=2676000
SPS: 1306
Epoch: 225, global_step=2688000
SPS: 1308
Epoch: 226, global_step=2700000
SPS: 1310
Epoch: 227, global_step=2712000
SPS: 1312
Epoch: 228, global_step=2724000
SPS: 1314
Epoch: 229, global_step=2736000
SPS: 1315
Epoch: 230, global_step=2748000
SPS: 1317
Epoch: 231, global_step=2760000
SPS: 1319
Epoch: 232, global_step=2772000
SPS: 1321
Epoch: 233, global_step=2784000
SPS: 1322
Epoch: 234, global_step=2796000
SPS: 1324
Epoch: 235, global_step=2808000
SPS: 1326
Epoch: 236, global_step=2820000
SPS: 1328
Epoch: 237, global_step=2832000
SPS: 1330
Epoch: 238, global_step=2844000
SPS: 1332
Epoch: 239, global_step=2856000
SPS: 1334
Epoch: 240, global_step=2868000
SPS: 1335
Epoch: 241, global_step=2880000
Evaluating
Evaluated 11520 steps resulting in 192 episodes
[32mEvaluation Metric: success_once[0m | [36mMean: 0.0104[0m
[32mEvaluation Metric: return[0m | [36mMean: 2.2838[0m
[32mEvaluation Metric: episode_len[0m | [36mMean: 60.0000[0m
[32mEvaluation Metric: reward[0m | [36mMean: 0.0381[0m
[32mEvaluation Metric: success_at_end[0m | [36mMean: 0.0000[0m
model saved to checkpoints/ppo_memtasks/rgb_joints/normalized_dense/RememberShapeAndColor3x2-v0/ppo-nonbelief-gru-newhyper-lr1e-4-33__33__rgb_joints__20260127_233958/20260127_233958/ckpt_5_241.pt
SPS: 1291
Epoch: 242, global_step=2892000
SPS: 1293
Epoch: 243, global_step=2904000
SPS: 1295
Epoch: 244, global_step=2916000
SPS: 1297
Epoch: 245, global_step=2928000
SPS: 1298
Epoch: 246, global_step=2940000
SPS: 1300
Epoch: 247, global_step=2952000
SPS: 1302
Epoch: 248, global_step=2964000
SPS: 1304
Epoch: 249, global_step=2976000
SPS: 1305
Epoch: 250, global_step=2988000
SPS: 1307
Epoch: 251, global_step=3000000
SPS: 1309
Epoch: 252, global_step=3012000
SPS: 1311
Epoch: 253, global_step=3024000
SPS: 1313
Epoch: 254, global_step=3036000
SPS: 1314
Epoch: 255, global_step=3048000
SPS: 1316
Epoch: 256, global_step=3060000
SPS: 1318
Epoch: 257, global_step=3072000
SPS: 1319
Epoch: 258, global_step=3084000
SPS: 1321
Epoch: 259, global_step=3096000
SPS: 1323
Epoch: 260, global_step=3108000
SPS: 1325
Epoch: 261, global_step=3120000
SPS: 1327
Epoch: 262, global_step=3132000
SPS: 1328
Epoch: 263, global_step=3144000
SPS: 1330
Epoch: 264, global_step=3156000
SPS: 1332
Epoch: 265, global_step=3168000
SPS: 1333
Epoch: 266, global_step=3180000
SPS: 1335
Epoch: 267, global_step=3192000
SPS: 1337
Epoch: 268, global_step=3204000
SPS: 1338
Epoch: 269, global_step=3216000
SPS: 1340
Epoch: 270, global_step=3228000
SPS: 1342
Epoch: 271, global_step=3240000
SPS: 1343
Epoch: 272, global_step=3252000
SPS: 1345
Epoch: 273, global_step=3264000
SPS: 1347
Epoch: 274, global_step=3276000
SPS: 1348
Epoch: 275, global_step=3288000
SPS: 1350
Epoch: 276, global_step=3300000
SPS: 1351
Epoch: 277, global_step=3312000
SPS: 1353
Epoch: 278, global_step=3324000
SPS: 1354
Epoch: 279, global_step=3336000
SPS: 1356
Epoch: 280, global_step=3348000
SPS: 1357
Epoch: 281, global_step=3360000
SPS: 1358
Epoch: 282, global_step=3372000
SPS: 1360
Epoch: 283, global_step=3384000
SPS: 1361
Epoch: 284, global_step=3396000
SPS: 1363
Epoch: 285, global_step=3408000
SPS: 1364
Epoch: 286, global_step=3420000
SPS: 1365
Epoch: 287, global_step=3432000
SPS: 1366
Epoch: 288, global_step=3444000
SPS: 1368
Epoch: 289, global_step=3456000
Evaluating
Evaluated 11520 steps resulting in 192 episodes
[32mEvaluation Metric: success_once[0m | [36mMean: 0.0156[0m
[32mEvaluation Metric: return[0m | [36mMean: 1.7164[0m
[32mEvaluation Metric: episode_len[0m | [36mMean: 60.0000[0m
[32mEvaluation Metric: reward[0m | [36mMean: 0.0286[0m
[32mEvaluation Metric: success_at_end[0m | [36mMean: 0.0000[0m
model saved to checkpoints/ppo_memtasks/rgb_joints/normalized_dense/RememberShapeAndColor3x2-v0/ppo-nonbelief-gru-newhyper-lr1e-4-33__33__rgb_joints__20260127_233958/20260127_233958/ckpt_6_289.pt
SPS: 1330
Epoch: 290, global_step=3468000
SPS: 1332
Epoch: 291, global_step=3480000
SPS: 1333
Epoch: 292, global_step=3492000
SPS: 1335
Epoch: 293, global_step=3504000
SPS: 1336
Epoch: 294, global_step=3516000
SPS: 1338
Epoch: 295, global_step=3528000
SPS: 1339
Epoch: 296, global_step=3540000
SPS: 1341
Epoch: 297, global_step=3552000
SPS: 1342
Epoch: 298, global_step=3564000
SPS: 1344
Epoch: 299, global_step=3576000
SPS: 1345
Epoch: 300, global_step=3588000
SPS: 1346
Epoch: 301, global_step=3600000
SPS: 1348
Epoch: 302, global_step=3612000
SPS: 1349
Epoch: 303, global_step=3624000
SPS: 1351
Epoch: 304, global_step=3636000
SPS: 1352
Epoch: 305, global_step=3648000
SPS: 1354
Epoch: 306, global_step=3660000
SPS: 1355
Epoch: 307, global_step=3672000
SPS: 1356
Epoch: 308, global_step=3684000
SPS: 1358
Epoch: 309, global_step=3696000
SPS: 1359
Epoch: 310, global_step=3708000
SPS: 1360
Epoch: 311, global_step=3720000
SPS: 1361
Epoch: 312, global_step=3732000
SPS: 1362
Epoch: 313, global_step=3744000
SPS: 1364
Epoch: 314, global_step=3756000
SPS: 1365
Epoch: 315, global_step=3768000
SPS: 1366
Epoch: 316, global_step=3780000
SPS: 1368
Epoch: 317, global_step=3792000
SPS: 1369
Epoch: 318, global_step=3804000
SPS: 1370
Epoch: 319, global_step=3816000
SPS: 1371
Epoch: 320, global_step=3828000
SPS: 1373
Epoch: 321, global_step=3840000
SPS: 1374
Epoch: 322, global_step=3852000
SPS: 1375
Epoch: 323, global_step=3864000
SPS: 1377
Epoch: 324, global_step=3876000
SPS: 1378
Epoch: 325, global_step=3888000
SPS: 1380
Epoch: 326, global_step=3900000
SPS: 1381
Epoch: 327, global_step=3912000
SPS: 1383
Epoch: 328, global_step=3924000
SPS: 1384
Epoch: 329, global_step=3936000
SPS: 1385
Epoch: 330, global_step=3948000
SPS: 1386
Epoch: 331, global_step=3960000
SPS: 1388
Epoch: 332, global_step=3972000
SPS: 1389
Epoch: 333, global_step=3984000
SPS: 1390
Epoch: 334, global_step=3996000
SPS: 1392
Epoch: 335, global_step=4008000
SPS: 1393
Epoch: 336, global_step=4020000
SPS: 1394
Epoch: 337, global_step=4032000
Evaluating
Evaluated 11520 steps resulting in 192 episodes
[32mEvaluation Metric: success_once[0m | [36mMean: 0.0104[0m
[32mEvaluation Metric: return[0m | [36mMean: 1.8968[0m
[32mEvaluation Metric: episode_len[0m | [36mMean: 60.0000[0m
[32mEvaluation Metric: reward[0m | [36mMean: 0.0316[0m
[32mEvaluation Metric: success_at_end[0m | [36mMean: 0.0000[0m
model saved to checkpoints/ppo_memtasks/rgb_joints/normalized_dense/RememberShapeAndColor3x2-v0/ppo-nonbelief-gru-newhyper-lr1e-4-33__33__rgb_joints__20260127_233958/20260127_233958/ckpt_7_337.pt
SPS: 1360
Epoch: 338, global_step=4044000
SPS: 1361
Epoch: 339, global_step=4056000
SPS: 1363
Epoch: 340, global_step=4068000
SPS: 1364
Epoch: 341, global_step=4080000
SPS: 1365
Epoch: 342, global_step=4092000
SPS: 1366
Epoch: 343, global_step=4104000
SPS: 1367
Epoch: 344, global_step=4116000
SPS: 1369
Epoch: 345, global_step=4128000
SPS: 1370
Epoch: 346, global_step=4140000
SPS: 1371
Epoch: 347, global_step=4152000
SPS: 1372
Epoch: 348, global_step=4164000
SPS: 1374
Epoch: 349, global_step=4176000
SPS: 1375
Epoch: 350, global_step=4188000
SPS: 1376
Epoch: 351, global_step=4200000
SPS: 1377
Epoch: 352, global_step=4212000
SPS: 1379
Epoch: 353, global_step=4224000
SPS: 1380
Epoch: 354, global_step=4236000
SPS: 1381
Epoch: 355, global_step=4248000
SPS: 1383
Epoch: 356, global_step=4260000
SPS: 1384
Epoch: 357, global_step=4272000
SPS: 1385
Epoch: 358, global_step=4284000
SPS: 1386
Epoch: 359, global_step=4296000
SPS: 1387
Epoch: 360, global_step=4308000
SPS: 1388
Epoch: 361, global_step=4320000
SPS: 1389
Epoch: 362, global_step=4332000
SPS: 1390
Epoch: 363, global_step=4344000
SPS: 1391
Epoch: 364, global_step=4356000
SPS: 1393
Epoch: 365, global_step=4368000
SPS: 1393
Epoch: 366, global_step=4380000
SPS: 1394
Epoch: 367, global_step=4392000
SPS: 1395
Epoch: 368, global_step=4404000
SPS: 1396
Epoch: 369, global_step=4416000
SPS: 1397
Epoch: 370, global_step=4428000
SPS: 1398
Epoch: 371, global_step=4440000
SPS: 1400
Epoch: 372, global_step=4452000
SPS: 1401
Epoch: 373, global_step=4464000
SPS: 1402
Epoch: 374, global_step=4476000
SPS: 1403
Epoch: 375, global_step=4488000
SPS: 1405
Epoch: 376, global_step=4500000
SPS: 1405
Epoch: 377, global_step=4512000
SPS: 1406
Epoch: 378, global_step=4524000
SPS: 1407
Epoch: 379, global_step=4536000
SPS: 1408
Epoch: 380, global_step=4548000
SPS: 1409
Epoch: 381, global_step=4560000
SPS: 1410
Epoch: 382, global_step=4572000
SPS: 1411
Epoch: 383, global_step=4584000
SPS: 1412
Epoch: 384, global_step=4596000
SPS: 1414
Epoch: 385, global_step=4608000
Evaluating
Evaluated 11520 steps resulting in 192 episodes
[32mEvaluation Metric: success_once[0m | [36mMean: 0.0052[0m
[32mEvaluation Metric: return[0m | [36mMean: 1.5535[0m
[32mEvaluation Metric: episode_len[0m | [36mMean: 60.0000[0m
[32mEvaluation Metric: reward[0m | [36mMean: 0.0259[0m
[32mEvaluation Metric: success_at_end[0m | [36mMean: 0.0000[0m
model saved to checkpoints/ppo_memtasks/rgb_joints/normalized_dense/RememberShapeAndColor3x2-v0/ppo-nonbelief-gru-newhyper-lr1e-4-33__33__rgb_joints__20260127_233958/20260127_233958/ckpt_8_385.pt
SPS: 1383
Epoch: 386, global_step=4620000
SPS: 1384
Epoch: 387, global_step=4632000
SPS: 1385
Epoch: 388, global_step=4644000
SPS: 1387
Epoch: 389, global_step=4656000
SPS: 1388
Epoch: 390, global_step=4668000
SPS: 1389
Epoch: 391, global_step=4680000
SPS: 1390
Epoch: 392, global_step=4692000
SPS: 1391
Epoch: 393, global_step=4704000
SPS: 1392
Epoch: 394, global_step=4716000
SPS: 1393
Epoch: 395, global_step=4728000
SPS: 1394
Epoch: 396, global_step=4740000
SPS: 1395
Epoch: 397, global_step=4752000
SPS: 1396
Epoch: 398, global_step=4764000
SPS: 1397
Epoch: 399, global_step=4776000
SPS: 1398
Epoch: 400, global_step=4788000
SPS: 1399
Epoch: 401, global_step=4800000
SPS: 1400
Epoch: 402, global_step=4812000
SPS: 1401
Epoch: 403, global_step=4824000
SPS: 1402
Epoch: 404, global_step=4836000
SPS: 1402
Epoch: 405, global_step=4848000
SPS: 1403
Epoch: 406, global_step=4860000
SPS: 1404
Epoch: 407, global_step=4872000
SPS: 1405
Epoch: 408, global_step=4884000
SPS: 1406
Epoch: 409, global_step=4896000
SPS: 1406
Epoch: 410, global_step=4908000
SPS: 1407
Epoch: 411, global_step=4920000
SPS: 1408
Epoch: 412, global_step=4932000
SPS: 1409
Epoch: 413, global_step=4944000
SPS: 1410
Epoch: 414, global_step=4956000
SPS: 1411
Epoch: 415, global_step=4968000
SPS: 1412
Epoch: 416, global_step=4980000
SPS: 1413
Epoch: 417, global_step=4992000
SPS: 1414
Epoch: 418, global_step=5004000
SPS: 1415
Epoch: 419, global_step=5016000
SPS: 1416
Epoch: 420, global_step=5028000
SPS: 1417
Epoch: 421, global_step=5040000
SPS: 1418
Epoch: 422, global_step=5052000
SPS: 1419
Epoch: 423, global_step=5064000
SPS: 1419
Epoch: 424, global_step=5076000
SPS: 1420
Epoch: 425, global_step=5088000
SPS: 1421
Epoch: 426, global_step=5100000
SPS: 1422
Epoch: 427, global_step=5112000
SPS: 1423
Epoch: 428, global_step=5124000
SPS: 1424
Epoch: 429, global_step=5136000
SPS: 1425
Epoch: 430, global_step=5148000
SPS: 1426
Epoch: 431, global_step=5160000
SPS: 1427
Epoch: 432, global_step=5172000
SPS: 1428
Epoch: 433, global_step=5184000
Evaluating
Evaluated 11520 steps resulting in 192 episodes
[32mEvaluation Metric: success_once[0m | [36mMean: 0.0052[0m
[32mEvaluation Metric: return[0m | [36mMean: 1.6795[0m
[32mEvaluation Metric: episode_len[0m | [36mMean: 60.0000[0m
[32mEvaluation Metric: reward[0m | [36mMean: 0.0280[0m
[32mEvaluation Metric: success_at_end[0m | [36mMean: 0.0000[0m
model saved to checkpoints/ppo_memtasks/rgb_joints/normalized_dense/RememberShapeAndColor3x2-v0/ppo-nonbelief-gru-newhyper-lr1e-4-33__33__rgb_joints__20260127_233958/20260127_233958/ckpt_9_433.pt
SPS: 1400
Epoch: 434, global_step=5196000
SPS: 1401
Epoch: 435, global_step=5208000
SPS: 1403
Epoch: 436, global_step=5220000
SPS: 1404
Epoch: 437, global_step=5232000
SPS: 1405
Epoch: 438, global_step=5244000
SPS: 1406
Epoch: 439, global_step=5256000
SPS: 1407
Epoch: 440, global_step=5268000
SPS: 1408
Epoch: 441, global_step=5280000
SPS: 1409
Epoch: 442, global_step=5292000
SPS: 1410
Epoch: 443, global_step=5304000
SPS: 1411
Epoch: 444, global_step=5316000
SPS: 1412
Epoch: 445, global_step=5328000
SPS: 1412
Epoch: 446, global_step=5340000
SPS: 1414
Epoch: 447, global_step=5352000
SPS: 1414
Epoch: 448, global_step=5364000
SPS: 1415
Epoch: 449, global_step=5376000
SPS: 1416
Epoch: 450, global_step=5388000
SPS: 1417
Epoch: 451, global_step=5400000
SPS: 1418
Epoch: 452, global_step=5412000
SPS: 1419
Epoch: 453, global_step=5424000
SPS: 1420
Epoch: 454, global_step=5436000
SPS: 1421
Epoch: 455, global_step=5448000
SPS: 1422
Epoch: 456, global_step=5460000
SPS: 1423
Epoch: 457, global_step=5472000
SPS: 1424
Epoch: 458, global_step=5484000
SPS: 1425
Epoch: 459, global_step=5496000
SPS: 1426
Epoch: 460, global_step=5508000
SPS: 1427
Epoch: 461, global_step=5520000
SPS: 1428
Epoch: 462, global_step=5532000
SPS: 1429
Epoch: 463, global_step=5544000
SPS: 1430
Epoch: 464, global_step=5556000
SPS: 1431
Epoch: 465, global_step=5568000
SPS: 1432
Epoch: 466, global_step=5580000
SPS: 1433
Epoch: 467, global_step=5592000
SPS: 1434
Epoch: 468, global_step=5604000
SPS: 1435
Epoch: 469, global_step=5616000
SPS: 1436
Epoch: 470, global_step=5628000
SPS: 1437
Epoch: 471, global_step=5640000
SPS: 1438
Epoch: 472, global_step=5652000
SPS: 1439
Epoch: 473, global_step=5664000
SPS: 1439
Epoch: 474, global_step=5676000
SPS: 1440
Epoch: 475, global_step=5688000
SPS: 1441
Epoch: 476, global_step=5700000
SPS: 1442
Epoch: 477, global_step=5712000
SPS: 1443
Epoch: 478, global_step=5724000
SPS: 1444
Epoch: 479, global_step=5736000
SPS: 1445
Epoch: 480, global_step=5748000
SPS: 1446
Epoch: 481, global_step=5760000
Evaluating
Evaluated 11520 steps resulting in 192 episodes
[32mEvaluation Metric: success_once[0m | [36mMean: 0.0000[0m
[32mEvaluation Metric: return[0m | [36mMean: 1.7399[0m
[32mEvaluation Metric: episode_len[0m | [36mMean: 60.0000[0m
[32mEvaluation Metric: reward[0m | [36mMean: 0.0290[0m
[32mEvaluation Metric: success_at_end[0m | [36mMean: 0.0000[0m
model saved to checkpoints/ppo_memtasks/rgb_joints/normalized_dense/RememberShapeAndColor3x2-v0/ppo-nonbelief-gru-newhyper-lr1e-4-33__33__rgb_joints__20260127_233958/20260127_233958/ckpt_10_481.pt
SPS: 1421
Epoch: 482, global_step=5772000
SPS: 1422
Epoch: 483, global_step=5784000
SPS: 1423
Epoch: 484, global_step=5796000
SPS: 1424
Epoch: 485, global_step=5808000
SPS: 1425
Epoch: 486, global_step=5820000
SPS: 1426
Epoch: 487, global_step=5832000
SPS: 1427
Epoch: 488, global_step=5844000
SPS: 1428
Epoch: 489, global_step=5856000
SPS: 1429
Epoch: 490, global_step=5868000
SPS: 1430
Epoch: 491, global_step=5880000
SPS: 1430
Epoch: 492, global_step=5892000
SPS: 1431
Epoch: 493, global_step=5904000
SPS: 1432
Epoch: 494, global_step=5916000
SPS: 1433
Epoch: 495, global_step=5928000
SPS: 1434
Epoch: 496, global_step=5940000
SPS: 1434
Epoch: 497, global_step=5952000
SPS: 1435
Epoch: 498, global_step=5964000
SPS: 1436
Epoch: 499, global_step=5976000
SPS: 1437
Epoch: 500, global_step=5988000
SPS: 1437
Epoch: 501, global_step=6000000
SPS: 1438
Epoch: 502, global_step=6012000
SPS: 1439
Epoch: 503, global_step=6024000
SPS: 1440
Epoch: 504, global_step=6036000
SPS: 1441
Epoch: 505, global_step=6048000
SPS: 1441
Epoch: 506, global_step=6060000
SPS: 1442
Epoch: 507, global_step=6072000
SPS: 1443
Epoch: 508, global_step=6084000
SPS: 1443
Epoch: 509, global_step=6096000
SPS: 1444
Epoch: 510, global_step=6108000
SPS: 1445
Epoch: 511, global_step=6120000
SPS: 1446
Epoch: 512, global_step=6132000
SPS: 1446
Epoch: 513, global_step=6144000
SPS: 1447
Epoch: 514, global_step=6156000
SPS: 1448
Epoch: 515, global_step=6168000
SPS: 1448
Epoch: 516, global_step=6180000
SPS: 1449
Epoch: 517, global_step=6192000
SPS: 1450
Epoch: 518, global_step=6204000
SPS: 1451
Epoch: 519, global_step=6216000
SPS: 1451
Epoch: 520, global_step=6228000
SPS: 1452
Epoch: 521, global_step=6240000
SPS: 1453
Epoch: 522, global_step=6252000
SPS: 1454
Epoch: 523, global_step=6264000
SPS: 1454
Epoch: 524, global_step=6276000
SPS: 1455
Epoch: 525, global_step=6288000
SPS: 1456
Epoch: 526, global_step=6300000
SPS: 1457
Epoch: 527, global_step=6312000
SPS: 1457
Epoch: 528, global_step=6324000
SPS: 1458
Epoch: 529, global_step=6336000
Evaluating
Evaluated 11520 steps resulting in 192 episodes
[32mEvaluation Metric: success_once[0m | [36mMean: 0.0000[0m
[32mEvaluation Metric: return[0m | [36mMean: 1.4591[0m
[32mEvaluation Metric: episode_len[0m | [36mMean: 60.0000[0m
[32mEvaluation Metric: reward[0m | [36mMean: 0.0243[0m
[32mEvaluation Metric: success_at_end[0m | [36mMean: 0.0000[0m
model saved to checkpoints/ppo_memtasks/rgb_joints/normalized_dense/RememberShapeAndColor3x2-v0/ppo-nonbelief-gru-newhyper-lr1e-4-33__33__rgb_joints__20260127_233958/20260127_233958/ckpt_11_529.pt
SPS: 1435
Epoch: 530, global_step=6348000
SPS: 1436
Epoch: 531, global_step=6360000
SPS: 1436
Epoch: 532, global_step=6372000
SPS: 1437
Epoch: 533, global_step=6384000
SPS: 1437
Epoch: 534, global_step=6396000
SPS: 1438
Epoch: 535, global_step=6408000
SPS: 1439
Epoch: 536, global_step=6420000
SPS: 1440
Epoch: 537, global_step=6432000
SPS: 1440
Epoch: 538, global_step=6444000
SPS: 1441
Epoch: 539, global_step=6456000
SPS: 1442
Epoch: 540, global_step=6468000
SPS: 1443
Epoch: 541, global_step=6480000
SPS: 1443
Epoch: 542, global_step=6492000
SPS: 1444
Epoch: 543, global_step=6504000
SPS: 1445
Epoch: 544, global_step=6516000
SPS: 1446
Epoch: 545, global_step=6528000
SPS: 1447
Epoch: 546, global_step=6540000
SPS: 1447
Epoch: 547, global_step=6552000
SPS: 1448
Epoch: 548, global_step=6564000
SPS: 1449
Epoch: 549, global_step=6576000
SPS: 1450
Epoch: 550, global_step=6588000
SPS: 1450
Epoch: 551, global_step=6600000
SPS: 1451
Epoch: 552, global_step=6612000
SPS: 1452
Epoch: 553, global_step=6624000
SPS: 1452
Epoch: 554, global_step=6636000
SPS: 1453
Epoch: 555, global_step=6648000
SPS: 1454
Epoch: 556, global_step=6660000
SPS: 1454
Epoch: 557, global_step=6672000
SPS: 1455
Epoch: 558, global_step=6684000
SPS: 1455
Epoch: 559, global_step=6696000
SPS: 1456
Epoch: 560, global_step=6708000
SPS: 1457
Epoch: 561, global_step=6720000
SPS: 1457
Epoch: 562, global_step=6732000
SPS: 1458
Epoch: 563, global_step=6744000
SPS: 1458
Epoch: 564, global_step=6756000
SPS: 1459
Epoch: 565, global_step=6768000
SPS: 1460
Epoch: 566, global_step=6780000
SPS: 1460
Epoch: 567, global_step=6792000
SPS: 1461
Epoch: 568, global_step=6804000
SPS: 1462
Epoch: 569, global_step=6816000
SPS: 1462
Epoch: 570, global_step=6828000
SPS: 1463
Epoch: 571, global_step=6840000
SPS: 1464
Epoch: 572, global_step=6852000
SPS: 1465
Epoch: 573, global_step=6864000
SPS: 1465
Epoch: 574, global_step=6876000
SPS: 1466
Epoch: 575, global_step=6888000
SPS: 1467
Epoch: 576, global_step=6900000
SPS: 1467
Epoch: 577, global_step=6912000
Evaluating
Evaluated 11520 steps resulting in 192 episodes
[32mEvaluation Metric: success_once[0m | [36mMean: 0.0000[0m
[32mEvaluation Metric: return[0m | [36mMean: 1.4201[0m
[32mEvaluation Metric: episode_len[0m | [36mMean: 60.0000[0m
[32mEvaluation Metric: reward[0m | [36mMean: 0.0237[0m
[32mEvaluation Metric: success_at_end[0m | [36mMean: 0.0000[0m
model saved to checkpoints/ppo_memtasks/rgb_joints/normalized_dense/RememberShapeAndColor3x2-v0/ppo-nonbelief-gru-newhyper-lr1e-4-33__33__rgb_joints__20260127_233958/20260127_233958/ckpt_12_577.pt
SPS: 1445
Epoch: 578, global_step=6924000
SPS: 1446
Epoch: 579, global_step=6936000
SPS: 1447
Epoch: 580, global_step=6948000
SPS: 1447
Epoch: 581, global_step=6960000
SPS: 1448
Epoch: 582, global_step=6972000
SPS: 1449
Epoch: 583, global_step=6984000
SPS: 1449
Epoch: 584, global_step=6996000
SPS: 1450
Epoch: 585, global_step=7008000
SPS: 1451
Epoch: 586, global_step=7020000
SPS: 1451
Epoch: 587, global_step=7032000
SPS: 1452
Epoch: 588, global_step=7044000
SPS: 1453
Epoch: 589, global_step=7056000
SPS: 1453
Epoch: 590, global_step=7068000
SPS: 1454
Epoch: 591, global_step=7080000
SPS: 1455
Epoch: 592, global_step=7092000
SPS: 1455
Epoch: 593, global_step=7104000
SPS: 1456
Epoch: 594, global_step=7116000
SPS: 1457
Epoch: 595, global_step=7128000
SPS: 1458
Epoch: 596, global_step=7140000
SPS: 1458
Epoch: 597, global_step=7152000
SPS: 1459
Epoch: 598, global_step=7164000
SPS: 1460
Epoch: 599, global_step=7176000
SPS: 1460
Epoch: 600, global_step=7188000
SPS: 1461
Epoch: 601, global_step=7200000
SPS: 1462
Epoch: 602, global_step=7212000
SPS: 1463
Epoch: 603, global_step=7224000
SPS: 1463
Epoch: 604, global_step=7236000
SPS: 1464
Epoch: 605, global_step=7248000
SPS: 1464
Epoch: 606, global_step=7260000
SPS: 1465
Epoch: 607, global_step=7272000
SPS: 1466
Epoch: 608, global_step=7284000
SPS: 1466
Epoch: 609, global_step=7296000
SPS: 1467
Epoch: 610, global_step=7308000
SPS: 1467
Epoch: 611, global_step=7320000
SPS: 1468
Epoch: 612, global_step=7332000
SPS: 1469
Epoch: 613, global_step=7344000
SPS: 1469
Epoch: 614, global_step=7356000
SPS: 1470
Epoch: 615, global_step=7368000
SPS: 1470
Epoch: 616, global_step=7380000
SPS: 1471
Epoch: 617, global_step=7392000
SPS: 1472
Epoch: 618, global_step=7404000
SPS: 1472
Epoch: 619, global_step=7416000
SPS: 1473
Epoch: 620, global_step=7428000
SPS: 1473
Epoch: 621, global_step=7440000
SPS: 1474
Epoch: 622, global_step=7452000
SPS: 1475
Epoch: 623, global_step=7464000
SPS: 1475
Epoch: 624, global_step=7476000
SPS: 1476
Epoch: 625, global_step=7488000
Evaluating
Evaluated 11520 steps resulting in 192 episodes
[32mEvaluation Metric: success_once[0m | [36mMean: 0.0260[0m
[32mEvaluation Metric: return[0m | [36mMean: 1.7729[0m
[32mEvaluation Metric: episode_len[0m | [36mMean: 60.0000[0m
[32mEvaluation Metric: reward[0m | [36mMean: 0.0295[0m
[32mEvaluation Metric: success_at_end[0m | [36mMean: 0.0000[0m
model saved to checkpoints/ppo_memtasks/rgb_joints/normalized_dense/RememberShapeAndColor3x2-v0/ppo-nonbelief-gru-newhyper-lr1e-4-33__33__rgb_joints__20260127_233958/20260127_233958/ckpt_13_625.pt
SPS: 1456
Epoch: 626, global_step=7500000
SPS: 1457
Epoch: 627, global_step=7512000
SPS: 1457
Epoch: 628, global_step=7524000
SPS: 1457
Epoch: 629, global_step=7536000
SPS: 1458
Epoch: 630, global_step=7548000
SPS: 1459
Epoch: 631, global_step=7560000
SPS: 1459
Epoch: 632, global_step=7572000
SPS: 1460
Epoch: 633, global_step=7584000
SPS: 1461
Epoch: 634, global_step=7596000
SPS: 1461
Epoch: 635, global_step=7608000
SPS: 1462
Epoch: 636, global_step=7620000
SPS: 1462
Epoch: 637, global_step=7632000
SPS: 1463
Epoch: 638, global_step=7644000
SPS: 1464
Epoch: 639, global_step=7656000
SPS: 1464
Epoch: 640, global_step=7668000
SPS: 1465
Epoch: 641, global_step=7680000
SPS: 1466
Epoch: 642, global_step=7692000
SPS: 1466
Epoch: 643, global_step=7704000
SPS: 1467
Epoch: 644, global_step=7716000
SPS: 1468
Epoch: 645, global_step=7728000
SPS: 1468
Epoch: 646, global_step=7740000
SPS: 1469
Epoch: 647, global_step=7752000
SPS: 1469
Epoch: 648, global_step=7764000
SPS: 1470
Epoch: 649, global_step=7776000
SPS: 1470
Epoch: 650, global_step=7788000
SPS: 1471
Epoch: 651, global_step=7800000
SPS: 1472
Epoch: 652, global_step=7812000
SPS: 1472
Epoch: 653, global_step=7824000
SPS: 1473
Epoch: 654, global_step=7836000
SPS: 1473
Epoch: 655, global_step=7848000
SPS: 1474
Epoch: 656, global_step=7860000
SPS: 1475
Epoch: 657, global_step=7872000
SPS: 1475
Epoch: 658, global_step=7884000
SPS: 1476
Epoch: 659, global_step=7896000
SPS: 1476
Epoch: 660, global_step=7908000
SPS: 1477
Epoch: 661, global_step=7920000
SPS: 1478
Epoch: 662, global_step=7932000
SPS: 1478
Epoch: 663, global_step=7944000
SPS: 1479
Epoch: 664, global_step=7956000
SPS: 1479
Epoch: 665, global_step=7968000
SPS: 1480
Epoch: 666, global_step=7980000
SPS: 1480
Epoch: 667, global_step=7992000
SPS: 1481
Epoch: 668, global_step=8004000
SPS: 1482
Epoch: 669, global_step=8016000
SPS: 1482
Epoch: 670, global_step=8028000
SPS: 1483
Epoch: 671, global_step=8040000
SPS: 1483
Epoch: 672, global_step=8052000
SPS: 1484
Epoch: 673, global_step=8064000
Evaluating
Evaluated 11520 steps resulting in 192 episodes
[32mEvaluation Metric: success_once[0m | [36mMean: 0.0156[0m
[32mEvaluation Metric: return[0m | [36mMean: 1.5289[0m
[32mEvaluation Metric: episode_len[0m | [36mMean: 60.0000[0m
[32mEvaluation Metric: reward[0m | [36mMean: 0.0255[0m
[32mEvaluation Metric: success_at_end[0m | [36mMean: 0.0000[0m
model saved to checkpoints/ppo_memtasks/rgb_joints/normalized_dense/RememberShapeAndColor3x2-v0/ppo-nonbelief-gru-newhyper-lr1e-4-33__33__rgb_joints__20260127_233958/20260127_233958/ckpt_14_673.pt
SPS: 1465
Epoch: 674, global_step=8076000
SPS: 1466
Epoch: 675, global_step=8088000
SPS: 1466
Epoch: 676, global_step=8100000
SPS: 1467
Epoch: 677, global_step=8112000
SPS: 1467
Epoch: 678, global_step=8124000
SPS: 1468
Epoch: 679, global_step=8136000
SPS: 1468
Epoch: 680, global_step=8148000
SPS: 1469
Epoch: 681, global_step=8160000
SPS: 1469
Epoch: 682, global_step=8172000
SPS: 1470
Epoch: 683, global_step=8184000
SPS: 1470
Epoch: 684, global_step=8196000
SPS: 1471
Epoch: 685, global_step=8208000
SPS: 1471
Epoch: 686, global_step=8220000
SPS: 1472
Epoch: 687, global_step=8232000
SPS: 1472
Epoch: 688, global_step=8244000
SPS: 1473
Epoch: 689, global_step=8256000
SPS: 1473
Epoch: 690, global_step=8268000
SPS: 1474
Epoch: 691, global_step=8280000
SPS: 1474
Epoch: 692, global_step=8292000
SPS: 1475
Epoch: 693, global_step=8304000
SPS: 1476
Epoch: 694, global_step=8316000
SPS: 1476
Epoch: 695, global_step=8328000
SPS: 1477
Epoch: 696, global_step=8340000
SPS: 1477
Epoch: 697, global_step=8352000
SPS: 1478
Epoch: 698, global_step=8364000
SPS: 1479
Epoch: 699, global_step=8376000
SPS: 1479
Epoch: 700, global_step=8388000
SPS: 1479
Epoch: 701, global_step=8400000
SPS: 1480
Epoch: 702, global_step=8412000
SPS: 1480
Epoch: 703, global_step=8424000
SPS: 1481
Epoch: 704, global_step=8436000
SPS: 1482
Epoch: 705, global_step=8448000
SPS: 1482
Epoch: 706, global_step=8460000
SPS: 1483
Epoch: 707, global_step=8472000
SPS: 1483
Epoch: 708, global_step=8484000
SPS: 1484
Epoch: 709, global_step=8496000
SPS: 1484
Epoch: 710, global_step=8508000
SPS: 1485
Epoch: 711, global_step=8520000
SPS: 1485
Epoch: 712, global_step=8532000
SPS: 1486
Epoch: 713, global_step=8544000
SPS: 1486
Epoch: 714, global_step=8556000
SPS: 1487
Epoch: 715, global_step=8568000
SPS: 1487
Epoch: 716, global_step=8580000
SPS: 1488
Epoch: 717, global_step=8592000
SPS: 1488
Epoch: 718, global_step=8604000
SPS: 1489
Epoch: 719, global_step=8616000
SPS: 1489
Epoch: 720, global_step=8628000
SPS: 1490
Epoch: 721, global_step=8640000
Evaluating
Evaluated 11520 steps resulting in 192 episodes
[32mEvaluation Metric: success_once[0m | [36mMean: 0.0052[0m
[32mEvaluation Metric: return[0m | [36mMean: 1.7154[0m
[32mEvaluation Metric: episode_len[0m | [36mMean: 60.0000[0m
[32mEvaluation Metric: reward[0m | [36mMean: 0.0286[0m
[32mEvaluation Metric: success_at_end[0m | [36mMean: 0.0000[0m
model saved to checkpoints/ppo_memtasks/rgb_joints/normalized_dense/RememberShapeAndColor3x2-v0/ppo-nonbelief-gru-newhyper-lr1e-4-33__33__rgb_joints__20260127_233958/20260127_233958/ckpt_15_721.pt
SPS: 1472
Epoch: 722, global_step=8652000
SPS: 1473
Epoch: 723, global_step=8664000
SPS: 1473
Epoch: 724, global_step=8676000
SPS: 1473
Epoch: 725, global_step=8688000
SPS: 1474
Epoch: 726, global_step=8700000
SPS: 1474
Epoch: 727, global_step=8712000
SPS: 1475
Epoch: 728, global_step=8724000
SPS: 1476
Epoch: 729, global_step=8736000
SPS: 1476
Epoch: 730, global_step=8748000
SPS: 1477
Epoch: 731, global_step=8760000
SPS: 1477
Epoch: 732, global_step=8772000
SPS: 1478
Epoch: 733, global_step=8784000
SPS: 1478
Epoch: 734, global_step=8796000
SPS: 1479
Epoch: 735, global_step=8808000
SPS: 1479
Epoch: 736, global_step=8820000
SPS: 1480
Epoch: 737, global_step=8832000
SPS: 1481
Epoch: 738, global_step=8844000
SPS: 1481
Epoch: 739, global_step=8856000
SPS: 1482
Epoch: 740, global_step=8868000
SPS: 1482
Epoch: 741, global_step=8880000
SPS: 1483
Epoch: 742, global_step=8892000
SPS: 1483
Epoch: 743, global_step=8904000
SPS: 1484
Epoch: 744, global_step=8916000
SPS: 1484
Epoch: 745, global_step=8928000
SPS: 1485
Epoch: 746, global_step=8940000
SPS: 1485
Epoch: 747, global_step=8952000
SPS: 1486
Epoch: 748, global_step=8964000
SPS: 1486
Epoch: 749, global_step=8976000
SPS: 1487
Epoch: 750, global_step=8988000
SPS: 1487
Epoch: 751, global_step=9000000
SPS: 1488
Epoch: 752, global_step=9012000
SPS: 1488
Epoch: 753, global_step=9024000
SPS: 1489
Epoch: 754, global_step=9036000
SPS: 1490
Epoch: 755, global_step=9048000
SPS: 1490
Epoch: 756, global_step=9060000
SPS: 1491
Epoch: 757, global_step=9072000
SPS: 1491
Epoch: 758, global_step=9084000
SPS: 1492
Epoch: 759, global_step=9096000
SPS: 1492
Epoch: 760, global_step=9108000
SPS: 1493
Epoch: 761, global_step=9120000
SPS: 1493
Epoch: 762, global_step=9132000
SPS: 1494
Epoch: 763, global_step=9144000
SPS: 1494
Epoch: 764, global_step=9156000
SPS: 1494
Epoch: 765, global_step=9168000
SPS: 1495
Epoch: 766, global_step=9180000
SPS: 1495
Epoch: 767, global_step=9192000
SPS: 1496
Epoch: 768, global_step=9204000
SPS: 1496
Epoch: 769, global_step=9216000
Evaluating
Evaluated 11520 steps resulting in 192 episodes
[32mEvaluation Metric: success_once[0m | [36mMean: 0.0052[0m
[32mEvaluation Metric: return[0m | [36mMean: 1.2874[0m
[32mEvaluation Metric: episode_len[0m | [36mMean: 60.0000[0m
[32mEvaluation Metric: reward[0m | [36mMean: 0.0215[0m
[32mEvaluation Metric: success_at_end[0m | [36mMean: 0.0000[0m
model saved to checkpoints/ppo_memtasks/rgb_joints/normalized_dense/RememberShapeAndColor3x2-v0/ppo-nonbelief-gru-newhyper-lr1e-4-33__33__rgb_joints__20260127_233958/20260127_233958/ckpt_16_769.pt
SPS: 1480
Epoch: 770, global_step=9228000
SPS: 1481
Epoch: 771, global_step=9240000
SPS: 1481
Epoch: 772, global_step=9252000
SPS: 1482
Epoch: 773, global_step=9264000
SPS: 1482
Epoch: 774, global_step=9276000
SPS: 1482
Epoch: 775, global_step=9288000
SPS: 1483
Epoch: 776, global_step=9300000
SPS: 1484
Epoch: 777, global_step=9312000
SPS: 1484
Epoch: 778, global_step=9324000
SPS: 1484
Epoch: 779, global_step=9336000
SPS: 1485
Epoch: 780, global_step=9348000
SPS: 1485
Epoch: 781, global_step=9360000
SPS: 1486
Epoch: 782, global_step=9372000
SPS: 1486
Epoch: 783, global_step=9384000
SPS: 1487
Epoch: 784, global_step=9396000
SPS: 1487
Epoch: 785, global_step=9408000
SPS: 1487
Epoch: 786, global_step=9420000
SPS: 1488
Epoch: 787, global_step=9432000
SPS: 1488
Epoch: 788, global_step=9444000
SPS: 1489
Epoch: 789, global_step=9456000
SPS: 1489
Epoch: 790, global_step=9468000
SPS: 1489
Epoch: 791, global_step=9480000
SPS: 1490
Epoch: 792, global_step=9492000
SPS: 1490
Epoch: 793, global_step=9504000
SPS: 1491
Epoch: 794, global_step=9516000
SPS: 1492
Epoch: 795, global_step=9528000
SPS: 1492
Epoch: 796, global_step=9540000
SPS: 1493
Epoch: 797, global_step=9552000
SPS: 1493
Epoch: 798, global_step=9564000
SPS: 1494
Epoch: 799, global_step=9576000
SPS: 1494
Epoch: 800, global_step=9588000
SPS: 1495
Epoch: 801, global_step=9600000
SPS: 1495
Epoch: 802, global_step=9612000
SPS: 1496
Epoch: 803, global_step=9624000
SPS: 1496
Epoch: 804, global_step=9636000
SPS: 1497
Epoch: 805, global_step=9648000
SPS: 1497
Epoch: 806, global_step=9660000
SPS: 1498
Epoch: 807, global_step=9672000
SPS: 1498
Epoch: 808, global_step=9684000
SPS: 1498
Epoch: 809, global_step=9696000
SPS: 1499
Epoch: 810, global_step=9708000
SPS: 1499
Epoch: 811, global_step=9720000
SPS: 1500
Epoch: 812, global_step=9732000
SPS: 1500
Epoch: 813, global_step=9744000
SPS: 1501
Epoch: 814, global_step=9756000
SPS: 1501
Epoch: 815, global_step=9768000
SPS: 1502
Epoch: 816, global_step=9780000
SPS: 1502
Epoch: 817, global_step=9792000
Evaluating
Evaluated 11520 steps resulting in 192 episodes
[32mEvaluation Metric: success_once[0m | [36mMean: 0.0156[0m
[32mEvaluation Metric: return[0m | [36mMean: 1.8777[0m
[32mEvaluation Metric: episode_len[0m | [36mMean: 60.0000[0m
[32mEvaluation Metric: reward[0m | [36mMean: 0.0313[0m
[32mEvaluation Metric: success_at_end[0m | [36mMean: 0.0000[0m
model saved to checkpoints/ppo_memtasks/rgb_joints/normalized_dense/RememberShapeAndColor3x2-v0/ppo-nonbelief-gru-newhyper-lr1e-4-33__33__rgb_joints__20260127_233958/20260127_233958/ckpt_17_817.pt
SPS: 1487
Epoch: 818, global_step=9804000
SPS: 1487
Epoch: 819, global_step=9816000
SPS: 1488
Epoch: 820, global_step=9828000
SPS: 1488
Epoch: 821, global_step=9840000
SPS: 1489
Epoch: 822, global_step=9852000
SPS: 1489
Epoch: 823, global_step=9864000
SPS: 1489
Epoch: 824, global_step=9876000
SPS: 1490
Epoch: 825, global_step=9888000
SPS: 1490
Epoch: 826, global_step=9900000
SPS: 1491
Epoch: 827, global_step=9912000
SPS: 1491
Epoch: 828, global_step=9924000
SPS: 1492
Epoch: 829, global_step=9936000
SPS: 1492
Epoch: 830, global_step=9948000
SPS: 1493
Epoch: 831, global_step=9960000
SPS: 1493
Epoch: 832, global_step=9972000
SPS: 1493
Epoch: 833, global_step=9984000
SPS: 1494
Epoch: 834, global_step=9996000
SPS: 1494
Epoch: 835, global_step=10008000
SPS: 1495
Epoch: 836, global_step=10020000
SPS: 1495
Epoch: 837, global_step=10032000
SPS: 1496
Epoch: 838, global_step=10044000
SPS: 1496
Epoch: 839, global_step=10056000
SPS: 1497
Epoch: 840, global_step=10068000
SPS: 1497
Epoch: 841, global_step=10080000
SPS: 1498
Epoch: 842, global_step=10092000
SPS: 1498
Epoch: 843, global_step=10104000
SPS: 1498
Epoch: 844, global_step=10116000
SPS: 1499
Epoch: 845, global_step=10128000
SPS: 1499
Epoch: 846, global_step=10140000
SPS: 1500
Epoch: 847, global_step=10152000
SPS: 1500
Epoch: 848, global_step=10164000
SPS: 1501
Epoch: 849, global_step=10176000
SPS: 1501
Epoch: 850, global_step=10188000
SPS: 1502
Epoch: 851, global_step=10200000
SPS: 1502
Epoch: 852, global_step=10212000
SPS: 1502
Epoch: 853, global_step=10224000
SPS: 1503
Epoch: 854, global_step=10236000
SPS: 1503
Epoch: 855, global_step=10248000
SPS: 1504
Epoch: 856, global_step=10260000
SPS: 1504
Epoch: 857, global_step=10272000
SPS: 1504
Epoch: 858, global_step=10284000
SPS: 1505
Epoch: 859, global_step=10296000
SPS: 1505
Epoch: 860, global_step=10308000
SPS: 1506
Epoch: 861, global_step=10320000
SPS: 1506
Epoch: 862, global_step=10332000
SPS: 1507
Epoch: 863, global_step=10344000
SPS: 1507
Epoch: 864, global_step=10356000
SPS: 1507
Epoch: 865, global_step=10368000
Evaluating
Evaluated 11520 steps resulting in 192 episodes
[32mEvaluation Metric: success_once[0m | [36mMean: 0.0104[0m
[32mEvaluation Metric: return[0m | [36mMean: 1.8419[0m
[32mEvaluation Metric: episode_len[0m | [36mMean: 60.0000[0m
[32mEvaluation Metric: reward[0m | [36mMean: 0.0307[0m
[32mEvaluation Metric: success_at_end[0m | [36mMean: 0.0000[0m
model saved to checkpoints/ppo_memtasks/rgb_joints/normalized_dense/RememberShapeAndColor3x2-v0/ppo-nonbelief-gru-newhyper-lr1e-4-33__33__rgb_joints__20260127_233958/20260127_233958/ckpt_18_865.pt
SPS: 1492
model saved to checkpoints/ppo_memtasks/rgb_joints/normalized_dense/RememberShapeAndColor3x2-v0/ppo-nonbelief-gru-newhyper-lr1e-4-33__33__rgb_joints__20260127_233958/20260127_233958/final_ckpt.pt
Running RememberShapeAndColor3x2-v0 with belief, seed 42

===========================================================================
║                        Environment Configuration                        ║
===========================================================================
║ Environment ID: RememberShapeAndColor3x2-v0                             ║
║ Oracle Info:    None                                                    ║
║ Wrappers:                                                               ║
║    ├─ InitialZeroActionWrapper                                         ║
║    │  └─ {'n_initial_steps': 0}                                           ║
║    ├─ RememberShapeAndColorInfoWrapper                                 ║
║    ├─ RenderStepInfoWrapper                                            ║
║    ├─ RenderRewardInfoWrapper                                          ║
║    ├─ DebugRewardWrapper                                               ║
║-------------------------------------------------------------------------║
║ include_state:       False │ state will not be used                ║
║ include_rgb:         True  │ rgb images will be used               ║
║ include_oracle:      False │ oracle info will not be used          ║
║ include_joints:      True  │ joints will be used                   ║
===========================================================================

MODE='rgb_joints'
prompt_info=None
{0: 'cube', 1: 'sphere', 2: 't_shape', 3: 'cross', 4: 'torus'}
{0: 'cube', 1: 'sphere', 2: 't_shape', 3: 'cross', 4: 'torus'}
Saving eval videos to checkpoints/ppo_memtasks/rgb_joints/normalized_dense/RememberShapeAndColor3x2-v0/ppo-nonbelief-gru-newhyper-lr1e-4-42__42__rgb_joints__20260128_013601/20260128_013601/videos
======================================================================
Max Episode Steps: 60
======================================================================

Running training

####
args.num_iterations=865 args.num_envs=200 args.num_eval_envs=16
args.minibatch_size=375 args.batch_size=12000 args.update_epochs=4
####

sample_obs.keys()=dict_keys(['joints', 'rgb'])
joints: torch.Size([200, 25])
rgb: torch.Size([200, 128, 128, 3])


##################################################
latent_size=512
self.gru.hidden_size=512
##################################################


Epoch: 1, global_step=0
Evaluating
Evaluated 11520 steps resulting in 192 episodes
[32mEvaluation Metric: success_once[0m | [36mMean: 0.0000[0m
[32mEvaluation Metric: return[0m | [36mMean: 9.9171[0m
[32mEvaluation Metric: episode_len[0m | [36mMean: 60.0000[0m
[32mEvaluation Metric: reward[0m | [36mMean: 0.1653[0m
[32mEvaluation Metric: success_at_end[0m | [36mMean: 0.0000[0m
model saved to checkpoints/ppo_memtasks/rgb_joints/normalized_dense/RememberShapeAndColor3x2-v0/ppo-nonbelief-gru-newhyper-lr1e-4-42__42__rgb_joints__20260128_013601/20260128_013601/ckpt_0_1.pt
SPS: 174
Epoch: 2, global_step=12000
SPS: 323
Epoch: 3, global_step=24000
SPS: 452
Epoch: 4, global_step=36000
SPS: 559
Epoch: 5, global_step=48000
SPS: 645
Epoch: 6, global_step=60000
SPS: 719
Epoch: 7, global_step=72000
SPS: 783
Epoch: 8, global_step=84000
SPS: 844
Epoch: 9, global_step=96000
SPS: 895
Epoch: 10, global_step=108000
SPS: 940
Epoch: 11, global_step=120000
SPS: 981
Epoch: 12, global_step=132000
SPS: 1015
Epoch: 13, global_step=144000
SPS: 1049
Epoch: 14, global_step=156000
SPS: 1078
Epoch: 15, global_step=168000
SPS: 1104
Epoch: 16, global_step=180000
SPS: 1128
Epoch: 17, global_step=192000
SPS: 1151
Epoch: 18, global_step=204000
SPS: 1172
Epoch: 19, global_step=216000
SPS: 1191
Epoch: 20, global_step=228000
SPS: 1207
Epoch: 21, global_step=240000
SPS: 1222
Epoch: 22, global_step=252000
SPS: 1237
Epoch: 23, global_step=264000
SPS: 1248
Epoch: 24, global_step=276000
SPS: 1261
Epoch: 25, global_step=288000
SPS: 1276
Epoch: 26, global_step=300000
SPS: 1291
Epoch: 27, global_step=312000
SPS: 1305
Epoch: 28, global_step=324000
SPS: 1317
Epoch: 29, global_step=336000
SPS: 1329
Epoch: 30, global_step=348000
SPS: 1340
Epoch: 31, global_step=360000
SPS: 1349
Epoch: 32, global_step=372000
SPS: 1358
Epoch: 33, global_step=384000
SPS: 1366
Epoch: 34, global_step=396000
SPS: 1376
Epoch: 35, global_step=408000
SPS: 1384
Epoch: 36, global_step=420000
SPS: 1392
Epoch: 37, global_step=432000
SPS: 1397
Epoch: 38, global_step=444000
SPS: 1404
Epoch: 39, global_step=456000
SPS: 1411
Epoch: 40, global_step=468000
SPS: 1418
Epoch: 41, global_step=480000
SPS: 1423
Epoch: 42, global_step=492000
SPS: 1429
Epoch: 43, global_step=504000
SPS: 1434
Epoch: 44, global_step=516000
SPS: 1439
Epoch: 45, global_step=528000
SPS: 1444
Epoch: 46, global_step=540000
SPS: 1449
Epoch: 47, global_step=552000
SPS: 1452
Epoch: 48, global_step=564000
SPS: 1457
Epoch: 49, global_step=576000
Evaluating
Evaluated 11520 steps resulting in 192 episodes
[32mEvaluation Metric: success_once[0m | [36mMean: 0.2135[0m
[32mEvaluation Metric: return[0m | [36mMean: 4.4229[0m
[32mEvaluation Metric: episode_len[0m | [36mMean: 60.0000[0m
[32mEvaluation Metric: reward[0m | [36mMean: 0.0737[0m
[32mEvaluation Metric: success_at_end[0m | [36mMean: 0.0104[0m
model saved to checkpoints/ppo_memtasks/rgb_joints/normalized_dense/RememberShapeAndColor3x2-v0/ppo-nonbelief-gru-newhyper-lr1e-4-42__42__rgb_joints__20260128_013601/20260128_013601/ckpt_1_49.pt
SPS: 1236
Epoch: 50, global_step=588000
SPS: 1245
Epoch: 51, global_step=600000
SPS: 1251
Epoch: 52, global_step=612000
SPS: 1257
Epoch: 53, global_step=624000
SPS: 1262
Epoch: 54, global_step=636000
SPS: 1268
Epoch: 55, global_step=648000
SPS: 1274
Epoch: 56, global_step=660000
SPS: 1280
Epoch: 57, global_step=672000
SPS: 1285
Epoch: 58, global_step=684000
SPS: 1289
Epoch: 59, global_step=696000
SPS: 1295
Epoch: 60, global_step=708000
SPS: 1299
Epoch: 61, global_step=720000
SPS: 1303
Epoch: 62, global_step=732000
SPS: 1308
Epoch: 63, global_step=744000
SPS: 1312
Epoch: 64, global_step=756000
SPS: 1316
Epoch: 65, global_step=768000
SPS: 1321
Epoch: 66, global_step=780000
SPS: 1325
Epoch: 67, global_step=792000
SPS: 1330
Epoch: 68, global_step=804000
SPS: 1334
Epoch: 69, global_step=816000
SPS: 1339
Epoch: 70, global_step=828000
SPS: 1343
Epoch: 71, global_step=840000
SPS: 1348
Epoch: 72, global_step=852000
SPS: 1352
Epoch: 73, global_step=864000
SPS: 1357
Epoch: 74, global_step=876000
SPS: 1361
Epoch: 75, global_step=888000
SPS: 1366
Epoch: 76, global_step=900000
SPS: 1371
Epoch: 77, global_step=912000
SPS: 1375
Epoch: 78, global_step=924000
SPS: 1380
Epoch: 79, global_step=936000
SPS: 1384
Epoch: 80, global_step=948000
SPS: 1388
Epoch: 81, global_step=960000
SPS: 1392
Epoch: 82, global_step=972000
SPS: 1396
Epoch: 83, global_step=984000
SPS: 1399
Epoch: 84, global_step=996000
SPS: 1403
Epoch: 85, global_step=1008000
SPS: 1406
Epoch: 86, global_step=1020000
SPS: 1410
Epoch: 87, global_step=1032000
SPS: 1413
Epoch: 88, global_step=1044000
SPS: 1417
Epoch: 89, global_step=1056000
SPS: 1420
Epoch: 90, global_step=1068000
SPS: 1422
Epoch: 91, global_step=1080000
SPS: 1425
Epoch: 92, global_step=1092000
SPS: 1428
Epoch: 93, global_step=1104000
SPS: 1430
Epoch: 94, global_step=1116000
SPS: 1432
Epoch: 95, global_step=1128000
SPS: 1435
Epoch: 96, global_step=1140000
SPS: 1438
Epoch: 97, global_step=1152000
Evaluating
Evaluated 11520 steps resulting in 192 episodes
[32mEvaluation Metric: success_once[0m | [36mMean: 0.0260[0m
[32mEvaluation Metric: return[0m | [36mMean: 2.3020[0m
[32mEvaluation Metric: episode_len[0m | [36mMean: 60.0000[0m
[32mEvaluation Metric: reward[0m | [36mMean: 0.0384[0m
[32mEvaluation Metric: success_at_end[0m | [36mMean: 0.0000[0m
model saved to checkpoints/ppo_memtasks/rgb_joints/normalized_dense/RememberShapeAndColor3x2-v0/ppo-nonbelief-gru-newhyper-lr1e-4-42__42__rgb_joints__20260128_013601/20260128_013601/ckpt_2_97.pt
SPS: 1318
Epoch: 98, global_step=1164000
SPS: 1321
Epoch: 99, global_step=1176000
SPS: 1325
Epoch: 100, global_step=1188000
SPS: 1327
Epoch: 101, global_step=1200000
SPS: 1330
Epoch: 102, global_step=1212000
SPS: 1333
Epoch: 103, global_step=1224000
SPS: 1336
Epoch: 104, global_step=1236000
SPS: 1338
Epoch: 105, global_step=1248000
SPS: 1340
Epoch: 106, global_step=1260000
SPS: 1343
Epoch: 107, global_step=1272000
SPS: 1345
Epoch: 108, global_step=1284000
SPS: 1348
Epoch: 109, global_step=1296000
SPS: 1351
Epoch: 110, global_step=1308000
SPS: 1353
Epoch: 111, global_step=1320000
SPS: 1356
Epoch: 112, global_step=1332000
SPS: 1358
Epoch: 113, global_step=1344000
SPS: 1361
Epoch: 114, global_step=1356000
SPS: 1364
Epoch: 115, global_step=1368000
SPS: 1367
Epoch: 116, global_step=1380000
SPS: 1369
Epoch: 117, global_step=1392000
SPS: 1372
Epoch: 118, global_step=1404000
SPS: 1374
Epoch: 119, global_step=1416000
SPS: 1376
Epoch: 120, global_step=1428000
SPS: 1379
Epoch: 121, global_step=1440000
SPS: 1381
Epoch: 122, global_step=1452000
SPS: 1384
Epoch: 123, global_step=1464000
SPS: 1386
Epoch: 124, global_step=1476000
SPS: 1389
Epoch: 125, global_step=1488000
SPS: 1392
Epoch: 126, global_step=1500000
SPS: 1394
Epoch: 127, global_step=1512000
SPS: 1397
Epoch: 128, global_step=1524000
SPS: 1399
Epoch: 129, global_step=1536000
SPS: 1401
Epoch: 130, global_step=1548000
SPS: 1403
Epoch: 131, global_step=1560000
SPS: 1405
Epoch: 132, global_step=1572000
SPS: 1407
Epoch: 133, global_step=1584000
SPS: 1408
Epoch: 134, global_step=1596000
SPS: 1411
Epoch: 135, global_step=1608000
SPS: 1413
Epoch: 136, global_step=1620000
SPS: 1415
Epoch: 137, global_step=1632000
SPS: 1417
Epoch: 138, global_step=1644000
SPS: 1420
Epoch: 139, global_step=1656000
SPS: 1422
Epoch: 140, global_step=1668000
SPS: 1424
Epoch: 141, global_step=1680000
SPS: 1426
Epoch: 142, global_step=1692000
SPS: 1428
Epoch: 143, global_step=1704000
SPS: 1429
Epoch: 144, global_step=1716000
SPS: 1431
Epoch: 145, global_step=1728000
Evaluating
Evaluated 11520 steps resulting in 192 episodes
[32mEvaluation Metric: success_once[0m | [36mMean: 0.0156[0m
[32mEvaluation Metric: return[0m | [36mMean: 3.0974[0m
[32mEvaluation Metric: episode_len[0m | [36mMean: 60.0000[0m
[32mEvaluation Metric: reward[0m | [36mMean: 0.0516[0m
[32mEvaluation Metric: success_at_end[0m | [36mMean: 0.0000[0m
model saved to checkpoints/ppo_memtasks/rgb_joints/normalized_dense/RememberShapeAndColor3x2-v0/ppo-nonbelief-gru-newhyper-lr1e-4-42__42__rgb_joints__20260128_013601/20260128_013601/ckpt_3_145.pt
SPS: 1352
Epoch: 146, global_step=1740000
SPS: 1354
Epoch: 147, global_step=1752000
SPS: 1357
Epoch: 148, global_step=1764000
SPS: 1358
Epoch: 149, global_step=1776000
SPS: 1360
Epoch: 150, global_step=1788000
SPS: 1362
Epoch: 151, global_step=1800000
SPS: 1364
Epoch: 152, global_step=1812000
SPS: 1366
Epoch: 153, global_step=1824000
SPS: 1368
Epoch: 154, global_step=1836000
SPS: 1370
Epoch: 155, global_step=1848000
SPS: 1372
Epoch: 156, global_step=1860000
SPS: 1374
Epoch: 157, global_step=1872000
SPS: 1376
Epoch: 158, global_step=1884000
SPS: 1377
Epoch: 159, global_step=1896000
SPS: 1380
Epoch: 160, global_step=1908000
SPS: 1381
Epoch: 161, global_step=1920000
SPS: 1383
Epoch: 162, global_step=1932000
SPS: 1385
Epoch: 163, global_step=1944000
SPS: 1387
Epoch: 164, global_step=1956000
SPS: 1389
Epoch: 165, global_step=1968000
SPS: 1391
Epoch: 166, global_step=1980000
SPS: 1393
Epoch: 167, global_step=1992000
SPS: 1395
Epoch: 168, global_step=2004000
SPS: 1396
Epoch: 169, global_step=2016000
SPS: 1398
Epoch: 170, global_step=2028000
SPS: 1400
Epoch: 171, global_step=2040000
SPS: 1402
Epoch: 172, global_step=2052000
SPS: 1403
Epoch: 173, global_step=2064000
SPS: 1405
Epoch: 174, global_step=2076000
SPS: 1406
Epoch: 175, global_step=2088000
SPS: 1408
Epoch: 176, global_step=2100000
SPS: 1410
Epoch: 177, global_step=2112000
SPS: 1411
Epoch: 178, global_step=2124000
SPS: 1413
Epoch: 179, global_step=2136000
SPS: 1414
Epoch: 180, global_step=2148000
SPS: 1416
Epoch: 181, global_step=2160000
SPS: 1418
Epoch: 182, global_step=2172000
SPS: 1420
Epoch: 183, global_step=2184000
SPS: 1422
Epoch: 184, global_step=2196000
SPS: 1423
Epoch: 185, global_step=2208000
SPS: 1425
Epoch: 186, global_step=2220000
SPS: 1427
Epoch: 187, global_step=2232000
SPS: 1428
Epoch: 188, global_step=2244000
SPS: 1429
Epoch: 189, global_step=2256000
SPS: 1431
Epoch: 190, global_step=2268000
SPS: 1433
Epoch: 191, global_step=2280000
SPS: 1434
Epoch: 192, global_step=2292000
SPS: 1436
Epoch: 193, global_step=2304000
Evaluating
Evaluated 11520 steps resulting in 192 episodes
[32mEvaluation Metric: success_once[0m | [36mMean: 0.0208[0m
[32mEvaluation Metric: return[0m | [36mMean: 1.8168[0m
[32mEvaluation Metric: episode_len[0m | [36mMean: 60.0000[0m
[32mEvaluation Metric: reward[0m | [36mMean: 0.0303[0m
[32mEvaluation Metric: success_at_end[0m | [36mMean: 0.0052[0m
model saved to checkpoints/ppo_memtasks/rgb_joints/normalized_dense/RememberShapeAndColor3x2-v0/ppo-nonbelief-gru-newhyper-lr1e-4-42__42__rgb_joints__20260128_013601/20260128_013601/ckpt_4_193.pt
SPS: 1373
Epoch: 194, global_step=2316000
SPS: 1375
Epoch: 195, global_step=2328000
SPS: 1377
Epoch: 196, global_step=2340000
SPS: 1379
Epoch: 197, global_step=2352000
SPS: 1380
Epoch: 198, global_step=2364000
SPS: 1381
Epoch: 199, global_step=2376000
SPS: 1383
Epoch: 200, global_step=2388000
SPS: 1384
Epoch: 201, global_step=2400000
SPS: 1387
Epoch: 202, global_step=2412000
SPS: 1388
Epoch: 203, global_step=2424000
SPS: 1390
Epoch: 204, global_step=2436000
SPS: 1392
Epoch: 205, global_step=2448000
SPS: 1393
Epoch: 206, global_step=2460000
SPS: 1395
Epoch: 207, global_step=2472000
SPS: 1397
Epoch: 208, global_step=2484000
SPS: 1399
Epoch: 209, global_step=2496000
SPS: 1401
Epoch: 210, global_step=2508000
SPS: 1403
Epoch: 211, global_step=2520000
SPS: 1405
Epoch: 212, global_step=2532000
SPS: 1407
Epoch: 213, global_step=2544000
SPS: 1410
Epoch: 214, global_step=2556000
SPS: 1411
Epoch: 215, global_step=2568000
SPS: 1413
Epoch: 216, global_step=2580000
SPS: 1415
Epoch: 217, global_step=2592000
SPS: 1417
Epoch: 218, global_step=2604000
SPS: 1419
Epoch: 219, global_step=2616000
SPS: 1421
Epoch: 220, global_step=2628000
SPS: 1423
Epoch: 221, global_step=2640000
SPS: 1424
Epoch: 222, global_step=2652000
SPS: 1426
Epoch: 223, global_step=2664000
SPS: 1428
Epoch: 224, global_step=2676000
SPS: 1430
Epoch: 225, global_step=2688000
SPS: 1432
Epoch: 226, global_step=2700000
SPS: 1433
Epoch: 227, global_step=2712000
SPS: 1435
Epoch: 228, global_step=2724000
SPS: 1437
Epoch: 229, global_step=2736000
SPS: 1440
Epoch: 230, global_step=2748000
SPS: 1442
Epoch: 231, global_step=2760000
SPS: 1443
Epoch: 232, global_step=2772000
SPS: 1445
Epoch: 233, global_step=2784000
SPS: 1447
Epoch: 234, global_step=2796000
SPS: 1449
Epoch: 235, global_step=2808000
SPS: 1451
Epoch: 236, global_step=2820000
SPS: 1452
Epoch: 237, global_step=2832000
SPS: 1454
Epoch: 238, global_step=2844000
SPS: 1456
Epoch: 239, global_step=2856000
SPS: 1457
Epoch: 240, global_step=2868000
SPS: 1459
Epoch: 241, global_step=2880000
Evaluating
Evaluated 11520 steps resulting in 192 episodes
[32mEvaluation Metric: success_once[0m | [36mMean: 0.0156[0m
[32mEvaluation Metric: return[0m | [36mMean: 1.4203[0m
[32mEvaluation Metric: episode_len[0m | [36mMean: 60.0000[0m
[32mEvaluation Metric: reward[0m | [36mMean: 0.0237[0m
[32mEvaluation Metric: success_at_end[0m | [36mMean: 0.0000[0m
model saved to checkpoints/ppo_memtasks/rgb_joints/normalized_dense/RememberShapeAndColor3x2-v0/ppo-nonbelief-gru-newhyper-lr1e-4-42__42__rgb_joints__20260128_013601/20260128_013601/ckpt_5_241.pt
SPS: 1409
Epoch: 242, global_step=2892000
SPS: 1411
Epoch: 243, global_step=2904000
SPS: 1413
Epoch: 244, global_step=2916000
SPS: 1415
Epoch: 245, global_step=2928000
SPS: 1416
Epoch: 246, global_step=2940000
SPS: 1417
Epoch: 247, global_step=2952000
SPS: 1419
Epoch: 248, global_step=2964000
SPS: 1421
Epoch: 249, global_step=2976000
SPS: 1422
Epoch: 250, global_step=2988000
SPS: 1423
Epoch: 251, global_step=3000000
SPS: 1424
Epoch: 252, global_step=3012000
SPS: 1425
Epoch: 253, global_step=3024000
SPS: 1427
Epoch: 254, global_step=3036000
SPS: 1428
Epoch: 255, global_step=3048000
SPS: 1429
Epoch: 256, global_step=3060000
SPS: 1430
Epoch: 257, global_step=3072000
SPS: 1432
Epoch: 258, global_step=3084000
SPS: 1434
Epoch: 259, global_step=3096000
SPS: 1435
Epoch: 260, global_step=3108000
SPS: 1437
Epoch: 261, global_step=3120000
SPS: 1438
Epoch: 262, global_step=3132000
SPS: 1440
Epoch: 263, global_step=3144000
SPS: 1441
Epoch: 264, global_step=3156000
SPS: 1443
Epoch: 265, global_step=3168000
SPS: 1444
Epoch: 266, global_step=3180000
SPS: 1446
Epoch: 267, global_step=3192000
SPS: 1448
Epoch: 268, global_step=3204000
SPS: 1449
Epoch: 269, global_step=3216000
SPS: 1450
Epoch: 270, global_step=3228000
SPS: 1452
Epoch: 271, global_step=3240000
SPS: 1453
Epoch: 272, global_step=3252000
SPS: 1454
Epoch: 273, global_step=3264000
SPS: 1456
Epoch: 274, global_step=3276000
SPS: 1457
Epoch: 275, global_step=3288000
SPS: 1459
Epoch: 276, global_step=3300000
SPS: 1460
Epoch: 277, global_step=3312000
SPS: 1461
Epoch: 278, global_step=3324000
SPS: 1462
Epoch: 279, global_step=3336000
SPS: 1464
Epoch: 280, global_step=3348000
SPS: 1465
Epoch: 281, global_step=3360000
SPS: 1466
Epoch: 282, global_step=3372000
SPS: 1468
Epoch: 283, global_step=3384000
SPS: 1469
Epoch: 284, global_step=3396000
SPS: 1470
Epoch: 285, global_step=3408000
SPS: 1471
Epoch: 286, global_step=3420000
SPS: 1473
Epoch: 287, global_step=3432000
SPS: 1474
Epoch: 288, global_step=3444000
SPS: 1476
Epoch: 289, global_step=3456000
Evaluating
Evaluated 11520 steps resulting in 192 episodes
[32mEvaluation Metric: success_once[0m | [36mMean: 0.0052[0m
[32mEvaluation Metric: return[0m | [36mMean: 1.4714[0m
[32mEvaluation Metric: episode_len[0m | [36mMean: 60.0000[0m
[32mEvaluation Metric: reward[0m | [36mMean: 0.0245[0m
[32mEvaluation Metric: success_at_end[0m | [36mMean: 0.0000[0m
model saved to checkpoints/ppo_memtasks/rgb_joints/normalized_dense/RememberShapeAndColor3x2-v0/ppo-nonbelief-gru-newhyper-lr1e-4-42__42__rgb_joints__20260128_013601/20260128_013601/ckpt_6_289.pt
SPS: 1431
Epoch: 290, global_step=3468000
SPS: 1433
Epoch: 291, global_step=3480000
SPS: 1434
Epoch: 292, global_step=3492000
SPS: 1436
Epoch: 293, global_step=3504000
SPS: 1437
Epoch: 294, global_step=3516000
SPS: 1438
Epoch: 295, global_step=3528000
SPS: 1439
Epoch: 296, global_step=3540000
SPS: 1441
Epoch: 297, global_step=3552000
SPS: 1442
Epoch: 298, global_step=3564000
SPS: 1444
Epoch: 299, global_step=3576000
SPS: 1445
Epoch: 300, global_step=3588000
SPS: 1446
Epoch: 301, global_step=3600000
SPS: 1448
Epoch: 302, global_step=3612000
SPS: 1449
Epoch: 303, global_step=3624000
SPS: 1450
Epoch: 304, global_step=3636000
SPS: 1452
Epoch: 305, global_step=3648000
SPS: 1453
Epoch: 306, global_step=3660000
SPS: 1454
Epoch: 307, global_step=3672000
SPS: 1456
Epoch: 308, global_step=3684000
SPS: 1457
Epoch: 309, global_step=3696000
SPS: 1458
Epoch: 310, global_step=3708000
SPS: 1459
Epoch: 311, global_step=3720000
SPS: 1461
Epoch: 312, global_step=3732000
SPS: 1462
Epoch: 313, global_step=3744000
SPS: 1463
Epoch: 314, global_step=3756000
SPS: 1464
Epoch: 315, global_step=3768000
SPS: 1466
Epoch: 316, global_step=3780000
SPS: 1467
Epoch: 317, global_step=3792000
SPS: 1469
Epoch: 318, global_step=3804000
SPS: 1470
Epoch: 319, global_step=3816000
SPS: 1471
Epoch: 320, global_step=3828000
SPS: 1473
Epoch: 321, global_step=3840000
SPS: 1474
Epoch: 322, global_step=3852000
SPS: 1475
Epoch: 323, global_step=3864000
SPS: 1476
Epoch: 324, global_step=3876000
SPS: 1478
Epoch: 325, global_step=3888000
SPS: 1479
Epoch: 326, global_step=3900000
SPS: 1480
Epoch: 327, global_step=3912000
SPS: 1481
Epoch: 328, global_step=3924000
SPS: 1482
Epoch: 329, global_step=3936000
SPS: 1483
Epoch: 330, global_step=3948000
SPS: 1485
Epoch: 331, global_step=3960000
SPS: 1486
Epoch: 332, global_step=3972000
SPS: 1487
Epoch: 333, global_step=3984000
SPS: 1488
Epoch: 334, global_step=3996000
SPS: 1489
Epoch: 335, global_step=4008000
SPS: 1491
Epoch: 336, global_step=4020000
SPS: 1492
Epoch: 337, global_step=4032000
Evaluating
Evaluated 11520 steps resulting in 192 episodes
[32mEvaluation Metric: success_once[0m | [36mMean: 0.0156[0m
[32mEvaluation Metric: return[0m | [36mMean: 1.3030[0m
[32mEvaluation Metric: episode_len[0m | [36mMean: 60.0000[0m
[32mEvaluation Metric: reward[0m | [36mMean: 0.0217[0m
[32mEvaluation Metric: success_at_end[0m | [36mMean: 0.0052[0m
model saved to checkpoints/ppo_memtasks/rgb_joints/normalized_dense/RememberShapeAndColor3x2-v0/ppo-nonbelief-gru-newhyper-lr1e-4-42__42__rgb_joints__20260128_013601/20260128_013601/ckpt_7_337.pt
SPS: 1451
Epoch: 338, global_step=4044000
SPS: 1452
Epoch: 339, global_step=4056000
SPS: 1453
Epoch: 340, global_step=4068000
SPS: 1454
Epoch: 341, global_step=4080000
SPS: 1455
Epoch: 342, global_step=4092000
SPS: 1456
Epoch: 343, global_step=4104000
SPS: 1458
Epoch: 344, global_step=4116000
SPS: 1459
Epoch: 345, global_step=4128000
SPS: 1460
Epoch: 346, global_step=4140000
SPS: 1461
Epoch: 347, global_step=4152000
SPS: 1462
Epoch: 348, global_step=4164000
SPS: 1463
Epoch: 349, global_step=4176000
SPS: 1465
Epoch: 350, global_step=4188000
SPS: 1466
Epoch: 351, global_step=4200000
SPS: 1467
Epoch: 352, global_step=4212000
SPS: 1468
Epoch: 353, global_step=4224000
SPS: 1469
Epoch: 354, global_step=4236000
SPS: 1470
Epoch: 355, global_step=4248000
SPS: 1471
Epoch: 356, global_step=4260000
SPS: 1472
Epoch: 357, global_step=4272000
SPS: 1473
Epoch: 358, global_step=4284000
SPS: 1475
Epoch: 359, global_step=4296000
SPS: 1476
Epoch: 360, global_step=4308000
SPS: 1477
Epoch: 361, global_step=4320000
SPS: 1478
Epoch: 362, global_step=4332000
SPS: 1480
Epoch: 363, global_step=4344000
SPS: 1481
Epoch: 364, global_step=4356000
SPS: 1482
Epoch: 365, global_step=4368000
SPS: 1483
Epoch: 366, global_step=4380000
SPS: 1484
Epoch: 367, global_step=4392000
SPS: 1485
Epoch: 368, global_step=4404000
SPS: 1486
Epoch: 369, global_step=4416000
SPS: 1487
Epoch: 370, global_step=4428000
SPS: 1488
Epoch: 371, global_step=4440000
SPS: 1488
Epoch: 372, global_step=4452000
SPS: 1489
Epoch: 373, global_step=4464000
SPS: 1490
Epoch: 374, global_step=4476000
SPS: 1491
Epoch: 375, global_step=4488000
SPS: 1493
Epoch: 376, global_step=4500000
SPS: 1494
Epoch: 377, global_step=4512000
SPS: 1495
Epoch: 378, global_step=4524000
SPS: 1496
Epoch: 379, global_step=4536000
SPS: 1497
Epoch: 380, global_step=4548000
SPS: 1498
Epoch: 381, global_step=4560000
SPS: 1499
Epoch: 382, global_step=4572000
SPS: 1500
Epoch: 383, global_step=4584000
SPS: 1501
Epoch: 384, global_step=4596000
SPS: 1502
Epoch: 385, global_step=4608000
Evaluating
Evaluated 11520 steps resulting in 192 episodes
[32mEvaluation Metric: success_once[0m | [36mMean: 0.0052[0m
[32mEvaluation Metric: return[0m | [36mMean: 0.5937[0m
[32mEvaluation Metric: episode_len[0m | [36mMean: 60.0000[0m
[32mEvaluation Metric: reward[0m | [36mMean: 0.0099[0m
[32mEvaluation Metric: success_at_end[0m | [36mMean: 0.0000[0m
model saved to checkpoints/ppo_memtasks/rgb_joints/normalized_dense/RememberShapeAndColor3x2-v0/ppo-nonbelief-gru-newhyper-lr1e-4-42__42__rgb_joints__20260128_013601/20260128_013601/ckpt_8_385.pt
SPS: 1472
Epoch: 386, global_step=4620000
SPS: 1473
Epoch: 387, global_step=4632000
SPS: 1474
Epoch: 388, global_step=4644000
SPS: 1475
Epoch: 389, global_step=4656000
SPS: 1476
Epoch: 390, global_step=4668000
SPS: 1478
Epoch: 391, global_step=4680000
SPS: 1479
Epoch: 392, global_step=4692000
SPS: 1480
Epoch: 393, global_step=4704000
SPS: 1481
Epoch: 394, global_step=4716000
SPS: 1482
Epoch: 395, global_step=4728000
SPS: 1484
Epoch: 396, global_step=4740000
SPS: 1485
Epoch: 397, global_step=4752000
SPS: 1486
Epoch: 398, global_step=4764000
SPS: 1487
Epoch: 399, global_step=4776000
SPS: 1488
Epoch: 400, global_step=4788000
SPS: 1490
Epoch: 401, global_step=4800000
SPS: 1491
Epoch: 402, global_step=4812000
SPS: 1492
Epoch: 403, global_step=4824000
SPS: 1493
Epoch: 404, global_step=4836000
SPS: 1494
Epoch: 405, global_step=4848000
SPS: 1495
Epoch: 406, global_step=4860000
SPS: 1496
Epoch: 407, global_step=4872000
SPS: 1497
Epoch: 408, global_step=4884000
SPS: 1499
Epoch: 409, global_step=4896000
SPS: 1499
Epoch: 410, global_step=4908000
SPS: 1501
Epoch: 411, global_step=4920000
SPS: 1502
Epoch: 412, global_step=4932000
SPS: 1503
Epoch: 413, global_step=4944000
SPS: 1504
Epoch: 414, global_step=4956000
SPS: 1505
Epoch: 415, global_step=4968000
SPS: 1506
Epoch: 416, global_step=4980000
SPS: 1507
Epoch: 417, global_step=4992000
SPS: 1508
Epoch: 418, global_step=5004000
SPS: 1509
Epoch: 419, global_step=5016000
SPS: 1510
Epoch: 420, global_step=5028000
SPS: 1511
Epoch: 421, global_step=5040000
SPS: 1512
Epoch: 422, global_step=5052000
SPS: 1513
Epoch: 423, global_step=5064000
SPS: 1514
Epoch: 424, global_step=5076000
SPS: 1515
Epoch: 425, global_step=5088000
SPS: 1516
Epoch: 426, global_step=5100000
SPS: 1517
Epoch: 427, global_step=5112000
SPS: 1518
Epoch: 428, global_step=5124000
SPS: 1519
Epoch: 429, global_step=5136000
SPS: 1520
Epoch: 430, global_step=5148000
SPS: 1521
Epoch: 431, global_step=5160000
SPS: 1522
Epoch: 432, global_step=5172000
SPS: 1522
Epoch: 433, global_step=5184000
Evaluating
Evaluated 11520 steps resulting in 192 episodes
[32mEvaluation Metric: success_once[0m | [36mMean: 0.0052[0m
[32mEvaluation Metric: return[0m | [36mMean: 0.7903[0m
[32mEvaluation Metric: episode_len[0m | [36mMean: 60.0000[0m
[32mEvaluation Metric: reward[0m | [36mMean: 0.0132[0m
[32mEvaluation Metric: success_at_end[0m | [36mMean: 0.0000[0m
model saved to checkpoints/ppo_memtasks/rgb_joints/normalized_dense/RememberShapeAndColor3x2-v0/ppo-nonbelief-gru-newhyper-lr1e-4-42__42__rgb_joints__20260128_013601/20260128_013601/ckpt_9_433.pt
SPS: 1494
Epoch: 434, global_step=5196000
SPS: 1495
Epoch: 435, global_step=5208000
SPS: 1496
Epoch: 436, global_step=5220000
SPS: 1497
Epoch: 437, global_step=5232000
SPS: 1498
Epoch: 438, global_step=5244000
SPS: 1499
Epoch: 439, global_step=5256000
SPS: 1500
Epoch: 440, global_step=5268000
SPS: 1501
Epoch: 441, global_step=5280000
SPS: 1502
Epoch: 442, global_step=5292000
SPS: 1502
Epoch: 443, global_step=5304000
SPS: 1503
Epoch: 444, global_step=5316000
SPS: 1504
Epoch: 445, global_step=5328000
SPS: 1505
Epoch: 446, global_step=5340000
SPS: 1506
Epoch: 447, global_step=5352000
SPS: 1507
Epoch: 448, global_step=5364000
SPS: 1508
Epoch: 449, global_step=5376000
SPS: 1509
Epoch: 450, global_step=5388000
SPS: 1510
Epoch: 451, global_step=5400000
SPS: 1511
Epoch: 452, global_step=5412000
SPS: 1512
Epoch: 453, global_step=5424000
SPS: 1513
Epoch: 454, global_step=5436000
SPS: 1514
Epoch: 455, global_step=5448000
SPS: 1515
Epoch: 456, global_step=5460000
SPS: 1516
Epoch: 457, global_step=5472000
SPS: 1517
Epoch: 458, global_step=5484000
SPS: 1518
Epoch: 459, global_step=5496000
SPS: 1519
Epoch: 460, global_step=5508000
SPS: 1520
Epoch: 461, global_step=5520000
SPS: 1520
Epoch: 462, global_step=5532000
SPS: 1521
Epoch: 463, global_step=5544000
SPS: 1522
Epoch: 464, global_step=5556000
SPS: 1523
Epoch: 465, global_step=5568000
SPS: 1525
Epoch: 466, global_step=5580000
SPS: 1525
Epoch: 467, global_step=5592000
SPS: 1526
Epoch: 468, global_step=5604000
SPS: 1527
Epoch: 469, global_step=5616000
SPS: 1528
Epoch: 470, global_step=5628000
SPS: 1529
Epoch: 471, global_step=5640000
SPS: 1530
Epoch: 472, global_step=5652000
SPS: 1531
Epoch: 473, global_step=5664000
SPS: 1531
Epoch: 474, global_step=5676000
SPS: 1532
Epoch: 475, global_step=5688000
SPS: 1533
Epoch: 476, global_step=5700000
SPS: 1534
Epoch: 477, global_step=5712000
SPS: 1534
Epoch: 478, global_step=5724000
SPS: 1535
Epoch: 479, global_step=5736000
SPS: 1536
Epoch: 480, global_step=5748000
SPS: 1537
Epoch: 481, global_step=5760000
Evaluating
Evaluated 11520 steps resulting in 192 episodes
[32mEvaluation Metric: success_once[0m | [36mMean: 0.0000[0m
[32mEvaluation Metric: return[0m | [36mMean: 0.5859[0m
[32mEvaluation Metric: episode_len[0m | [36mMean: 60.0000[0m
[32mEvaluation Metric: reward[0m | [36mMean: 0.0098[0m
[32mEvaluation Metric: success_at_end[0m | [36mMean: 0.0000[0m
model saved to checkpoints/ppo_memtasks/rgb_joints/normalized_dense/RememberShapeAndColor3x2-v0/ppo-nonbelief-gru-newhyper-lr1e-4-42__42__rgb_joints__20260128_013601/20260128_013601/ckpt_10_481.pt
SPS: 1511
Epoch: 482, global_step=5772000
SPS: 1512
Epoch: 483, global_step=5784000
SPS: 1513
Epoch: 484, global_step=5796000
SPS: 1513
Epoch: 485, global_step=5808000
SPS: 1514
Epoch: 486, global_step=5820000
SPS: 1515
Epoch: 487, global_step=5832000
SPS: 1516
Epoch: 488, global_step=5844000
SPS: 1517
Epoch: 489, global_step=5856000
SPS: 1518
Epoch: 490, global_step=5868000
SPS: 1519
Epoch: 491, global_step=5880000
SPS: 1520
Epoch: 492, global_step=5892000
SPS: 1521
Epoch: 493, global_step=5904000
SPS: 1521
Epoch: 494, global_step=5916000
SPS: 1522
Epoch: 495, global_step=5928000
SPS: 1523
Epoch: 496, global_step=5940000
SPS: 1524
Epoch: 497, global_step=5952000
SPS: 1525
Epoch: 498, global_step=5964000
SPS: 1525
Epoch: 499, global_step=5976000
SPS: 1526
Epoch: 500, global_step=5988000
SPS: 1527
Epoch: 501, global_step=6000000
SPS: 1528
Epoch: 502, global_step=6012000
SPS: 1528
Epoch: 503, global_step=6024000
SPS: 1529
Epoch: 504, global_step=6036000
SPS: 1530
Epoch: 505, global_step=6048000
SPS: 1531
Epoch: 506, global_step=6060000
SPS: 1532
Epoch: 507, global_step=6072000
SPS: 1533
Epoch: 508, global_step=6084000
SPS: 1533
Epoch: 509, global_step=6096000
SPS: 1534
Epoch: 510, global_step=6108000
SPS: 1535
Epoch: 511, global_step=6120000
SPS: 1535
Epoch: 512, global_step=6132000
SPS: 1536
Epoch: 513, global_step=6144000
SPS: 1537
Epoch: 514, global_step=6156000
SPS: 1537
Epoch: 515, global_step=6168000
SPS: 1538
Epoch: 516, global_step=6180000
SPS: 1539
Epoch: 517, global_step=6192000
SPS: 1540
Epoch: 518, global_step=6204000
SPS: 1540
Epoch: 519, global_step=6216000
SPS: 1541
Epoch: 520, global_step=6228000
SPS: 1542
Epoch: 521, global_step=6240000
SPS: 1543
Epoch: 522, global_step=6252000
SPS: 1544
Epoch: 523, global_step=6264000
SPS: 1544
Epoch: 524, global_step=6276000
SPS: 1545
Epoch: 525, global_step=6288000
SPS: 1546
Epoch: 526, global_step=6300000
SPS: 1546
Epoch: 527, global_step=6312000
SPS: 1547
Epoch: 528, global_step=6324000
SPS: 1548
Epoch: 529, global_step=6336000
Evaluating
Evaluated 11520 steps resulting in 192 episodes
[32mEvaluation Metric: success_once[0m | [36mMean: 0.0000[0m
[32mEvaluation Metric: return[0m | [36mMean: 0.5701[0m
[32mEvaluation Metric: episode_len[0m | [36mMean: 60.0000[0m
[32mEvaluation Metric: reward[0m | [36mMean: 0.0095[0m
[32mEvaluation Metric: success_at_end[0m | [36mMean: 0.0000[0m
model saved to checkpoints/ppo_memtasks/rgb_joints/normalized_dense/RememberShapeAndColor3x2-v0/ppo-nonbelief-gru-newhyper-lr1e-4-42__42__rgb_joints__20260128_013601/20260128_013601/ckpt_11_529.pt
SPS: 1523
Epoch: 530, global_step=6348000
SPS: 1524
Epoch: 531, global_step=6360000
SPS: 1524
Epoch: 532, global_step=6372000
SPS: 1525
Epoch: 533, global_step=6384000
SPS: 1525
Epoch: 534, global_step=6396000
SPS: 1526
Epoch: 535, global_step=6408000
SPS: 1527
Epoch: 536, global_step=6420000
SPS: 1527
Epoch: 537, global_step=6432000
SPS: 1528
Epoch: 538, global_step=6444000
SPS: 1529
Epoch: 539, global_step=6456000
SPS: 1530
Epoch: 540, global_step=6468000
SPS: 1530
Epoch: 541, global_step=6480000
SPS: 1531
Epoch: 542, global_step=6492000
SPS: 1532
Epoch: 543, global_step=6504000
SPS: 1532
Epoch: 544, global_step=6516000
SPS: 1533
Epoch: 545, global_step=6528000
SPS: 1534
Epoch: 546, global_step=6540000
SPS: 1535
Epoch: 547, global_step=6552000
SPS: 1535
Epoch: 548, global_step=6564000
SPS: 1536
Epoch: 549, global_step=6576000
SPS: 1536
Epoch: 550, global_step=6588000
SPS: 1537
Epoch: 551, global_step=6600000
SPS: 1538
Epoch: 552, global_step=6612000
SPS: 1539
Epoch: 553, global_step=6624000
SPS: 1539
Epoch: 554, global_step=6636000
SPS: 1540
Epoch: 555, global_step=6648000
SPS: 1541
Epoch: 556, global_step=6660000
SPS: 1541
Epoch: 557, global_step=6672000
SPS: 1542
Epoch: 558, global_step=6684000
SPS: 1542
Epoch: 559, global_step=6696000
SPS: 1543
Epoch: 560, global_step=6708000
SPS: 1544
Epoch: 561, global_step=6720000
SPS: 1544
Epoch: 562, global_step=6732000
SPS: 1545
Epoch: 563, global_step=6744000
SPS: 1546
Epoch: 564, global_step=6756000
SPS: 1546
Epoch: 565, global_step=6768000
SPS: 1547
Epoch: 566, global_step=6780000
SPS: 1548
Epoch: 567, global_step=6792000
SPS: 1548
Epoch: 568, global_step=6804000
SPS: 1549
Epoch: 569, global_step=6816000
SPS: 1550
Epoch: 570, global_step=6828000
SPS: 1550
Epoch: 571, global_step=6840000
SPS: 1551
Epoch: 572, global_step=6852000
SPS: 1552
Epoch: 573, global_step=6864000
SPS: 1552
Epoch: 574, global_step=6876000
SPS: 1553
Epoch: 575, global_step=6888000
SPS: 1554
Epoch: 576, global_step=6900000
SPS: 1554
Epoch: 577, global_step=6912000
Evaluating
Evaluated 11520 steps resulting in 192 episodes
[32mEvaluation Metric: success_once[0m | [36mMean: 0.0000[0m
[32mEvaluation Metric: return[0m | [36mMean: 0.7084[0m
[32mEvaluation Metric: episode_len[0m | [36mMean: 60.0000[0m
[32mEvaluation Metric: reward[0m | [36mMean: 0.0118[0m
[32mEvaluation Metric: success_at_end[0m | [36mMean: 0.0000[0m
model saved to checkpoints/ppo_memtasks/rgb_joints/normalized_dense/RememberShapeAndColor3x2-v0/ppo-nonbelief-gru-newhyper-lr1e-4-42__42__rgb_joints__20260128_013601/20260128_013601/ckpt_12_577.pt
SPS: 1531
Epoch: 578, global_step=6924000
SPS: 1532
Epoch: 579, global_step=6936000
SPS: 1532
Epoch: 580, global_step=6948000
SPS: 1533
Epoch: 581, global_step=6960000
SPS: 1533
Epoch: 582, global_step=6972000
SPS: 1534
Epoch: 583, global_step=6984000
SPS: 1535
Epoch: 584, global_step=6996000
SPS: 1535
Epoch: 585, global_step=7008000
SPS: 1536
Epoch: 586, global_step=7020000
SPS: 1537
Epoch: 587, global_step=7032000
SPS: 1537
Epoch: 588, global_step=7044000
SPS: 1538
Epoch: 589, global_step=7056000
SPS: 1539
Epoch: 590, global_step=7068000
SPS: 1539
Epoch: 591, global_step=7080000
SPS: 1540
Epoch: 592, global_step=7092000
SPS: 1541
Epoch: 593, global_step=7104000
SPS: 1542
Epoch: 594, global_step=7116000
SPS: 1542
Epoch: 595, global_step=7128000
SPS: 1543
Epoch: 596, global_step=7140000
SPS: 1544
Epoch: 597, global_step=7152000
SPS: 1544
Epoch: 598, global_step=7164000
SPS: 1545
Epoch: 599, global_step=7176000
SPS: 1546
Epoch: 600, global_step=7188000
SPS: 1546
Epoch: 601, global_step=7200000
SPS: 1547
Epoch: 602, global_step=7212000
SPS: 1548
Epoch: 603, global_step=7224000
SPS: 1548
Epoch: 604, global_step=7236000
SPS: 1549
Epoch: 605, global_step=7248000
SPS: 1550
Epoch: 606, global_step=7260000
SPS: 1551
Epoch: 607, global_step=7272000
SPS: 1551
Epoch: 608, global_step=7284000
SPS: 1552
Epoch: 609, global_step=7296000
SPS: 1553
Epoch: 610, global_step=7308000
SPS: 1553
Epoch: 611, global_step=7320000
SPS: 1554
Epoch: 612, global_step=7332000
SPS: 1555
Epoch: 613, global_step=7344000
SPS: 1555
Epoch: 614, global_step=7356000
SPS: 1556
Epoch: 615, global_step=7368000
SPS: 1557
Epoch: 616, global_step=7380000
SPS: 1557
Epoch: 617, global_step=7392000
SPS: 1558
Epoch: 618, global_step=7404000
SPS: 1558
Epoch: 619, global_step=7416000
SPS: 1559
Epoch: 620, global_step=7428000
SPS: 1559
Epoch: 621, global_step=7440000
SPS: 1560
Epoch: 622, global_step=7452000
SPS: 1561
Epoch: 623, global_step=7464000
SPS: 1561
Epoch: 624, global_step=7476000
SPS: 1562
Epoch: 625, global_step=7488000
Evaluating
Evaluated 11520 steps resulting in 192 episodes
[32mEvaluation Metric: success_once[0m | [36mMean: 0.0000[0m
[32mEvaluation Metric: return[0m | [36mMean: 0.5536[0m
[32mEvaluation Metric: episode_len[0m | [36mMean: 60.0000[0m
[32mEvaluation Metric: reward[0m | [36mMean: 0.0092[0m
[32mEvaluation Metric: success_at_end[0m | [36mMean: 0.0000[0m
model saved to checkpoints/ppo_memtasks/rgb_joints/normalized_dense/RememberShapeAndColor3x2-v0/ppo-nonbelief-gru-newhyper-lr1e-4-42__42__rgb_joints__20260128_013601/20260128_013601/ckpt_13_625.pt
SPS: 1540
Epoch: 626, global_step=7500000
SPS: 1540
Epoch: 627, global_step=7512000
SPS: 1541
Epoch: 628, global_step=7524000
SPS: 1542
Epoch: 629, global_step=7536000
SPS: 1542
Epoch: 630, global_step=7548000
SPS: 1543
Epoch: 631, global_step=7560000
SPS: 1543
Epoch: 632, global_step=7572000
SPS: 1544
Epoch: 633, global_step=7584000
SPS: 1545
Epoch: 634, global_step=7596000
SPS: 1545
Epoch: 635, global_step=7608000
SPS: 1546
Epoch: 636, global_step=7620000
SPS: 1547
Epoch: 637, global_step=7632000
SPS: 1547
Epoch: 638, global_step=7644000
SPS: 1548
Epoch: 639, global_step=7656000
SPS: 1548
Epoch: 640, global_step=7668000
SPS: 1549
Epoch: 641, global_step=7680000
SPS: 1550
Epoch: 642, global_step=7692000
SPS: 1550
Epoch: 643, global_step=7704000
SPS: 1551
Epoch: 644, global_step=7716000
SPS: 1552
Epoch: 645, global_step=7728000
SPS: 1552
Epoch: 646, global_step=7740000
SPS: 1553
Epoch: 647, global_step=7752000
SPS: 1553
Epoch: 648, global_step=7764000
SPS: 1554
Epoch: 649, global_step=7776000
SPS: 1555
Epoch: 650, global_step=7788000
SPS: 1555
Epoch: 651, global_step=7800000
SPS: 1556
Epoch: 652, global_step=7812000
SPS: 1557
Epoch: 653, global_step=7824000
SPS: 1557
Epoch: 654, global_step=7836000
SPS: 1558
Epoch: 655, global_step=7848000
SPS: 1559
Epoch: 656, global_step=7860000
SPS: 1560
Epoch: 657, global_step=7872000
SPS: 1560
Epoch: 658, global_step=7884000
SPS: 1561
Epoch: 659, global_step=7896000
SPS: 1561
Epoch: 660, global_step=7908000
SPS: 1562
Epoch: 661, global_step=7920000
SPS: 1563
Epoch: 662, global_step=7932000
SPS: 1563
Epoch: 663, global_step=7944000
SPS: 1564
Epoch: 664, global_step=7956000
SPS: 1565
Epoch: 665, global_step=7968000
SPS: 1565
Epoch: 666, global_step=7980000
SPS: 1566
Epoch: 667, global_step=7992000
SPS: 1567
Epoch: 668, global_step=8004000
SPS: 1567
Epoch: 669, global_step=8016000
SPS: 1568
Epoch: 670, global_step=8028000
SPS: 1569
Epoch: 671, global_step=8040000
SPS: 1569
Epoch: 672, global_step=8052000
SPS: 1570
Epoch: 673, global_step=8064000
Evaluating
Evaluated 11520 steps resulting in 192 episodes
[32mEvaluation Metric: success_once[0m | [36mMean: 0.0000[0m
[32mEvaluation Metric: return[0m | [36mMean: 0.3200[0m
[32mEvaluation Metric: episode_len[0m | [36mMean: 60.0000[0m
[32mEvaluation Metric: reward[0m | [36mMean: 0.0053[0m
[32mEvaluation Metric: success_at_end[0m | [36mMean: 0.0000[0m
model saved to checkpoints/ppo_memtasks/rgb_joints/normalized_dense/RememberShapeAndColor3x2-v0/ppo-nonbelief-gru-newhyper-lr1e-4-42__42__rgb_joints__20260128_013601/20260128_013601/ckpt_14_673.pt
SPS: 1547
Epoch: 674, global_step=8076000
SPS: 1548
Epoch: 675, global_step=8088000
SPS: 1548
Epoch: 676, global_step=8100000
SPS: 1549
Epoch: 677, global_step=8112000
SPS: 1550
Epoch: 678, global_step=8124000
SPS: 1550
Epoch: 679, global_step=8136000
SPS: 1551
Epoch: 680, global_step=8148000
SPS: 1552
Epoch: 681, global_step=8160000
SPS: 1552
Epoch: 682, global_step=8172000
SPS: 1553
Epoch: 683, global_step=8184000
SPS: 1553
Epoch: 684, global_step=8196000
SPS: 1554
Epoch: 685, global_step=8208000
SPS: 1555
Epoch: 686, global_step=8220000
SPS: 1555
Epoch: 687, global_step=8232000
SPS: 1556
Epoch: 688, global_step=8244000
SPS: 1556
Epoch: 689, global_step=8256000
SPS: 1557
Epoch: 690, global_step=8268000
SPS: 1557
Epoch: 691, global_step=8280000
SPS: 1558
Epoch: 692, global_step=8292000
SPS: 1559
Epoch: 693, global_step=8304000
SPS: 1559
Epoch: 694, global_step=8316000
SPS: 1560
Epoch: 695, global_step=8328000
SPS: 1560
Epoch: 696, global_step=8340000
SPS: 1561
Epoch: 697, global_step=8352000
SPS: 1561
Epoch: 698, global_step=8364000
SPS: 1562
Epoch: 699, global_step=8376000
SPS: 1563
Epoch: 700, global_step=8388000
SPS: 1563
Epoch: 701, global_step=8400000
SPS: 1563
Epoch: 702, global_step=8412000
SPS: 1564
Epoch: 703, global_step=8424000
SPS: 1564
Epoch: 704, global_step=8436000
SPS: 1565
Epoch: 705, global_step=8448000
SPS: 1565
Epoch: 706, global_step=8460000
SPS: 1566
Epoch: 707, global_step=8472000
SPS: 1566
Epoch: 708, global_step=8484000
SPS: 1567
Epoch: 709, global_step=8496000
SPS: 1567
Epoch: 710, global_step=8508000
SPS: 1567
Epoch: 711, global_step=8520000
SPS: 1568
Epoch: 712, global_step=8532000
SPS: 1568
Epoch: 713, global_step=8544000
SPS: 1569
Epoch: 714, global_step=8556000
SPS: 1569
Epoch: 715, global_step=8568000
SPS: 1570
Epoch: 716, global_step=8580000
SPS: 1570
Epoch: 717, global_step=8592000
SPS: 1571
Epoch: 718, global_step=8604000
SPS: 1571
Epoch: 719, global_step=8616000
SPS: 1572
Epoch: 720, global_step=8628000
SPS: 1572
Epoch: 721, global_step=8640000
Evaluating
Evaluated 11520 steps resulting in 192 episodes
[32mEvaluation Metric: success_once[0m | [36mMean: 0.0000[0m
[32mEvaluation Metric: return[0m | [36mMean: 0.4031[0m
[32mEvaluation Metric: episode_len[0m | [36mMean: 60.0000[0m
[32mEvaluation Metric: reward[0m | [36mMean: 0.0067[0m
[32mEvaluation Metric: success_at_end[0m | [36mMean: 0.0000[0m
model saved to checkpoints/ppo_memtasks/rgb_joints/normalized_dense/RememberShapeAndColor3x2-v0/ppo-nonbelief-gru-newhyper-lr1e-4-42__42__rgb_joints__20260128_013601/20260128_013601/ckpt_15_721.pt
SPS: 1553
Epoch: 722, global_step=8652000
SPS: 1554
Epoch: 723, global_step=8664000
SPS: 1555
Epoch: 724, global_step=8676000
SPS: 1555
Epoch: 725, global_step=8688000
SPS: 1555
Epoch: 726, global_step=8700000
SPS: 1556
Epoch: 727, global_step=8712000
SPS: 1556
Epoch: 728, global_step=8724000
SPS: 1557
Epoch: 729, global_step=8736000
SPS: 1557
Epoch: 730, global_step=8748000
SPS: 1558
Epoch: 731, global_step=8760000
SPS: 1558
Epoch: 732, global_step=8772000
SPS: 1559
Epoch: 733, global_step=8784000
SPS: 1559
Epoch: 734, global_step=8796000
SPS: 1560
Epoch: 735, global_step=8808000
SPS: 1560
Epoch: 736, global_step=8820000
SPS: 1561
Epoch: 737, global_step=8832000
SPS: 1561
Epoch: 738, global_step=8844000
SPS: 1562
Epoch: 739, global_step=8856000
SPS: 1562
Epoch: 740, global_step=8868000
SPS: 1562
Epoch: 741, global_step=8880000
SPS: 1563
Epoch: 742, global_step=8892000
SPS: 1563
Epoch: 743, global_step=8904000
SPS: 1564
Epoch: 744, global_step=8916000
SPS: 1564
Epoch: 745, global_step=8928000
SPS: 1564
Epoch: 746, global_step=8940000
SPS: 1565
Epoch: 747, global_step=8952000
SPS: 1565
Epoch: 748, global_step=8964000
SPS: 1566
Epoch: 749, global_step=8976000
SPS: 1566
Epoch: 750, global_step=8988000
SPS: 1566
Epoch: 751, global_step=9000000
SPS: 1566
Epoch: 752, global_step=9012000
SPS: 1567
Epoch: 753, global_step=9024000
SPS: 1567
Epoch: 754, global_step=9036000
SPS: 1568
Epoch: 755, global_step=9048000
SPS: 1568
Epoch: 756, global_step=9060000
SPS: 1569
Epoch: 757, global_step=9072000
SPS: 1569
Epoch: 758, global_step=9084000
SPS: 1570
Epoch: 759, global_step=9096000
SPS: 1570
Epoch: 760, global_step=9108000
SPS: 1571
Epoch: 761, global_step=9120000
SPS: 1571
Epoch: 762, global_step=9132000
SPS: 1571
Epoch: 763, global_step=9144000
SPS: 1572
Epoch: 764, global_step=9156000
SPS: 1573
Epoch: 765, global_step=9168000
SPS: 1573
Epoch: 766, global_step=9180000
SPS: 1573
Epoch: 767, global_step=9192000
SPS: 1574
Epoch: 768, global_step=9204000
SPS: 1574
Epoch: 769, global_step=9216000
Evaluating
Evaluated 11520 steps resulting in 192 episodes
[32mEvaluation Metric: success_once[0m | [36mMean: 0.0000[0m
[32mEvaluation Metric: return[0m | [36mMean: 0.6295[0m
[32mEvaluation Metric: episode_len[0m | [36mMean: 60.0000[0m
[32mEvaluation Metric: reward[0m | [36mMean: 0.0105[0m
[32mEvaluation Metric: success_at_end[0m | [36mMean: 0.0000[0m
model saved to checkpoints/ppo_memtasks/rgb_joints/normalized_dense/RememberShapeAndColor3x2-v0/ppo-nonbelief-gru-newhyper-lr1e-4-42__42__rgb_joints__20260128_013601/20260128_013601/ckpt_16_769.pt
SPS: 1556
Epoch: 770, global_step=9228000
SPS: 1557
Epoch: 771, global_step=9240000
SPS: 1558
Epoch: 772, global_step=9252000
SPS: 1558
Epoch: 773, global_step=9264000
SPS: 1558
Epoch: 774, global_step=9276000
SPS: 1559
Epoch: 775, global_step=9288000
SPS: 1559
Epoch: 776, global_step=9300000
SPS: 1560
Epoch: 777, global_step=9312000
SPS: 1560
Epoch: 778, global_step=9324000
SPS: 1561
Epoch: 779, global_step=9336000
SPS: 1561
Epoch: 780, global_step=9348000
SPS: 1561
Epoch: 781, global_step=9360000
SPS: 1561
Epoch: 782, global_step=9372000
SPS: 1562
Epoch: 783, global_step=9384000
SPS: 1562
Epoch: 784, global_step=9396000
SPS: 1563
Epoch: 785, global_step=9408000
SPS: 1563
Epoch: 786, global_step=9420000
SPS: 1563
Epoch: 787, global_step=9432000
SPS: 1564
Epoch: 788, global_step=9444000
SPS: 1564
Epoch: 789, global_step=9456000
SPS: 1565
Epoch: 790, global_step=9468000
SPS: 1565
Epoch: 791, global_step=9480000
SPS: 1566
Epoch: 792, global_step=9492000
SPS: 1566
Epoch: 793, global_step=9504000
SPS: 1567
Epoch: 794, global_step=9516000
SPS: 1567
Epoch: 795, global_step=9528000
SPS: 1568
Epoch: 796, global_step=9540000
SPS: 1568
Epoch: 797, global_step=9552000
SPS: 1568
Epoch: 798, global_step=9564000
SPS: 1569
Epoch: 799, global_step=9576000
SPS: 1569
Epoch: 800, global_step=9588000
SPS: 1569
Epoch: 801, global_step=9600000
SPS: 1570
Epoch: 802, global_step=9612000
SPS: 1570
Epoch: 803, global_step=9624000
SPS: 1570
Epoch: 804, global_step=9636000
SPS: 1571
Epoch: 805, global_step=9648000
SPS: 1571
Epoch: 806, global_step=9660000
SPS: 1571
Epoch: 807, global_step=9672000
SPS: 1572
Epoch: 808, global_step=9684000
SPS: 1572
Epoch: 809, global_step=9696000
SPS: 1573
Epoch: 810, global_step=9708000
SPS: 1573
Epoch: 811, global_step=9720000
SPS: 1574
Epoch: 812, global_step=9732000
SPS: 1574
Epoch: 813, global_step=9744000
SPS: 1574
Epoch: 814, global_step=9756000
SPS: 1574
Epoch: 815, global_step=9768000
SPS: 1575
Epoch: 816, global_step=9780000
SPS: 1575
Epoch: 817, global_step=9792000
Evaluating
Evaluated 11520 steps resulting in 192 episodes
[32mEvaluation Metric: success_once[0m | [36mMean: 0.0000[0m
[32mEvaluation Metric: return[0m | [36mMean: 0.8040[0m
[32mEvaluation Metric: episode_len[0m | [36mMean: 60.0000[0m
[32mEvaluation Metric: reward[0m | [36mMean: 0.0134[0m
[32mEvaluation Metric: success_at_end[0m | [36mMean: 0.0000[0m
model saved to checkpoints/ppo_memtasks/rgb_joints/normalized_dense/RememberShapeAndColor3x2-v0/ppo-nonbelief-gru-newhyper-lr1e-4-42__42__rgb_joints__20260128_013601/20260128_013601/ckpt_17_817.pt
SPS: 1557
Epoch: 818, global_step=9804000
SPS: 1558
Epoch: 819, global_step=9816000
SPS: 1558
Epoch: 820, global_step=9828000
SPS: 1558
Epoch: 821, global_step=9840000
SPS: 1559
Epoch: 822, global_step=9852000
SPS: 1559
Epoch: 823, global_step=9864000
SPS: 1559
Epoch: 824, global_step=9876000
SPS: 1560
Epoch: 825, global_step=9888000
SPS: 1560
Epoch: 826, global_step=9900000
SPS: 1560
Epoch: 827, global_step=9912000
SPS: 1561
Epoch: 828, global_step=9924000
SPS: 1561
Epoch: 829, global_step=9936000
SPS: 1562
Epoch: 830, global_step=9948000
SPS: 1562
Epoch: 831, global_step=9960000
SPS: 1563
Epoch: 832, global_step=9972000
SPS: 1563
Epoch: 833, global_step=9984000
SPS: 1564
Epoch: 834, global_step=9996000
SPS: 1564
Epoch: 835, global_step=10008000
SPS: 1564
Epoch: 836, global_step=10020000
SPS: 1565
Epoch: 837, global_step=10032000
SPS: 1565
Epoch: 838, global_step=10044000
SPS: 1566
Epoch: 839, global_step=10056000
SPS: 1566
Epoch: 840, global_step=10068000
SPS: 1566
Epoch: 841, global_step=10080000
SPS: 1567
Epoch: 842, global_step=10092000
SPS: 1567
Epoch: 843, global_step=10104000
SPS: 1568
Epoch: 844, global_step=10116000
SPS: 1568
Epoch: 845, global_step=10128000
SPS: 1568
Epoch: 846, global_step=10140000
SPS: 1569
Epoch: 847, global_step=10152000
SPS: 1569
Epoch: 848, global_step=10164000
SPS: 1570
Epoch: 849, global_step=10176000
SPS: 1570
Epoch: 850, global_step=10188000
SPS: 1570
Epoch: 851, global_step=10200000
SPS: 1571
Epoch: 852, global_step=10212000
SPS: 1571
Epoch: 853, global_step=10224000
SPS: 1571
Epoch: 854, global_step=10236000
SPS: 1572
Epoch: 855, global_step=10248000
SPS: 1572
Epoch: 856, global_step=10260000
SPS: 1573
Epoch: 857, global_step=10272000
SPS: 1573
Epoch: 858, global_step=10284000
SPS: 1573
Epoch: 859, global_step=10296000
SPS: 1574
Epoch: 860, global_step=10308000
SPS: 1574
Epoch: 861, global_step=10320000
SPS: 1575
Epoch: 862, global_step=10332000
SPS: 1575
Epoch: 863, global_step=10344000
SPS: 1575
Epoch: 864, global_step=10356000
SPS: 1575
Epoch: 865, global_step=10368000
Evaluating
Evaluated 11520 steps resulting in 192 episodes
[32mEvaluation Metric: success_once[0m | [36mMean: 0.0000[0m
[32mEvaluation Metric: return[0m | [36mMean: 0.9873[0m
[32mEvaluation Metric: episode_len[0m | [36mMean: 60.0000[0m
[32mEvaluation Metric: reward[0m | [36mMean: 0.0165[0m
[32mEvaluation Metric: success_at_end[0m | [36mMean: 0.0000[0m
model saved to checkpoints/ppo_memtasks/rgb_joints/normalized_dense/RememberShapeAndColor3x2-v0/ppo-nonbelief-gru-newhyper-lr1e-4-42__42__rgb_joints__20260128_013601/20260128_013601/ckpt_18_865.pt
SPS: 1559
model saved to checkpoints/ppo_memtasks/rgb_joints/normalized_dense/RememberShapeAndColor3x2-v0/ppo-nonbelief-gru-newhyper-lr1e-4-42__42__rgb_joints__20260128_013601/20260128_013601/final_ckpt.pt
Running RememberShapeAndColor3x2-v0 with belief, seed 99

===========================================================================
║                        Environment Configuration                        ║
===========================================================================
║ Environment ID: RememberShapeAndColor3x2-v0                             ║
║ Oracle Info:    None                                                    ║
║ Wrappers:                                                               ║
║    ├─ InitialZeroActionWrapper                                         ║
║    │  └─ {'n_initial_steps': 0}                                           ║
║    ├─ RememberShapeAndColorInfoWrapper                                 ║
║    ├─ RenderStepInfoWrapper                                            ║
║    ├─ RenderRewardInfoWrapper                                          ║
║    ├─ DebugRewardWrapper                                               ║
║-------------------------------------------------------------------------║
║ include_state:       False │ state will not be used                ║
║ include_rgb:         True  │ rgb images will be used               ║
║ include_oracle:      False │ oracle info will not be used          ║
║ include_joints:      True  │ joints will be used                   ║
===========================================================================

MODE='rgb_joints'
prompt_info=None
{0: 'cube', 1: 'sphere', 2: 't_shape', 3: 'cross', 4: 'torus'}
{0: 'cube', 1: 'sphere', 2: 't_shape', 3: 'cross', 4: 'torus'}
Saving eval videos to checkpoints/ppo_memtasks/rgb_joints/normalized_dense/RememberShapeAndColor3x2-v0/ppo-nonbelief-gru-newhyper-lr1e-4-99__99__rgb_joints__20260128_032707/20260128_032707/videos
======================================================================
Max Episode Steps: 60
======================================================================

Running training

####
args.num_iterations=865 args.num_envs=200 args.num_eval_envs=16
args.minibatch_size=375 args.batch_size=12000 args.update_epochs=4
####

sample_obs.keys()=dict_keys(['joints', 'rgb'])
joints: torch.Size([200, 25])
rgb: torch.Size([200, 128, 128, 3])


##################################################
latent_size=512
self.gru.hidden_size=512
##################################################


Epoch: 1, global_step=0
Evaluating
Evaluated 11520 steps resulting in 192 episodes
[32mEvaluation Metric: success_once[0m | [36mMean: 0.0000[0m
[32mEvaluation Metric: return[0m | [36mMean: 9.9482[0m
[32mEvaluation Metric: episode_len[0m | [36mMean: 60.0000[0m
[32mEvaluation Metric: reward[0m | [36mMean: 0.1658[0m
[32mEvaluation Metric: success_at_end[0m | [36mMean: 0.0000[0m
model saved to checkpoints/ppo_memtasks/rgb_joints/normalized_dense/RememberShapeAndColor3x2-v0/ppo-nonbelief-gru-newhyper-lr1e-4-99__99__rgb_joints__20260128_032707/20260128_032707/ckpt_0_1.pt
SPS: 145
Epoch: 2, global_step=12000
SPS: 272
Epoch: 3, global_step=24000
SPS: 383
Epoch: 4, global_step=36000
SPS: 477
Epoch: 5, global_step=48000
SPS: 560
Epoch: 6, global_step=60000
SPS: 633
Epoch: 7, global_step=72000
SPS: 697
Epoch: 8, global_step=84000
SPS: 753
Epoch: 9, global_step=96000
SPS: 804
Epoch: 10, global_step=108000
SPS: 852
Epoch: 11, global_step=120000
SPS: 893
Epoch: 12, global_step=132000
SPS: 932
Epoch: 13, global_step=144000
SPS: 967
Epoch: 14, global_step=156000
SPS: 1000
Epoch: 15, global_step=168000
SPS: 1030
Epoch: 16, global_step=180000
SPS: 1056
Epoch: 17, global_step=192000
SPS: 1079
Epoch: 18, global_step=204000
SPS: 1102
Epoch: 19, global_step=216000
SPS: 1123
Epoch: 20, global_step=228000
SPS: 1143
Epoch: 21, global_step=240000
SPS: 1164
Epoch: 22, global_step=252000
SPS: 1181
Epoch: 23, global_step=264000
SPS: 1197
Epoch: 24, global_step=276000
SPS: 1212
Epoch: 25, global_step=288000
SPS: 1226
Epoch: 26, global_step=300000
SPS: 1239
Epoch: 27, global_step=312000
SPS: 1254
Epoch: 28, global_step=324000
SPS: 1266
Epoch: 29, global_step=336000
SPS: 1278
Epoch: 30, global_step=348000
SPS: 1289
Epoch: 31, global_step=360000
SPS: 1300
Epoch: 32, global_step=372000
SPS: 1310
Epoch: 33, global_step=384000
SPS: 1319
Epoch: 34, global_step=396000
SPS: 1327
Epoch: 35, global_step=408000
SPS: 1336
Epoch: 36, global_step=420000
SPS: 1344
Epoch: 37, global_step=432000
SPS: 1351
Epoch: 38, global_step=444000
SPS: 1359
Epoch: 39, global_step=456000
SPS: 1367
Epoch: 40, global_step=468000
SPS: 1374
Epoch: 41, global_step=480000
SPS: 1380
Epoch: 42, global_step=492000
SPS: 1387
Epoch: 43, global_step=504000
SPS: 1393
Epoch: 44, global_step=516000
SPS: 1399
Epoch: 45, global_step=528000
SPS: 1405
Epoch: 46, global_step=540000
SPS: 1411
Epoch: 47, global_step=552000
SPS: 1415
Epoch: 48, global_step=564000
SPS: 1420
Epoch: 49, global_step=576000
Evaluating
Evaluated 11520 steps resulting in 192 episodes
[32mEvaluation Metric: success_once[0m | [36mMean: 0.1042[0m
[32mEvaluation Metric: return[0m | [36mMean: 3.2439[0m
[32mEvaluation Metric: episode_len[0m | [36mMean: 60.0000[0m
[32mEvaluation Metric: reward[0m | [36mMean: 0.0541[0m
[32mEvaluation Metric: success_at_end[0m | [36mMean: 0.0208[0m
model saved to checkpoints/ppo_memtasks/rgb_joints/normalized_dense/RememberShapeAndColor3x2-v0/ppo-nonbelief-gru-newhyper-lr1e-4-99__99__rgb_joints__20260128_032707/20260128_032707/ckpt_1_49.pt
SPS: 1214
Epoch: 50, global_step=588000
SPS: 1223
Epoch: 51, global_step=600000
SPS: 1230
Epoch: 52, global_step=612000
SPS: 1236
Epoch: 53, global_step=624000
SPS: 1243
Epoch: 54, global_step=636000
SPS: 1247
Epoch: 55, global_step=648000
SPS: 1252
Epoch: 56, global_step=660000
SPS: 1259
Epoch: 57, global_step=672000
SPS: 1266
Epoch: 58, global_step=684000
SPS: 1272
Epoch: 59, global_step=696000
SPS: 1278
Epoch: 60, global_step=708000
SPS: 1285
Epoch: 61, global_step=720000
SPS: 1291
Epoch: 62, global_step=732000
SPS: 1298
Epoch: 63, global_step=744000
SPS: 1304
Epoch: 64, global_step=756000
SPS: 1310
Epoch: 65, global_step=768000
SPS: 1316
Epoch: 66, global_step=780000
SPS: 1322
Epoch: 67, global_step=792000
SPS: 1327
Epoch: 68, global_step=804000
SPS: 1332
Epoch: 69, global_step=816000
SPS: 1337
Epoch: 70, global_step=828000
SPS: 1343
Epoch: 71, global_step=840000
SPS: 1347
Epoch: 72, global_step=852000
SPS: 1351
Epoch: 73, global_step=864000
SPS: 1355
Epoch: 74, global_step=876000
SPS: 1359
Epoch: 75, global_step=888000
SPS: 1362
Epoch: 76, global_step=900000
SPS: 1367
Epoch: 77, global_step=912000
SPS: 1370
Epoch: 78, global_step=924000
SPS: 1374
Epoch: 79, global_step=936000
SPS: 1377
Epoch: 80, global_step=948000
SPS: 1379
Epoch: 81, global_step=960000
SPS: 1382
Epoch: 82, global_step=972000
SPS: 1385
Epoch: 83, global_step=984000
SPS: 1389
Epoch: 84, global_step=996000
SPS: 1391
Epoch: 85, global_step=1008000
SPS: 1394
Epoch: 86, global_step=1020000
SPS: 1397
Epoch: 87, global_step=1032000
SPS: 1400
Epoch: 88, global_step=1044000
SPS: 1402
Epoch: 89, global_step=1056000
SPS: 1405
Epoch: 90, global_step=1068000
SPS: 1407
Epoch: 91, global_step=1080000
SPS: 1409
Epoch: 92, global_step=1092000
SPS: 1412
Epoch: 93, global_step=1104000
SPS: 1415
Epoch: 94, global_step=1116000
SPS: 1418
Epoch: 95, global_step=1128000
SPS: 1421
Epoch: 96, global_step=1140000
SPS: 1424
Epoch: 97, global_step=1152000
Evaluating
Evaluated 11520 steps resulting in 192 episodes
[32mEvaluation Metric: success_once[0m | [36mMean: 0.0833[0m
[32mEvaluation Metric: return[0m | [36mMean: 2.7913[0m
[32mEvaluation Metric: episode_len[0m | [36mMean: 60.0000[0m
[32mEvaluation Metric: reward[0m | [36mMean: 0.0465[0m
[32mEvaluation Metric: success_at_end[0m | [36mMean: 0.0052[0m
model saved to checkpoints/ppo_memtasks/rgb_joints/normalized_dense/RememberShapeAndColor3x2-v0/ppo-nonbelief-gru-newhyper-lr1e-4-99__99__rgb_joints__20260128_032707/20260128_032707/ckpt_2_97.pt
SPS: 1311
Epoch: 98, global_step=1164000
SPS: 1315
Epoch: 99, global_step=1176000
SPS: 1318
Epoch: 100, global_step=1188000
SPS: 1321
Epoch: 101, global_step=1200000
SPS: 1324
Epoch: 102, global_step=1212000
SPS: 1327
Epoch: 103, global_step=1224000
SPS: 1330
Epoch: 104, global_step=1236000
SPS: 1333
Epoch: 105, global_step=1248000
SPS: 1335
Epoch: 106, global_step=1260000
SPS: 1338
Epoch: 107, global_step=1272000
SPS: 1341
Epoch: 108, global_step=1284000
SPS: 1343
Epoch: 109, global_step=1296000
SPS: 1346
Epoch: 110, global_step=1308000
SPS: 1349
Epoch: 111, global_step=1320000
SPS: 1352
Epoch: 112, global_step=1332000
SPS: 1354
Epoch: 113, global_step=1344000
SPS: 1357
Epoch: 114, global_step=1356000
SPS: 1360
Epoch: 115, global_step=1368000
SPS: 1362
Epoch: 116, global_step=1380000
SPS: 1365
Epoch: 117, global_step=1392000
SPS: 1368
Epoch: 118, global_step=1404000
SPS: 1370
Epoch: 119, global_step=1416000
SPS: 1373
Epoch: 120, global_step=1428000
SPS: 1375
Epoch: 121, global_step=1440000
SPS: 1377
Epoch: 122, global_step=1452000
SPS: 1380
Epoch: 123, global_step=1464000
SPS: 1381
Epoch: 124, global_step=1476000
SPS: 1383
Epoch: 125, global_step=1488000
SPS: 1385
Epoch: 126, global_step=1500000
SPS: 1387
Epoch: 127, global_step=1512000
SPS: 1389
Epoch: 128, global_step=1524000
SPS: 1392
Epoch: 129, global_step=1536000
SPS: 1394
Epoch: 130, global_step=1548000
SPS: 1396
Epoch: 131, global_step=1560000
SPS: 1399
Epoch: 132, global_step=1572000
SPS: 1401
Epoch: 133, global_step=1584000
SPS: 1403
Epoch: 134, global_step=1596000
SPS: 1405
Epoch: 135, global_step=1608000
SPS: 1407
Epoch: 136, global_step=1620000
SPS: 1409
Epoch: 137, global_step=1632000
SPS: 1412
Epoch: 138, global_step=1644000
SPS: 1414
Epoch: 139, global_step=1656000
SPS: 1416
Epoch: 140, global_step=1668000
SPS: 1418
Epoch: 141, global_step=1680000
SPS: 1420
Epoch: 142, global_step=1692000
SPS: 1422
Epoch: 143, global_step=1704000
SPS: 1424
Epoch: 144, global_step=1716000
SPS: 1425
Epoch: 145, global_step=1728000
Evaluating
Evaluated 11520 steps resulting in 192 episodes
[32mEvaluation Metric: success_once[0m | [36mMean: 0.0312[0m
[32mEvaluation Metric: return[0m | [36mMean: 1.9900[0m
[32mEvaluation Metric: episode_len[0m | [36mMean: 60.0000[0m
[32mEvaluation Metric: reward[0m | [36mMean: 0.0332[0m
[32mEvaluation Metric: success_at_end[0m | [36mMean: 0.0000[0m
model saved to checkpoints/ppo_memtasks/rgb_joints/normalized_dense/RememberShapeAndColor3x2-v0/ppo-nonbelief-gru-newhyper-lr1e-4-99__99__rgb_joints__20260128_032707/20260128_032707/ckpt_3_145.pt
SPS: 1335
Epoch: 146, global_step=1740000
SPS: 1338
Epoch: 147, global_step=1752000
SPS: 1340
Epoch: 148, global_step=1764000
SPS: 1342
Epoch: 149, global_step=1776000
SPS: 1345
Epoch: 150, global_step=1788000
SPS: 1347
Epoch: 151, global_step=1800000
SPS: 1350
Epoch: 152, global_step=1812000
SPS: 1352
Epoch: 153, global_step=1824000
SPS: 1355
Epoch: 154, global_step=1836000
SPS: 1357
Epoch: 155, global_step=1848000
SPS: 1359
Epoch: 156, global_step=1860000
SPS: 1361
Epoch: 157, global_step=1872000
SPS: 1363
Epoch: 158, global_step=1884000
SPS: 1365
Epoch: 159, global_step=1896000
SPS: 1368
Epoch: 160, global_step=1908000
SPS: 1370
Epoch: 161, global_step=1920000
SPS: 1371
Epoch: 162, global_step=1932000
SPS: 1373
Epoch: 163, global_step=1944000
SPS: 1375
Epoch: 164, global_step=1956000
SPS: 1376
Epoch: 165, global_step=1968000
SPS: 1379
Epoch: 166, global_step=1980000
SPS: 1382
Epoch: 167, global_step=1992000
SPS: 1384
Epoch: 168, global_step=2004000
SPS: 1387
Epoch: 169, global_step=2016000
SPS: 1389
Epoch: 170, global_step=2028000
SPS: 1391
Epoch: 171, global_step=2040000
SPS: 1393
Epoch: 172, global_step=2052000
SPS: 1395
Epoch: 173, global_step=2064000
SPS: 1397
Epoch: 174, global_step=2076000
SPS: 1399
Epoch: 175, global_step=2088000
SPS: 1402
Epoch: 176, global_step=2100000
SPS: 1403
Epoch: 177, global_step=2112000
SPS: 1405
Epoch: 178, global_step=2124000
SPS: 1407
Epoch: 179, global_step=2136000
SPS: 1409
Epoch: 180, global_step=2148000
SPS: 1411
Epoch: 181, global_step=2160000
SPS: 1412
Epoch: 182, global_step=2172000
SPS: 1415
Epoch: 183, global_step=2184000
SPS: 1416
Epoch: 184, global_step=2196000
SPS: 1418
Epoch: 185, global_step=2208000
SPS: 1419
Epoch: 186, global_step=2220000
SPS: 1421
Epoch: 187, global_step=2232000
SPS: 1423
Epoch: 188, global_step=2244000
SPS: 1425
Epoch: 189, global_step=2256000
SPS: 1427
Epoch: 190, global_step=2268000
SPS: 1429
Epoch: 191, global_step=2280000
SPS: 1430
Epoch: 192, global_step=2292000
SPS: 1432
Epoch: 193, global_step=2304000
Evaluating
Evaluated 11520 steps resulting in 192 episodes
[32mEvaluation Metric: success_once[0m | [36mMean: 0.0156[0m
[32mEvaluation Metric: return[0m | [36mMean: 1.9275[0m
[32mEvaluation Metric: episode_len[0m | [36mMean: 60.0000[0m
[32mEvaluation Metric: reward[0m | [36mMean: 0.0321[0m
[32mEvaluation Metric: success_at_end[0m | [36mMean: 0.0000[0m
model saved to checkpoints/ppo_memtasks/rgb_joints/normalized_dense/RememberShapeAndColor3x2-v0/ppo-nonbelief-gru-newhyper-lr1e-4-99__99__rgb_joints__20260128_032707/20260128_032707/ckpt_4_193.pt
SPS: 1368
Epoch: 194, global_step=2316000
SPS: 1370
Epoch: 195, global_step=2328000
SPS: 1372
Epoch: 196, global_step=2340000
SPS: 1373
Epoch: 197, global_step=2352000
SPS: 1375
Epoch: 198, global_step=2364000
SPS: 1377
Epoch: 199, global_step=2376000
SPS: 1379
Epoch: 200, global_step=2388000
SPS: 1381
Epoch: 201, global_step=2400000
SPS: 1383
Epoch: 202, global_step=2412000
SPS: 1385
Epoch: 203, global_step=2424000
SPS: 1387
Epoch: 204, global_step=2436000
SPS: 1389
Epoch: 205, global_step=2448000
SPS: 1391
Epoch: 206, global_step=2460000
SPS: 1392
Epoch: 207, global_step=2472000
SPS: 1394
Epoch: 208, global_step=2484000
SPS: 1396
Epoch: 209, global_step=2496000
SPS: 1398
Epoch: 210, global_step=2508000
SPS: 1399
Epoch: 211, global_step=2520000
SPS: 1401
Epoch: 212, global_step=2532000
SPS: 1403
Epoch: 213, global_step=2544000
SPS: 1404
Epoch: 214, global_step=2556000
SPS: 1406
Epoch: 215, global_step=2568000
SPS: 1407
Epoch: 216, global_step=2580000
SPS: 1409
Epoch: 217, global_step=2592000
SPS: 1411
Epoch: 218, global_step=2604000
SPS: 1412
Epoch: 219, global_step=2616000
SPS: 1414
Epoch: 220, global_step=2628000
SPS: 1415
Epoch: 221, global_step=2640000
SPS: 1417
Epoch: 222, global_step=2652000
SPS: 1419
Epoch: 223, global_step=2664000
SPS: 1420
Epoch: 224, global_step=2676000
SPS: 1422
Epoch: 225, global_step=2688000
SPS: 1423
Epoch: 226, global_step=2700000
SPS: 1425
Epoch: 227, global_step=2712000
SPS: 1426
Epoch: 228, global_step=2724000
SPS: 1427
Epoch: 229, global_step=2736000
SPS: 1429
Epoch: 230, global_step=2748000
SPS: 1431
Epoch: 231, global_step=2760000
SPS: 1432
Epoch: 232, global_step=2772000
SPS: 1434
Epoch: 233, global_step=2784000
SPS: 1436
Epoch: 234, global_step=2796000
SPS: 1437
Epoch: 235, global_step=2808000
SPS: 1439
Epoch: 236, global_step=2820000
SPS: 1440
Epoch: 237, global_step=2832000
SPS: 1441
Epoch: 238, global_step=2844000
SPS: 1442
Epoch: 239, global_step=2856000
SPS: 1444
Epoch: 240, global_step=2868000
SPS: 1445
Epoch: 241, global_step=2880000
Evaluating
Evaluated 11520 steps resulting in 192 episodes
[32mEvaluation Metric: success_once[0m | [36mMean: 0.0104[0m
[32mEvaluation Metric: return[0m | [36mMean: 1.8856[0m
[32mEvaluation Metric: episode_len[0m | [36mMean: 60.0000[0m
[32mEvaluation Metric: reward[0m | [36mMean: 0.0314[0m
[32mEvaluation Metric: success_at_end[0m | [36mMean: 0.0000[0m
model saved to checkpoints/ppo_memtasks/rgb_joints/normalized_dense/RememberShapeAndColor3x2-v0/ppo-nonbelief-gru-newhyper-lr1e-4-99__99__rgb_joints__20260128_032707/20260128_032707/ckpt_5_241.pt
SPS: 1396
Epoch: 242, global_step=2892000
SPS: 1397
Epoch: 243, global_step=2904000
SPS: 1399
Epoch: 244, global_step=2916000
SPS: 1401
Epoch: 245, global_step=2928000
SPS: 1402
Epoch: 246, global_step=2940000
SPS: 1404
Epoch: 247, global_step=2952000
SPS: 1405
Epoch: 248, global_step=2964000
SPS: 1407
Epoch: 249, global_step=2976000
SPS: 1409
Epoch: 250, global_step=2988000
SPS: 1410
Epoch: 251, global_step=3000000
SPS: 1411
Epoch: 252, global_step=3012000
SPS: 1412
Epoch: 253, global_step=3024000
SPS: 1414
Epoch: 254, global_step=3036000
SPS: 1415
Epoch: 255, global_step=3048000
SPS: 1417
Epoch: 256, global_step=3060000
SPS: 1418
Epoch: 257, global_step=3072000
SPS: 1420
Epoch: 258, global_step=3084000
SPS: 1421
Epoch: 259, global_step=3096000
SPS: 1423
Epoch: 260, global_step=3108000
SPS: 1424
Epoch: 261, global_step=3120000
SPS: 1426
Epoch: 262, global_step=3132000
SPS: 1427
Epoch: 263, global_step=3144000
SPS: 1428
Epoch: 264, global_step=3156000
SPS: 1430
Epoch: 265, global_step=3168000
SPS: 1431
Epoch: 266, global_step=3180000
SPS: 1432
Epoch: 267, global_step=3192000
SPS: 1433
Epoch: 268, global_step=3204000
SPS: 1434
Epoch: 269, global_step=3216000
SPS: 1436
Epoch: 270, global_step=3228000
SPS: 1437
Epoch: 271, global_step=3240000
SPS: 1438
Epoch: 272, global_step=3252000
SPS: 1440
Epoch: 273, global_step=3264000
SPS: 1441
Epoch: 274, global_step=3276000
SPS: 1442
Epoch: 275, global_step=3288000
SPS: 1443
Epoch: 276, global_step=3300000
SPS: 1445
Epoch: 277, global_step=3312000
SPS: 1446
Epoch: 278, global_step=3324000
SPS: 1447
Epoch: 279, global_step=3336000
SPS: 1448
Epoch: 280, global_step=3348000
SPS: 1450
Epoch: 281, global_step=3360000
SPS: 1451
Epoch: 282, global_step=3372000
SPS: 1452
Epoch: 283, global_step=3384000
SPS: 1453
Epoch: 284, global_step=3396000
SPS: 1455
Epoch: 285, global_step=3408000
SPS: 1456
Epoch: 286, global_step=3420000
SPS: 1457
Epoch: 287, global_step=3432000
SPS: 1458
Epoch: 288, global_step=3444000
SPS: 1459
Epoch: 289, global_step=3456000
Evaluating
Evaluated 11520 steps resulting in 192 episodes
[32mEvaluation Metric: success_once[0m | [36mMean: 0.0000[0m
[32mEvaluation Metric: return[0m | [36mMean: 1.5750[0m
[32mEvaluation Metric: episode_len[0m | [36mMean: 60.0000[0m
[32mEvaluation Metric: reward[0m | [36mMean: 0.0263[0m
[32mEvaluation Metric: success_at_end[0m | [36mMean: 0.0000[0m
model saved to checkpoints/ppo_memtasks/rgb_joints/normalized_dense/RememberShapeAndColor3x2-v0/ppo-nonbelief-gru-newhyper-lr1e-4-99__99__rgb_joints__20260128_032707/20260128_032707/ckpt_6_289.pt
SPS: 1416
Epoch: 290, global_step=3468000
SPS: 1417
Epoch: 291, global_step=3480000
SPS: 1418
Epoch: 292, global_step=3492000
SPS: 1420
Epoch: 293, global_step=3504000
SPS: 1421
Epoch: 294, global_step=3516000
SPS: 1422
Epoch: 295, global_step=3528000
SPS: 1423
Epoch: 296, global_step=3540000
SPS: 1425
Epoch: 297, global_step=3552000
SPS: 1426
Epoch: 298, global_step=3564000
SPS: 1427
Epoch: 299, global_step=3576000
SPS: 1428
Epoch: 300, global_step=3588000
SPS: 1430
Epoch: 301, global_step=3600000
SPS: 1431
Epoch: 302, global_step=3612000
SPS: 1431
Epoch: 303, global_step=3624000
SPS: 1432
Epoch: 304, global_step=3636000
SPS: 1433
Epoch: 305, global_step=3648000
SPS: 1434
Epoch: 306, global_step=3660000
SPS: 1435
Epoch: 307, global_step=3672000
SPS: 1437
Epoch: 308, global_step=3684000
SPS: 1438
Epoch: 309, global_step=3696000
SPS: 1439
Epoch: 310, global_step=3708000
SPS: 1440
Epoch: 311, global_step=3720000
SPS: 1441
Epoch: 312, global_step=3732000
SPS: 1442
Epoch: 313, global_step=3744000
SPS: 1443
Epoch: 314, global_step=3756000
SPS: 1444
Epoch: 315, global_step=3768000
SPS: 1445
Epoch: 316, global_step=3780000
SPS: 1446
Epoch: 317, global_step=3792000
SPS: 1447
Epoch: 318, global_step=3804000
SPS: 1448
Epoch: 319, global_step=3816000
SPS: 1449
Epoch: 320, global_step=3828000
SPS: 1450
Epoch: 321, global_step=3840000
SPS: 1451
Epoch: 322, global_step=3852000
SPS: 1452
Epoch: 323, global_step=3864000
SPS: 1453
Epoch: 324, global_step=3876000
SPS: 1454
Epoch: 325, global_step=3888000
SPS: 1455
Epoch: 326, global_step=3900000
SPS: 1456
Epoch: 327, global_step=3912000
SPS: 1457
Epoch: 328, global_step=3924000
SPS: 1458
Epoch: 329, global_step=3936000
SPS: 1459
Epoch: 330, global_step=3948000
SPS: 1460
Epoch: 331, global_step=3960000
SPS: 1461
Epoch: 332, global_step=3972000
SPS: 1462
Epoch: 333, global_step=3984000
SPS: 1463
Epoch: 334, global_step=3996000
SPS: 1465
Epoch: 335, global_step=4008000
SPS: 1466
Epoch: 336, global_step=4020000
SPS: 1467
Epoch: 337, global_step=4032000
Evaluating
Evaluated 11520 steps resulting in 192 episodes
[32mEvaluation Metric: success_once[0m | [36mMean: 0.0000[0m
[32mEvaluation Metric: return[0m | [36mMean: 1.6597[0m
[32mEvaluation Metric: episode_len[0m | [36mMean: 60.0000[0m
[32mEvaluation Metric: reward[0m | [36mMean: 0.0277[0m
[32mEvaluation Metric: success_at_end[0m | [36mMean: 0.0000[0m
model saved to checkpoints/ppo_memtasks/rgb_joints/normalized_dense/RememberShapeAndColor3x2-v0/ppo-nonbelief-gru-newhyper-lr1e-4-99__99__rgb_joints__20260128_032707/20260128_032707/ckpt_7_337.pt
SPS: 1430
Epoch: 338, global_step=4044000
SPS: 1431
Epoch: 339, global_step=4056000
SPS: 1432
Epoch: 340, global_step=4068000
SPS: 1433
Epoch: 341, global_step=4080000
SPS: 1435
Epoch: 342, global_step=4092000
SPS: 1436
Epoch: 343, global_step=4104000
SPS: 1437
Epoch: 344, global_step=4116000
SPS: 1438
Epoch: 345, global_step=4128000
SPS: 1439
Epoch: 346, global_step=4140000
SPS: 1441
Epoch: 347, global_step=4152000
SPS: 1442
Epoch: 348, global_step=4164000
SPS: 1443
Epoch: 349, global_step=4176000
SPS: 1444
Epoch: 350, global_step=4188000
SPS: 1445
Epoch: 351, global_step=4200000
SPS: 1446
Epoch: 352, global_step=4212000
SPS: 1447
Epoch: 353, global_step=4224000
SPS: 1448
Epoch: 354, global_step=4236000
SPS: 1449
Epoch: 355, global_step=4248000
SPS: 1450
Epoch: 356, global_step=4260000
SPS: 1451
Epoch: 357, global_step=4272000
SPS: 1453
Epoch: 358, global_step=4284000
SPS: 1453
Epoch: 359, global_step=4296000
SPS: 1454
Epoch: 360, global_step=4308000
SPS: 1456
Epoch: 361, global_step=4320000
SPS: 1457
Epoch: 362, global_step=4332000
SPS: 1458
Epoch: 363, global_step=4344000
SPS: 1459
Epoch: 364, global_step=4356000
SPS: 1460
Epoch: 365, global_step=4368000
SPS: 1461
Epoch: 366, global_step=4380000
SPS: 1462
Epoch: 367, global_step=4392000
SPS: 1462
Epoch: 368, global_step=4404000
SPS: 1463
Epoch: 369, global_step=4416000
SPS: 1464
Epoch: 370, global_step=4428000
SPS: 1465
Epoch: 371, global_step=4440000
SPS: 1466
Epoch: 372, global_step=4452000
SPS: 1467
Epoch: 373, global_step=4464000
SPS: 1469
Epoch: 374, global_step=4476000
SPS: 1469
Epoch: 375, global_step=4488000
SPS: 1470
Epoch: 376, global_step=4500000
SPS: 1472
Epoch: 377, global_step=4512000
SPS: 1472
Epoch: 378, global_step=4524000
SPS: 1473
Epoch: 379, global_step=4536000
SPS: 1474
Epoch: 380, global_step=4548000
SPS: 1475
Epoch: 381, global_step=4560000
SPS: 1476
Epoch: 382, global_step=4572000
SPS: 1478
Epoch: 383, global_step=4584000
SPS: 1478
Epoch: 384, global_step=4596000
SPS: 1480
Epoch: 385, global_step=4608000
Evaluating
Evaluated 11520 steps resulting in 192 episodes
[32mEvaluation Metric: success_once[0m | [36mMean: 0.0052[0m
[32mEvaluation Metric: return[0m | [36mMean: 1.7415[0m
[32mEvaluation Metric: episode_len[0m | [36mMean: 60.0000[0m
[32mEvaluation Metric: reward[0m | [36mMean: 0.0290[0m
[32mEvaluation Metric: success_at_end[0m | [36mMean: 0.0000[0m
model saved to checkpoints/ppo_memtasks/rgb_joints/normalized_dense/RememberShapeAndColor3x2-v0/ppo-nonbelief-gru-newhyper-lr1e-4-99__99__rgb_joints__20260128_032707/20260128_032707/ckpt_8_385.pt
SPS: 1446
Epoch: 386, global_step=4620000
SPS: 1447
Epoch: 387, global_step=4632000
SPS: 1448
Epoch: 388, global_step=4644000
SPS: 1449
Epoch: 389, global_step=4656000
SPS: 1450
Epoch: 390, global_step=4668000
SPS: 1451
Epoch: 391, global_step=4680000
SPS: 1452
Epoch: 392, global_step=4692000
SPS: 1453
Epoch: 393, global_step=4704000
SPS: 1454
Epoch: 394, global_step=4716000
SPS: 1456
Epoch: 395, global_step=4728000
SPS: 1457
Epoch: 396, global_step=4740000
SPS: 1458
Epoch: 397, global_step=4752000
SPS: 1459
Epoch: 398, global_step=4764000
SPS: 1460
Epoch: 399, global_step=4776000
SPS: 1461
Epoch: 400, global_step=4788000
SPS: 1462
Epoch: 401, global_step=4800000
SPS: 1463
Epoch: 402, global_step=4812000
SPS: 1464
Epoch: 403, global_step=4824000
SPS: 1465
Epoch: 404, global_step=4836000
SPS: 1466
Epoch: 405, global_step=4848000
SPS: 1467
Epoch: 406, global_step=4860000
SPS: 1469
Epoch: 407, global_step=4872000
SPS: 1470
Epoch: 408, global_step=4884000
SPS: 1471
Epoch: 409, global_step=4896000
SPS: 1472
Epoch: 410, global_step=4908000
SPS: 1473
Epoch: 411, global_step=4920000
SPS: 1474
Epoch: 412, global_step=4932000
SPS: 1475
Epoch: 413, global_step=4944000
SPS: 1476
Epoch: 414, global_step=4956000
SPS: 1477
Epoch: 415, global_step=4968000
SPS: 1478
Epoch: 416, global_step=4980000
SPS: 1479
Epoch: 417, global_step=4992000
SPS: 1480
Epoch: 418, global_step=5004000
SPS: 1481
Epoch: 419, global_step=5016000
SPS: 1481
Epoch: 420, global_step=5028000
SPS: 1483
Epoch: 421, global_step=5040000
SPS: 1484
Epoch: 422, global_step=5052000
SPS: 1485
Epoch: 423, global_step=5064000
SPS: 1486
Epoch: 424, global_step=5076000
SPS: 1486
Epoch: 425, global_step=5088000
SPS: 1487
Epoch: 426, global_step=5100000
SPS: 1488
Epoch: 427, global_step=5112000
SPS: 1489
Epoch: 428, global_step=5124000
SPS: 1490
Epoch: 429, global_step=5136000
SPS: 1491
Epoch: 430, global_step=5148000
SPS: 1492
Epoch: 431, global_step=5160000
SPS: 1493
Epoch: 432, global_step=5172000
SPS: 1494
Epoch: 433, global_step=5184000
Evaluating
Evaluated 11520 steps resulting in 192 episodes
[32mEvaluation Metric: success_once[0m | [36mMean: 0.0000[0m
[32mEvaluation Metric: return[0m | [36mMean: 1.7297[0m
[32mEvaluation Metric: episode_len[0m | [36mMean: 60.0000[0m
[32mEvaluation Metric: reward[0m | [36mMean: 0.0288[0m
[32mEvaluation Metric: success_at_end[0m | [36mMean: 0.0000[0m
model saved to checkpoints/ppo_memtasks/rgb_joints/normalized_dense/RememberShapeAndColor3x2-v0/ppo-nonbelief-gru-newhyper-lr1e-4-99__99__rgb_joints__20260128_032707/20260128_032707/ckpt_9_433.pt
SPS: 1464
Epoch: 434, global_step=5196000
SPS: 1465
Epoch: 435, global_step=5208000
SPS: 1466
Epoch: 436, global_step=5220000
SPS: 1467
Epoch: 437, global_step=5232000
SPS: 1468
Epoch: 438, global_step=5244000
SPS: 1468
Epoch: 439, global_step=5256000
SPS: 1469
Epoch: 440, global_step=5268000
SPS: 1470
Epoch: 441, global_step=5280000
SPS: 1471
Epoch: 442, global_step=5292000
SPS: 1472
Epoch: 443, global_step=5304000
SPS: 1473
Epoch: 444, global_step=5316000
SPS: 1474
Epoch: 445, global_step=5328000
SPS: 1475
Epoch: 446, global_step=5340000
SPS: 1476
Epoch: 447, global_step=5352000
SPS: 1476
Epoch: 448, global_step=5364000
SPS: 1477
Epoch: 449, global_step=5376000
SPS: 1478
Epoch: 450, global_step=5388000
SPS: 1479
Epoch: 451, global_step=5400000
SPS: 1480
Epoch: 452, global_step=5412000
SPS: 1480
Epoch: 453, global_step=5424000
SPS: 1481
Epoch: 454, global_step=5436000
SPS: 1482
Epoch: 455, global_step=5448000
SPS: 1482
Epoch: 456, global_step=5460000
SPS: 1483
Epoch: 457, global_step=5472000
SPS: 1484
Epoch: 458, global_step=5484000
SPS: 1485
Epoch: 459, global_step=5496000
SPS: 1485
Epoch: 460, global_step=5508000
SPS: 1486
Epoch: 461, global_step=5520000
SPS: 1487
Epoch: 462, global_step=5532000
SPS: 1488
Epoch: 463, global_step=5544000
SPS: 1489
Epoch: 464, global_step=5556000
SPS: 1489
Epoch: 465, global_step=5568000
SPS: 1490
Epoch: 466, global_step=5580000
SPS: 1491
Epoch: 467, global_step=5592000
SPS: 1491
Epoch: 468, global_step=5604000
SPS: 1492
Epoch: 469, global_step=5616000
SPS: 1493
Epoch: 470, global_step=5628000
SPS: 1494
Epoch: 471, global_step=5640000
SPS: 1495
Epoch: 472, global_step=5652000
SPS: 1495
Epoch: 473, global_step=5664000
SPS: 1496
Epoch: 474, global_step=5676000
SPS: 1497
Epoch: 475, global_step=5688000
SPS: 1497
Epoch: 476, global_step=5700000
SPS: 1498
Epoch: 477, global_step=5712000
SPS: 1498
Epoch: 478, global_step=5724000
SPS: 1499
Epoch: 479, global_step=5736000
SPS: 1500
Epoch: 480, global_step=5748000
SPS: 1501
Epoch: 481, global_step=5760000
Evaluating
Evaluated 11520 steps resulting in 192 episodes
[32mEvaluation Metric: success_once[0m | [36mMean: 0.0052[0m
[32mEvaluation Metric: return[0m | [36mMean: 1.7549[0m
[32mEvaluation Metric: episode_len[0m | [36mMean: 60.0000[0m
[32mEvaluation Metric: reward[0m | [36mMean: 0.0292[0m
[32mEvaluation Metric: success_at_end[0m | [36mMean: 0.0000[0m
model saved to checkpoints/ppo_memtasks/rgb_joints/normalized_dense/RememberShapeAndColor3x2-v0/ppo-nonbelief-gru-newhyper-lr1e-4-99__99__rgb_joints__20260128_032707/20260128_032707/ckpt_10_481.pt
SPS: 1473
Epoch: 482, global_step=5772000
SPS: 1474
Epoch: 483, global_step=5784000
SPS: 1475
Epoch: 484, global_step=5796000
SPS: 1475
Epoch: 485, global_step=5808000
SPS: 1476
Epoch: 486, global_step=5820000
SPS: 1477
Epoch: 487, global_step=5832000
SPS: 1478
Epoch: 488, global_step=5844000
SPS: 1478
Epoch: 489, global_step=5856000
SPS: 1479
Epoch: 490, global_step=5868000
SPS: 1480
Epoch: 491, global_step=5880000
SPS: 1481
Epoch: 492, global_step=5892000
SPS: 1481
Epoch: 493, global_step=5904000
SPS: 1482
Epoch: 494, global_step=5916000
SPS: 1483
Epoch: 495, global_step=5928000
SPS: 1484
Epoch: 496, global_step=5940000
SPS: 1484
Epoch: 497, global_step=5952000
SPS: 1485
Epoch: 498, global_step=5964000
SPS: 1486
Epoch: 499, global_step=5976000
SPS: 1487
Epoch: 500, global_step=5988000
SPS: 1487
Epoch: 501, global_step=6000000
SPS: 1488
Epoch: 502, global_step=6012000
SPS: 1489
Epoch: 503, global_step=6024000
SPS: 1490
Epoch: 504, global_step=6036000
SPS: 1491
Epoch: 505, global_step=6048000
SPS: 1491
Epoch: 506, global_step=6060000
SPS: 1492
Epoch: 507, global_step=6072000
SPS: 1493
Epoch: 508, global_step=6084000
SPS: 1493
Epoch: 509, global_step=6096000
SPS: 1494
Epoch: 510, global_step=6108000
SPS: 1495
Epoch: 511, global_step=6120000
SPS: 1495
Epoch: 512, global_step=6132000
SPS: 1496
Epoch: 513, global_step=6144000
SPS: 1497
Epoch: 514, global_step=6156000
SPS: 1497
Epoch: 515, global_step=6168000
SPS: 1498
Epoch: 516, global_step=6180000
SPS: 1499
Epoch: 517, global_step=6192000
SPS: 1499
Epoch: 518, global_step=6204000
SPS: 1500
Epoch: 519, global_step=6216000
SPS: 1500
Epoch: 520, global_step=6228000
SPS: 1501
Epoch: 521, global_step=6240000
SPS: 1502
Epoch: 522, global_step=6252000
SPS: 1502
Epoch: 523, global_step=6264000
SPS: 1503
Epoch: 524, global_step=6276000
SPS: 1503
Epoch: 525, global_step=6288000
SPS: 1504
Epoch: 526, global_step=6300000
SPS: 1505
Epoch: 527, global_step=6312000
SPS: 1506
Epoch: 528, global_step=6324000
SPS: 1506
Epoch: 529, global_step=6336000
Evaluating
Evaluated 11520 steps resulting in 192 episodes
[32mEvaluation Metric: success_once[0m | [36mMean: 0.0208[0m
[32mEvaluation Metric: return[0m | [36mMean: 1.6918[0m
[32mEvaluation Metric: episode_len[0m | [36mMean: 60.0000[0m
[32mEvaluation Metric: reward[0m | [36mMean: 0.0282[0m
[32mEvaluation Metric: success_at_end[0m | [36mMean: 0.0000[0m
model saved to checkpoints/ppo_memtasks/rgb_joints/normalized_dense/RememberShapeAndColor3x2-v0/ppo-nonbelief-gru-newhyper-lr1e-4-99__99__rgb_joints__20260128_032707/20260128_032707/ckpt_11_529.pt
SPS: 1482
Epoch: 530, global_step=6348000
SPS: 1483
Epoch: 531, global_step=6360000
SPS: 1483
Epoch: 532, global_step=6372000
SPS: 1484
Epoch: 533, global_step=6384000
SPS: 1485
Epoch: 534, global_step=6396000
SPS: 1485
Epoch: 535, global_step=6408000
SPS: 1486
Epoch: 536, global_step=6420000
SPS: 1487
Epoch: 537, global_step=6432000
SPS: 1487
Epoch: 538, global_step=6444000
SPS: 1488
Epoch: 539, global_step=6456000
SPS: 1489
Epoch: 540, global_step=6468000
SPS: 1489
Epoch: 541, global_step=6480000
SPS: 1490
Epoch: 542, global_step=6492000
SPS: 1491
Epoch: 543, global_step=6504000
SPS: 1492
Epoch: 544, global_step=6516000
SPS: 1492
Epoch: 545, global_step=6528000
SPS: 1493
Epoch: 546, global_step=6540000
SPS: 1494
Epoch: 547, global_step=6552000
SPS: 1494
Epoch: 548, global_step=6564000
SPS: 1495
Epoch: 549, global_step=6576000
SPS: 1495
Epoch: 550, global_step=6588000
SPS: 1496
Epoch: 551, global_step=6600000
SPS: 1496
Epoch: 552, global_step=6612000
SPS: 1497
Epoch: 553, global_step=6624000
SPS: 1498
Epoch: 554, global_step=6636000
SPS: 1498
Epoch: 555, global_step=6648000
SPS: 1499
Epoch: 556, global_step=6660000
SPS: 1500
Epoch: 557, global_step=6672000
SPS: 1500
Epoch: 558, global_step=6684000
SPS: 1501
Epoch: 559, global_step=6696000
SPS: 1501
Epoch: 560, global_step=6708000
SPS: 1502
Epoch: 561, global_step=6720000
SPS: 1503
Epoch: 562, global_step=6732000
SPS: 1503
Epoch: 563, global_step=6744000
SPS: 1504
Epoch: 564, global_step=6756000
SPS: 1504
Epoch: 565, global_step=6768000
SPS: 1505
Epoch: 566, global_step=6780000
SPS: 1506
Epoch: 567, global_step=6792000
SPS: 1506
Epoch: 568, global_step=6804000
SPS: 1507
Epoch: 569, global_step=6816000
SPS: 1508
Epoch: 570, global_step=6828000
SPS: 1508
Epoch: 571, global_step=6840000
SPS: 1509
Epoch: 572, global_step=6852000
SPS: 1509
Epoch: 573, global_step=6864000
SPS: 1510
Epoch: 574, global_step=6876000
SPS: 1511
Epoch: 575, global_step=6888000
SPS: 1511
Epoch: 576, global_step=6900000
SPS: 1512
Epoch: 577, global_step=6912000
Evaluating
Evaluated 11520 steps resulting in 192 episodes
[32mEvaluation Metric: success_once[0m | [36mMean: 0.0156[0m
[32mEvaluation Metric: return[0m | [36mMean: 1.9950[0m
[32mEvaluation Metric: episode_len[0m | [36mMean: 60.0000[0m
[32mEvaluation Metric: reward[0m | [36mMean: 0.0332[0m
[32mEvaluation Metric: success_at_end[0m | [36mMean: 0.0000[0m
model saved to checkpoints/ppo_memtasks/rgb_joints/normalized_dense/RememberShapeAndColor3x2-v0/ppo-nonbelief-gru-newhyper-lr1e-4-99__99__rgb_joints__20260128_032707/20260128_032707/ckpt_12_577.pt
SPS: 1489
Epoch: 578, global_step=6924000
SPS: 1490
Epoch: 579, global_step=6936000
SPS: 1491
Epoch: 580, global_step=6948000
SPS: 1491
Epoch: 581, global_step=6960000
SPS: 1492
Epoch: 582, global_step=6972000
SPS: 1492
Epoch: 583, global_step=6984000
SPS: 1493
Epoch: 584, global_step=6996000
SPS: 1494
Epoch: 585, global_step=7008000
SPS: 1494
Epoch: 586, global_step=7020000
SPS: 1495
Epoch: 587, global_step=7032000
SPS: 1495
Epoch: 588, global_step=7044000
SPS: 1496
Epoch: 589, global_step=7056000
SPS: 1496
Epoch: 590, global_step=7068000
SPS: 1497
Epoch: 591, global_step=7080000
SPS: 1497
Epoch: 592, global_step=7092000
SPS: 1498
Epoch: 593, global_step=7104000
SPS: 1499
Epoch: 594, global_step=7116000
SPS: 1499
Epoch: 595, global_step=7128000
SPS: 1500
Epoch: 596, global_step=7140000
SPS: 1500
Epoch: 597, global_step=7152000
SPS: 1501
Epoch: 598, global_step=7164000
SPS: 1501
Epoch: 599, global_step=7176000
SPS: 1502
Epoch: 600, global_step=7188000
SPS: 1503
Epoch: 601, global_step=7200000
SPS: 1503
Epoch: 602, global_step=7212000
SPS: 1504
Epoch: 603, global_step=7224000
SPS: 1504
Epoch: 604, global_step=7236000
SPS: 1504
Epoch: 605, global_step=7248000
SPS: 1505
Epoch: 606, global_step=7260000
SPS: 1506
Epoch: 607, global_step=7272000
SPS: 1506
Epoch: 608, global_step=7284000
SPS: 1507
Epoch: 609, global_step=7296000
SPS: 1508
Epoch: 610, global_step=7308000
SPS: 1508
Epoch: 611, global_step=7320000
SPS: 1509
Epoch: 612, global_step=7332000
SPS: 1509
Epoch: 613, global_step=7344000
SPS: 1510
Epoch: 614, global_step=7356000
SPS: 1510
Epoch: 615, global_step=7368000
SPS: 1511
Epoch: 616, global_step=7380000
SPS: 1511
Epoch: 617, global_step=7392000
SPS: 1512
Epoch: 618, global_step=7404000
SPS: 1512
Epoch: 619, global_step=7416000
SPS: 1513
Epoch: 620, global_step=7428000
SPS: 1513
Epoch: 621, global_step=7440000
SPS: 1514
Epoch: 622, global_step=7452000
SPS: 1515
Epoch: 623, global_step=7464000
SPS: 1515
Epoch: 624, global_step=7476000
SPS: 1516
Epoch: 625, global_step=7488000
Evaluating
Evaluated 11520 steps resulting in 192 episodes
[32mEvaluation Metric: success_once[0m | [36mMean: 0.0000[0m
[32mEvaluation Metric: return[0m | [36mMean: 1.8958[0m
[32mEvaluation Metric: episode_len[0m | [36mMean: 60.0000[0m
[32mEvaluation Metric: reward[0m | [36mMean: 0.0316[0m
[32mEvaluation Metric: success_at_end[0m | [36mMean: 0.0000[0m
model saved to checkpoints/ppo_memtasks/rgb_joints/normalized_dense/RememberShapeAndColor3x2-v0/ppo-nonbelief-gru-newhyper-lr1e-4-99__99__rgb_joints__20260128_032707/20260128_032707/ckpt_13_625.pt
SPS: 1494
Epoch: 626, global_step=7500000
SPS: 1494
Epoch: 627, global_step=7512000
SPS: 1495
Epoch: 628, global_step=7524000
SPS: 1495
Epoch: 629, global_step=7536000
SPS: 1496
Epoch: 630, global_step=7548000
SPS: 1496
Epoch: 631, global_step=7560000
SPS: 1497
Epoch: 632, global_step=7572000
SPS: 1497
Epoch: 633, global_step=7584000
SPS: 1498
Epoch: 634, global_step=7596000
SPS: 1499
Epoch: 635, global_step=7608000
SPS: 1499
Epoch: 636, global_step=7620000
SPS: 1500
Epoch: 637, global_step=7632000
SPS: 1500
Epoch: 638, global_step=7644000
SPS: 1501
Epoch: 639, global_step=7656000
SPS: 1501
Epoch: 640, global_step=7668000
SPS: 1502
Epoch: 641, global_step=7680000
SPS: 1503
Epoch: 642, global_step=7692000
SPS: 1503
Epoch: 643, global_step=7704000
SPS: 1503
Epoch: 644, global_step=7716000
SPS: 1504
Epoch: 645, global_step=7728000
SPS: 1504
Epoch: 646, global_step=7740000
SPS: 1505
Epoch: 647, global_step=7752000
SPS: 1505
Epoch: 648, global_step=7764000
SPS: 1506
Epoch: 649, global_step=7776000
SPS: 1506
Epoch: 650, global_step=7788000
SPS: 1507
Epoch: 651, global_step=7800000
SPS: 1507
Epoch: 652, global_step=7812000
SPS: 1508
Epoch: 653, global_step=7824000
SPS: 1509
Epoch: 654, global_step=7836000
SPS: 1509
Epoch: 655, global_step=7848000
SPS: 1510
Epoch: 656, global_step=7860000
SPS: 1510
Epoch: 657, global_step=7872000
SPS: 1511
Epoch: 658, global_step=7884000
SPS: 1512
Epoch: 659, global_step=7896000
SPS: 1512
Epoch: 660, global_step=7908000
SPS: 1513
Epoch: 661, global_step=7920000
SPS: 1513
Epoch: 662, global_step=7932000
SPS: 1514
Epoch: 663, global_step=7944000
SPS: 1514
Epoch: 664, global_step=7956000
SPS: 1515
Epoch: 665, global_step=7968000
SPS: 1516
Epoch: 666, global_step=7980000
SPS: 1516
Epoch: 667, global_step=7992000
SPS: 1516
Epoch: 668, global_step=8004000
SPS: 1517
Epoch: 669, global_step=8016000
SPS: 1517
Epoch: 670, global_step=8028000
SPS: 1518
Epoch: 671, global_step=8040000
SPS: 1518
Epoch: 672, global_step=8052000
SPS: 1519
Epoch: 673, global_step=8064000
Evaluating
Evaluated 11520 steps resulting in 192 episodes
[32mEvaluation Metric: success_once[0m | [36mMean: 0.0000[0m
[32mEvaluation Metric: return[0m | [36mMean: 1.5755[0m
[32mEvaluation Metric: episode_len[0m | [36mMean: 60.0000[0m
[32mEvaluation Metric: reward[0m | [36mMean: 0.0263[0m
[32mEvaluation Metric: success_at_end[0m | [36mMean: 0.0000[0m
model saved to checkpoints/ppo_memtasks/rgb_joints/normalized_dense/RememberShapeAndColor3x2-v0/ppo-nonbelief-gru-newhyper-lr1e-4-99__99__rgb_joints__20260128_032707/20260128_032707/ckpt_14_673.pt
SPS: 1499
Epoch: 674, global_step=8076000
SPS: 1500
Epoch: 675, global_step=8088000
SPS: 1500
Epoch: 676, global_step=8100000
SPS: 1501
Epoch: 677, global_step=8112000
SPS: 1502
Epoch: 678, global_step=8124000
SPS: 1502
Epoch: 679, global_step=8136000
SPS: 1503
Epoch: 680, global_step=8148000
SPS: 1503
Epoch: 681, global_step=8160000
SPS: 1504
Epoch: 682, global_step=8172000
SPS: 1504
Epoch: 683, global_step=8184000
SPS: 1505
Epoch: 684, global_step=8196000
SPS: 1505
Epoch: 685, global_step=8208000
SPS: 1505
Epoch: 686, global_step=8220000
SPS: 1506
Epoch: 687, global_step=8232000
SPS: 1506
Epoch: 688, global_step=8244000
SPS: 1507
Epoch: 689, global_step=8256000
SPS: 1507
Epoch: 690, global_step=8268000
SPS: 1508
Epoch: 691, global_step=8280000
SPS: 1508
Epoch: 692, global_step=8292000
SPS: 1509
Epoch: 693, global_step=8304000
SPS: 1509
Epoch: 694, global_step=8316000
SPS: 1509
Epoch: 695, global_step=8328000
SPS: 1510
Epoch: 696, global_step=8340000
SPS: 1510
Epoch: 697, global_step=8352000
SPS: 1511
Epoch: 698, global_step=8364000
SPS: 1511
Epoch: 699, global_step=8376000
SPS: 1512
Epoch: 700, global_step=8388000
SPS: 1512
Epoch: 701, global_step=8400000
SPS: 1513
Epoch: 702, global_step=8412000
SPS: 1513
Epoch: 703, global_step=8424000
SPS: 1513
Epoch: 704, global_step=8436000
SPS: 1514
Epoch: 705, global_step=8448000
SPS: 1514
Epoch: 706, global_step=8460000
SPS: 1515
Epoch: 707, global_step=8472000
SPS: 1515
Epoch: 708, global_step=8484000
SPS: 1516
Epoch: 709, global_step=8496000
SPS: 1516
Epoch: 710, global_step=8508000
SPS: 1517
Epoch: 711, global_step=8520000
SPS: 1517
Epoch: 712, global_step=8532000
SPS: 1517
Epoch: 713, global_step=8544000
SPS: 1518
Epoch: 714, global_step=8556000
SPS: 1518
Epoch: 715, global_step=8568000
SPS: 1519
Epoch: 716, global_step=8580000
SPS: 1519
Epoch: 717, global_step=8592000
SPS: 1520
Epoch: 718, global_step=8604000
SPS: 1520
Epoch: 719, global_step=8616000
SPS: 1521
Epoch: 720, global_step=8628000
SPS: 1521
Epoch: 721, global_step=8640000
Evaluating
Evaluated 11520 steps resulting in 192 episodes
[32mEvaluation Metric: success_once[0m | [36mMean: 0.0104[0m
[32mEvaluation Metric: return[0m | [36mMean: 1.7932[0m
[32mEvaluation Metric: episode_len[0m | [36mMean: 60.0000[0m
[32mEvaluation Metric: reward[0m | [36mMean: 0.0299[0m
[32mEvaluation Metric: success_at_end[0m | [36mMean: 0.0000[0m
model saved to checkpoints/ppo_memtasks/rgb_joints/normalized_dense/RememberShapeAndColor3x2-v0/ppo-nonbelief-gru-newhyper-lr1e-4-99__99__rgb_joints__20260128_032707/20260128_032707/ckpt_15_721.pt
SPS: 1503
Epoch: 722, global_step=8652000
SPS: 1503
Epoch: 723, global_step=8664000
SPS: 1504
Epoch: 724, global_step=8676000
SPS: 1504
Epoch: 725, global_step=8688000
SPS: 1505
Epoch: 726, global_step=8700000
SPS: 1505
Epoch: 727, global_step=8712000
SPS: 1506
Epoch: 728, global_step=8724000
SPS: 1506
Epoch: 729, global_step=8736000
SPS: 1506
Epoch: 730, global_step=8748000
SPS: 1507
Epoch: 731, global_step=8760000
SPS: 1507
Epoch: 732, global_step=8772000
SPS: 1508
Epoch: 733, global_step=8784000
SPS: 1508
Epoch: 734, global_step=8796000
SPS: 1508
Epoch: 735, global_step=8808000
SPS: 1509
Epoch: 736, global_step=8820000
SPS: 1509
Epoch: 737, global_step=8832000
SPS: 1510
Epoch: 738, global_step=8844000
SPS: 1510
Epoch: 739, global_step=8856000
SPS: 1510
Epoch: 740, global_step=8868000
SPS: 1511
Epoch: 741, global_step=8880000
SPS: 1511
Epoch: 742, global_step=8892000
SPS: 1512
Epoch: 743, global_step=8904000
SPS: 1512
Epoch: 744, global_step=8916000
SPS: 1513
Epoch: 745, global_step=8928000
SPS: 1513
Epoch: 746, global_step=8940000
SPS: 1513
Epoch: 747, global_step=8952000
SPS: 1514
Epoch: 748, global_step=8964000
SPS: 1514
Epoch: 749, global_step=8976000
SPS: 1515
Epoch: 750, global_step=8988000
SPS: 1515
Epoch: 751, global_step=9000000
SPS: 1516
Epoch: 752, global_step=9012000
SPS: 1516
Epoch: 753, global_step=9024000
SPS: 1516
Epoch: 754, global_step=9036000
SPS: 1517
Epoch: 755, global_step=9048000
SPS: 1517
Epoch: 756, global_step=9060000
SPS: 1518
Epoch: 757, global_step=9072000
SPS: 1518
Epoch: 758, global_step=9084000
SPS: 1518
Epoch: 759, global_step=9096000
SPS: 1519
Epoch: 760, global_step=9108000
SPS: 1519
Epoch: 761, global_step=9120000
SPS: 1520
Epoch: 762, global_step=9132000
SPS: 1520
Epoch: 763, global_step=9144000
SPS: 1521
Epoch: 764, global_step=9156000
SPS: 1521
Epoch: 765, global_step=9168000
SPS: 1522
Epoch: 766, global_step=9180000
SPS: 1522
Epoch: 767, global_step=9192000
SPS: 1522
Epoch: 768, global_step=9204000
SPS: 1523
Epoch: 769, global_step=9216000
Evaluating
Evaluated 11520 steps resulting in 192 episodes
[32mEvaluation Metric: success_once[0m | [36mMean: 0.0208[0m
[32mEvaluation Metric: return[0m | [36mMean: 2.0288[0m
[32mEvaluation Metric: episode_len[0m | [36mMean: 60.0000[0m
[32mEvaluation Metric: reward[0m | [36mMean: 0.0338[0m
[32mEvaluation Metric: success_at_end[0m | [36mMean: 0.0000[0m
model saved to checkpoints/ppo_memtasks/rgb_joints/normalized_dense/RememberShapeAndColor3x2-v0/ppo-nonbelief-gru-newhyper-lr1e-4-99__99__rgb_joints__20260128_032707/20260128_032707/ckpt_16_769.pt
SPS: 1505
Epoch: 770, global_step=9228000
SPS: 1505
Epoch: 771, global_step=9240000
SPS: 1506
Epoch: 772, global_step=9252000
SPS: 1506
Epoch: 773, global_step=9264000
SPS: 1506
Epoch: 774, global_step=9276000
SPS: 1507
Epoch: 775, global_step=9288000
SPS: 1507
Epoch: 776, global_step=9300000
SPS: 1508
Epoch: 777, global_step=9312000
SPS: 1508
Epoch: 778, global_step=9324000
SPS: 1509
Epoch: 779, global_step=9336000
SPS: 1509
Epoch: 780, global_step=9348000
SPS: 1510
Epoch: 781, global_step=9360000
SPS: 1510
Epoch: 782, global_step=9372000
SPS: 1510
Epoch: 783, global_step=9384000
SPS: 1511
Epoch: 784, global_step=9396000
SPS: 1511
Epoch: 785, global_step=9408000
SPS: 1512
Epoch: 786, global_step=9420000
SPS: 1512
Epoch: 787, global_step=9432000
SPS: 1513
Epoch: 788, global_step=9444000
SPS: 1513
Epoch: 789, global_step=9456000
SPS: 1513
Epoch: 790, global_step=9468000
SPS: 1514
Epoch: 791, global_step=9480000
SPS: 1514
Epoch: 792, global_step=9492000
SPS: 1515
Epoch: 793, global_step=9504000
SPS: 1515
Epoch: 794, global_step=9516000
SPS: 1516
Epoch: 795, global_step=9528000
SPS: 1516
Epoch: 796, global_step=9540000
SPS: 1517
Epoch: 797, global_step=9552000
SPS: 1517
Epoch: 798, global_step=9564000
SPS: 1518
Epoch: 799, global_step=9576000
SPS: 1518
Epoch: 800, global_step=9588000
SPS: 1518
Epoch: 801, global_step=9600000
SPS: 1519
Epoch: 802, global_step=9612000
SPS: 1519
Epoch: 803, global_step=9624000
SPS: 1520
Epoch: 804, global_step=9636000
SPS: 1520
Epoch: 805, global_step=9648000
SPS: 1521
Epoch: 806, global_step=9660000
SPS: 1521
Epoch: 807, global_step=9672000
SPS: 1521
Epoch: 808, global_step=9684000
SPS: 1522
Epoch: 809, global_step=9696000
SPS: 1522
Epoch: 810, global_step=9708000
SPS: 1523
Epoch: 811, global_step=9720000
SPS: 1523
Epoch: 812, global_step=9732000
SPS: 1523
Epoch: 813, global_step=9744000
SPS: 1524
Epoch: 814, global_step=9756000
SPS: 1524
Epoch: 815, global_step=9768000
SPS: 1525
Epoch: 816, global_step=9780000
SPS: 1525
Epoch: 817, global_step=9792000
Evaluating
Evaluated 11520 steps resulting in 192 episodes
[32mEvaluation Metric: success_once[0m | [36mMean: 0.0000[0m
[32mEvaluation Metric: return[0m | [36mMean: 1.3433[0m
[32mEvaluation Metric: episode_len[0m | [36mMean: 60.0000[0m
[32mEvaluation Metric: reward[0m | [36mMean: 0.0224[0m
[32mEvaluation Metric: success_at_end[0m | [36mMean: 0.0000[0m
model saved to checkpoints/ppo_memtasks/rgb_joints/normalized_dense/RememberShapeAndColor3x2-v0/ppo-nonbelief-gru-newhyper-lr1e-4-99__99__rgb_joints__20260128_032707/20260128_032707/ckpt_17_817.pt
SPS: 1509
Epoch: 818, global_step=9804000
SPS: 1509
Epoch: 819, global_step=9816000
SPS: 1510
Epoch: 820, global_step=9828000
SPS: 1510
Epoch: 821, global_step=9840000
SPS: 1511
Epoch: 822, global_step=9852000
SPS: 1511
Epoch: 823, global_step=9864000
SPS: 1511
Epoch: 824, global_step=9876000
SPS: 1512
Epoch: 825, global_step=9888000
SPS: 1512
Epoch: 826, global_step=9900000
SPS: 1513
Epoch: 827, global_step=9912000
SPS: 1513
Epoch: 828, global_step=9924000
SPS: 1513
Epoch: 829, global_step=9936000
SPS: 1514
Epoch: 830, global_step=9948000
SPS: 1514
Epoch: 831, global_step=9960000
SPS: 1515
Epoch: 832, global_step=9972000
SPS: 1515
Epoch: 833, global_step=9984000
SPS: 1515
Epoch: 834, global_step=9996000
SPS: 1516
Epoch: 835, global_step=10008000
SPS: 1516
Epoch: 836, global_step=10020000
SPS: 1517
Epoch: 837, global_step=10032000
SPS: 1517
Epoch: 838, global_step=10044000
SPS: 1517
Epoch: 839, global_step=10056000
SPS: 1518
Epoch: 840, global_step=10068000
SPS: 1518
Epoch: 841, global_step=10080000
SPS: 1519
Epoch: 842, global_step=10092000
SPS: 1519
Epoch: 843, global_step=10104000
SPS: 1520
Epoch: 844, global_step=10116000
SPS: 1520
Epoch: 845, global_step=10128000
SPS: 1520
Epoch: 846, global_step=10140000
SPS: 1521
Epoch: 847, global_step=10152000
SPS: 1521
Epoch: 848, global_step=10164000
SPS: 1522
Epoch: 849, global_step=10176000
SPS: 1522
Epoch: 850, global_step=10188000
SPS: 1523
Epoch: 851, global_step=10200000
SPS: 1523
Epoch: 852, global_step=10212000
SPS: 1523
Epoch: 853, global_step=10224000
SPS: 1524
Epoch: 854, global_step=10236000
SPS: 1524
Epoch: 855, global_step=10248000
SPS: 1525
Epoch: 856, global_step=10260000
SPS: 1525
Epoch: 857, global_step=10272000
SPS: 1525
Epoch: 858, global_step=10284000
SPS: 1526
Epoch: 859, global_step=10296000
SPS: 1526
Epoch: 860, global_step=10308000
SPS: 1527
Epoch: 861, global_step=10320000
SPS: 1527
Epoch: 862, global_step=10332000
SPS: 1528
Epoch: 863, global_step=10344000
SPS: 1528
Epoch: 864, global_step=10356000
SPS: 1528
Epoch: 865, global_step=10368000
Evaluating
Evaluated 11520 steps resulting in 192 episodes
[32mEvaluation Metric: success_once[0m | [36mMean: 0.0104[0m
[32mEvaluation Metric: return[0m | [36mMean: 1.5764[0m
[32mEvaluation Metric: episode_len[0m | [36mMean: 60.0000[0m
[32mEvaluation Metric: reward[0m | [36mMean: 0.0263[0m
[32mEvaluation Metric: success_at_end[0m | [36mMean: 0.0000[0m
model saved to checkpoints/ppo_memtasks/rgb_joints/normalized_dense/RememberShapeAndColor3x2-v0/ppo-nonbelief-gru-newhyper-lr1e-4-99__99__rgb_joints__20260128_032707/20260128_032707/ckpt_18_865.pt
SPS: 1512
model saved to checkpoints/ppo_memtasks/rgb_joints/normalized_dense/RememberShapeAndColor3x2-v0/ppo-nonbelief-gru-newhyper-lr1e-4-99__99__rgb_joints__20260128_032707/20260128_032707/final_ckpt.pt
