Enabling podman.socket for user: s4176650
Running RememberColor5-v0 with seed 42

===========================================================================
║                        Environment Configuration                        ║
===========================================================================
║ Environment ID: RememberColor5-v0                                       ║
║ Oracle Info:    None                                                    ║
║ Wrappers:                                                               ║
║    ├─ InitialZeroActionWrapper                                         ║
║    │  └─ {'n_initial_steps': 0}                                           ║
║    ├─ RememberColorInfoWrapper                                         ║
║    ├─ RenderStepInfoWrapper                                            ║
║    ├─ RenderRewardInfoWrapper                                          ║
║    ├─ DebugRewardWrapper                                               ║
║-------------------------------------------------------------------------║
║ include_state:       False │ state will not be used                ║
║ include_rgb:         True  │ rgb images will be used               ║
║ include_oracle:      False │ oracle info will not be used          ║
║ include_joints:      True  │ joints will be used                   ║
===========================================================================

MODE='rgb_joints'
prompt_info=None
Saving eval videos to checkpoints/ppo_memtasks/rgb_joints/normalized_dense/RememberColor5-v0/ppo-mlp-dense-remember-color-5-v0-s42__42__rgb_joints__20251025_130501/20251025_130501/videos
======================================================================
Max Episode Steps: 60
======================================================================

Running training

####
args.num_iterations=846 args.num_envs=256 args.num_eval_envs=16
args.minibatch_size=1920 args.batch_size=15360 args.update_epochs=4
####

sample_obs.keys()=dict_keys(['joints', 'rgb'])
joints: torch.Size([256, 25])
rgb: torch.Size([256, 128, 128, 3])


Epoch: 1, global_step=0
Evaluating
Evaluated 2880 steps resulting in 48 episodes
[32mEvaluation Metric: success_once[0m | [36mMean: 0.0000[0m
[32mEvaluation Metric: return[0m | [36mMean: 9.9548[0m
[32mEvaluation Metric: episode_len[0m | [36mMean: 60.0000[0m
[32mEvaluation Metric: reward[0m | [36mMean: 0.1659[0m
[32mEvaluation Metric: success_at_end[0m | [36mMean: 0.0000[0m
model saved to checkpoints/ppo_memtasks/rgb_joints/normalized_dense/RememberColor5-v0/ppo-mlp-dense-remember-color-5-v0-s42__42__rgb_joints__20251025_130501/20251025_130501/ckpt_0_1.pt
SPS: 629
Epoch: 2, global_step=15360
SPS: 1003
Epoch: 3, global_step=30720
SPS: 1251
Epoch: 4, global_step=46080
SPS: 1427
Epoch: 5, global_step=61440
SPS: 1556
Epoch: 6, global_step=76800
SPS: 1653
Epoch: 7, global_step=92160
SPS: 1727
Epoch: 8, global_step=107520
SPS: 1784
Epoch: 9, global_step=122880
SPS: 1831
Epoch: 10, global_step=138240
SPS: 1867
Epoch: 11, global_step=153600
SPS: 1898
Epoch: 12, global_step=168960
SPS: 1923
Epoch: 13, global_step=184320
SPS: 1945
Epoch: 14, global_step=199680
SPS: 1964
Epoch: 15, global_step=215040
SPS: 1979
Epoch: 16, global_step=230400
SPS: 1993
Epoch: 17, global_step=245760
SPS: 2005
Epoch: 18, global_step=261120
SPS: 2015
Epoch: 19, global_step=276480
SPS: 2025
Epoch: 20, global_step=291840
SPS: 2033
Epoch: 21, global_step=307200
SPS: 2041
Epoch: 22, global_step=322560
SPS: 2048
Epoch: 23, global_step=337920
SPS: 2054
Epoch: 24, global_step=353280
SPS: 2059
Epoch: 25, global_step=368640
SPS: 2065
Epoch: 26, global_step=384000
SPS: 2069
Epoch: 27, global_step=399360
SPS: 2074
Epoch: 28, global_step=414720
SPS: 2077
Epoch: 29, global_step=430080
SPS: 2081
Epoch: 30, global_step=445440
SPS: 2083
Epoch: 31, global_step=460800
SPS: 2086
Epoch: 32, global_step=476160
SPS: 2089
Epoch: 33, global_step=491520
SPS: 2091
Epoch: 34, global_step=506880
SPS: 2094
Epoch: 35, global_step=522240
SPS: 2096
Epoch: 36, global_step=537600
SPS: 2098
Epoch: 37, global_step=552960
SPS: 2100
Epoch: 38, global_step=568320
SPS: 2102
Epoch: 39, global_step=583680
SPS: 2104
Epoch: 40, global_step=599040
SPS: 2105
Epoch: 41, global_step=614400
SPS: 2107
Epoch: 42, global_step=629760
SPS: 2108
Epoch: 43, global_step=645120
SPS: 2110
Epoch: 44, global_step=660480
SPS: 2111
Epoch: 45, global_step=675840
SPS: 2112
Epoch: 46, global_step=691200
SPS: 2114
Epoch: 47, global_step=706560
SPS: 2115
Epoch: 48, global_step=721920
SPS: 2116
Epoch: 49, global_step=737280
SPS: 2116
Epoch: 50, global_step=752640
SPS: 2117
Epoch: 51, global_step=768000
Evaluating
Evaluated 2880 steps resulting in 48 episodes
[32mEvaluation Metric: success_once[0m | [36mMean: 0.2917[0m
[32mEvaluation Metric: return[0m | [36mMean: 5.3899[0m
[32mEvaluation Metric: episode_len[0m | [36mMean: 60.0000[0m
[32mEvaluation Metric: reward[0m | [36mMean: 0.0898[0m
[32mEvaluation Metric: success_at_end[0m | [36mMean: 0.0625[0m
model saved to checkpoints/ppo_memtasks/rgb_joints/normalized_dense/RememberColor5-v0/ppo-mlp-dense-remember-color-5-v0-s42__42__rgb_joints__20251025_130501/20251025_130501/ckpt_1_51.pt
SPS: 2007
Epoch: 52, global_step=783360
SPS: 2010
Epoch: 53, global_step=798720
SPS: 2013
Epoch: 54, global_step=814080
SPS: 2016
Epoch: 55, global_step=829440
SPS: 2018
Epoch: 56, global_step=844800
SPS: 2020
Epoch: 57, global_step=860160
SPS: 2022
Epoch: 58, global_step=875520
SPS: 2025
Epoch: 59, global_step=890880
SPS: 2027
Epoch: 60, global_step=906240
SPS: 2029
Epoch: 61, global_step=921600
SPS: 2031
Epoch: 62, global_step=936960
SPS: 2033
Epoch: 63, global_step=952320
SPS: 2035
Epoch: 64, global_step=967680
SPS: 2036
Epoch: 65, global_step=983040
SPS: 2038
Epoch: 66, global_step=998400
SPS: 2040
Epoch: 67, global_step=1013760
SPS: 2042
Epoch: 68, global_step=1029120
SPS: 2043
Epoch: 69, global_step=1044480
SPS: 2045
Epoch: 70, global_step=1059840
SPS: 2047
Epoch: 71, global_step=1075200
SPS: 2048
Epoch: 72, global_step=1090560
SPS: 2050
Epoch: 73, global_step=1105920
SPS: 2051
Epoch: 74, global_step=1121280
SPS: 2053
Epoch: 75, global_step=1136640
SPS: 2054
Epoch: 76, global_step=1152000
SPS: 2056
Epoch: 77, global_step=1167360
SPS: 2057
Epoch: 78, global_step=1182720
SPS: 2059
Epoch: 79, global_step=1198080
SPS: 2060
Epoch: 80, global_step=1213440
SPS: 2061
Epoch: 81, global_step=1228800
SPS: 2062
Epoch: 82, global_step=1244160
SPS: 2064
Epoch: 83, global_step=1259520
SPS: 2065
Epoch: 84, global_step=1274880
SPS: 2066
Epoch: 85, global_step=1290240
SPS: 2067
Epoch: 86, global_step=1305600
SPS: 2068
Epoch: 87, global_step=1320960
SPS: 2069
Epoch: 88, global_step=1336320
SPS: 2069
Epoch: 89, global_step=1351680
SPS: 2070
Epoch: 90, global_step=1367040
SPS: 2071
Epoch: 91, global_step=1382400
SPS: 2072
Epoch: 92, global_step=1397760
SPS: 2073
Epoch: 93, global_step=1413120
SPS: 2073
Epoch: 94, global_step=1428480
SPS: 2074
Epoch: 95, global_step=1443840
SPS: 2075
Epoch: 96, global_step=1459200
SPS: 2076
Epoch: 97, global_step=1474560
SPS: 2077
Epoch: 98, global_step=1489920
SPS: 2077
Epoch: 99, global_step=1505280
SPS: 2078
Epoch: 100, global_step=1520640
SPS: 2079
Epoch: 101, global_step=1536000
Evaluating
Evaluated 2880 steps resulting in 48 episodes
[32mEvaluation Metric: success_once[0m | [36mMean: 0.2083[0m
[32mEvaluation Metric: return[0m | [36mMean: 6.0648[0m
[32mEvaluation Metric: episode_len[0m | [36mMean: 60.0000[0m
[32mEvaluation Metric: reward[0m | [36mMean: 0.1011[0m
[32mEvaluation Metric: success_at_end[0m | [36mMean: 0.0833[0m
model saved to checkpoints/ppo_memtasks/rgb_joints/normalized_dense/RememberColor5-v0/ppo-mlp-dense-remember-color-5-v0-s42__42__rgb_joints__20251025_130501/20251025_130501/ckpt_2_101.pt
SPS: 2025
Epoch: 102, global_step=1551360
SPS: 2027
Epoch: 103, global_step=1566720
SPS: 2028
Epoch: 104, global_step=1582080
SPS: 2029
Epoch: 105, global_step=1597440
SPS: 2030
Epoch: 106, global_step=1612800
SPS: 2031
Epoch: 107, global_step=1628160
SPS: 2032
Epoch: 108, global_step=1643520
SPS: 2033
Epoch: 109, global_step=1658880
SPS: 2034
Epoch: 110, global_step=1674240
SPS: 2035
Epoch: 111, global_step=1689600
SPS: 2036
Epoch: 112, global_step=1704960
SPS: 2037
Epoch: 113, global_step=1720320
SPS: 2038
Epoch: 114, global_step=1735680
SPS: 2039
Epoch: 115, global_step=1751040
SPS: 2040
Epoch: 116, global_step=1766400
SPS: 2040
Epoch: 117, global_step=1781760
SPS: 2041
Epoch: 118, global_step=1797120
SPS: 2042
Epoch: 119, global_step=1812480
SPS: 2043
Epoch: 120, global_step=1827840
SPS: 2044
Epoch: 121, global_step=1843200
SPS: 2045
Epoch: 122, global_step=1858560
SPS: 2046
Epoch: 123, global_step=1873920
SPS: 2046
Epoch: 124, global_step=1889280
SPS: 2047
Epoch: 125, global_step=1904640
SPS: 2048
Epoch: 126, global_step=1920000
SPS: 2049
Epoch: 127, global_step=1935360
SPS: 2049
Epoch: 128, global_step=1950720
SPS: 2050
Epoch: 129, global_step=1966080
SPS: 2051
Epoch: 130, global_step=1981440
SPS: 2052
Epoch: 131, global_step=1996800
SPS: 2052
Epoch: 132, global_step=2012160
SPS: 2053
Epoch: 133, global_step=2027520
SPS: 2054
Epoch: 134, global_step=2042880
SPS: 2054
Epoch: 135, global_step=2058240
SPS: 2055
Epoch: 136, global_step=2073600
SPS: 2056
Epoch: 137, global_step=2088960
SPS: 2056
Epoch: 138, global_step=2104320
SPS: 2057
Epoch: 139, global_step=2119680
SPS: 2058
Epoch: 140, global_step=2135040
SPS: 2058
Epoch: 141, global_step=2150400
SPS: 2059
Epoch: 142, global_step=2165760
SPS: 2059
Epoch: 143, global_step=2181120
SPS: 2060
Epoch: 144, global_step=2196480
SPS: 2061
Epoch: 145, global_step=2211840
SPS: 2061
Epoch: 146, global_step=2227200
SPS: 2062
Epoch: 147, global_step=2242560
SPS: 2062
Epoch: 148, global_step=2257920
SPS: 2063
Epoch: 149, global_step=2273280
SPS: 2063
Epoch: 150, global_step=2288640
SPS: 2064
Epoch: 151, global_step=2304000
Evaluating
Evaluated 2880 steps resulting in 48 episodes
[32mEvaluation Metric: success_once[0m | [36mMean: 0.2708[0m
[32mEvaluation Metric: return[0m | [36mMean: 6.4323[0m
[32mEvaluation Metric: episode_len[0m | [36mMean: 60.0000[0m
[32mEvaluation Metric: reward[0m | [36mMean: 0.1072[0m
[32mEvaluation Metric: success_at_end[0m | [36mMean: 0.0208[0m
model saved to checkpoints/ppo_memtasks/rgb_joints/normalized_dense/RememberColor5-v0/ppo-mlp-dense-remember-color-5-v0-s42__42__rgb_joints__20251025_130501/20251025_130501/ckpt_3_151.pt
SPS: 2028
Epoch: 152, global_step=2319360
SPS: 2028
Epoch: 153, global_step=2334720
SPS: 2029
Epoch: 154, global_step=2350080
SPS: 2030
Epoch: 155, global_step=2365440
SPS: 2031
Epoch: 156, global_step=2380800
SPS: 2031
Epoch: 157, global_step=2396160
SPS: 2032
Epoch: 158, global_step=2411520
SPS: 2033
Epoch: 159, global_step=2426880
SPS: 2033
Epoch: 160, global_step=2442240
SPS: 2034
Epoch: 161, global_step=2457600
SPS: 2035
Epoch: 162, global_step=2472960
SPS: 2035
Epoch: 163, global_step=2488320
SPS: 2036
Epoch: 164, global_step=2503680
SPS: 2037
Epoch: 165, global_step=2519040
SPS: 2037
Epoch: 166, global_step=2534400
SPS: 2038
Epoch: 167, global_step=2549760
SPS: 2039
Epoch: 168, global_step=2565120
SPS: 2039
Epoch: 169, global_step=2580480
SPS: 2039
Epoch: 170, global_step=2595840
SPS: 2040
Epoch: 171, global_step=2611200
SPS: 2041
Epoch: 172, global_step=2626560
SPS: 2041
Epoch: 173, global_step=2641920
SPS: 2042
Epoch: 174, global_step=2657280
SPS: 2042
Epoch: 175, global_step=2672640
SPS: 2043
Epoch: 176, global_step=2688000
SPS: 2044
Epoch: 177, global_step=2703360
SPS: 2044
Epoch: 178, global_step=2718720
SPS: 2045
Epoch: 179, global_step=2734080
SPS: 2045
Epoch: 180, global_step=2749440
SPS: 2046
Epoch: 181, global_step=2764800
SPS: 2046
Epoch: 182, global_step=2780160
SPS: 2047
Epoch: 183, global_step=2795520
SPS: 2047
Epoch: 184, global_step=2810880
SPS: 2048
Epoch: 185, global_step=2826240
SPS: 2048
Epoch: 186, global_step=2841600
SPS: 2049
Epoch: 187, global_step=2856960
SPS: 2050
Epoch: 188, global_step=2872320
SPS: 2050
Epoch: 189, global_step=2887680
SPS: 2051
Epoch: 190, global_step=2903040
SPS: 2051
Epoch: 191, global_step=2918400
SPS: 2052
Epoch: 192, global_step=2933760
SPS: 2052
Epoch: 193, global_step=2949120
SPS: 2053
Epoch: 194, global_step=2964480
SPS: 2053
Epoch: 195, global_step=2979840
SPS: 2054
Epoch: 196, global_step=2995200
SPS: 2054
Epoch: 197, global_step=3010560
SPS: 2055
Epoch: 198, global_step=3025920
SPS: 2055
Epoch: 199, global_step=3041280
SPS: 2056
Epoch: 200, global_step=3056640
SPS: 2056
Epoch: 201, global_step=3072000
Evaluating
Evaluated 2880 steps resulting in 48 episodes
[32mEvaluation Metric: success_once[0m | [36mMean: 0.1458[0m
[32mEvaluation Metric: return[0m | [36mMean: 4.5443[0m
[32mEvaluation Metric: episode_len[0m | [36mMean: 60.0000[0m
[32mEvaluation Metric: reward[0m | [36mMean: 0.0757[0m
[32mEvaluation Metric: success_at_end[0m | [36mMean: 0.0833[0m
model saved to checkpoints/ppo_memtasks/rgb_joints/normalized_dense/RememberColor5-v0/ppo-mlp-dense-remember-color-5-v0-s42__42__rgb_joints__20251025_130501/20251025_130501/ckpt_4_201.pt
SPS: 2030
Epoch: 202, global_step=3087360
SPS: 2030
Epoch: 203, global_step=3102720
SPS: 2032
Epoch: 204, global_step=3118080
SPS: 2032
Epoch: 205, global_step=3133440
SPS: 2033
Epoch: 206, global_step=3148800
SPS: 2033
Epoch: 207, global_step=3164160
SPS: 2034
Epoch: 208, global_step=3179520
SPS: 2035
Epoch: 209, global_step=3194880
SPS: 2035
Epoch: 210, global_step=3210240
SPS: 2036
Epoch: 211, global_step=3225600
SPS: 2036
Epoch: 212, global_step=3240960
SPS: 2037
Epoch: 213, global_step=3256320
SPS: 2037
Epoch: 214, global_step=3271680
SPS: 2038
Epoch: 215, global_step=3287040
SPS: 2038
Epoch: 216, global_step=3302400
SPS: 2039
Epoch: 217, global_step=3317760
SPS: 2039
Epoch: 218, global_step=3333120
SPS: 2040
Epoch: 219, global_step=3348480
SPS: 2040
Epoch: 220, global_step=3363840
SPS: 2041
Epoch: 221, global_step=3379200
SPS: 2041
Epoch: 222, global_step=3394560
SPS: 2042
Epoch: 223, global_step=3409920
SPS: 2042
Epoch: 224, global_step=3425280
SPS: 2043
Epoch: 225, global_step=3440640
SPS: 2043
Epoch: 226, global_step=3456000
SPS: 2044
Epoch: 227, global_step=3471360
SPS: 2044
Epoch: 228, global_step=3486720
SPS: 2045
Epoch: 229, global_step=3502080
SPS: 2045
Epoch: 230, global_step=3517440
SPS: 2046
Epoch: 231, global_step=3532800
SPS: 2046
Epoch: 232, global_step=3548160
SPS: 2047
Epoch: 233, global_step=3563520
SPS: 2047
Epoch: 234, global_step=3578880
SPS: 2048
Epoch: 235, global_step=3594240
SPS: 2048
Epoch: 236, global_step=3609600
SPS: 2048
Epoch: 237, global_step=3624960
SPS: 2049
Epoch: 238, global_step=3640320
SPS: 2049
Epoch: 239, global_step=3655680
SPS: 2050
Epoch: 240, global_step=3671040
SPS: 2050
Epoch: 241, global_step=3686400
SPS: 2050
Epoch: 242, global_step=3701760
SPS: 2051
Epoch: 243, global_step=3717120
SPS: 2051
Epoch: 244, global_step=3732480
SPS: 2052
Epoch: 245, global_step=3747840
SPS: 2052
Epoch: 246, global_step=3763200
SPS: 2053
Epoch: 247, global_step=3778560
SPS: 2053
Epoch: 248, global_step=3793920
SPS: 2053
Epoch: 249, global_step=3809280
SPS: 2054
Epoch: 250, global_step=3824640
SPS: 2054
Epoch: 251, global_step=3840000
Evaluating
Evaluated 2880 steps resulting in 48 episodes
[32mEvaluation Metric: success_once[0m | [36mMean: 0.3333[0m
[32mEvaluation Metric: return[0m | [36mMean: 7.4971[0m
[32mEvaluation Metric: episode_len[0m | [36mMean: 60.0000[0m
[32mEvaluation Metric: reward[0m | [36mMean: 0.1250[0m
[32mEvaluation Metric: success_at_end[0m | [36mMean: 0.1042[0m
model saved to checkpoints/ppo_memtasks/rgb_joints/normalized_dense/RememberColor5-v0/ppo-mlp-dense-remember-color-5-v0-s42__42__rgb_joints__20251025_130501/20251025_130501/ckpt_5_251.pt
SPS: 2032
Epoch: 252, global_step=3855360
SPS: 2033
Epoch: 253, global_step=3870720
SPS: 2033
Epoch: 254, global_step=3886080
SPS: 2034
Epoch: 255, global_step=3901440
SPS: 2034
Epoch: 256, global_step=3916800
SPS: 2035
Epoch: 257, global_step=3932160
SPS: 2035
Epoch: 258, global_step=3947520
SPS: 2035
Epoch: 259, global_step=3962880
SPS: 2036
Epoch: 260, global_step=3978240
SPS: 2036
Epoch: 261, global_step=3993600
SPS: 2037
Epoch: 262, global_step=4008960
SPS: 2037
Epoch: 263, global_step=4024320
SPS: 2038
Epoch: 264, global_step=4039680
SPS: 2038
Epoch: 265, global_step=4055040
SPS: 2039
Epoch: 266, global_step=4070400
SPS: 2039
Epoch: 267, global_step=4085760
SPS: 2039
Epoch: 268, global_step=4101120
SPS: 2040
Epoch: 269, global_step=4116480
SPS: 2040
Epoch: 270, global_step=4131840
SPS: 2041
Epoch: 271, global_step=4147200
SPS: 2041
Epoch: 272, global_step=4162560
SPS: 2041
Epoch: 273, global_step=4177920
SPS: 2042
Epoch: 274, global_step=4193280
SPS: 2042
Epoch: 275, global_step=4208640
SPS: 2043
Epoch: 276, global_step=4224000
SPS: 2043
Epoch: 277, global_step=4239360
SPS: 2043
Epoch: 278, global_step=4254720
SPS: 2044
Epoch: 279, global_step=4270080
SPS: 2044
Epoch: 280, global_step=4285440
SPS: 2045
Epoch: 281, global_step=4300800
SPS: 2045
Epoch: 282, global_step=4316160
SPS: 2045
Epoch: 283, global_step=4331520
SPS: 2046
Epoch: 284, global_step=4346880
SPS: 2046
Epoch: 285, global_step=4362240
SPS: 2047
Epoch: 286, global_step=4377600
SPS: 2047
Epoch: 287, global_step=4392960
SPS: 2048
Epoch: 288, global_step=4408320
SPS: 2048
Epoch: 289, global_step=4423680
SPS: 2048
Epoch: 290, global_step=4439040
SPS: 2049
Epoch: 291, global_step=4454400
SPS: 2049
Epoch: 292, global_step=4469760
SPS: 2049
Epoch: 293, global_step=4485120
SPS: 2050
Epoch: 294, global_step=4500480
SPS: 2050
Epoch: 295, global_step=4515840
SPS: 2051
Epoch: 296, global_step=4531200
SPS: 2051
Epoch: 297, global_step=4546560
SPS: 2051
Epoch: 298, global_step=4561920
SPS: 2052
Epoch: 299, global_step=4577280
SPS: 2052
Epoch: 300, global_step=4592640
SPS: 2053
Epoch: 301, global_step=4608000
Evaluating
Evaluated 2880 steps resulting in 48 episodes
[32mEvaluation Metric: success_once[0m | [36mMean: 0.3333[0m
[32mEvaluation Metric: return[0m | [36mMean: 8.9673[0m
[32mEvaluation Metric: episode_len[0m | [36mMean: 60.0000[0m
[32mEvaluation Metric: reward[0m | [36mMean: 0.1495[0m
[32mEvaluation Metric: success_at_end[0m | [36mMean: 0.1458[0m
model saved to checkpoints/ppo_memtasks/rgb_joints/normalized_dense/RememberColor5-v0/ppo-mlp-dense-remember-color-5-v0-s42__42__rgb_joints__20251025_130501/20251025_130501/ckpt_6_301.pt
SPS: 2035
Epoch: 302, global_step=4623360
SPS: 2035
Epoch: 303, global_step=4638720
SPS: 2036
Epoch: 304, global_step=4654080
SPS: 2036
Epoch: 305, global_step=4669440
SPS: 2037
Epoch: 306, global_step=4684800
SPS: 2037
Epoch: 307, global_step=4700160
SPS: 2038
Epoch: 308, global_step=4715520
SPS: 2038
Epoch: 309, global_step=4730880
SPS: 2038
Epoch: 310, global_step=4746240
SPS: 2039
Epoch: 311, global_step=4761600
SPS: 2039
Epoch: 312, global_step=4776960
SPS: 2040
Epoch: 313, global_step=4792320
SPS: 2040
Epoch: 314, global_step=4807680
SPS: 2040
Epoch: 315, global_step=4823040
SPS: 2041
Epoch: 316, global_step=4838400
SPS: 2041
Epoch: 317, global_step=4853760
SPS: 2041
Epoch: 318, global_step=4869120
SPS: 2042
Epoch: 319, global_step=4884480
SPS: 2042
Epoch: 320, global_step=4899840
SPS: 2042
Epoch: 321, global_step=4915200
SPS: 2043
Epoch: 322, global_step=4930560
SPS: 2043
Epoch: 323, global_step=4945920
SPS: 2044
Epoch: 324, global_step=4961280
SPS: 2044
Epoch: 325, global_step=4976640
SPS: 2044
Epoch: 326, global_step=4992000
SPS: 2045
Epoch: 327, global_step=5007360
SPS: 2045
Epoch: 328, global_step=5022720
SPS: 2046
Epoch: 329, global_step=5038080
SPS: 2046
Epoch: 330, global_step=5053440
SPS: 2046
Epoch: 331, global_step=5068800
SPS: 2047
Epoch: 332, global_step=5084160
SPS: 2047
Epoch: 333, global_step=5099520
SPS: 2047
Epoch: 334, global_step=5114880
SPS: 2048
Epoch: 335, global_step=5130240
SPS: 2048
Epoch: 336, global_step=5145600
SPS: 2048
Epoch: 337, global_step=5160960
SPS: 2049
Epoch: 338, global_step=5176320
SPS: 2049
Epoch: 339, global_step=5191680
SPS: 2050
Epoch: 340, global_step=5207040
SPS: 2050
Epoch: 341, global_step=5222400
SPS: 2050
Epoch: 342, global_step=5237760
SPS: 2051
Epoch: 343, global_step=5253120
SPS: 2051
Epoch: 344, global_step=5268480
SPS: 2051
Epoch: 345, global_step=5283840
SPS: 2052
Epoch: 346, global_step=5299200
SPS: 2052
Epoch: 347, global_step=5314560
SPS: 2053
Epoch: 348, global_step=5329920
SPS: 2053
Epoch: 349, global_step=5345280
SPS: 2053
Epoch: 350, global_step=5360640
SPS: 2054
Epoch: 351, global_step=5376000
Evaluating
Evaluated 2880 steps resulting in 48 episodes
[32mEvaluation Metric: success_once[0m | [36mMean: 0.2708[0m
[32mEvaluation Metric: return[0m | [36mMean: 11.4008[0m
[32mEvaluation Metric: episode_len[0m | [36mMean: 60.0000[0m
[32mEvaluation Metric: reward[0m | [36mMean: 0.1900[0m
[32mEvaluation Metric: success_at_end[0m | [36mMean: 0.2292[0m
model saved to checkpoints/ppo_memtasks/rgb_joints/normalized_dense/RememberColor5-v0/ppo-mlp-dense-remember-color-5-v0-s42__42__rgb_joints__20251025_130501/20251025_130501/ckpt_7_351.pt
SPS: 2039
Epoch: 352, global_step=5391360
SPS: 2039
Epoch: 353, global_step=5406720
SPS: 2040
Epoch: 354, global_step=5422080
SPS: 2040
Epoch: 355, global_step=5437440
SPS: 2040
Epoch: 356, global_step=5452800
SPS: 2041
Epoch: 357, global_step=5468160
SPS: 2041
Epoch: 358, global_step=5483520
SPS: 2041
Epoch: 359, global_step=5498880
SPS: 2042
Epoch: 360, global_step=5514240
SPS: 2042
Epoch: 361, global_step=5529600
SPS: 2043
Epoch: 362, global_step=5544960
SPS: 2043
Epoch: 363, global_step=5560320
SPS: 2043
Epoch: 364, global_step=5575680
SPS: 2044
Epoch: 365, global_step=5591040
SPS: 2044
Epoch: 366, global_step=5606400
SPS: 2044
Epoch: 367, global_step=5621760
SPS: 2045
Epoch: 368, global_step=5637120
SPS: 2045
Epoch: 369, global_step=5652480
SPS: 2045
Epoch: 370, global_step=5667840
SPS: 2046
Epoch: 371, global_step=5683200
SPS: 2046
Epoch: 372, global_step=5698560
SPS: 2046
Epoch: 373, global_step=5713920
SPS: 2047
Epoch: 374, global_step=5729280
SPS: 2047
Epoch: 375, global_step=5744640
SPS: 2047
Epoch: 376, global_step=5760000
SPS: 2048
Epoch: 377, global_step=5775360
SPS: 2048
Epoch: 378, global_step=5790720
SPS: 2048
Epoch: 379, global_step=5806080
SPS: 2049
Epoch: 380, global_step=5821440
SPS: 2049
Epoch: 381, global_step=5836800
SPS: 2049
Epoch: 382, global_step=5852160
SPS: 2049
Epoch: 383, global_step=5867520
SPS: 2050
Epoch: 384, global_step=5882880
SPS: 2050
Epoch: 385, global_step=5898240
SPS: 2050
Epoch: 386, global_step=5913600
SPS: 2051
Epoch: 387, global_step=5928960
SPS: 2051
Epoch: 388, global_step=5944320
SPS: 2051
Epoch: 389, global_step=5959680
SPS: 2051
Epoch: 390, global_step=5975040
SPS: 2052
Epoch: 391, global_step=5990400
SPS: 2052
Epoch: 392, global_step=6005760
SPS: 2052
Epoch: 393, global_step=6021120
SPS: 2053
Epoch: 394, global_step=6036480
SPS: 2053
Epoch: 395, global_step=6051840
SPS: 2053
Epoch: 396, global_step=6067200
SPS: 2053
Epoch: 397, global_step=6082560
SPS: 2054
Epoch: 398, global_step=6097920
SPS: 2054
Epoch: 399, global_step=6113280
SPS: 2054
Epoch: 400, global_step=6128640
SPS: 2054
Epoch: 401, global_step=6144000
Evaluating
Evaluated 2880 steps resulting in 48 episodes
[32mEvaluation Metric: success_once[0m | [36mMean: 0.3958[0m
[32mEvaluation Metric: return[0m | [36mMean: 14.3963[0m
[32mEvaluation Metric: episode_len[0m | [36mMean: 60.0000[0m
[32mEvaluation Metric: reward[0m | [36mMean: 0.2399[0m
[32mEvaluation Metric: success_at_end[0m | [36mMean: 0.2292[0m
model saved to checkpoints/ppo_memtasks/rgb_joints/normalized_dense/RememberColor5-v0/ppo-mlp-dense-remember-color-5-v0-s42__42__rgb_joints__20251025_130501/20251025_130501/ckpt_8_401.pt
SPS: 2040
Epoch: 402, global_step=6159360
SPS: 2040
Epoch: 403, global_step=6174720
SPS: 2041
Epoch: 404, global_step=6190080
SPS: 2041
Epoch: 405, global_step=6205440
SPS: 2041
Epoch: 406, global_step=6220800
SPS: 2042
Epoch: 407, global_step=6236160
SPS: 2042
Epoch: 408, global_step=6251520
SPS: 2042
Epoch: 409, global_step=6266880
SPS: 2043
Epoch: 410, global_step=6282240
SPS: 2043
Epoch: 411, global_step=6297600
SPS: 2043
Epoch: 412, global_step=6312960
SPS: 2043
Epoch: 413, global_step=6328320
SPS: 2044
Epoch: 414, global_step=6343680
SPS: 2044
Epoch: 415, global_step=6359040
SPS: 2044
Epoch: 416, global_step=6374400
SPS: 2045
Epoch: 417, global_step=6389760
SPS: 2045
Epoch: 418, global_step=6405120
SPS: 2045
Epoch: 419, global_step=6420480
SPS: 2045
Epoch: 420, global_step=6435840
SPS: 2046
Epoch: 421, global_step=6451200
SPS: 2046
Epoch: 422, global_step=6466560
SPS: 2046
Epoch: 423, global_step=6481920
SPS: 2047
Epoch: 424, global_step=6497280
SPS: 2047
Epoch: 425, global_step=6512640
SPS: 2047
Epoch: 426, global_step=6528000
SPS: 2047
Epoch: 427, global_step=6543360
SPS: 2047
Epoch: 428, global_step=6558720
SPS: 2048
Epoch: 429, global_step=6574080
SPS: 2048
Epoch: 430, global_step=6589440
SPS: 2048
Epoch: 431, global_step=6604800
SPS: 2048
Epoch: 432, global_step=6620160
SPS: 2049
Epoch: 433, global_step=6635520
SPS: 2049
Epoch: 434, global_step=6650880
SPS: 2049
Epoch: 435, global_step=6666240
SPS: 2049
Epoch: 436, global_step=6681600
SPS: 2050
Epoch: 437, global_step=6696960
SPS: 2050
Epoch: 438, global_step=6712320
SPS: 2050
Epoch: 439, global_step=6727680
SPS: 2050
Epoch: 440, global_step=6743040
SPS: 2051
Epoch: 441, global_step=6758400
SPS: 2051
Epoch: 442, global_step=6773760
SPS: 2051
Epoch: 443, global_step=6789120
SPS: 2051
Epoch: 444, global_step=6804480
SPS: 2052
Epoch: 445, global_step=6819840
SPS: 2052
Epoch: 446, global_step=6835200
SPS: 2052
Epoch: 447, global_step=6850560
SPS: 2052
Epoch: 448, global_step=6865920
SPS: 2053
Epoch: 449, global_step=6881280
SPS: 2053
Epoch: 450, global_step=6896640
SPS: 2053
Epoch: 451, global_step=6912000
Evaluating
Evaluated 2880 steps resulting in 48 episodes
[32mEvaluation Metric: success_once[0m | [36mMean: 0.2292[0m
[32mEvaluation Metric: return[0m | [36mMean: 14.2568[0m
[32mEvaluation Metric: episode_len[0m | [36mMean: 60.0000[0m
[32mEvaluation Metric: reward[0m | [36mMean: 0.2376[0m
[32mEvaluation Metric: success_at_end[0m | [36mMean: 0.2083[0m
model saved to checkpoints/ppo_memtasks/rgb_joints/normalized_dense/RememberColor5-v0/ppo-mlp-dense-remember-color-5-v0-s42__42__rgb_joints__20251025_130501/20251025_130501/ckpt_9_451.pt
SPS: 2042
Epoch: 452, global_step=6927360
SPS: 2042
Epoch: 453, global_step=6942720
SPS: 2042
Epoch: 454, global_step=6958080
SPS: 2042
Epoch: 455, global_step=6973440
SPS: 2043
Epoch: 456, global_step=6988800
SPS: 2043
Epoch: 457, global_step=7004160
SPS: 2043
Epoch: 458, global_step=7019520
SPS: 2043
Epoch: 459, global_step=7034880
SPS: 2044
Epoch: 460, global_step=7050240
SPS: 2044
Epoch: 461, global_step=7065600
SPS: 2044
Epoch: 462, global_step=7080960
SPS: 2045
Epoch: 463, global_step=7096320
SPS: 2045
Epoch: 464, global_step=7111680
SPS: 2045
Epoch: 465, global_step=7127040
SPS: 2045
Epoch: 466, global_step=7142400
SPS: 2046
Epoch: 467, global_step=7157760
SPS: 2046
Epoch: 468, global_step=7173120
SPS: 2046
Epoch: 469, global_step=7188480
SPS: 2046
Epoch: 470, global_step=7203840
SPS: 2047
Epoch: 471, global_step=7219200
SPS: 2047
Epoch: 472, global_step=7234560
SPS: 2047
Epoch: 473, global_step=7249920
SPS: 2048
Epoch: 474, global_step=7265280
SPS: 2048
Epoch: 475, global_step=7280640
SPS: 2048
Epoch: 476, global_step=7296000
SPS: 2048
Epoch: 477, global_step=7311360
SPS: 2049
Epoch: 478, global_step=7326720
SPS: 2049
Epoch: 479, global_step=7342080
SPS: 2049
Epoch: 480, global_step=7357440
SPS: 2049
Epoch: 481, global_step=7372800
SPS: 2050
Epoch: 482, global_step=7388160
SPS: 2050
Epoch: 483, global_step=7403520
SPS: 2050
Epoch: 484, global_step=7418880
SPS: 2050
Epoch: 485, global_step=7434240
SPS: 2051
Epoch: 486, global_step=7449600
SPS: 2051
Epoch: 487, global_step=7464960
SPS: 2051
Epoch: 488, global_step=7480320
SPS: 2051
Epoch: 489, global_step=7495680
SPS: 2052
Epoch: 490, global_step=7511040
SPS: 2052
Epoch: 491, global_step=7526400
SPS: 2052
Epoch: 492, global_step=7541760
SPS: 2052
Epoch: 493, global_step=7557120
SPS: 2053
Epoch: 494, global_step=7572480
SPS: 2053
Epoch: 495, global_step=7587840
SPS: 2053
Epoch: 496, global_step=7603200
SPS: 2054
Epoch: 497, global_step=7618560
SPS: 2054
Epoch: 498, global_step=7633920
SPS: 2054
Epoch: 499, global_step=7649280
SPS: 2054
Epoch: 500, global_step=7664640
SPS: 2055
Epoch: 501, global_step=7680000
Evaluating
Evaluated 2880 steps resulting in 48 episodes
[32mEvaluation Metric: success_once[0m | [36mMean: 0.2083[0m
[32mEvaluation Metric: return[0m | [36mMean: 13.1520[0m
[32mEvaluation Metric: episode_len[0m | [36mMean: 60.0000[0m
[32mEvaluation Metric: reward[0m | [36mMean: 0.2192[0m
[32mEvaluation Metric: success_at_end[0m | [36mMean: 0.2083[0m
model saved to checkpoints/ppo_memtasks/rgb_joints/normalized_dense/RememberColor5-v0/ppo-mlp-dense-remember-color-5-v0-s42__42__rgb_joints__20251025_130501/20251025_130501/ckpt_10_501.pt
SPS: 2044
Epoch: 502, global_step=7695360
SPS: 2044
Epoch: 503, global_step=7710720
SPS: 2045
Epoch: 504, global_step=7726080
SPS: 2045
Epoch: 505, global_step=7741440
SPS: 2045
Epoch: 506, global_step=7756800
SPS: 2045
Epoch: 507, global_step=7772160
SPS: 2046
Epoch: 508, global_step=7787520
SPS: 2046
Epoch: 509, global_step=7802880
SPS: 2046
Epoch: 510, global_step=7818240
SPS: 2046
Epoch: 511, global_step=7833600
SPS: 2047
Epoch: 512, global_step=7848960
SPS: 2047
Epoch: 513, global_step=7864320
SPS: 2047
Epoch: 514, global_step=7879680
SPS: 2047
Epoch: 515, global_step=7895040
SPS: 2048
Epoch: 516, global_step=7910400
SPS: 2048
Epoch: 517, global_step=7925760
SPS: 2048
Epoch: 518, global_step=7941120
SPS: 2048
Epoch: 519, global_step=7956480
SPS: 2049
Epoch: 520, global_step=7971840
SPS: 2049
Epoch: 521, global_step=7987200
SPS: 2049
Epoch: 522, global_step=8002560
SPS: 2049
Epoch: 523, global_step=8017920
SPS: 2050
Epoch: 524, global_step=8033280
SPS: 2050
Epoch: 525, global_step=8048640
SPS: 2050
Epoch: 526, global_step=8064000
SPS: 2050
Epoch: 527, global_step=8079360
SPS: 2051
Epoch: 528, global_step=8094720
SPS: 2051
Epoch: 529, global_step=8110080
SPS: 2051
Epoch: 530, global_step=8125440
SPS: 2051
Epoch: 531, global_step=8140800
SPS: 2051
Epoch: 532, global_step=8156160
SPS: 2052
Epoch: 533, global_step=8171520
SPS: 2052
Epoch: 534, global_step=8186880
SPS: 2052
Epoch: 535, global_step=8202240
SPS: 2052
Epoch: 536, global_step=8217600
SPS: 2053
Epoch: 537, global_step=8232960
SPS: 2053
Epoch: 538, global_step=8248320
SPS: 2053
Epoch: 539, global_step=8263680
SPS: 2053
Epoch: 540, global_step=8279040
SPS: 2054
Epoch: 541, global_step=8294400
SPS: 2054
Epoch: 542, global_step=8309760
SPS: 2054
Epoch: 543, global_step=8325120
SPS: 2054
Epoch: 544, global_step=8340480
SPS: 2055
Epoch: 545, global_step=8355840
SPS: 2055
Epoch: 546, global_step=8371200
SPS: 2055
Epoch: 547, global_step=8386560
SPS: 2055
Epoch: 548, global_step=8401920
SPS: 2056
Epoch: 549, global_step=8417280
SPS: 2056
Epoch: 550, global_step=8432640
SPS: 2056
Epoch: 551, global_step=8448000
Evaluating
Evaluated 2880 steps resulting in 48 episodes
[32mEvaluation Metric: success_once[0m | [36mMean: 0.2500[0m
[32mEvaluation Metric: return[0m | [36mMean: 15.5325[0m
[32mEvaluation Metric: episode_len[0m | [36mMean: 60.0000[0m
[32mEvaluation Metric: reward[0m | [36mMean: 0.2589[0m
[32mEvaluation Metric: success_at_end[0m | [36mMean: 0.2500[0m
model saved to checkpoints/ppo_memtasks/rgb_joints/normalized_dense/RememberColor5-v0/ppo-mlp-dense-remember-color-5-v0-s42__42__rgb_joints__20251025_130501/20251025_130501/ckpt_11_551.pt
SPS: 2046
Epoch: 552, global_step=8463360
SPS: 2047
Epoch: 553, global_step=8478720
SPS: 2047
Epoch: 554, global_step=8494080
SPS: 2047
Epoch: 555, global_step=8509440
SPS: 2047
Epoch: 556, global_step=8524800
SPS: 2048
Epoch: 557, global_step=8540160
SPS: 2048
Epoch: 558, global_step=8555520
SPS: 2048
Epoch: 559, global_step=8570880
SPS: 2048
Epoch: 560, global_step=8586240
SPS: 2048
Epoch: 561, global_step=8601600
SPS: 2049
Epoch: 562, global_step=8616960
SPS: 2049
Epoch: 563, global_step=8632320
SPS: 2049
Epoch: 564, global_step=8647680
SPS: 2049
Epoch: 565, global_step=8663040
SPS: 2050
Epoch: 566, global_step=8678400
SPS: 2050
Epoch: 567, global_step=8693760
SPS: 2050
Epoch: 568, global_step=8709120
SPS: 2050
Epoch: 569, global_step=8724480
SPS: 2051
Epoch: 570, global_step=8739840
SPS: 2051
Epoch: 571, global_step=8755200
SPS: 2051
Epoch: 572, global_step=8770560
SPS: 2051
Epoch: 573, global_step=8785920
SPS: 2051
Epoch: 574, global_step=8801280
SPS: 2052
Epoch: 575, global_step=8816640
SPS: 2052
Epoch: 576, global_step=8832000
SPS: 2052
Epoch: 577, global_step=8847360
SPS: 2052
Epoch: 578, global_step=8862720
SPS: 2052
Epoch: 579, global_step=8878080
SPS: 2053
Epoch: 580, global_step=8893440
SPS: 2053
Epoch: 581, global_step=8908800
SPS: 2053
Epoch: 582, global_step=8924160
SPS: 2053
Epoch: 583, global_step=8939520
SPS: 2053
Epoch: 584, global_step=8954880
SPS: 2054
Epoch: 585, global_step=8970240
SPS: 2054
Epoch: 586, global_step=8985600
SPS: 2054
Epoch: 587, global_step=9000960
SPS: 2054
Epoch: 588, global_step=9016320
SPS: 2055
Epoch: 589, global_step=9031680
SPS: 2055
Epoch: 590, global_step=9047040
SPS: 2055
Epoch: 591, global_step=9062400
SPS: 2055
Epoch: 592, global_step=9077760
SPS: 2055
Epoch: 593, global_step=9093120
SPS: 2056
Epoch: 594, global_step=9108480
SPS: 2056
Epoch: 595, global_step=9123840
SPS: 2056
Epoch: 596, global_step=9139200
SPS: 2056
Epoch: 597, global_step=9154560
SPS: 2056
Epoch: 598, global_step=9169920
SPS: 2057
Epoch: 599, global_step=9185280
SPS: 2057
Epoch: 600, global_step=9200640
SPS: 2057
Epoch: 601, global_step=9216000
Evaluating
Evaluated 2880 steps resulting in 48 episodes
[32mEvaluation Metric: success_once[0m | [36mMean: 0.4792[0m
[32mEvaluation Metric: return[0m | [36mMean: 22.0946[0m
[32mEvaluation Metric: episode_len[0m | [36mMean: 60.0000[0m
[32mEvaluation Metric: reward[0m | [36mMean: 0.3682[0m
[32mEvaluation Metric: success_at_end[0m | [36mMean: 0.4792[0m
model saved to checkpoints/ppo_memtasks/rgb_joints/normalized_dense/RememberColor5-v0/ppo-mlp-dense-remember-color-5-v0-s42__42__rgb_joints__20251025_130501/20251025_130501/ckpt_12_601.pt
SPS: 2048
Epoch: 602, global_step=9231360
SPS: 2049
Epoch: 603, global_step=9246720
SPS: 2049
Epoch: 604, global_step=9262080
SPS: 2049
Epoch: 605, global_step=9277440
SPS: 2049
Epoch: 606, global_step=9292800
SPS: 2050
Epoch: 607, global_step=9308160
SPS: 2050
Epoch: 608, global_step=9323520
SPS: 2050
Epoch: 609, global_step=9338880
SPS: 2050
Epoch: 610, global_step=9354240
SPS: 2050
Epoch: 611, global_step=9369600
SPS: 2051
Epoch: 612, global_step=9384960
SPS: 2051
Epoch: 613, global_step=9400320
SPS: 2051
Epoch: 614, global_step=9415680
SPS: 2051
Epoch: 615, global_step=9431040
SPS: 2052
Epoch: 616, global_step=9446400
SPS: 2052
Epoch: 617, global_step=9461760
SPS: 2052
Epoch: 618, global_step=9477120
SPS: 2052
Epoch: 619, global_step=9492480
SPS: 2052
Epoch: 620, global_step=9507840
SPS: 2053
Epoch: 621, global_step=9523200
SPS: 2053
Epoch: 622, global_step=9538560
SPS: 2053
Epoch: 623, global_step=9553920
SPS: 2053
Epoch: 624, global_step=9569280
SPS: 2053
Epoch: 625, global_step=9584640
SPS: 2054
Epoch: 626, global_step=9600000
SPS: 2054
Epoch: 627, global_step=9615360
SPS: 2054
Epoch: 628, global_step=9630720
SPS: 2054
Epoch: 629, global_step=9646080
SPS: 2055
Epoch: 630, global_step=9661440
SPS: 2055
Epoch: 631, global_step=9676800
SPS: 2055
Epoch: 632, global_step=9692160
SPS: 2055
Epoch: 633, global_step=9707520
SPS: 2055
Epoch: 634, global_step=9722880
SPS: 2056
Epoch: 635, global_step=9738240
SPS: 2056
Epoch: 636, global_step=9753600
SPS: 2056
Epoch: 637, global_step=9768960
SPS: 2056
Epoch: 638, global_step=9784320
SPS: 2056
Epoch: 639, global_step=9799680
SPS: 2057
Epoch: 640, global_step=9815040
SPS: 2057
Epoch: 641, global_step=9830400
SPS: 2057
Epoch: 642, global_step=9845760
SPS: 2057
Epoch: 643, global_step=9861120
SPS: 2057
Epoch: 644, global_step=9876480
SPS: 2058
Epoch: 645, global_step=9891840
SPS: 2058
Epoch: 646, global_step=9907200
SPS: 2058
Epoch: 647, global_step=9922560
SPS: 2058
Epoch: 648, global_step=9937920
SPS: 2058
Epoch: 649, global_step=9953280
SPS: 2059
Epoch: 650, global_step=9968640
SPS: 2059
Epoch: 651, global_step=9984000
Evaluating
Evaluated 2880 steps resulting in 48 episodes
[32mEvaluation Metric: success_once[0m | [36mMean: 0.2708[0m
[32mEvaluation Metric: return[0m | [36mMean: 15.1113[0m
[32mEvaluation Metric: episode_len[0m | [36mMean: 60.0000[0m
[32mEvaluation Metric: reward[0m | [36mMean: 0.2519[0m
[32mEvaluation Metric: success_at_end[0m | [36mMean: 0.2500[0m
model saved to checkpoints/ppo_memtasks/rgb_joints/normalized_dense/RememberColor5-v0/ppo-mlp-dense-remember-color-5-v0-s42__42__rgb_joints__20251025_130501/20251025_130501/ckpt_13_651.pt
SPS: 2051
Epoch: 652, global_step=9999360
SPS: 2051
Epoch: 653, global_step=10014720
SPS: 2051
Epoch: 654, global_step=10030080
SPS: 2051
Epoch: 655, global_step=10045440
SPS: 2052
Epoch: 656, global_step=10060800
SPS: 2052
Epoch: 657, global_step=10076160
SPS: 2052
Epoch: 658, global_step=10091520
SPS: 2052
Epoch: 659, global_step=10106880
SPS: 2052
Epoch: 660, global_step=10122240
SPS: 2053
Epoch: 661, global_step=10137600
SPS: 2053
Epoch: 662, global_step=10152960
SPS: 2053
Epoch: 663, global_step=10168320
SPS: 2053
Epoch: 664, global_step=10183680
SPS: 2053
Epoch: 665, global_step=10199040
SPS: 2054
Epoch: 666, global_step=10214400
SPS: 2054
Epoch: 667, global_step=10229760
SPS: 2054
Epoch: 668, global_step=10245120
SPS: 2054
Epoch: 669, global_step=10260480
SPS: 2054
Epoch: 670, global_step=10275840
SPS: 2054
Epoch: 671, global_step=10291200
SPS: 2055
Epoch: 672, global_step=10306560
SPS: 2055
Epoch: 673, global_step=10321920
SPS: 2055
Epoch: 674, global_step=10337280
SPS: 2055
Epoch: 675, global_step=10352640
SPS: 2055
Epoch: 676, global_step=10368000
SPS: 2056
Epoch: 677, global_step=10383360
SPS: 2056
Epoch: 678, global_step=10398720
SPS: 2056
Epoch: 679, global_step=10414080
SPS: 2056
Epoch: 680, global_step=10429440
SPS: 2056
Epoch: 681, global_step=10444800
SPS: 2057
Epoch: 682, global_step=10460160
SPS: 2057
Epoch: 683, global_step=10475520
SPS: 2057
Epoch: 684, global_step=10490880
SPS: 2057
Epoch: 685, global_step=10506240
SPS: 2057
Epoch: 686, global_step=10521600
SPS: 2058
Epoch: 687, global_step=10536960
SPS: 2058
Epoch: 688, global_step=10552320
SPS: 2058
Epoch: 689, global_step=10567680
SPS: 2058
Epoch: 690, global_step=10583040
SPS: 2058
Epoch: 691, global_step=10598400
SPS: 2058
Epoch: 692, global_step=10613760
SPS: 2059
Epoch: 693, global_step=10629120
SPS: 2059
Epoch: 694, global_step=10644480
SPS: 2059
Epoch: 695, global_step=10659840
SPS: 2059
Epoch: 696, global_step=10675200
SPS: 2059
Epoch: 697, global_step=10690560
SPS: 2059
Epoch: 698, global_step=10705920
SPS: 2060
Epoch: 699, global_step=10721280
SPS: 2060
Epoch: 700, global_step=10736640
SPS: 2060
Epoch: 701, global_step=10752000
Evaluating
Evaluated 2880 steps resulting in 48 episodes
[32mEvaluation Metric: success_once[0m | [36mMean: 0.2708[0m
[32mEvaluation Metric: return[0m | [36mMean: 14.7685[0m
[32mEvaluation Metric: episode_len[0m | [36mMean: 60.0000[0m
[32mEvaluation Metric: reward[0m | [36mMean: 0.2461[0m
[32mEvaluation Metric: success_at_end[0m | [36mMean: 0.2500[0m
model saved to checkpoints/ppo_memtasks/rgb_joints/normalized_dense/RememberColor5-v0/ppo-mlp-dense-remember-color-5-v0-s42__42__rgb_joints__20251025_130501/20251025_130501/ckpt_14_701.pt
SPS: 2053
Epoch: 702, global_step=10767360
SPS: 2053
Epoch: 703, global_step=10782720
SPS: 2053
Epoch: 704, global_step=10798080
SPS: 2053
Epoch: 705, global_step=10813440
SPS: 2053
Epoch: 706, global_step=10828800
SPS: 2053
Epoch: 707, global_step=10844160
SPS: 2054
Epoch: 708, global_step=10859520
SPS: 2054
Epoch: 709, global_step=10874880
SPS: 2054
Epoch: 710, global_step=10890240
SPS: 2054
Epoch: 711, global_step=10905600
SPS: 2054
Epoch: 712, global_step=10920960
SPS: 2054
Epoch: 713, global_step=10936320
SPS: 2055
Epoch: 714, global_step=10951680
SPS: 2055
Epoch: 715, global_step=10967040
SPS: 2055
Epoch: 716, global_step=10982400
SPS: 2055
Epoch: 717, global_step=10997760
SPS: 2055
Epoch: 718, global_step=11013120
SPS: 2056
Epoch: 719, global_step=11028480
SPS: 2056
Epoch: 720, global_step=11043840
SPS: 2056
Epoch: 721, global_step=11059200
SPS: 2056
Epoch: 722, global_step=11074560
SPS: 2056
Epoch: 723, global_step=11089920
SPS: 2056
Epoch: 724, global_step=11105280
SPS: 2057
Epoch: 725, global_step=11120640
SPS: 2057
Epoch: 726, global_step=11136000
SPS: 2057
Epoch: 727, global_step=11151360
SPS: 2057
Epoch: 728, global_step=11166720
SPS: 2057
Epoch: 729, global_step=11182080
SPS: 2057
Epoch: 730, global_step=11197440
SPS: 2058
Epoch: 731, global_step=11212800
SPS: 2058
Epoch: 732, global_step=11228160
SPS: 2058
Epoch: 733, global_step=11243520
SPS: 2058
Epoch: 734, global_step=11258880
SPS: 2058
Epoch: 735, global_step=11274240
SPS: 2058
Epoch: 736, global_step=11289600
SPS: 2059
Epoch: 737, global_step=11304960
SPS: 2059
Epoch: 738, global_step=11320320
SPS: 2059
Epoch: 739, global_step=11335680
SPS: 2059
Epoch: 740, global_step=11351040
SPS: 2059
Epoch: 741, global_step=11366400
SPS: 2059
Epoch: 742, global_step=11381760
SPS: 2060
Epoch: 743, global_step=11397120
SPS: 2060
Epoch: 744, global_step=11412480
SPS: 2060
Epoch: 745, global_step=11427840
SPS: 2060
Epoch: 746, global_step=11443200
SPS: 2060
Epoch: 747, global_step=11458560
SPS: 2061
Epoch: 748, global_step=11473920
SPS: 2061
Epoch: 749, global_step=11489280
SPS: 2061
Epoch: 750, global_step=11504640
SPS: 2061
Epoch: 751, global_step=11520000
Evaluating
Evaluated 2880 steps resulting in 48 episodes
[32mEvaluation Metric: success_once[0m | [36mMean: 0.2292[0m
[32mEvaluation Metric: return[0m | [36mMean: 13.1726[0m
[32mEvaluation Metric: episode_len[0m | [36mMean: 60.0000[0m
[32mEvaluation Metric: reward[0m | [36mMean: 0.2195[0m
[32mEvaluation Metric: success_at_end[0m | [36mMean: 0.2083[0m
model saved to checkpoints/ppo_memtasks/rgb_joints/normalized_dense/RememberColor5-v0/ppo-mlp-dense-remember-color-5-v0-s42__42__rgb_joints__20251025_130501/20251025_130501/ckpt_15_751.pt
SPS: 2054
Epoch: 752, global_step=11535360
SPS: 2054
Epoch: 753, global_step=11550720
SPS: 2054
Epoch: 754, global_step=11566080
SPS: 2055
Epoch: 755, global_step=11581440
SPS: 2055
Epoch: 756, global_step=11596800
SPS: 2055
Epoch: 757, global_step=11612160
SPS: 2055
Epoch: 758, global_step=11627520
SPS: 2055
Epoch: 759, global_step=11642880
SPS: 2055
Epoch: 760, global_step=11658240
SPS: 2056
Epoch: 761, global_step=11673600
SPS: 2056
Epoch: 762, global_step=11688960
SPS: 2056
Epoch: 763, global_step=11704320
SPS: 2056
Epoch: 764, global_step=11719680
SPS: 2056
Epoch: 765, global_step=11735040
SPS: 2056
Epoch: 766, global_step=11750400
SPS: 2056
Epoch: 767, global_step=11765760
SPS: 2057
Epoch: 768, global_step=11781120
SPS: 2057
Epoch: 769, global_step=11796480
SPS: 2057
Epoch: 770, global_step=11811840
SPS: 2057
Epoch: 771, global_step=11827200
SPS: 2057
Epoch: 772, global_step=11842560
SPS: 2057
Epoch: 773, global_step=11857920
SPS: 2058
Epoch: 774, global_step=11873280
SPS: 2058
Epoch: 775, global_step=11888640
SPS: 2058
Epoch: 776, global_step=11904000
SPS: 2058
Epoch: 777, global_step=11919360
SPS: 2058
Epoch: 778, global_step=11934720
SPS: 2058
Epoch: 779, global_step=11950080
SPS: 2059
Epoch: 780, global_step=11965440
SPS: 2059
Epoch: 781, global_step=11980800
SPS: 2059
Epoch: 782, global_step=11996160
SPS: 2059
Epoch: 783, global_step=12011520
SPS: 2059
Epoch: 784, global_step=12026880
SPS: 2059
Epoch: 785, global_step=12042240
SPS: 2060
Epoch: 786, global_step=12057600
SPS: 2060
Epoch: 787, global_step=12072960
SPS: 2060
Epoch: 788, global_step=12088320
SPS: 2060
Epoch: 789, global_step=12103680
SPS: 2060
Epoch: 790, global_step=12119040
SPS: 2060
Epoch: 791, global_step=12134400
SPS: 2060
Epoch: 792, global_step=12149760
SPS: 2061
Epoch: 793, global_step=12165120
SPS: 2061
Epoch: 794, global_step=12180480
SPS: 2061
Epoch: 795, global_step=12195840
SPS: 2061
Epoch: 796, global_step=12211200
SPS: 2061
Epoch: 797, global_step=12226560
SPS: 2061
Epoch: 798, global_step=12241920
SPS: 2062
Epoch: 799, global_step=12257280
SPS: 2062
Epoch: 800, global_step=12272640
SPS: 2062
Epoch: 801, global_step=12288000
Evaluating
Evaluated 2880 steps resulting in 48 episodes
[32mEvaluation Metric: success_once[0m | [36mMean: 0.3125[0m
[32mEvaluation Metric: return[0m | [36mMean: 16.8724[0m
[32mEvaluation Metric: episode_len[0m | [36mMean: 60.0000[0m
[32mEvaluation Metric: reward[0m | [36mMean: 0.2812[0m
[32mEvaluation Metric: success_at_end[0m | [36mMean: 0.3125[0m
model saved to checkpoints/ppo_memtasks/rgb_joints/normalized_dense/RememberColor5-v0/ppo-mlp-dense-remember-color-5-v0-s42__42__rgb_joints__20251025_130501/20251025_130501/ckpt_16_801.pt
SPS: 2055
Epoch: 802, global_step=12303360
SPS: 2055
Epoch: 803, global_step=12318720
SPS: 2056
Epoch: 804, global_step=12334080
SPS: 2056
Epoch: 805, global_step=12349440
SPS: 2056
Epoch: 806, global_step=12364800
SPS: 2056
Epoch: 807, global_step=12380160
SPS: 2056
Epoch: 808, global_step=12395520
SPS: 2056
Epoch: 809, global_step=12410880
SPS: 2057
Epoch: 810, global_step=12426240
SPS: 2057
Epoch: 811, global_step=12441600
SPS: 2057
Epoch: 812, global_step=12456960
SPS: 2057
Epoch: 813, global_step=12472320
SPS: 2057
Epoch: 814, global_step=12487680
SPS: 2057
Epoch: 815, global_step=12503040
SPS: 2058
Epoch: 816, global_step=12518400
SPS: 2058
Epoch: 817, global_step=12533760
SPS: 2058
Epoch: 818, global_step=12549120
SPS: 2058
Epoch: 819, global_step=12564480
SPS: 2058
Epoch: 820, global_step=12579840
SPS: 2058
Epoch: 821, global_step=12595200
SPS: 2058
Epoch: 822, global_step=12610560
SPS: 2059
Epoch: 823, global_step=12625920
SPS: 2059
Epoch: 824, global_step=12641280
SPS: 2059
Epoch: 825, global_step=12656640
SPS: 2059
Epoch: 826, global_step=12672000
SPS: 2059
Epoch: 827, global_step=12687360
SPS: 2059
Epoch: 828, global_step=12702720
SPS: 2060
Epoch: 829, global_step=12718080
SPS: 2060
Epoch: 830, global_step=12733440
SPS: 2060
Epoch: 831, global_step=12748800
SPS: 2060
Epoch: 832, global_step=12764160
SPS: 2060
Epoch: 833, global_step=12779520
SPS: 2060
Epoch: 834, global_step=12794880
SPS: 2060
Epoch: 835, global_step=12810240
SPS: 2061
Epoch: 836, global_step=12825600
SPS: 2061
Epoch: 837, global_step=12840960
SPS: 2061
Epoch: 838, global_step=12856320
SPS: 2061
Epoch: 839, global_step=12871680
SPS: 2061
Epoch: 840, global_step=12887040
SPS: 2061
Epoch: 841, global_step=12902400
SPS: 2062
Epoch: 842, global_step=12917760
SPS: 2062
Epoch: 843, global_step=12933120
SPS: 2062
Epoch: 844, global_step=12948480
SPS: 2062
Epoch: 845, global_step=12963840
SPS: 2062
Epoch: 846, global_step=12979200
SPS: 2062
model saved to checkpoints/ppo_memtasks/rgb_joints/normalized_dense/RememberColor5-v0/ppo-mlp-dense-remember-color-5-v0-s42__42__rgb_joints__20251025_130501/20251025_130501/final_ckpt.pt
Running RememberColor5-v0 with seed 33

===========================================================================
║                        Environment Configuration                        ║
===========================================================================
║ Environment ID: RememberColor5-v0                                       ║
║ Oracle Info:    None                                                    ║
║ Wrappers:                                                               ║
║    ├─ InitialZeroActionWrapper                                         ║
║    │  └─ {'n_initial_steps': 0}                                           ║
║    ├─ RememberColorInfoWrapper                                         ║
║    ├─ RenderStepInfoWrapper                                            ║
║    ├─ RenderRewardInfoWrapper                                          ║
║    ├─ DebugRewardWrapper                                               ║
║-------------------------------------------------------------------------║
║ include_state:       False │ state will not be used                ║
║ include_rgb:         True  │ rgb images will be used               ║
║ include_oracle:      False │ oracle info will not be used          ║
║ include_joints:      True  │ joints will be used                   ║
===========================================================================

MODE='rgb_joints'
prompt_info=None
Saving eval videos to checkpoints/ppo_memtasks/rgb_joints/normalized_dense/RememberColor5-v0/ppo-mlp-dense-remember-color-5-v0-s33__33__rgb_joints__20251025_145012/20251025_145012/videos
======================================================================
Max Episode Steps: 60
======================================================================

Running training

####
args.num_iterations=846 args.num_envs=256 args.num_eval_envs=16
args.minibatch_size=1920 args.batch_size=15360 args.update_epochs=4
####

sample_obs.keys()=dict_keys(['joints', 'rgb'])
joints: torch.Size([256, 25])
rgb: torch.Size([256, 128, 128, 3])


Epoch: 1, global_step=0
Evaluating
Evaluated 2880 steps resulting in 48 episodes
[32mEvaluation Metric: success_once[0m | [36mMean: 0.0000[0m
[32mEvaluation Metric: return[0m | [36mMean: 9.8452[0m
[32mEvaluation Metric: episode_len[0m | [36mMean: 60.0000[0m
[32mEvaluation Metric: reward[0m | [36mMean: 0.1641[0m
[32mEvaluation Metric: success_at_end[0m | [36mMean: 0.0000[0m
model saved to checkpoints/ppo_memtasks/rgb_joints/normalized_dense/RememberColor5-v0/ppo-mlp-dense-remember-color-5-v0-s33__33__rgb_joints__20251025_145012/20251025_145012/ckpt_0_1.pt
SPS: 622
Epoch: 2, global_step=15360
SPS: 994
Epoch: 3, global_step=30720
SPS: 1240
Epoch: 4, global_step=46080
SPS: 1413
Epoch: 5, global_step=61440
SPS: 1539
Epoch: 6, global_step=76800
SPS: 1633
Epoch: 7, global_step=92160
SPS: 1706
Epoch: 8, global_step=107520
SPS: 1763
Epoch: 9, global_step=122880
SPS: 1809
Epoch: 10, global_step=138240
SPS: 1845
Epoch: 11, global_step=153600
SPS: 1876
Epoch: 12, global_step=168960
SPS: 1902
Epoch: 13, global_step=184320
SPS: 1924
Epoch: 14, global_step=199680
SPS: 1944
Epoch: 15, global_step=215040
SPS: 1961
Epoch: 16, global_step=230400
SPS: 1977
Epoch: 17, global_step=245760
SPS: 1990
Epoch: 18, global_step=261120
SPS: 2002
Epoch: 19, global_step=276480
SPS: 2012
Epoch: 20, global_step=291840
SPS: 2021
Epoch: 21, global_step=307200
SPS: 2030
Epoch: 22, global_step=322560
SPS: 2037
Epoch: 23, global_step=337920
SPS: 2044
Epoch: 24, global_step=353280
SPS: 2050
Epoch: 25, global_step=368640
SPS: 2055
Epoch: 26, global_step=384000
SPS: 2060
Epoch: 27, global_step=399360
SPS: 2065
Epoch: 28, global_step=414720
SPS: 2069
Epoch: 29, global_step=430080
SPS: 2073
Epoch: 30, global_step=445440
SPS: 2076
Epoch: 31, global_step=460800
SPS: 2080
Epoch: 32, global_step=476160
SPS: 2083
Epoch: 33, global_step=491520
SPS: 2086
Epoch: 34, global_step=506880
SPS: 2088
Epoch: 35, global_step=522240
SPS: 2091
Epoch: 36, global_step=537600
SPS: 2093
Epoch: 37, global_step=552960
SPS: 2095
Epoch: 38, global_step=568320
SPS: 2097
Epoch: 39, global_step=583680
SPS: 2099
Epoch: 40, global_step=599040
SPS: 2101
Epoch: 41, global_step=614400
SPS: 2103
Epoch: 42, global_step=629760
SPS: 2104
Epoch: 43, global_step=645120
SPS: 2106
Epoch: 44, global_step=660480
SPS: 2107
Epoch: 45, global_step=675840
SPS: 2109
Epoch: 46, global_step=691200
SPS: 2110
Epoch: 47, global_step=706560
SPS: 2111
Epoch: 48, global_step=721920
SPS: 2113
Epoch: 49, global_step=737280
SPS: 2114
Epoch: 50, global_step=752640
SPS: 2115
Epoch: 51, global_step=768000
Evaluating
Evaluated 2880 steps resulting in 48 episodes
[32mEvaluation Metric: success_once[0m | [36mMean: 0.2917[0m
[32mEvaluation Metric: return[0m | [36mMean: 5.2302[0m
[32mEvaluation Metric: episode_len[0m | [36mMean: 60.0000[0m
[32mEvaluation Metric: reward[0m | [36mMean: 0.0872[0m
[32mEvaluation Metric: success_at_end[0m | [36mMean: 0.0833[0m
model saved to checkpoints/ppo_memtasks/rgb_joints/normalized_dense/RememberColor5-v0/ppo-mlp-dense-remember-color-5-v0-s33__33__rgb_joints__20251025_145012/20251025_145012/ckpt_1_51.pt
SPS: 2005
Epoch: 52, global_step=783360
SPS: 2008
Epoch: 53, global_step=798720
SPS: 2011
Epoch: 54, global_step=814080
SPS: 2014
Epoch: 55, global_step=829440
SPS: 2016
Epoch: 56, global_step=844800
SPS: 2019
Epoch: 57, global_step=860160
SPS: 2021
Epoch: 58, global_step=875520
SPS: 2024
Epoch: 59, global_step=890880
SPS: 2026
Epoch: 60, global_step=906240
SPS: 2028
Epoch: 61, global_step=921600
SPS: 2031
Epoch: 62, global_step=936960
SPS: 2033
Epoch: 63, global_step=952320
SPS: 2035
Epoch: 64, global_step=967680
SPS: 2037
Epoch: 65, global_step=983040
SPS: 2039
Epoch: 66, global_step=998400
SPS: 2041
Epoch: 67, global_step=1013760
SPS: 2042
Epoch: 68, global_step=1029120
SPS: 2044
Epoch: 69, global_step=1044480
SPS: 2046
Epoch: 70, global_step=1059840
SPS: 2048
Epoch: 71, global_step=1075200
SPS: 2049
Epoch: 72, global_step=1090560
SPS: 2051
Epoch: 73, global_step=1105920
SPS: 2052
Epoch: 74, global_step=1121280
SPS: 2054
Epoch: 75, global_step=1136640
SPS: 2055
Epoch: 76, global_step=1152000
SPS: 2056
Epoch: 77, global_step=1167360
SPS: 2058
Epoch: 78, global_step=1182720
SPS: 2059
Epoch: 79, global_step=1198080
SPS: 2060
Epoch: 80, global_step=1213440
SPS: 2061
Epoch: 81, global_step=1228800
SPS: 2063
Epoch: 82, global_step=1244160
SPS: 2064
Epoch: 83, global_step=1259520
SPS: 2065
Epoch: 84, global_step=1274880
SPS: 2066
Epoch: 85, global_step=1290240
SPS: 2067
Epoch: 86, global_step=1305600
SPS: 2068
Epoch: 87, global_step=1320960
SPS: 2069
Epoch: 88, global_step=1336320
SPS: 2070
Epoch: 89, global_step=1351680
SPS: 2071
Epoch: 90, global_step=1367040
SPS: 2072
Epoch: 91, global_step=1382400
SPS: 2073
Epoch: 92, global_step=1397760
SPS: 2074
Epoch: 93, global_step=1413120
SPS: 2075
Epoch: 94, global_step=1428480
SPS: 2076
Epoch: 95, global_step=1443840
SPS: 2077
Epoch: 96, global_step=1459200
SPS: 2078
Epoch: 97, global_step=1474560
SPS: 2079
Epoch: 98, global_step=1489920
SPS: 2080
Epoch: 99, global_step=1505280
SPS: 2081
Epoch: 100, global_step=1520640
SPS: 2081
Epoch: 101, global_step=1536000
Evaluating
Evaluated 2880 steps resulting in 48 episodes
[32mEvaluation Metric: success_once[0m | [36mMean: 0.2917[0m
[32mEvaluation Metric: return[0m | [36mMean: 5.6357[0m
[32mEvaluation Metric: episode_len[0m | [36mMean: 60.0000[0m
[32mEvaluation Metric: reward[0m | [36mMean: 0.0939[0m
[32mEvaluation Metric: success_at_end[0m | [36mMean: 0.1042[0m
model saved to checkpoints/ppo_memtasks/rgb_joints/normalized_dense/RememberColor5-v0/ppo-mlp-dense-remember-color-5-v0-s33__33__rgb_joints__20251025_145012/20251025_145012/ckpt_2_101.pt
SPS: 2028
Epoch: 102, global_step=1551360
SPS: 2030
Epoch: 103, global_step=1566720
SPS: 2031
Epoch: 104, global_step=1582080
SPS: 2033
Epoch: 105, global_step=1597440
SPS: 2035
Epoch: 106, global_step=1612800
SPS: 2036
Epoch: 107, global_step=1628160
SPS: 2038
Epoch: 108, global_step=1643520
SPS: 2039
Epoch: 109, global_step=1658880
SPS: 2041
Epoch: 110, global_step=1674240
SPS: 2042
Epoch: 111, global_step=1689600
SPS: 2044
Epoch: 112, global_step=1704960
SPS: 2045
Epoch: 113, global_step=1720320
SPS: 2047
Epoch: 114, global_step=1735680
SPS: 2048
Epoch: 115, global_step=1751040
SPS: 2049
Epoch: 116, global_step=1766400
SPS: 2051
Epoch: 117, global_step=1781760
SPS: 2052
Epoch: 118, global_step=1797120
SPS: 2053
Epoch: 119, global_step=1812480
SPS: 2055
Epoch: 120, global_step=1827840
SPS: 2056
Epoch: 121, global_step=1843200
SPS: 2057
Epoch: 122, global_step=1858560
SPS: 2058
Epoch: 123, global_step=1873920
SPS: 2060
Epoch: 124, global_step=1889280
SPS: 2061
Epoch: 125, global_step=1904640
SPS: 2062
Epoch: 126, global_step=1920000
SPS: 2063
Epoch: 127, global_step=1935360
SPS: 2064
Epoch: 128, global_step=1950720
SPS: 2065
Epoch: 129, global_step=1966080
SPS: 2066
Epoch: 130, global_step=1981440
SPS: 2067
Epoch: 131, global_step=1996800
SPS: 2068
Epoch: 132, global_step=2012160
SPS: 2069
Epoch: 133, global_step=2027520
SPS: 2070
Epoch: 134, global_step=2042880
SPS: 2071
Epoch: 135, global_step=2058240
SPS: 2071
Epoch: 136, global_step=2073600
SPS: 2072
Epoch: 137, global_step=2088960
SPS: 2073
Epoch: 138, global_step=2104320
SPS: 2073
Epoch: 139, global_step=2119680
SPS: 2074
Epoch: 140, global_step=2135040
SPS: 2074
Epoch: 141, global_step=2150400
SPS: 2074
Epoch: 142, global_step=2165760
SPS: 2075
Epoch: 143, global_step=2181120
SPS: 2076
Epoch: 144, global_step=2196480
SPS: 2076
Epoch: 145, global_step=2211840
SPS: 2077
Epoch: 146, global_step=2227200
SPS: 2077
Epoch: 147, global_step=2242560
SPS: 2078
Epoch: 148, global_step=2257920
SPS: 2078
Epoch: 149, global_step=2273280
SPS: 2079
Epoch: 150, global_step=2288640
SPS: 2079
Epoch: 151, global_step=2304000
Evaluating
Evaluated 2880 steps resulting in 48 episodes
[32mEvaluation Metric: success_once[0m | [36mMean: 0.0833[0m
[32mEvaluation Metric: return[0m | [36mMean: 3.2852[0m
[32mEvaluation Metric: episode_len[0m | [36mMean: 60.0000[0m
[32mEvaluation Metric: reward[0m | [36mMean: 0.0548[0m
[32mEvaluation Metric: success_at_end[0m | [36mMean: 0.0000[0m
model saved to checkpoints/ppo_memtasks/rgb_joints/normalized_dense/RememberColor5-v0/ppo-mlp-dense-remember-color-5-v0-s33__33__rgb_joints__20251025_145012/20251025_145012/ckpt_3_151.pt
SPS: 2041
Epoch: 152, global_step=2319360
SPS: 2042
Epoch: 153, global_step=2334720
SPS: 2042
Epoch: 154, global_step=2350080
SPS: 2043
Epoch: 155, global_step=2365440
SPS: 2044
Epoch: 156, global_step=2380800
SPS: 2045
Epoch: 157, global_step=2396160
SPS: 2045
Epoch: 158, global_step=2411520
SPS: 2046
Epoch: 159, global_step=2426880
SPS: 2047
Epoch: 160, global_step=2442240
SPS: 2047
Epoch: 161, global_step=2457600
SPS: 2048
Epoch: 162, global_step=2472960
SPS: 2048
Epoch: 163, global_step=2488320
SPS: 2049
Epoch: 164, global_step=2503680
SPS: 2050
Epoch: 165, global_step=2519040
SPS: 2050
Epoch: 166, global_step=2534400
SPS: 2051
Epoch: 167, global_step=2549760
SPS: 2051
Epoch: 168, global_step=2565120
SPS: 2052
Epoch: 169, global_step=2580480
SPS: 2053
Epoch: 170, global_step=2595840
SPS: 2053
Epoch: 171, global_step=2611200
SPS: 2054
Epoch: 172, global_step=2626560
SPS: 2054
Epoch: 173, global_step=2641920
SPS: 2055
Epoch: 174, global_step=2657280
SPS: 2055
Epoch: 175, global_step=2672640
SPS: 2056
Epoch: 176, global_step=2688000
SPS: 2057
Epoch: 177, global_step=2703360
SPS: 2057
Epoch: 178, global_step=2718720
SPS: 2058
Epoch: 179, global_step=2734080
SPS: 2058
Epoch: 180, global_step=2749440
SPS: 2059
Epoch: 181, global_step=2764800
SPS: 2059
Epoch: 182, global_step=2780160
SPS: 2060
Epoch: 183, global_step=2795520
SPS: 2061
Epoch: 184, global_step=2810880
SPS: 2061
Epoch: 185, global_step=2826240
SPS: 2062
Epoch: 186, global_step=2841600
SPS: 2062
Epoch: 187, global_step=2856960
SPS: 2063
Epoch: 188, global_step=2872320
SPS: 2063
Epoch: 189, global_step=2887680
SPS: 2064
Epoch: 190, global_step=2903040
SPS: 2064
Epoch: 191, global_step=2918400
SPS: 2065
Epoch: 192, global_step=2933760
SPS: 2065
Epoch: 193, global_step=2949120
SPS: 2066
Epoch: 194, global_step=2964480
SPS: 2066
Epoch: 195, global_step=2979840
SPS: 2067
Epoch: 196, global_step=2995200
SPS: 2067
Epoch: 197, global_step=3010560
SPS: 2068
Epoch: 198, global_step=3025920
SPS: 2068
Epoch: 199, global_step=3041280
SPS: 2069
Epoch: 200, global_step=3056640
SPS: 2069
Epoch: 201, global_step=3072000
Evaluating
Evaluated 2880 steps resulting in 48 episodes
[32mEvaluation Metric: success_once[0m | [36mMean: 0.0833[0m
[32mEvaluation Metric: return[0m | [36mMean: 3.7454[0m
[32mEvaluation Metric: episode_len[0m | [36mMean: 60.0000[0m
[32mEvaluation Metric: reward[0m | [36mMean: 0.0624[0m
[32mEvaluation Metric: success_at_end[0m | [36mMean: 0.0000[0m
model saved to checkpoints/ppo_memtasks/rgb_joints/normalized_dense/RememberColor5-v0/ppo-mlp-dense-remember-color-5-v0-s33__33__rgb_joints__20251025_145012/20251025_145012/ckpt_4_201.pt
SPS: 2042
Epoch: 202, global_step=3087360
SPS: 2043
Epoch: 203, global_step=3102720
SPS: 2043
Epoch: 204, global_step=3118080
SPS: 2044
Epoch: 205, global_step=3133440
SPS: 2045
Epoch: 206, global_step=3148800
SPS: 2045
Epoch: 207, global_step=3164160
SPS: 2046
Epoch: 208, global_step=3179520
SPS: 2046
Epoch: 209, global_step=3194880
SPS: 2047
Epoch: 210, global_step=3210240
SPS: 2047
Epoch: 211, global_step=3225600
SPS: 2048
Epoch: 212, global_step=3240960
SPS: 2048
Epoch: 213, global_step=3256320
SPS: 2049
Epoch: 214, global_step=3271680
SPS: 2049
Epoch: 215, global_step=3287040
SPS: 2050
Epoch: 216, global_step=3302400
SPS: 2050
Epoch: 217, global_step=3317760
SPS: 2050
Epoch: 218, global_step=3333120
SPS: 2051
Epoch: 219, global_step=3348480
SPS: 2051
Epoch: 220, global_step=3363840
SPS: 2052
Epoch: 221, global_step=3379200
SPS: 2052
Epoch: 222, global_step=3394560
SPS: 2053
Epoch: 223, global_step=3409920
SPS: 2053
Epoch: 224, global_step=3425280
SPS: 2054
Epoch: 225, global_step=3440640
SPS: 2054
Epoch: 226, global_step=3456000
SPS: 2054
Epoch: 227, global_step=3471360
SPS: 2055
Epoch: 228, global_step=3486720
SPS: 2055
Epoch: 229, global_step=3502080
SPS: 2056
Epoch: 230, global_step=3517440
SPS: 2056
Epoch: 231, global_step=3532800
SPS: 2056
Epoch: 232, global_step=3548160
SPS: 2057
Epoch: 233, global_step=3563520
SPS: 2057
Epoch: 234, global_step=3578880
SPS: 2058
Epoch: 235, global_step=3594240
SPS: 2058
Epoch: 236, global_step=3609600
SPS: 2059
Epoch: 237, global_step=3624960
SPS: 2059
Epoch: 238, global_step=3640320
SPS: 2060
Epoch: 239, global_step=3655680
SPS: 2060
Epoch: 240, global_step=3671040
SPS: 2061
Epoch: 241, global_step=3686400
SPS: 2061
Epoch: 242, global_step=3701760
SPS: 2061
Epoch: 243, global_step=3717120
SPS: 2062
Epoch: 244, global_step=3732480
SPS: 2062
Epoch: 245, global_step=3747840
SPS: 2062
Epoch: 246, global_step=3763200
SPS: 2063
Epoch: 247, global_step=3778560
SPS: 2063
Epoch: 248, global_step=3793920
SPS: 2064
Epoch: 249, global_step=3809280
SPS: 2064
Epoch: 250, global_step=3824640
SPS: 2064
Epoch: 251, global_step=3840000
Evaluating
Evaluated 2880 steps resulting in 48 episodes
[32mEvaluation Metric: success_once[0m | [36mMean: 0.1042[0m
[32mEvaluation Metric: return[0m | [36mMean: 4.0741[0m
[32mEvaluation Metric: episode_len[0m | [36mMean: 60.0000[0m
[32mEvaluation Metric: reward[0m | [36mMean: 0.0679[0m
[32mEvaluation Metric: success_at_end[0m | [36mMean: 0.0417[0m
model saved to checkpoints/ppo_memtasks/rgb_joints/normalized_dense/RememberColor5-v0/ppo-mlp-dense-remember-color-5-v0-s33__33__rgb_joints__20251025_145012/20251025_145012/ckpt_5_251.pt
SPS: 2042
Epoch: 252, global_step=3855360
SPS: 2042
Epoch: 253, global_step=3870720
SPS: 2042
Epoch: 254, global_step=3886080
SPS: 2043
Epoch: 255, global_step=3901440
SPS: 2043
Epoch: 256, global_step=3916800
SPS: 2044
Epoch: 257, global_step=3932160
SPS: 2044
Epoch: 258, global_step=3947520
SPS: 2044
Epoch: 259, global_step=3962880
SPS: 2045
Epoch: 260, global_step=3978240
SPS: 2045
Epoch: 261, global_step=3993600
SPS: 2046
Epoch: 262, global_step=4008960
SPS: 2046
Epoch: 263, global_step=4024320
SPS: 2047
Epoch: 264, global_step=4039680
SPS: 2047
Epoch: 265, global_step=4055040
SPS: 2048
Epoch: 266, global_step=4070400
SPS: 2048
Epoch: 267, global_step=4085760
SPS: 2049
Epoch: 268, global_step=4101120
SPS: 2049
Epoch: 269, global_step=4116480
SPS: 2049
Epoch: 270, global_step=4131840
SPS: 2050
Epoch: 271, global_step=4147200
SPS: 2051
Epoch: 272, global_step=4162560
SPS: 2051
Epoch: 273, global_step=4177920
SPS: 2051
Epoch: 274, global_step=4193280
SPS: 2052
Epoch: 275, global_step=4208640
SPS: 2052
Epoch: 276, global_step=4224000
SPS: 2053
Epoch: 277, global_step=4239360
SPS: 2053
Epoch: 278, global_step=4254720
SPS: 2053
Epoch: 279, global_step=4270080
SPS: 2054
Epoch: 280, global_step=4285440
SPS: 2055
Epoch: 281, global_step=4300800
SPS: 2055
Epoch: 282, global_step=4316160
SPS: 2055
Epoch: 283, global_step=4331520
SPS: 2056
Epoch: 284, global_step=4346880
SPS: 2056
Epoch: 285, global_step=4362240
SPS: 2056
Epoch: 286, global_step=4377600
SPS: 2056
Epoch: 287, global_step=4392960
SPS: 2057
Epoch: 288, global_step=4408320
SPS: 2057
Epoch: 289, global_step=4423680
SPS: 2057
Epoch: 290, global_step=4439040
SPS: 2058
Epoch: 291, global_step=4454400
SPS: 2058
Epoch: 292, global_step=4469760
SPS: 2058
Epoch: 293, global_step=4485120
SPS: 2058
Epoch: 294, global_step=4500480
SPS: 2059
Epoch: 295, global_step=4515840
SPS: 2059
Epoch: 296, global_step=4531200
SPS: 2059
Epoch: 297, global_step=4546560
SPS: 2060
Epoch: 298, global_step=4561920
SPS: 2060
Epoch: 299, global_step=4577280
SPS: 2060
Epoch: 300, global_step=4592640
SPS: 2061
Epoch: 301, global_step=4608000
Evaluating
Evaluated 2880 steps resulting in 48 episodes
[32mEvaluation Metric: success_once[0m | [36mMean: 0.0625[0m
[32mEvaluation Metric: return[0m | [36mMean: 2.7272[0m
[32mEvaluation Metric: episode_len[0m | [36mMean: 60.0000[0m
[32mEvaluation Metric: reward[0m | [36mMean: 0.0455[0m
[32mEvaluation Metric: success_at_end[0m | [36mMean: 0.0000[0m
model saved to checkpoints/ppo_memtasks/rgb_joints/normalized_dense/RememberColor5-v0/ppo-mlp-dense-remember-color-5-v0-s33__33__rgb_joints__20251025_145012/20251025_145012/ckpt_6_301.pt
SPS: 2042
Epoch: 302, global_step=4623360
SPS: 2043
Epoch: 303, global_step=4638720
SPS: 2043
Epoch: 304, global_step=4654080
SPS: 2044
Epoch: 305, global_step=4669440
SPS: 2044
Epoch: 306, global_step=4684800
SPS: 2044
Epoch: 307, global_step=4700160
SPS: 2045
Epoch: 308, global_step=4715520
SPS: 2045
Epoch: 309, global_step=4730880
SPS: 2046
Epoch: 310, global_step=4746240
SPS: 2046
Epoch: 311, global_step=4761600
SPS: 2046
Epoch: 312, global_step=4776960
SPS: 2047
Epoch: 313, global_step=4792320
SPS: 2047
Epoch: 314, global_step=4807680
SPS: 2047
Epoch: 315, global_step=4823040
SPS: 2047
Epoch: 316, global_step=4838400
SPS: 2048
Epoch: 317, global_step=4853760
SPS: 2048
Epoch: 318, global_step=4869120
SPS: 2048
Epoch: 319, global_step=4884480
SPS: 2048
Epoch: 320, global_step=4899840
SPS: 2049
Epoch: 321, global_step=4915200
SPS: 2049
Epoch: 322, global_step=4930560
SPS: 2049
Epoch: 323, global_step=4945920
SPS: 2050
Epoch: 324, global_step=4961280
SPS: 2050
Epoch: 325, global_step=4976640
SPS: 2051
Epoch: 326, global_step=4992000
SPS: 2051
Epoch: 327, global_step=5007360
SPS: 2051
Epoch: 328, global_step=5022720
SPS: 2052
Epoch: 329, global_step=5038080
SPS: 2052
Epoch: 330, global_step=5053440
SPS: 2052
Epoch: 331, global_step=5068800
SPS: 2053
Epoch: 332, global_step=5084160
SPS: 2053
Epoch: 333, global_step=5099520
SPS: 2053
Epoch: 334, global_step=5114880
SPS: 2054
Epoch: 335, global_step=5130240
SPS: 2054
Epoch: 336, global_step=5145600
SPS: 2055
Epoch: 337, global_step=5160960
SPS: 2055
Epoch: 338, global_step=5176320
SPS: 2055
Epoch: 339, global_step=5191680
SPS: 2056
Epoch: 340, global_step=5207040
SPS: 2056
Epoch: 341, global_step=5222400
SPS: 2056
Epoch: 342, global_step=5237760
SPS: 2056
Epoch: 343, global_step=5253120
SPS: 2057
Epoch: 344, global_step=5268480
SPS: 2057
Epoch: 345, global_step=5283840
SPS: 2057
Epoch: 346, global_step=5299200
SPS: 2057
Epoch: 347, global_step=5314560
SPS: 2058
Epoch: 348, global_step=5329920
SPS: 2058
Epoch: 349, global_step=5345280
SPS: 2058
Epoch: 350, global_step=5360640
SPS: 2058
Epoch: 351, global_step=5376000
Evaluating
Evaluated 2880 steps resulting in 48 episodes
[32mEvaluation Metric: success_once[0m | [36mMean: 0.0208[0m
[32mEvaluation Metric: return[0m | [36mMean: 3.9677[0m
[32mEvaluation Metric: episode_len[0m | [36mMean: 60.0000[0m
[32mEvaluation Metric: reward[0m | [36mMean: 0.0661[0m
[32mEvaluation Metric: success_at_end[0m | [36mMean: 0.0208[0m
model saved to checkpoints/ppo_memtasks/rgb_joints/normalized_dense/RememberColor5-v0/ppo-mlp-dense-remember-color-5-v0-s33__33__rgb_joints__20251025_145012/20251025_145012/ckpt_7_351.pt
SPS: 2042
Epoch: 352, global_step=5391360
SPS: 2043
Epoch: 353, global_step=5406720
SPS: 2043
Epoch: 354, global_step=5422080
SPS: 2043
Epoch: 355, global_step=5437440
SPS: 2044
Epoch: 356, global_step=5452800
SPS: 2044
Epoch: 357, global_step=5468160
SPS: 2045
Epoch: 358, global_step=5483520
SPS: 2045
Epoch: 359, global_step=5498880
SPS: 2046
Epoch: 360, global_step=5514240
SPS: 2046
Epoch: 361, global_step=5529600
SPS: 2046
Epoch: 362, global_step=5544960
SPS: 2047
Epoch: 363, global_step=5560320
SPS: 2047
Epoch: 364, global_step=5575680
SPS: 2047
Epoch: 365, global_step=5591040
SPS: 2048
Epoch: 366, global_step=5606400
SPS: 2048
Epoch: 367, global_step=5621760
SPS: 2048
Epoch: 368, global_step=5637120
SPS: 2049
Epoch: 369, global_step=5652480
SPS: 2049
Epoch: 370, global_step=5667840
SPS: 2049
Epoch: 371, global_step=5683200
SPS: 2050
Epoch: 372, global_step=5698560
SPS: 2050
Epoch: 373, global_step=5713920
SPS: 2050
Epoch: 374, global_step=5729280
SPS: 2051
Epoch: 375, global_step=5744640
SPS: 2051
Epoch: 376, global_step=5760000
SPS: 2051
Epoch: 377, global_step=5775360
SPS: 2052
Epoch: 378, global_step=5790720
SPS: 2052
Epoch: 379, global_step=5806080
SPS: 2052
Epoch: 380, global_step=5821440
SPS: 2052
Epoch: 381, global_step=5836800
SPS: 2053
Epoch: 382, global_step=5852160
SPS: 2053
Epoch: 383, global_step=5867520
SPS: 2054
Epoch: 384, global_step=5882880
SPS: 2054
Epoch: 385, global_step=5898240
SPS: 2054
Epoch: 386, global_step=5913600
SPS: 2055
Epoch: 387, global_step=5928960
SPS: 2055
Epoch: 388, global_step=5944320
SPS: 2055
Epoch: 389, global_step=5959680
SPS: 2056
Epoch: 390, global_step=5975040
SPS: 2056
Epoch: 391, global_step=5990400
SPS: 2056
Epoch: 392, global_step=6005760
SPS: 2057
Epoch: 393, global_step=6021120
SPS: 2057
Epoch: 394, global_step=6036480
SPS: 2058
Epoch: 395, global_step=6051840
SPS: 2058
Epoch: 396, global_step=6067200
SPS: 2058
Epoch: 397, global_step=6082560
SPS: 2058
Epoch: 398, global_step=6097920
SPS: 2059
Epoch: 399, global_step=6113280
SPS: 2059
Epoch: 400, global_step=6128640
SPS: 2059
Epoch: 401, global_step=6144000
Evaluating
Evaluated 2880 steps resulting in 48 episodes
[32mEvaluation Metric: success_once[0m | [36mMean: 0.0208[0m
[32mEvaluation Metric: return[0m | [36mMean: 2.6228[0m
[32mEvaluation Metric: episode_len[0m | [36mMean: 60.0000[0m
[32mEvaluation Metric: reward[0m | [36mMean: 0.0437[0m
[32mEvaluation Metric: success_at_end[0m | [36mMean: 0.0000[0m
model saved to checkpoints/ppo_memtasks/rgb_joints/normalized_dense/RememberColor5-v0/ppo-mlp-dense-remember-color-5-v0-s33__33__rgb_joints__20251025_145012/20251025_145012/ckpt_8_401.pt
SPS: 2046
Epoch: 402, global_step=6159360
SPS: 2046
Epoch: 403, global_step=6174720
SPS: 2046
Epoch: 404, global_step=6190080
SPS: 2047
Epoch: 405, global_step=6205440
SPS: 2047
Epoch: 406, global_step=6220800
SPS: 2047
Epoch: 407, global_step=6236160
SPS: 2048
Epoch: 408, global_step=6251520
SPS: 2048
Epoch: 409, global_step=6266880
SPS: 2048
Epoch: 410, global_step=6282240
SPS: 2049
Epoch: 411, global_step=6297600
SPS: 2049
Epoch: 412, global_step=6312960
SPS: 2050
Epoch: 413, global_step=6328320
SPS: 2050
Epoch: 414, global_step=6343680
SPS: 2050
Epoch: 415, global_step=6359040
SPS: 2050
Epoch: 416, global_step=6374400
SPS: 2051
Epoch: 417, global_step=6389760
SPS: 2051
Epoch: 418, global_step=6405120
SPS: 2051
Epoch: 419, global_step=6420480
SPS: 2052
Epoch: 420, global_step=6435840
SPS: 2052
Epoch: 421, global_step=6451200
SPS: 2052
Epoch: 422, global_step=6466560
SPS: 2053
Epoch: 423, global_step=6481920
SPS: 2053
Epoch: 424, global_step=6497280
SPS: 2053
Epoch: 425, global_step=6512640
SPS: 2054
Epoch: 426, global_step=6528000
SPS: 2054
Epoch: 427, global_step=6543360
SPS: 2054
Epoch: 428, global_step=6558720
SPS: 2055
Epoch: 429, global_step=6574080
SPS: 2055
Epoch: 430, global_step=6589440
SPS: 2055
Epoch: 431, global_step=6604800
SPS: 2056
Epoch: 432, global_step=6620160
SPS: 2056
Epoch: 433, global_step=6635520
SPS: 2056
Epoch: 434, global_step=6650880
SPS: 2057
Epoch: 435, global_step=6666240
SPS: 2057
Epoch: 436, global_step=6681600
SPS: 2057
Epoch: 437, global_step=6696960
SPS: 2057
Epoch: 438, global_step=6712320
SPS: 2058
Epoch: 439, global_step=6727680
SPS: 2058
Epoch: 440, global_step=6743040
SPS: 2059
Epoch: 441, global_step=6758400
SPS: 2059
Epoch: 442, global_step=6773760
SPS: 2059
Epoch: 443, global_step=6789120
SPS: 2060
Epoch: 444, global_step=6804480
SPS: 2060
Epoch: 445, global_step=6819840
SPS: 2060
Epoch: 446, global_step=6835200
SPS: 2060
Epoch: 447, global_step=6850560
SPS: 2060
Epoch: 448, global_step=6865920
SPS: 2061
Epoch: 449, global_step=6881280
SPS: 2061
Epoch: 450, global_step=6896640
SPS: 2061
Epoch: 451, global_step=6912000
Evaluating
Evaluated 2880 steps resulting in 48 episodes
[32mEvaluation Metric: success_once[0m | [36mMean: 0.0208[0m
[32mEvaluation Metric: return[0m | [36mMean: 2.1284[0m
[32mEvaluation Metric: episode_len[0m | [36mMean: 60.0000[0m
[32mEvaluation Metric: reward[0m | [36mMean: 0.0355[0m
[32mEvaluation Metric: success_at_end[0m | [36mMean: 0.0208[0m
model saved to checkpoints/ppo_memtasks/rgb_joints/normalized_dense/RememberColor5-v0/ppo-mlp-dense-remember-color-5-v0-s33__33__rgb_joints__20251025_145012/20251025_145012/ckpt_9_451.pt
SPS: 2049
Epoch: 452, global_step=6927360
SPS: 2050
Epoch: 453, global_step=6942720
SPS: 2050
Epoch: 454, global_step=6958080
SPS: 2050
Epoch: 455, global_step=6973440
SPS: 2051
Epoch: 456, global_step=6988800
SPS: 2051
Epoch: 457, global_step=7004160
SPS: 2051
Epoch: 458, global_step=7019520
SPS: 2052
Epoch: 459, global_step=7034880
SPS: 2052
Epoch: 460, global_step=7050240
SPS: 2052
Epoch: 461, global_step=7065600
SPS: 2052
Epoch: 462, global_step=7080960
SPS: 2053
Epoch: 463, global_step=7096320
SPS: 2053
Epoch: 464, global_step=7111680
SPS: 2053
Epoch: 465, global_step=7127040
SPS: 2053
Epoch: 466, global_step=7142400
SPS: 2054
Epoch: 467, global_step=7157760
SPS: 2054
Epoch: 468, global_step=7173120
SPS: 2054
Epoch: 469, global_step=7188480
SPS: 2054
Epoch: 470, global_step=7203840
SPS: 2055
Epoch: 471, global_step=7219200
SPS: 2055
Epoch: 472, global_step=7234560
SPS: 2055
Epoch: 473, global_step=7249920
SPS: 2056
Epoch: 474, global_step=7265280
SPS: 2056
Epoch: 475, global_step=7280640
SPS: 2056
Epoch: 476, global_step=7296000
SPS: 2057
Epoch: 477, global_step=7311360
SPS: 2057
Epoch: 478, global_step=7326720
SPS: 2057
Epoch: 479, global_step=7342080
SPS: 2058
Epoch: 480, global_step=7357440
SPS: 2058
Epoch: 481, global_step=7372800
SPS: 2058
Epoch: 482, global_step=7388160
SPS: 2059
Epoch: 483, global_step=7403520
SPS: 2059
Epoch: 484, global_step=7418880
SPS: 2059
Epoch: 485, global_step=7434240
SPS: 2060
Epoch: 486, global_step=7449600
SPS: 2060
Epoch: 487, global_step=7464960
SPS: 2060
Epoch: 488, global_step=7480320
SPS: 2060
Epoch: 489, global_step=7495680
SPS: 2061
Epoch: 490, global_step=7511040
SPS: 2061
Epoch: 491, global_step=7526400
SPS: 2061
Epoch: 492, global_step=7541760
SPS: 2062
Epoch: 493, global_step=7557120
SPS: 2062
Epoch: 494, global_step=7572480
SPS: 2062
Epoch: 495, global_step=7587840
SPS: 2063
Epoch: 496, global_step=7603200
SPS: 2063
Epoch: 497, global_step=7618560
SPS: 2063
Epoch: 498, global_step=7633920
SPS: 2064
Epoch: 499, global_step=7649280
SPS: 2064
Epoch: 500, global_step=7664640
SPS: 2065
Epoch: 501, global_step=7680000
Evaluating
Evaluated 2880 steps resulting in 48 episodes
[32mEvaluation Metric: success_once[0m | [36mMean: 0.0000[0m
[32mEvaluation Metric: return[0m | [36mMean: 2.5719[0m
[32mEvaluation Metric: episode_len[0m | [36mMean: 60.0000[0m
[32mEvaluation Metric: reward[0m | [36mMean: 0.0429[0m
[32mEvaluation Metric: success_at_end[0m | [36mMean: 0.0000[0m
model saved to checkpoints/ppo_memtasks/rgb_joints/normalized_dense/RememberColor5-v0/ppo-mlp-dense-remember-color-5-v0-s33__33__rgb_joints__20251025_145012/20251025_145012/ckpt_10_501.pt
SPS: 2053
Epoch: 502, global_step=7695360
SPS: 2054
Epoch: 503, global_step=7710720
SPS: 2054
Epoch: 504, global_step=7726080
SPS: 2055
Epoch: 505, global_step=7741440
SPS: 2055
Epoch: 506, global_step=7756800
SPS: 2055
Epoch: 507, global_step=7772160
SPS: 2056
Epoch: 508, global_step=7787520
SPS: 2056
Epoch: 509, global_step=7802880
SPS: 2057
Epoch: 510, global_step=7818240
SPS: 2057
Epoch: 511, global_step=7833600
SPS: 2057
Epoch: 512, global_step=7848960
SPS: 2057
Epoch: 513, global_step=7864320
SPS: 2058
Epoch: 514, global_step=7879680
SPS: 2058
Epoch: 515, global_step=7895040
SPS: 2058
Epoch: 516, global_step=7910400
SPS: 2058
Epoch: 517, global_step=7925760
SPS: 2059
Epoch: 518, global_step=7941120
SPS: 2059
Epoch: 519, global_step=7956480
SPS: 2060
Epoch: 520, global_step=7971840
SPS: 2060
Epoch: 521, global_step=7987200
SPS: 2060
Epoch: 522, global_step=8002560
SPS: 2061
Epoch: 523, global_step=8017920
SPS: 2061
Epoch: 524, global_step=8033280
SPS: 2061
Epoch: 525, global_step=8048640
SPS: 2061
Epoch: 526, global_step=8064000
SPS: 2062
Epoch: 527, global_step=8079360
SPS: 2062
Epoch: 528, global_step=8094720
SPS: 2062
Epoch: 529, global_step=8110080
SPS: 2062
Epoch: 530, global_step=8125440
SPS: 2063
Epoch: 531, global_step=8140800
SPS: 2063
Epoch: 532, global_step=8156160
SPS: 2063
Epoch: 533, global_step=8171520
SPS: 2064
Epoch: 534, global_step=8186880
SPS: 2064
Epoch: 535, global_step=8202240
SPS: 2064
Epoch: 536, global_step=8217600
SPS: 2064
Epoch: 537, global_step=8232960
SPS: 2065
Epoch: 538, global_step=8248320
SPS: 2065
Epoch: 539, global_step=8263680
SPS: 2065
Epoch: 540, global_step=8279040
SPS: 2065
Epoch: 541, global_step=8294400
SPS: 2066
Epoch: 542, global_step=8309760
SPS: 2066
Epoch: 543, global_step=8325120
SPS: 2066
Epoch: 544, global_step=8340480
SPS: 2067
Epoch: 545, global_step=8355840
SPS: 2067
Epoch: 546, global_step=8371200
SPS: 2067
Epoch: 547, global_step=8386560
SPS: 2067
Epoch: 548, global_step=8401920
SPS: 2068
Epoch: 549, global_step=8417280
SPS: 2068
Epoch: 550, global_step=8432640
SPS: 2068
Epoch: 551, global_step=8448000
Evaluating
Evaluated 2880 steps resulting in 48 episodes
[32mEvaluation Metric: success_once[0m | [36mMean: 0.0208[0m
[32mEvaluation Metric: return[0m | [36mMean: 2.1085[0m
[32mEvaluation Metric: episode_len[0m | [36mMean: 60.0000[0m
[32mEvaluation Metric: reward[0m | [36mMean: 0.0351[0m
[32mEvaluation Metric: success_at_end[0m | [36mMean: 0.0000[0m
model saved to checkpoints/ppo_memtasks/rgb_joints/normalized_dense/RememberColor5-v0/ppo-mlp-dense-remember-color-5-v0-s33__33__rgb_joints__20251025_145012/20251025_145012/ckpt_11_551.pt
SPS: 2058
Epoch: 552, global_step=8463360
SPS: 2058
Epoch: 553, global_step=8478720
SPS: 2059
Epoch: 554, global_step=8494080
SPS: 2059
Epoch: 555, global_step=8509440
SPS: 2059
Epoch: 556, global_step=8524800
SPS: 2060
Epoch: 557, global_step=8540160
SPS: 2060
Epoch: 558, global_step=8555520
SPS: 2060
Epoch: 559, global_step=8570880
SPS: 2061
Epoch: 560, global_step=8586240
SPS: 2061
Epoch: 561, global_step=8601600
SPS: 2061
Epoch: 562, global_step=8616960
SPS: 2061
Epoch: 563, global_step=8632320
SPS: 2061
Epoch: 564, global_step=8647680
SPS: 2062
Epoch: 565, global_step=8663040
SPS: 2062
Epoch: 566, global_step=8678400
SPS: 2062
Epoch: 567, global_step=8693760
SPS: 2063
Epoch: 568, global_step=8709120
SPS: 2063
Epoch: 569, global_step=8724480
SPS: 2063
Epoch: 570, global_step=8739840
SPS: 2063
Epoch: 571, global_step=8755200
SPS: 2064
Epoch: 572, global_step=8770560
SPS: 2064
Epoch: 573, global_step=8785920
SPS: 2064
Epoch: 574, global_step=8801280
SPS: 2064
Epoch: 575, global_step=8816640
SPS: 2065
Epoch: 576, global_step=8832000
SPS: 2065
Epoch: 577, global_step=8847360
SPS: 2065
Epoch: 578, global_step=8862720
SPS: 2066
Epoch: 579, global_step=8878080
SPS: 2066
Epoch: 580, global_step=8893440
SPS: 2066
Epoch: 581, global_step=8908800
SPS: 2066
Epoch: 582, global_step=8924160
SPS: 2067
Epoch: 583, global_step=8939520
SPS: 2067
Epoch: 584, global_step=8954880
SPS: 2067
Epoch: 585, global_step=8970240
SPS: 2067
Epoch: 586, global_step=8985600
SPS: 2068
Epoch: 587, global_step=9000960
SPS: 2068
Epoch: 588, global_step=9016320
SPS: 2068
Epoch: 589, global_step=9031680
SPS: 2069
Epoch: 590, global_step=9047040
SPS: 2069
Epoch: 591, global_step=9062400
SPS: 2069
Epoch: 592, global_step=9077760
SPS: 2069
Epoch: 593, global_step=9093120
SPS: 2070
Epoch: 594, global_step=9108480
SPS: 2070
Epoch: 595, global_step=9123840
SPS: 2070
Epoch: 596, global_step=9139200
SPS: 2071
Epoch: 597, global_step=9154560
SPS: 2071
Epoch: 598, global_step=9169920
SPS: 2071
Epoch: 599, global_step=9185280
SPS: 2071
Epoch: 600, global_step=9200640
SPS: 2072
Epoch: 601, global_step=9216000
Evaluating
Evaluated 2880 steps resulting in 48 episodes
[32mEvaluation Metric: success_once[0m | [36mMean: 0.0417[0m
[32mEvaluation Metric: return[0m | [36mMean: 3.0878[0m
[32mEvaluation Metric: episode_len[0m | [36mMean: 60.0000[0m
[32mEvaluation Metric: reward[0m | [36mMean: 0.0515[0m
[32mEvaluation Metric: success_at_end[0m | [36mMean: 0.0000[0m
model saved to checkpoints/ppo_memtasks/rgb_joints/normalized_dense/RememberColor5-v0/ppo-mlp-dense-remember-color-5-v0-s33__33__rgb_joints__20251025_145012/20251025_145012/ckpt_12_601.pt
SPS: 2062
Epoch: 602, global_step=9231360
SPS: 2062
Epoch: 603, global_step=9246720
SPS: 2062
Epoch: 604, global_step=9262080
SPS: 2063
Epoch: 605, global_step=9277440
SPS: 2063
Epoch: 606, global_step=9292800
SPS: 2063
Epoch: 607, global_step=9308160
SPS: 2064
Epoch: 608, global_step=9323520
SPS: 2064
Epoch: 609, global_step=9338880
SPS: 2064
Epoch: 610, global_step=9354240
SPS: 2064
Epoch: 611, global_step=9369600
SPS: 2064
Epoch: 612, global_step=9384960
SPS: 2065
Epoch: 613, global_step=9400320
SPS: 2065
Epoch: 614, global_step=9415680
SPS: 2065
Epoch: 615, global_step=9431040
SPS: 2065
Epoch: 616, global_step=9446400
SPS: 2066
Epoch: 617, global_step=9461760
SPS: 2066
Epoch: 618, global_step=9477120
SPS: 2066
Epoch: 619, global_step=9492480
SPS: 2066
Epoch: 620, global_step=9507840
SPS: 2067
Epoch: 621, global_step=9523200
SPS: 2067
Epoch: 622, global_step=9538560
SPS: 2067
Epoch: 623, global_step=9553920
SPS: 2067
Epoch: 624, global_step=9569280
SPS: 2068
Epoch: 625, global_step=9584640
SPS: 2068
Epoch: 626, global_step=9600000
SPS: 2068
Epoch: 627, global_step=9615360
SPS: 2068
Epoch: 628, global_step=9630720
SPS: 2068
Epoch: 629, global_step=9646080
SPS: 2069
Epoch: 630, global_step=9661440
SPS: 2069
Epoch: 631, global_step=9676800
SPS: 2069
Epoch: 632, global_step=9692160
SPS: 2069
Epoch: 633, global_step=9707520
SPS: 2070
Epoch: 634, global_step=9722880
SPS: 2070
Epoch: 635, global_step=9738240
SPS: 2070
Epoch: 636, global_step=9753600
SPS: 2071
Epoch: 637, global_step=9768960
SPS: 2071
Epoch: 638, global_step=9784320
SPS: 2071
Epoch: 639, global_step=9799680
SPS: 2071
Epoch: 640, global_step=9815040
SPS: 2072
Epoch: 641, global_step=9830400
SPS: 2072
Epoch: 642, global_step=9845760
SPS: 2072
Epoch: 643, global_step=9861120
SPS: 2072
Epoch: 644, global_step=9876480
SPS: 2073
Epoch: 645, global_step=9891840
SPS: 2073
Epoch: 646, global_step=9907200
SPS: 2073
Epoch: 647, global_step=9922560
SPS: 2074
Epoch: 648, global_step=9937920
SPS: 2074
Epoch: 649, global_step=9953280
SPS: 2074
Epoch: 650, global_step=9968640
SPS: 2074
Epoch: 651, global_step=9984000
Evaluating
Evaluated 2880 steps resulting in 48 episodes
[32mEvaluation Metric: success_once[0m | [36mMean: 0.0208[0m
[32mEvaluation Metric: return[0m | [36mMean: 2.1564[0m
[32mEvaluation Metric: episode_len[0m | [36mMean: 60.0000[0m
[32mEvaluation Metric: reward[0m | [36mMean: 0.0359[0m
[32mEvaluation Metric: success_at_end[0m | [36mMean: 0.0000[0m
model saved to checkpoints/ppo_memtasks/rgb_joints/normalized_dense/RememberColor5-v0/ppo-mlp-dense-remember-color-5-v0-s33__33__rgb_joints__20251025_145012/20251025_145012/ckpt_13_651.pt
SPS: 2066
Epoch: 652, global_step=9999360
SPS: 2066
Epoch: 653, global_step=10014720
SPS: 2066
Epoch: 654, global_step=10030080
SPS: 2067
Epoch: 655, global_step=10045440
SPS: 2067
Epoch: 656, global_step=10060800
SPS: 2067
Epoch: 657, global_step=10076160
SPS: 2068
Epoch: 658, global_step=10091520
SPS: 2068
Epoch: 659, global_step=10106880
SPS: 2068
Epoch: 660, global_step=10122240
SPS: 2069
Epoch: 661, global_step=10137600
SPS: 2069
Epoch: 662, global_step=10152960
SPS: 2069
Epoch: 663, global_step=10168320
SPS: 2069
Epoch: 664, global_step=10183680
SPS: 2070
Epoch: 665, global_step=10199040
SPS: 2070
Epoch: 666, global_step=10214400
SPS: 2070
Epoch: 667, global_step=10229760
SPS: 2071
Epoch: 668, global_step=10245120
SPS: 2071
Epoch: 669, global_step=10260480
SPS: 2071
Epoch: 670, global_step=10275840
SPS: 2071
Epoch: 671, global_step=10291200
SPS: 2072
Epoch: 672, global_step=10306560
SPS: 2072
Epoch: 673, global_step=10321920
SPS: 2072
Epoch: 674, global_step=10337280
SPS: 2072
Epoch: 675, global_step=10352640
SPS: 2073
Epoch: 676, global_step=10368000
SPS: 2073
Epoch: 677, global_step=10383360
SPS: 2073
Epoch: 678, global_step=10398720
SPS: 2073
Epoch: 679, global_step=10414080
SPS: 2073
Epoch: 680, global_step=10429440
SPS: 2074
Epoch: 681, global_step=10444800
SPS: 2074
Epoch: 682, global_step=10460160
SPS: 2074
Epoch: 683, global_step=10475520
SPS: 2074
Epoch: 684, global_step=10490880
SPS: 2075
Epoch: 685, global_step=10506240
SPS: 2075
Epoch: 686, global_step=10521600
SPS: 2075
Epoch: 687, global_step=10536960
SPS: 2075
Epoch: 688, global_step=10552320
SPS: 2076
Epoch: 689, global_step=10567680
SPS: 2076
Epoch: 690, global_step=10583040
SPS: 2076
Epoch: 691, global_step=10598400
SPS: 2076
Epoch: 692, global_step=10613760
SPS: 2076
Epoch: 693, global_step=10629120
SPS: 2077
Epoch: 694, global_step=10644480
SPS: 2077
Epoch: 695, global_step=10659840
SPS: 2077
Epoch: 696, global_step=10675200
SPS: 2077
Epoch: 697, global_step=10690560
SPS: 2078
Epoch: 698, global_step=10705920
SPS: 2078
Epoch: 699, global_step=10721280
SPS: 2078
Epoch: 700, global_step=10736640
SPS: 2078
Epoch: 701, global_step=10752000
Evaluating
Evaluated 2880 steps resulting in 48 episodes
[32mEvaluation Metric: success_once[0m | [36mMean: 0.0208[0m
[32mEvaluation Metric: return[0m | [36mMean: 2.4753[0m
[32mEvaluation Metric: episode_len[0m | [36mMean: 60.0000[0m
[32mEvaluation Metric: reward[0m | [36mMean: 0.0413[0m
[32mEvaluation Metric: success_at_end[0m | [36mMean: 0.0000[0m
model saved to checkpoints/ppo_memtasks/rgb_joints/normalized_dense/RememberColor5-v0/ppo-mlp-dense-remember-color-5-v0-s33__33__rgb_joints__20251025_145012/20251025_145012/ckpt_14_701.pt
SPS: 2070
Epoch: 702, global_step=10767360
SPS: 2071
Epoch: 703, global_step=10782720
SPS: 2071
Epoch: 704, global_step=10798080
SPS: 2071
Epoch: 705, global_step=10813440
SPS: 2071
Epoch: 706, global_step=10828800
SPS: 2072
Epoch: 707, global_step=10844160
SPS: 2072
Epoch: 708, global_step=10859520
SPS: 2072
Epoch: 709, global_step=10874880
SPS: 2072
Epoch: 710, global_step=10890240
SPS: 2073
Epoch: 711, global_step=10905600
SPS: 2073
Epoch: 712, global_step=10920960
SPS: 2073
Epoch: 713, global_step=10936320
SPS: 2073
Epoch: 714, global_step=10951680
SPS: 2073
Epoch: 715, global_step=10967040
SPS: 2074
Epoch: 716, global_step=10982400
SPS: 2074
Epoch: 717, global_step=10997760
SPS: 2074
Epoch: 718, global_step=11013120
SPS: 2074
Epoch: 719, global_step=11028480
SPS: 2075
Epoch: 720, global_step=11043840
SPS: 2075
Epoch: 721, global_step=11059200
SPS: 2075
Epoch: 722, global_step=11074560
SPS: 2075
Epoch: 723, global_step=11089920
SPS: 2075
Epoch: 724, global_step=11105280
SPS: 2076
Epoch: 725, global_step=11120640
SPS: 2076
Epoch: 726, global_step=11136000
SPS: 2076
Epoch: 727, global_step=11151360
SPS: 2076
Epoch: 728, global_step=11166720
SPS: 2077
Epoch: 729, global_step=11182080
SPS: 2077
Epoch: 730, global_step=11197440
SPS: 2077
Epoch: 731, global_step=11212800
SPS: 2077
Epoch: 732, global_step=11228160
SPS: 2077
Epoch: 733, global_step=11243520
SPS: 2078
Epoch: 734, global_step=11258880
SPS: 2078
Epoch: 735, global_step=11274240
SPS: 2078
Epoch: 736, global_step=11289600
SPS: 2078
Epoch: 737, global_step=11304960
SPS: 2078
Epoch: 738, global_step=11320320
SPS: 2079
Epoch: 739, global_step=11335680
SPS: 2079
Epoch: 740, global_step=11351040
SPS: 2079
Epoch: 741, global_step=11366400
SPS: 2079
Epoch: 742, global_step=11381760
SPS: 2079
Epoch: 743, global_step=11397120
SPS: 2079
Epoch: 744, global_step=11412480
SPS: 2080
Epoch: 745, global_step=11427840
SPS: 2080
Epoch: 746, global_step=11443200
SPS: 2080
Epoch: 747, global_step=11458560
SPS: 2080
Epoch: 748, global_step=11473920
SPS: 2080
Epoch: 749, global_step=11489280
SPS: 2081
Epoch: 750, global_step=11504640
SPS: 2081
Epoch: 751, global_step=11520000
Evaluating
Evaluated 2880 steps resulting in 48 episodes
[32mEvaluation Metric: success_once[0m | [36mMean: 0.0208[0m
[32mEvaluation Metric: return[0m | [36mMean: 2.9187[0m
[32mEvaluation Metric: episode_len[0m | [36mMean: 60.0000[0m
[32mEvaluation Metric: reward[0m | [36mMean: 0.0486[0m
[32mEvaluation Metric: success_at_end[0m | [36mMean: 0.0000[0m
model saved to checkpoints/ppo_memtasks/rgb_joints/normalized_dense/RememberColor5-v0/ppo-mlp-dense-remember-color-5-v0-s33__33__rgb_joints__20251025_145012/20251025_145012/ckpt_15_751.pt
SPS: 2073
Epoch: 752, global_step=11535360
SPS: 2073
Epoch: 753, global_step=11550720
SPS: 2074
Epoch: 754, global_step=11566080
SPS: 2074
Epoch: 755, global_step=11581440
SPS: 2074
Epoch: 756, global_step=11596800
SPS: 2074
Epoch: 757, global_step=11612160
SPS: 2075
Epoch: 758, global_step=11627520
SPS: 2075
Epoch: 759, global_step=11642880
SPS: 2075
Epoch: 760, global_step=11658240
SPS: 2075
Epoch: 761, global_step=11673600
SPS: 2075
Epoch: 762, global_step=11688960
SPS: 2076
Epoch: 763, global_step=11704320
SPS: 2076
Epoch: 764, global_step=11719680
SPS: 2076
Epoch: 765, global_step=11735040
SPS: 2076
Epoch: 766, global_step=11750400
SPS: 2076
Epoch: 767, global_step=11765760
SPS: 2077
Epoch: 768, global_step=11781120
SPS: 2077
Epoch: 769, global_step=11796480
SPS: 2077
Epoch: 770, global_step=11811840
SPS: 2077
Epoch: 771, global_step=11827200
SPS: 2078
Epoch: 772, global_step=11842560
SPS: 2078
Epoch: 773, global_step=11857920
SPS: 2078
Epoch: 774, global_step=11873280
SPS: 2078
Epoch: 775, global_step=11888640
SPS: 2078
Epoch: 776, global_step=11904000
SPS: 2079
Epoch: 777, global_step=11919360
SPS: 2079
Epoch: 778, global_step=11934720
SPS: 2079
Epoch: 779, global_step=11950080
SPS: 2079
Epoch: 780, global_step=11965440
SPS: 2079
Epoch: 781, global_step=11980800
SPS: 2080
Epoch: 782, global_step=11996160
SPS: 2080
Epoch: 783, global_step=12011520
SPS: 2080
Epoch: 784, global_step=12026880
SPS: 2080
Epoch: 785, global_step=12042240
SPS: 2080
Epoch: 786, global_step=12057600
SPS: 2080
Epoch: 787, global_step=12072960
SPS: 2081
Epoch: 788, global_step=12088320
SPS: 2081
Epoch: 789, global_step=12103680
SPS: 2081
Epoch: 790, global_step=12119040
SPS: 2081
Epoch: 791, global_step=12134400
SPS: 2082
Epoch: 792, global_step=12149760
SPS: 2082
Epoch: 793, global_step=12165120
SPS: 2082
Epoch: 794, global_step=12180480
SPS: 2082
Epoch: 795, global_step=12195840
SPS: 2082
Epoch: 796, global_step=12211200
SPS: 2083
Epoch: 797, global_step=12226560
SPS: 2083
Epoch: 798, global_step=12241920
SPS: 2083
Epoch: 799, global_step=12257280
SPS: 2083
Epoch: 800, global_step=12272640
SPS: 2084
Epoch: 801, global_step=12288000
Evaluating
Evaluated 2880 steps resulting in 48 episodes
[32mEvaluation Metric: success_once[0m | [36mMean: 0.0208[0m
[32mEvaluation Metric: return[0m | [36mMean: 2.7056[0m
[32mEvaluation Metric: episode_len[0m | [36mMean: 60.0000[0m
[32mEvaluation Metric: reward[0m | [36mMean: 0.0451[0m
[32mEvaluation Metric: success_at_end[0m | [36mMean: 0.0000[0m
model saved to checkpoints/ppo_memtasks/rgb_joints/normalized_dense/RememberColor5-v0/ppo-mlp-dense-remember-color-5-v0-s33__33__rgb_joints__20251025_145012/20251025_145012/ckpt_16_801.pt
SPS: 2077
Epoch: 802, global_step=12303360
SPS: 2077
Epoch: 803, global_step=12318720
SPS: 2077
Epoch: 804, global_step=12334080
SPS: 2077
Epoch: 805, global_step=12349440
SPS: 2078
Epoch: 806, global_step=12364800
SPS: 2078
Epoch: 807, global_step=12380160
SPS: 2078
Epoch: 808, global_step=12395520
SPS: 2078
Epoch: 809, global_step=12410880
SPS: 2078
Epoch: 810, global_step=12426240
SPS: 2079
Epoch: 811, global_step=12441600
SPS: 2079
Epoch: 812, global_step=12456960
SPS: 2079
Epoch: 813, global_step=12472320
SPS: 2079
Epoch: 814, global_step=12487680
SPS: 2079
Epoch: 815, global_step=12503040
SPS: 2080
Epoch: 816, global_step=12518400
SPS: 2080
Epoch: 817, global_step=12533760
SPS: 2080
Epoch: 818, global_step=12549120
SPS: 2080
Epoch: 819, global_step=12564480
SPS: 2080
Epoch: 820, global_step=12579840
SPS: 2081
Epoch: 821, global_step=12595200
SPS: 2081
Epoch: 822, global_step=12610560
SPS: 2081
Epoch: 823, global_step=12625920
SPS: 2081
Epoch: 824, global_step=12641280
SPS: 2082
Epoch: 825, global_step=12656640
SPS: 2082
Epoch: 826, global_step=12672000
SPS: 2082
Epoch: 827, global_step=12687360
SPS: 2082
Epoch: 828, global_step=12702720
SPS: 2082
Epoch: 829, global_step=12718080
SPS: 2083
Epoch: 830, global_step=12733440
SPS: 2083
Epoch: 831, global_step=12748800
SPS: 2083
Epoch: 832, global_step=12764160
SPS: 2083
Epoch: 833, global_step=12779520
SPS: 2083
Epoch: 834, global_step=12794880
SPS: 2084
Epoch: 835, global_step=12810240
SPS: 2084
Epoch: 836, global_step=12825600
SPS: 2084
Epoch: 837, global_step=12840960
SPS: 2084
Epoch: 838, global_step=12856320
SPS: 2084
Epoch: 839, global_step=12871680
SPS: 2085
Epoch: 840, global_step=12887040
SPS: 2085
Epoch: 841, global_step=12902400
SPS: 2085
Epoch: 842, global_step=12917760
SPS: 2085
Epoch: 843, global_step=12933120
SPS: 2086
Epoch: 844, global_step=12948480
SPS: 2086
Epoch: 845, global_step=12963840
SPS: 2086
Epoch: 846, global_step=12979200
SPS: 2086
model saved to checkpoints/ppo_memtasks/rgb_joints/normalized_dense/RememberColor5-v0/ppo-mlp-dense-remember-color-5-v0-s33__33__rgb_joints__20251025_145012/20251025_145012/final_ckpt.pt
Running RememberColor9-v0 with seed 42

===========================================================================
║                        Environment Configuration                        ║
===========================================================================
║ Environment ID: RememberColor9-v0                                       ║
║ Oracle Info:    None                                                    ║
║ Wrappers:                                                               ║
║    ├─ InitialZeroActionWrapper                                         ║
║    │  └─ {'n_initial_steps': 0}                                           ║
║    ├─ RememberColorInfoWrapper                                         ║
║    ├─ RenderStepInfoWrapper                                            ║
║    ├─ RenderRewardInfoWrapper                                          ║
║    ├─ DebugRewardWrapper                                               ║
║-------------------------------------------------------------------------║
║ include_state:       False │ state will not be used                ║
║ include_rgb:         True  │ rgb images will be used               ║
║ include_oracle:      False │ oracle info will not be used          ║
║ include_joints:      True  │ joints will be used                   ║
===========================================================================

MODE='rgb_joints'
prompt_info=None
Saving eval videos to checkpoints/ppo_memtasks/rgb_joints/normalized_dense/RememberColor9-v0/ppo-mlp-dense-remember-color-9-v0-s42__42__rgb_joints__20251025_163412/20251025_163412/videos
======================================================================
Max Episode Steps: 60
======================================================================

Running training

####
args.num_iterations=846 args.num_envs=256 args.num_eval_envs=16
args.minibatch_size=480 args.batch_size=15360 args.update_epochs=8
####

sample_obs.keys()=dict_keys(['joints', 'rgb'])
joints: torch.Size([256, 25])
rgb: torch.Size([256, 128, 128, 3])


Epoch: 1, global_step=0
Evaluating
Evaluated 2880 steps resulting in 48 episodes
[32mEvaluation Metric: success_once[0m | [36mMean: 0.0000[0m
[32mEvaluation Metric: return[0m | [36mMean: 9.9549[0m
[32mEvaluation Metric: episode_len[0m | [36mMean: 60.0000[0m
[32mEvaluation Metric: reward[0m | [36mMean: 0.1659[0m
[32mEvaluation Metric: success_at_end[0m | [36mMean: 0.0000[0m
model saved to checkpoints/ppo_memtasks/rgb_joints/normalized_dense/RememberColor9-v0/ppo-mlp-dense-remember-color-9-v0-s42__42__rgb_joints__20251025_163412/20251025_163412/ckpt_0_1.pt
SPS: 525
Epoch: 2, global_step=15360
SPS: 819
Epoch: 3, global_step=30720
SPS: 991
Epoch: 4, global_step=46080
SPS: 1103
Epoch: 5, global_step=61440
SPS: 1168
Epoch: 6, global_step=76800
SPS: 1222
Epoch: 7, global_step=92160
SPS: 1263
Epoch: 8, global_step=107520
SPS: 1299
Epoch: 9, global_step=122880
SPS: 1320
Epoch: 10, global_step=138240
SPS: 1332
Epoch: 11, global_step=153600
SPS: 1352
Epoch: 12, global_step=168960
SPS: 1366
Epoch: 13, global_step=184320
SPS: 1375
Epoch: 14, global_step=199680
SPS: 1385
Epoch: 15, global_step=215040
SPS: 1393
Epoch: 16, global_step=230400
SPS: 1403
Epoch: 17, global_step=245760
SPS: 1412
Epoch: 18, global_step=261120
SPS: 1417
Epoch: 19, global_step=276480
SPS: 1422
Epoch: 20, global_step=291840
SPS: 1428
Epoch: 21, global_step=307200
SPS: 1436
Epoch: 22, global_step=322560
SPS: 1443
Epoch: 23, global_step=337920
SPS: 1450
Epoch: 24, global_step=353280
SPS: 1456
Epoch: 25, global_step=368640
SPS: 1462
Epoch: 26, global_step=384000
Evaluating
Evaluated 2880 steps resulting in 48 episodes
[32mEvaluation Metric: success_once[0m | [36mMean: 0.3125[0m
[32mEvaluation Metric: return[0m | [36mMean: 5.2756[0m
[32mEvaluation Metric: episode_len[0m | [36mMean: 60.0000[0m
[32mEvaluation Metric: reward[0m | [36mMean: 0.0879[0m
[32mEvaluation Metric: success_at_end[0m | [36mMean: 0.0000[0m
model saved to checkpoints/ppo_memtasks/rgb_joints/normalized_dense/RememberColor9-v0/ppo-mlp-dense-remember-color-9-v0-s42__42__rgb_joints__20251025_163412/20251025_163412/ckpt_1_26.pt
SPS: 1363
Epoch: 27, global_step=399360
SPS: 1367
Epoch: 28, global_step=414720
SPS: 1372
Epoch: 29, global_step=430080
SPS: 1375
Epoch: 30, global_step=445440
SPS: 1379
Epoch: 31, global_step=460800
SPS: 1381
Epoch: 32, global_step=476160
SPS: 1382
Epoch: 33, global_step=491520
SPS: 1383
Epoch: 34, global_step=506880
SPS: 1385
Epoch: 35, global_step=522240
SPS: 1386
Epoch: 36, global_step=537600
SPS: 1388
Epoch: 37, global_step=552960
SPS: 1388
Epoch: 38, global_step=568320
SPS: 1388
Epoch: 39, global_step=583680
SPS: 1388
Epoch: 40, global_step=599040
SPS: 1388
Epoch: 41, global_step=614400
SPS: 1388
Epoch: 42, global_step=629760
SPS: 1391
Epoch: 43, global_step=645120
SPS: 1393
Epoch: 44, global_step=660480
SPS: 1394
Epoch: 45, global_step=675840
SPS: 1394
Epoch: 46, global_step=691200
SPS: 1395
Epoch: 47, global_step=706560
SPS: 1397
Epoch: 48, global_step=721920
SPS: 1399
Epoch: 49, global_step=737280
SPS: 1401
Epoch: 50, global_step=752640
SPS: 1402
Epoch: 51, global_step=768000
Evaluating
Evaluated 2880 steps resulting in 48 episodes
[32mEvaluation Metric: success_once[0m | [36mMean: 0.1667[0m
[32mEvaluation Metric: return[0m | [36mMean: 4.2821[0m
[32mEvaluation Metric: episode_len[0m | [36mMean: 60.0000[0m
[32mEvaluation Metric: reward[0m | [36mMean: 0.0714[0m
[32mEvaluation Metric: success_at_end[0m | [36mMean: 0.0625[0m
model saved to checkpoints/ppo_memtasks/rgb_joints/normalized_dense/RememberColor9-v0/ppo-mlp-dense-remember-color-9-v0-s42__42__rgb_joints__20251025_163412/20251025_163412/ckpt_2_51.pt
SPS: 1354
Epoch: 52, global_step=783360
SPS: 1357
Epoch: 53, global_step=798720
SPS: 1359
Epoch: 54, global_step=814080
SPS: 1362
Epoch: 55, global_step=829440
SPS: 1364
Epoch: 56, global_step=844800
SPS: 1366
Epoch: 57, global_step=860160
SPS: 1368
Epoch: 58, global_step=875520
SPS: 1371
Epoch: 59, global_step=890880
SPS: 1373
Epoch: 60, global_step=906240
SPS: 1374
Epoch: 61, global_step=921600
SPS: 1375
Epoch: 62, global_step=936960
SPS: 1376
Epoch: 63, global_step=952320
SPS: 1378
Epoch: 64, global_step=967680
SPS: 1379
Epoch: 65, global_step=983040
SPS: 1380
Epoch: 66, global_step=998400
SPS: 1380
Epoch: 67, global_step=1013760
SPS: 1380
Epoch: 68, global_step=1029120
SPS: 1381
Epoch: 69, global_step=1044480
SPS: 1381
Epoch: 70, global_step=1059840
SPS: 1381
Epoch: 71, global_step=1075200
SPS: 1382
Epoch: 72, global_step=1090560
SPS: 1383
Epoch: 73, global_step=1105920
SPS: 1383
Epoch: 74, global_step=1121280
SPS: 1384
Epoch: 75, global_step=1136640
SPS: 1385
Epoch: 76, global_step=1152000
Evaluating
Evaluated 2880 steps resulting in 48 episodes
[32mEvaluation Metric: success_once[0m | [36mMean: 0.3125[0m
[32mEvaluation Metric: return[0m | [36mMean: 6.3608[0m
[32mEvaluation Metric: episode_len[0m | [36mMean: 60.0000[0m
[32mEvaluation Metric: reward[0m | [36mMean: 0.1060[0m
[32mEvaluation Metric: success_at_end[0m | [36mMean: 0.0833[0m
model saved to checkpoints/ppo_memtasks/rgb_joints/normalized_dense/RememberColor9-v0/ppo-mlp-dense-remember-color-9-v0-s42__42__rgb_joints__20251025_163412/20251025_163412/ckpt_3_76.pt
SPS: 1354
Epoch: 77, global_step=1167360
SPS: 1356
Epoch: 78, global_step=1182720
SPS: 1358
Epoch: 79, global_step=1198080
SPS: 1360
Epoch: 80, global_step=1213440
SPS: 1363
Epoch: 81, global_step=1228800
SPS: 1365
Epoch: 82, global_step=1244160
SPS: 1368
Epoch: 83, global_step=1259520
SPS: 1370
Epoch: 84, global_step=1274880
SPS: 1373
Epoch: 85, global_step=1290240
SPS: 1375
Epoch: 86, global_step=1305600
SPS: 1377
Epoch: 87, global_step=1320960
SPS: 1379
Epoch: 88, global_step=1336320
SPS: 1380
Epoch: 89, global_step=1351680
SPS: 1381
Epoch: 90, global_step=1367040
SPS: 1383
Epoch: 91, global_step=1382400
SPS: 1385
Epoch: 92, global_step=1397760
SPS: 1387
Epoch: 93, global_step=1413120
SPS: 1389
Epoch: 94, global_step=1428480
SPS: 1390
Epoch: 95, global_step=1443840
SPS: 1390
Epoch: 96, global_step=1459200
SPS: 1390
Epoch: 97, global_step=1474560
SPS: 1391
Epoch: 98, global_step=1489920
SPS: 1392
Epoch: 99, global_step=1505280
SPS: 1396
Epoch: 100, global_step=1520640
SPS: 1397
Epoch: 101, global_step=1536000
Evaluating
Evaluated 2880 steps resulting in 48 episodes
[32mEvaluation Metric: success_once[0m | [36mMean: 0.3125[0m
[32mEvaluation Metric: return[0m | [36mMean: 10.3340[0m
[32mEvaluation Metric: episode_len[0m | [36mMean: 60.0000[0m
[32mEvaluation Metric: reward[0m | [36mMean: 0.1722[0m
[32mEvaluation Metric: success_at_end[0m | [36mMean: 0.1667[0m
model saved to checkpoints/ppo_memtasks/rgb_joints/normalized_dense/RememberColor9-v0/ppo-mlp-dense-remember-color-9-v0-s42__42__rgb_joints__20251025_163412/20251025_163412/ckpt_4_101.pt
SPS: 1373
Epoch: 102, global_step=1551360
SPS: 1375
Epoch: 103, global_step=1566720
SPS: 1375
Epoch: 104, global_step=1582080
SPS: 1375
Epoch: 105, global_step=1597440
SPS: 1376
Epoch: 106, global_step=1612800
SPS: 1377
Epoch: 107, global_step=1628160
SPS: 1377
Epoch: 108, global_step=1643520
SPS: 1378
Epoch: 109, global_step=1658880
SPS: 1378
Epoch: 110, global_step=1674240
SPS: 1379
Epoch: 111, global_step=1689600
SPS: 1381
Epoch: 112, global_step=1704960
SPS: 1381
Epoch: 113, global_step=1720320
SPS: 1382
Epoch: 114, global_step=1735680
SPS: 1382
Epoch: 115, global_step=1751040
SPS: 1382
Epoch: 116, global_step=1766400
SPS: 1384
Epoch: 117, global_step=1781760
SPS: 1385
Epoch: 118, global_step=1797120
SPS: 1386
Epoch: 119, global_step=1812480
SPS: 1387
Epoch: 120, global_step=1827840
SPS: 1389
Epoch: 121, global_step=1843200
SPS: 1389
Epoch: 122, global_step=1858560
SPS: 1390
Epoch: 123, global_step=1873920
SPS: 1391
Epoch: 124, global_step=1889280
SPS: 1392
Epoch: 125, global_step=1904640
SPS: 1393
Epoch: 126, global_step=1920000
Evaluating
Evaluated 2880 steps resulting in 48 episodes
[32mEvaluation Metric: success_once[0m | [36mMean: 0.2500[0m
[32mEvaluation Metric: return[0m | [36mMean: 12.0397[0m
[32mEvaluation Metric: episode_len[0m | [36mMean: 60.0000[0m
[32mEvaluation Metric: reward[0m | [36mMean: 0.2007[0m
[32mEvaluation Metric: success_at_end[0m | [36mMean: 0.2500[0m
model saved to checkpoints/ppo_memtasks/rgb_joints/normalized_dense/RememberColor9-v0/ppo-mlp-dense-remember-color-9-v0-s42__42__rgb_joints__20251025_163412/20251025_163412/ckpt_5_126.pt
SPS: 1375
Epoch: 127, global_step=1935360
SPS: 1376
Epoch: 128, global_step=1950720
SPS: 1377
Epoch: 129, global_step=1966080
SPS: 1378
Epoch: 130, global_step=1981440
SPS: 1378
Epoch: 131, global_step=1996800
SPS: 1379
Epoch: 132, global_step=2012160
SPS: 1380
Epoch: 133, global_step=2027520
SPS: 1381
Epoch: 134, global_step=2042880
SPS: 1381
Epoch: 135, global_step=2058240
SPS: 1382
Epoch: 136, global_step=2073600
SPS: 1384
Epoch: 137, global_step=2088960
SPS: 1385
Epoch: 138, global_step=2104320
SPS: 1387
Epoch: 139, global_step=2119680
SPS: 1388
Epoch: 140, global_step=2135040
SPS: 1390
Epoch: 141, global_step=2150400
SPS: 1391
Epoch: 142, global_step=2165760
SPS: 1391
Epoch: 143, global_step=2181120
SPS: 1391
Epoch: 144, global_step=2196480
SPS: 1392
Epoch: 145, global_step=2211840
SPS: 1392
Epoch: 146, global_step=2227200
SPS: 1393
Epoch: 147, global_step=2242560
SPS: 1393
Epoch: 148, global_step=2257920
SPS: 1394
Epoch: 149, global_step=2273280
SPS: 1394
Epoch: 150, global_step=2288640
SPS: 1395
Epoch: 151, global_step=2304000
Evaluating
Evaluated 2880 steps resulting in 48 episodes
[32mEvaluation Metric: success_once[0m | [36mMean: 0.0833[0m
[32mEvaluation Metric: return[0m | [36mMean: 6.9823[0m
[32mEvaluation Metric: episode_len[0m | [36mMean: 60.0000[0m
[32mEvaluation Metric: reward[0m | [36mMean: 0.1164[0m
[32mEvaluation Metric: success_at_end[0m | [36mMean: 0.0625[0m
model saved to checkpoints/ppo_memtasks/rgb_joints/normalized_dense/RememberColor9-v0/ppo-mlp-dense-remember-color-9-v0-s42__42__rgb_joints__20251025_163412/20251025_163412/ckpt_6_151.pt
SPS: 1380
Epoch: 152, global_step=2319360
SPS: 1381
Epoch: 153, global_step=2334720
SPS: 1382
Epoch: 154, global_step=2350080
SPS: 1383
Epoch: 155, global_step=2365440
SPS: 1383
Epoch: 156, global_step=2380800
SPS: 1384
Epoch: 157, global_step=2396160
SPS: 1385
Epoch: 158, global_step=2411520
SPS: 1386
Epoch: 159, global_step=2426880
SPS: 1387
Epoch: 160, global_step=2442240
SPS: 1388
Epoch: 161, global_step=2457600
SPS: 1389
Epoch: 162, global_step=2472960
SPS: 1389
Epoch: 163, global_step=2488320
SPS: 1391
Epoch: 164, global_step=2503680
SPS: 1391
Epoch: 165, global_step=2519040
SPS: 1392
Epoch: 166, global_step=2534400
SPS: 1392
Epoch: 167, global_step=2549760
SPS: 1393
Epoch: 168, global_step=2565120
SPS: 1393
Epoch: 169, global_step=2580480
SPS: 1394
Epoch: 170, global_step=2595840
SPS: 1394
Epoch: 171, global_step=2611200
SPS: 1396
Epoch: 172, global_step=2626560
SPS: 1397
Epoch: 173, global_step=2641920
SPS: 1398
Epoch: 174, global_step=2657280
SPS: 1398
Epoch: 175, global_step=2672640
SPS: 1399
Epoch: 176, global_step=2688000
Evaluating
Evaluated 2880 steps resulting in 48 episodes
[32mEvaluation Metric: success_once[0m | [36mMean: 0.0625[0m
[32mEvaluation Metric: return[0m | [36mMean: 8.4550[0m
[32mEvaluation Metric: episode_len[0m | [36mMean: 60.0000[0m
[32mEvaluation Metric: reward[0m | [36mMean: 0.1409[0m
[32mEvaluation Metric: success_at_end[0m | [36mMean: 0.0625[0m
model saved to checkpoints/ppo_memtasks/rgb_joints/normalized_dense/RememberColor9-v0/ppo-mlp-dense-remember-color-9-v0-s42__42__rgb_joints__20251025_163412/20251025_163412/ckpt_7_176.pt
SPS: 1386
Epoch: 177, global_step=2703360
SPS: 1387
Epoch: 178, global_step=2718720
SPS: 1388
Epoch: 179, global_step=2734080
SPS: 1389
Epoch: 180, global_step=2749440
SPS: 1391
Epoch: 181, global_step=2764800
SPS: 1392
Epoch: 182, global_step=2780160
SPS: 1393
Epoch: 183, global_step=2795520
SPS: 1393
Epoch: 184, global_step=2810880
SPS: 1394
Epoch: 185, global_step=2826240
SPS: 1395
Epoch: 186, global_step=2841600
SPS: 1396
Epoch: 187, global_step=2856960
SPS: 1397
Epoch: 188, global_step=2872320
SPS: 1398
Epoch: 189, global_step=2887680
SPS: 1399
Epoch: 190, global_step=2903040
SPS: 1400
Epoch: 191, global_step=2918400
SPS: 1401
Epoch: 192, global_step=2933760
SPS: 1402
Epoch: 193, global_step=2949120
SPS: 1403
Epoch: 194, global_step=2964480
SPS: 1404
Epoch: 195, global_step=2979840
SPS: 1405
Epoch: 196, global_step=2995200
SPS: 1406
Epoch: 197, global_step=3010560
SPS: 1407
Epoch: 198, global_step=3025920
SPS: 1408
Epoch: 199, global_step=3041280
SPS: 1409
Epoch: 200, global_step=3056640
SPS: 1410
Epoch: 201, global_step=3072000
Evaluating
Evaluated 2880 steps resulting in 48 episodes
[32mEvaluation Metric: success_once[0m | [36mMean: 0.1667[0m
[32mEvaluation Metric: return[0m | [36mMean: 10.5111[0m
[32mEvaluation Metric: episode_len[0m | [36mMean: 60.0000[0m
[32mEvaluation Metric: reward[0m | [36mMean: 0.1752[0m
[32mEvaluation Metric: success_at_end[0m | [36mMean: 0.1458[0m
model saved to checkpoints/ppo_memtasks/rgb_joints/normalized_dense/RememberColor9-v0/ppo-mlp-dense-remember-color-9-v0-s42__42__rgb_joints__20251025_163412/20251025_163412/ckpt_8_201.pt
SPS: 1398
Epoch: 202, global_step=3087360
SPS: 1399
Epoch: 203, global_step=3102720
SPS: 1400
Epoch: 204, global_step=3118080
SPS: 1401
Epoch: 205, global_step=3133440
SPS: 1402
Epoch: 206, global_step=3148800
SPS: 1403
Epoch: 207, global_step=3164160
SPS: 1404
Epoch: 208, global_step=3179520
SPS: 1404
Epoch: 209, global_step=3194880
SPS: 1405
Epoch: 210, global_step=3210240
SPS: 1405
Epoch: 211, global_step=3225600
SPS: 1406
Epoch: 212, global_step=3240960
SPS: 1407
Epoch: 213, global_step=3256320
SPS: 1408
Epoch: 214, global_step=3271680
SPS: 1408
Epoch: 215, global_step=3287040
SPS: 1409
Epoch: 216, global_step=3302400
SPS: 1409
Epoch: 217, global_step=3317760
SPS: 1410
Epoch: 218, global_step=3333120
SPS: 1410
Epoch: 219, global_step=3348480
SPS: 1411
Epoch: 220, global_step=3363840
SPS: 1411
Epoch: 221, global_step=3379200
SPS: 1411
Epoch: 222, global_step=3394560
SPS: 1411
Epoch: 223, global_step=3409920
SPS: 1412
Epoch: 224, global_step=3425280
SPS: 1412
Epoch: 225, global_step=3440640
SPS: 1413
Epoch: 226, global_step=3456000
Evaluating
Evaluated 2880 steps resulting in 48 episodes
[32mEvaluation Metric: success_once[0m | [36mMean: 0.1250[0m
[32mEvaluation Metric: return[0m | [36mMean: 9.6829[0m
[32mEvaluation Metric: episode_len[0m | [36mMean: 60.0000[0m
[32mEvaluation Metric: reward[0m | [36mMean: 0.1614[0m
[32mEvaluation Metric: success_at_end[0m | [36mMean: 0.0833[0m
model saved to checkpoints/ppo_memtasks/rgb_joints/normalized_dense/RememberColor9-v0/ppo-mlp-dense-remember-color-9-v0-s42__42__rgb_joints__20251025_163412/20251025_163412/ckpt_9_226.pt
SPS: 1402
Epoch: 227, global_step=3471360
SPS: 1403
Epoch: 228, global_step=3486720
SPS: 1403
Epoch: 229, global_step=3502080
SPS: 1404
Epoch: 230, global_step=3517440
SPS: 1405
Epoch: 231, global_step=3532800
SPS: 1406
Epoch: 232, global_step=3548160
SPS: 1407
Epoch: 233, global_step=3563520
SPS: 1407
Epoch: 234, global_step=3578880
SPS: 1408
Epoch: 235, global_step=3594240
SPS: 1409
Epoch: 236, global_step=3609600
SPS: 1409
Epoch: 237, global_step=3624960
SPS: 1409
Epoch: 238, global_step=3640320
SPS: 1409
Epoch: 239, global_step=3655680
SPS: 1411
Epoch: 240, global_step=3671040
SPS: 1411
Epoch: 241, global_step=3686400
SPS: 1411
Epoch: 242, global_step=3701760
SPS: 1412
Epoch: 243, global_step=3717120
SPS: 1412
Epoch: 244, global_step=3732480
SPS: 1413
Epoch: 245, global_step=3747840
SPS: 1413
Epoch: 246, global_step=3763200
SPS: 1414
Epoch: 247, global_step=3778560
SPS: 1414
Epoch: 248, global_step=3793920
SPS: 1415
Epoch: 249, global_step=3809280
SPS: 1416
Epoch: 250, global_step=3824640
SPS: 1417
Epoch: 251, global_step=3840000
Evaluating
Evaluated 2880 steps resulting in 48 episodes
[32mEvaluation Metric: success_once[0m | [36mMean: 0.2083[0m
[32mEvaluation Metric: return[0m | [36mMean: 10.9605[0m
[32mEvaluation Metric: episode_len[0m | [36mMean: 60.0000[0m
[32mEvaluation Metric: reward[0m | [36mMean: 0.1827[0m
[32mEvaluation Metric: success_at_end[0m | [36mMean: 0.1250[0m
model saved to checkpoints/ppo_memtasks/rgb_joints/normalized_dense/RememberColor9-v0/ppo-mlp-dense-remember-color-9-v0-s42__42__rgb_joints__20251025_163412/20251025_163412/ckpt_10_251.pt
SPS: 1408
Epoch: 252, global_step=3855360
SPS: 1409
Epoch: 253, global_step=3870720
SPS: 1409
Epoch: 254, global_step=3886080
SPS: 1411
Epoch: 255, global_step=3901440
SPS: 1411
Epoch: 256, global_step=3916800
SPS: 1412
Epoch: 257, global_step=3932160
SPS: 1413
Epoch: 258, global_step=3947520
SPS: 1413
Epoch: 259, global_step=3962880
SPS: 1415
Epoch: 260, global_step=3978240
SPS: 1415
Epoch: 261, global_step=3993600
SPS: 1415
Epoch: 262, global_step=4008960
SPS: 1416
Epoch: 263, global_step=4024320
SPS: 1417
Epoch: 264, global_step=4039680
SPS: 1417
Epoch: 265, global_step=4055040
SPS: 1419
Epoch: 266, global_step=4070400
SPS: 1419
Epoch: 267, global_step=4085760
SPS: 1419
Epoch: 268, global_step=4101120
SPS: 1420
Epoch: 269, global_step=4116480
SPS: 1420
Epoch: 270, global_step=4131840
SPS: 1421
Epoch: 271, global_step=4147200
SPS: 1422
Epoch: 272, global_step=4162560
SPS: 1422
Epoch: 273, global_step=4177920
SPS: 1424
Epoch: 274, global_step=4193280
SPS: 1424
Epoch: 275, global_step=4208640
SPS: 1424
Epoch: 276, global_step=4224000
Evaluating
Evaluated 2880 steps resulting in 48 episodes
[32mEvaluation Metric: success_once[0m | [36mMean: 0.1667[0m
[32mEvaluation Metric: return[0m | [36mMean: 10.8813[0m
[32mEvaluation Metric: episode_len[0m | [36mMean: 60.0000[0m
[32mEvaluation Metric: reward[0m | [36mMean: 0.1814[0m
[32mEvaluation Metric: success_at_end[0m | [36mMean: 0.1042[0m
model saved to checkpoints/ppo_memtasks/rgb_joints/normalized_dense/RememberColor9-v0/ppo-mlp-dense-remember-color-9-v0-s42__42__rgb_joints__20251025_163412/20251025_163412/ckpt_11_276.pt
SPS: 1416
Epoch: 277, global_step=4239360
SPS: 1417
Epoch: 278, global_step=4254720
SPS: 1418
Epoch: 279, global_step=4270080
SPS: 1419
Epoch: 280, global_step=4285440
SPS: 1419
Epoch: 281, global_step=4300800
SPS: 1421
Epoch: 282, global_step=4316160
SPS: 1421
Epoch: 283, global_step=4331520
SPS: 1423
Epoch: 284, global_step=4346880
SPS: 1424
Epoch: 285, global_step=4362240
SPS: 1424
Epoch: 286, global_step=4377600
SPS: 1425
Epoch: 287, global_step=4392960
SPS: 1426
Epoch: 288, global_step=4408320
SPS: 1427
Epoch: 289, global_step=4423680
SPS: 1428
Epoch: 290, global_step=4439040
SPS: 1429
Epoch: 291, global_step=4454400
SPS: 1429
Epoch: 292, global_step=4469760
SPS: 1431
Epoch: 293, global_step=4485120
SPS: 1432
Epoch: 294, global_step=4500480
SPS: 1433
Epoch: 295, global_step=4515840
SPS: 1433
Epoch: 296, global_step=4531200
SPS: 1434
Epoch: 297, global_step=4546560
SPS: 1435
Epoch: 298, global_step=4561920
SPS: 1436
Epoch: 299, global_step=4577280
SPS: 1436
Epoch: 300, global_step=4592640
SPS: 1437
Epoch: 301, global_step=4608000
Evaluating
Evaluated 2880 steps resulting in 48 episodes
[32mEvaluation Metric: success_once[0m | [36mMean: 0.1042[0m
[32mEvaluation Metric: return[0m | [36mMean: 11.4494[0m
[32mEvaluation Metric: episode_len[0m | [36mMean: 60.0000[0m
[32mEvaluation Metric: reward[0m | [36mMean: 0.1908[0m
[32mEvaluation Metric: success_at_end[0m | [36mMean: 0.1042[0m
model saved to checkpoints/ppo_memtasks/rgb_joints/normalized_dense/RememberColor9-v0/ppo-mlp-dense-remember-color-9-v0-s42__42__rgb_joints__20251025_163412/20251025_163412/ckpt_12_301.pt
SPS: 1428
Epoch: 302, global_step=4623360
SPS: 1430
Epoch: 303, global_step=4638720
SPS: 1430
Epoch: 304, global_step=4654080
SPS: 1430
Epoch: 305, global_step=4669440
SPS: 1431
Epoch: 306, global_step=4684800
SPS: 1432
Epoch: 307, global_step=4700160
SPS: 1433
Epoch: 308, global_step=4715520
SPS: 1433
Epoch: 309, global_step=4730880
SPS: 1435
Epoch: 310, global_step=4746240
SPS: 1435
Epoch: 311, global_step=4761600
SPS: 1437
Epoch: 312, global_step=4776960
SPS: 1438
Epoch: 313, global_step=4792320
SPS: 1439
Epoch: 314, global_step=4807680
SPS: 1441
Epoch: 315, global_step=4823040
SPS: 1441
Epoch: 316, global_step=4838400
SPS: 1441
Epoch: 317, global_step=4853760
SPS: 1442
Epoch: 318, global_step=4869120
SPS: 1444
Epoch: 319, global_step=4884480
SPS: 1445
Epoch: 320, global_step=4899840
SPS: 1446
Epoch: 321, global_step=4915200
SPS: 1446
Epoch: 322, global_step=4930560
SPS: 1446
Epoch: 323, global_step=4945920
SPS: 1448
Epoch: 324, global_step=4961280
SPS: 1448
Epoch: 325, global_step=4976640
SPS: 1448
Epoch: 326, global_step=4992000
Evaluating
Evaluated 2880 steps resulting in 48 episodes
[32mEvaluation Metric: success_once[0m | [36mMean: 0.1042[0m
[32mEvaluation Metric: return[0m | [36mMean: 11.3307[0m
[32mEvaluation Metric: episode_len[0m | [36mMean: 60.0000[0m
[32mEvaluation Metric: reward[0m | [36mMean: 0.1888[0m
[32mEvaluation Metric: success_at_end[0m | [36mMean: 0.1042[0m
model saved to checkpoints/ppo_memtasks/rgb_joints/normalized_dense/RememberColor9-v0/ppo-mlp-dense-remember-color-9-v0-s42__42__rgb_joints__20251025_163412/20251025_163412/ckpt_13_326.pt
SPS: 1442
Epoch: 327, global_step=5007360
SPS: 1442
Epoch: 328, global_step=5022720
SPS: 1444
Epoch: 329, global_step=5038080
SPS: 1444
Epoch: 330, global_step=5053440
SPS: 1444
Epoch: 331, global_step=5068800
SPS: 1446
Epoch: 332, global_step=5084160
SPS: 1447
Epoch: 333, global_step=5099520
SPS: 1448
Epoch: 334, global_step=5114880
SPS: 1449
Epoch: 335, global_step=5130240
SPS: 1450
Epoch: 336, global_step=5145600
SPS: 1450
Epoch: 337, global_step=5160960
SPS: 1451
Epoch: 338, global_step=5176320
SPS: 1452
Epoch: 339, global_step=5191680
SPS: 1453
Epoch: 340, global_step=5207040
SPS: 1454
Epoch: 341, global_step=5222400
SPS: 1455
Epoch: 342, global_step=5237760
SPS: 1457
Epoch: 343, global_step=5253120
SPS: 1458
Epoch: 344, global_step=5268480
SPS: 1458
Epoch: 345, global_step=5283840
SPS: 1459
Epoch: 346, global_step=5299200
SPS: 1460
Epoch: 347, global_step=5314560
SPS: 1461
Epoch: 348, global_step=5329920
SPS: 1461
Epoch: 349, global_step=5345280
SPS: 1462
Epoch: 350, global_step=5360640
SPS: 1462
Epoch: 351, global_step=5376000
Evaluating
Evaluated 2880 steps resulting in 48 episodes
[32mEvaluation Metric: success_once[0m | [36mMean: 0.0417[0m
[32mEvaluation Metric: return[0m | [36mMean: 8.5480[0m
[32mEvaluation Metric: episode_len[0m | [36mMean: 60.0000[0m
[32mEvaluation Metric: reward[0m | [36mMean: 0.1425[0m
[32mEvaluation Metric: success_at_end[0m | [36mMean: 0.0417[0m
model saved to checkpoints/ppo_memtasks/rgb_joints/normalized_dense/RememberColor9-v0/ppo-mlp-dense-remember-color-9-v0-s42__42__rgb_joints__20251025_163412/20251025_163412/ckpt_14_351.pt
SPS: 1455
Epoch: 352, global_step=5391360
SPS: 1456
Epoch: 353, global_step=5406720
SPS: 1456
Epoch: 354, global_step=5422080
SPS: 1457
Epoch: 355, global_step=5437440
SPS: 1458
Epoch: 356, global_step=5452800
SPS: 1459
Epoch: 357, global_step=5468160
SPS: 1460
Epoch: 358, global_step=5483520
SPS: 1460
Epoch: 359, global_step=5498880
SPS: 1461
Epoch: 360, global_step=5514240
SPS: 1463
Epoch: 361, global_step=5529600
SPS: 1464
Epoch: 362, global_step=5544960
SPS: 1464
Epoch: 363, global_step=5560320
SPS: 1464
Epoch: 364, global_step=5575680
SPS: 1464
Epoch: 365, global_step=5591040
SPS: 1465
Epoch: 366, global_step=5606400
SPS: 1466
Epoch: 367, global_step=5621760
SPS: 1466
Epoch: 368, global_step=5637120
SPS: 1467
Epoch: 369, global_step=5652480
SPS: 1469
Epoch: 370, global_step=5667840
SPS: 1469
Epoch: 371, global_step=5683200
SPS: 1470
Epoch: 372, global_step=5698560
SPS: 1471
Epoch: 373, global_step=5713920
SPS: 1471
Epoch: 374, global_step=5729280
SPS: 1472
Epoch: 375, global_step=5744640
SPS: 1472
Epoch: 376, global_step=5760000
Evaluating
Evaluated 2880 steps resulting in 48 episodes
[32mEvaluation Metric: success_once[0m | [36mMean: 0.1250[0m
[32mEvaluation Metric: return[0m | [36mMean: 11.8010[0m
[32mEvaluation Metric: episode_len[0m | [36mMean: 60.0000[0m
[32mEvaluation Metric: reward[0m | [36mMean: 0.1967[0m
[32mEvaluation Metric: success_at_end[0m | [36mMean: 0.1250[0m
model saved to checkpoints/ppo_memtasks/rgb_joints/normalized_dense/RememberColor9-v0/ppo-mlp-dense-remember-color-9-v0-s42__42__rgb_joints__20251025_163412/20251025_163412/ckpt_15_376.pt
SPS: 1466
Epoch: 377, global_step=5775360
SPS: 1467
Epoch: 378, global_step=5790720
SPS: 1468
Epoch: 379, global_step=5806080
SPS: 1469
Epoch: 380, global_step=5821440
SPS: 1470
Epoch: 381, global_step=5836800
SPS: 1471
Epoch: 382, global_step=5852160
SPS: 1471
Epoch: 383, global_step=5867520
SPS: 1472
Epoch: 384, global_step=5882880
SPS: 1473
Epoch: 385, global_step=5898240
SPS: 1473
Epoch: 386, global_step=5913600
SPS: 1474
Epoch: 387, global_step=5928960
SPS: 1474
Epoch: 388, global_step=5944320
SPS: 1474
Epoch: 389, global_step=5959680
SPS: 1476
Epoch: 390, global_step=5975040
SPS: 1476
Epoch: 391, global_step=5990400
SPS: 1477
Epoch: 392, global_step=6005760
SPS: 1478
Epoch: 393, global_step=6021120
SPS: 1480
Epoch: 394, global_step=6036480
SPS: 1481
Epoch: 395, global_step=6051840
SPS: 1481
Epoch: 396, global_step=6067200
SPS: 1482
Epoch: 397, global_step=6082560
SPS: 1483
Epoch: 398, global_step=6097920
SPS: 1484
Epoch: 399, global_step=6113280
SPS: 1485
Epoch: 400, global_step=6128640
SPS: 1486
Epoch: 401, global_step=6144000
Evaluating
Evaluated 2880 steps resulting in 48 episodes
[32mEvaluation Metric: success_once[0m | [36mMean: 0.1458[0m
[32mEvaluation Metric: return[0m | [36mMean: 12.0245[0m
[32mEvaluation Metric: episode_len[0m | [36mMean: 60.0000[0m
[32mEvaluation Metric: reward[0m | [36mMean: 0.2004[0m
[32mEvaluation Metric: success_at_end[0m | [36mMean: 0.1458[0m
model saved to checkpoints/ppo_memtasks/rgb_joints/normalized_dense/RememberColor9-v0/ppo-mlp-dense-remember-color-9-v0-s42__42__rgb_joints__20251025_163412/20251025_163412/ckpt_16_401.pt
SPS: 1480
Epoch: 402, global_step=6159360
SPS: 1481
Epoch: 403, global_step=6174720
SPS: 1483
Epoch: 404, global_step=6190080
SPS: 1483
Epoch: 405, global_step=6205440
SPS: 1484
Epoch: 406, global_step=6220800
SPS: 1485
Epoch: 407, global_step=6236160
SPS: 1486
Epoch: 408, global_step=6251520
SPS: 1486
Epoch: 409, global_step=6266880
SPS: 1487
Epoch: 410, global_step=6282240
SPS: 1488
Epoch: 411, global_step=6297600
SPS: 1489
Epoch: 412, global_step=6312960
SPS: 1489
Epoch: 413, global_step=6328320
SPS: 1490
Epoch: 414, global_step=6343680
SPS: 1492
Epoch: 415, global_step=6359040
SPS: 1493
Epoch: 416, global_step=6374400
SPS: 1494
Epoch: 417, global_step=6389760
SPS: 1494
Epoch: 418, global_step=6405120
SPS: 1495
Epoch: 419, global_step=6420480
SPS: 1496
Epoch: 420, global_step=6435840
SPS: 1497
Epoch: 421, global_step=6451200
SPS: 1498
Epoch: 422, global_step=6466560
SPS: 1498
Epoch: 423, global_step=6481920
SPS: 1499
Epoch: 424, global_step=6497280
SPS: 1500
Epoch: 425, global_step=6512640
SPS: 1501
Epoch: 426, global_step=6528000
Evaluating
Evaluated 2880 steps resulting in 48 episodes
[32mEvaluation Metric: success_once[0m | [36mMean: 0.0833[0m
[32mEvaluation Metric: return[0m | [36mMean: 10.4788[0m
[32mEvaluation Metric: episode_len[0m | [36mMean: 60.0000[0m
[32mEvaluation Metric: reward[0m | [36mMean: 0.1746[0m
[32mEvaluation Metric: success_at_end[0m | [36mMean: 0.0833[0m
model saved to checkpoints/ppo_memtasks/rgb_joints/normalized_dense/RememberColor9-v0/ppo-mlp-dense-remember-color-9-v0-s42__42__rgb_joints__20251025_163412/20251025_163412/ckpt_17_426.pt
SPS: 1495
Epoch: 427, global_step=6543360
SPS: 1496
Epoch: 428, global_step=6558720
SPS: 1497
Epoch: 429, global_step=6574080
SPS: 1498
Epoch: 430, global_step=6589440
SPS: 1499
Epoch: 431, global_step=6604800
SPS: 1500
Epoch: 432, global_step=6620160
SPS: 1501
Epoch: 433, global_step=6635520
SPS: 1501
Epoch: 434, global_step=6650880
SPS: 1502
Epoch: 435, global_step=6666240
SPS: 1503
Epoch: 436, global_step=6681600
SPS: 1504
Epoch: 437, global_step=6696960
SPS: 1504
Epoch: 438, global_step=6712320
SPS: 1505
Epoch: 439, global_step=6727680
SPS: 1506
Epoch: 440, global_step=6743040
SPS: 1507
Epoch: 441, global_step=6758400
SPS: 1508
Epoch: 442, global_step=6773760
SPS: 1508
Epoch: 443, global_step=6789120
SPS: 1509
Epoch: 444, global_step=6804480
SPS: 1509
Epoch: 445, global_step=6819840
SPS: 1510
Epoch: 446, global_step=6835200
SPS: 1511
Epoch: 447, global_step=6850560
SPS: 1512
Epoch: 448, global_step=6865920
SPS: 1513
Epoch: 449, global_step=6881280
SPS: 1514
Epoch: 450, global_step=6896640
SPS: 1515
Epoch: 451, global_step=6912000
Evaluating
Evaluated 2880 steps resulting in 48 episodes
[32mEvaluation Metric: success_once[0m | [36mMean: 0.1667[0m
[32mEvaluation Metric: return[0m | [36mMean: 12.4822[0m
[32mEvaluation Metric: episode_len[0m | [36mMean: 60.0000[0m
[32mEvaluation Metric: reward[0m | [36mMean: 0.2080[0m
[32mEvaluation Metric: success_at_end[0m | [36mMean: 0.1667[0m
model saved to checkpoints/ppo_memtasks/rgb_joints/normalized_dense/RememberColor9-v0/ppo-mlp-dense-remember-color-9-v0-s42__42__rgb_joints__20251025_163412/20251025_163412/ckpt_18_451.pt
SPS: 1510
Epoch: 452, global_step=6927360
SPS: 1510
Epoch: 453, global_step=6942720
SPS: 1511
Epoch: 454, global_step=6958080
SPS: 1512
Epoch: 455, global_step=6973440
SPS: 1513
Epoch: 456, global_step=6988800
SPS: 1514
Epoch: 457, global_step=7004160
SPS: 1514
Epoch: 458, global_step=7019520
SPS: 1515
Epoch: 459, global_step=7034880
SPS: 1516
Epoch: 460, global_step=7050240
SPS: 1516
Epoch: 461, global_step=7065600
SPS: 1517
Epoch: 462, global_step=7080960
SPS: 1518
Epoch: 463, global_step=7096320
SPS: 1519
Epoch: 464, global_step=7111680
SPS: 1519
Epoch: 465, global_step=7127040
SPS: 1519
Epoch: 466, global_step=7142400
SPS: 1519
Epoch: 467, global_step=7157760
SPS: 1520
Epoch: 468, global_step=7173120
SPS: 1521
Epoch: 469, global_step=7188480
SPS: 1522
Epoch: 470, global_step=7203840
SPS: 1523
Epoch: 471, global_step=7219200
SPS: 1523
Epoch: 472, global_step=7234560
SPS: 1524
Epoch: 473, global_step=7249920
SPS: 1525
Epoch: 474, global_step=7265280
SPS: 1525
Epoch: 475, global_step=7280640
SPS: 1526
Epoch: 476, global_step=7296000
Evaluating
Evaluated 2880 steps resulting in 48 episodes
[32mEvaluation Metric: success_once[0m | [36mMean: 0.0625[0m
[32mEvaluation Metric: return[0m | [36mMean: 9.2655[0m
[32mEvaluation Metric: episode_len[0m | [36mMean: 60.0000[0m
[32mEvaluation Metric: reward[0m | [36mMean: 0.1544[0m
[32mEvaluation Metric: success_at_end[0m | [36mMean: 0.0625[0m
model saved to checkpoints/ppo_memtasks/rgb_joints/normalized_dense/RememberColor9-v0/ppo-mlp-dense-remember-color-9-v0-s42__42__rgb_joints__20251025_163412/20251025_163412/ckpt_19_476.pt
SPS: 1521
Epoch: 477, global_step=7311360
SPS: 1521
Epoch: 478, global_step=7326720
SPS: 1522
Epoch: 479, global_step=7342080
SPS: 1523
Epoch: 480, global_step=7357440
SPS: 1524
Epoch: 481, global_step=7372800
SPS: 1524
Epoch: 482, global_step=7388160
SPS: 1525
Epoch: 483, global_step=7403520
SPS: 1526
Epoch: 484, global_step=7418880
SPS: 1527
Epoch: 485, global_step=7434240
SPS: 1528
Epoch: 486, global_step=7449600
SPS: 1529
Epoch: 487, global_step=7464960
SPS: 1529
Epoch: 488, global_step=7480320
SPS: 1530
Epoch: 489, global_step=7495680
SPS: 1531
Epoch: 490, global_step=7511040
SPS: 1532
Epoch: 491, global_step=7526400
SPS: 1533
Epoch: 492, global_step=7541760
SPS: 1533
Epoch: 493, global_step=7557120
SPS: 1534
Epoch: 494, global_step=7572480
SPS: 1535
Epoch: 495, global_step=7587840
SPS: 1535
Epoch: 496, global_step=7603200
SPS: 1535
Epoch: 497, global_step=7618560
SPS: 1536
Epoch: 498, global_step=7633920
SPS: 1537
Epoch: 499, global_step=7649280
SPS: 1537
Epoch: 500, global_step=7664640
SPS: 1537
Epoch: 501, global_step=7680000
Evaluating
Evaluated 2880 steps resulting in 48 episodes
[32mEvaluation Metric: success_once[0m | [36mMean: 0.0833[0m
[32mEvaluation Metric: return[0m | [36mMean: 9.2102[0m
[32mEvaluation Metric: episode_len[0m | [36mMean: 60.0000[0m
[32mEvaluation Metric: reward[0m | [36mMean: 0.1535[0m
[32mEvaluation Metric: success_at_end[0m | [36mMean: 0.0833[0m
model saved to checkpoints/ppo_memtasks/rgb_joints/normalized_dense/RememberColor9-v0/ppo-mlp-dense-remember-color-9-v0-s42__42__rgb_joints__20251025_163412/20251025_163412/ckpt_20_501.pt
SPS: 1533
Epoch: 502, global_step=7695360
SPS: 1533
Epoch: 503, global_step=7710720
SPS: 1534
Epoch: 504, global_step=7726080
SPS: 1535
Epoch: 505, global_step=7741440
SPS: 1535
Epoch: 506, global_step=7756800
SPS: 1536
Epoch: 507, global_step=7772160
SPS: 1537
Epoch: 508, global_step=7787520
SPS: 1537
Epoch: 509, global_step=7802880
SPS: 1538
Epoch: 510, global_step=7818240
SPS: 1539
Epoch: 511, global_step=7833600
SPS: 1540
Epoch: 512, global_step=7848960
SPS: 1540
Epoch: 513, global_step=7864320
SPS: 1541
Epoch: 514, global_step=7879680
SPS: 1542
Epoch: 515, global_step=7895040
SPS: 1542
Epoch: 516, global_step=7910400
SPS: 1543
Epoch: 517, global_step=7925760
SPS: 1544
Epoch: 518, global_step=7941120
SPS: 1544
Epoch: 519, global_step=7956480
SPS: 1545
Epoch: 520, global_step=7971840
SPS: 1546
Epoch: 521, global_step=7987200
SPS: 1546
Epoch: 522, global_step=8002560
SPS: 1547
Epoch: 523, global_step=8017920
SPS: 1548
Epoch: 524, global_step=8033280
SPS: 1548
Epoch: 525, global_step=8048640
SPS: 1549
Epoch: 526, global_step=8064000
Evaluating
Evaluated 2880 steps resulting in 48 episodes
[32mEvaluation Metric: success_once[0m | [36mMean: 0.1042[0m
[32mEvaluation Metric: return[0m | [36mMean: 10.6506[0m
[32mEvaluation Metric: episode_len[0m | [36mMean: 60.0000[0m
[32mEvaluation Metric: reward[0m | [36mMean: 0.1775[0m
[32mEvaluation Metric: success_at_end[0m | [36mMean: 0.1042[0m
model saved to checkpoints/ppo_memtasks/rgb_joints/normalized_dense/RememberColor9-v0/ppo-mlp-dense-remember-color-9-v0-s42__42__rgb_joints__20251025_163412/20251025_163412/ckpt_21_526.pt
SPS: 1544
Epoch: 527, global_step=8079360
SPS: 1545
Epoch: 528, global_step=8094720
SPS: 1546
Epoch: 529, global_step=8110080
SPS: 1546
Epoch: 530, global_step=8125440
SPS: 1547
Epoch: 531, global_step=8140800
SPS: 1548
Epoch: 532, global_step=8156160
SPS: 1549
Epoch: 533, global_step=8171520
SPS: 1550
Epoch: 534, global_step=8186880
SPS: 1550
Epoch: 535, global_step=8202240
SPS: 1551
Epoch: 536, global_step=8217600
SPS: 1551
Epoch: 537, global_step=8232960
SPS: 1552
Epoch: 538, global_step=8248320
SPS: 1553
Epoch: 539, global_step=8263680
SPS: 1554
Epoch: 540, global_step=8279040
SPS: 1554
Epoch: 541, global_step=8294400
SPS: 1555
Epoch: 542, global_step=8309760
SPS: 1556
Epoch: 543, global_step=8325120
SPS: 1556
Epoch: 544, global_step=8340480
SPS: 1557
Epoch: 545, global_step=8355840
SPS: 1557
Epoch: 546, global_step=8371200
SPS: 1558
Epoch: 547, global_step=8386560
SPS: 1559
Epoch: 548, global_step=8401920
SPS: 1560
Epoch: 549, global_step=8417280
SPS: 1561
Epoch: 550, global_step=8432640
SPS: 1561
Epoch: 551, global_step=8448000
Evaluating
Evaluated 2880 steps resulting in 48 episodes
[32mEvaluation Metric: success_once[0m | [36mMean: 0.1458[0m
[32mEvaluation Metric: return[0m | [36mMean: 11.1311[0m
[32mEvaluation Metric: episode_len[0m | [36mMean: 60.0000[0m
[32mEvaluation Metric: reward[0m | [36mMean: 0.1855[0m
[32mEvaluation Metric: success_at_end[0m | [36mMean: 0.1458[0m
model saved to checkpoints/ppo_memtasks/rgb_joints/normalized_dense/RememberColor9-v0/ppo-mlp-dense-remember-color-9-v0-s42__42__rgb_joints__20251025_163412/20251025_163412/ckpt_22_551.pt
SPS: 1557
Epoch: 552, global_step=8463360
SPS: 1558
Epoch: 553, global_step=8478720
SPS: 1558
Epoch: 554, global_step=8494080
SPS: 1558
Epoch: 555, global_step=8509440
SPS: 1559
Epoch: 556, global_step=8524800
SPS: 1560
Epoch: 557, global_step=8540160
SPS: 1561
Epoch: 558, global_step=8555520
SPS: 1562
Epoch: 559, global_step=8570880
SPS: 1562
Epoch: 560, global_step=8586240
SPS: 1562
Epoch: 561, global_step=8601600
SPS: 1563
Epoch: 562, global_step=8616960
SPS: 1563
Epoch: 563, global_step=8632320
SPS: 1564
Epoch: 564, global_step=8647680
SPS: 1564
Epoch: 565, global_step=8663040
SPS: 1565
Epoch: 566, global_step=8678400
SPS: 1566
Epoch: 567, global_step=8693760
SPS: 1567
Epoch: 568, global_step=8709120
SPS: 1567
Epoch: 569, global_step=8724480
SPS: 1568
Epoch: 570, global_step=8739840
SPS: 1569
Epoch: 571, global_step=8755200
SPS: 1570
Epoch: 572, global_step=8770560
SPS: 1570
Epoch: 573, global_step=8785920
SPS: 1571
Epoch: 574, global_step=8801280
SPS: 1572
Epoch: 575, global_step=8816640
SPS: 1572
Epoch: 576, global_step=8832000
Evaluating
Evaluated 2880 steps resulting in 48 episodes
[32mEvaluation Metric: success_once[0m | [36mMean: 0.1250[0m
[32mEvaluation Metric: return[0m | [36mMean: 11.3286[0m
[32mEvaluation Metric: episode_len[0m | [36mMean: 60.0000[0m
[32mEvaluation Metric: reward[0m | [36mMean: 0.1888[0m
[32mEvaluation Metric: success_at_end[0m | [36mMean: 0.1250[0m
model saved to checkpoints/ppo_memtasks/rgb_joints/normalized_dense/RememberColor9-v0/ppo-mlp-dense-remember-color-9-v0-s42__42__rgb_joints__20251025_163412/20251025_163412/ckpt_23_576.pt
SPS: 1568
Epoch: 577, global_step=8847360
SPS: 1569
Epoch: 578, global_step=8862720
SPS: 1569
Epoch: 579, global_step=8878080
SPS: 1570
Epoch: 580, global_step=8893440
SPS: 1571
Epoch: 581, global_step=8908800
SPS: 1571
Epoch: 582, global_step=8924160
SPS: 1571
Epoch: 583, global_step=8939520
SPS: 1572
Epoch: 584, global_step=8954880
SPS: 1573
Epoch: 585, global_step=8970240
SPS: 1573
Epoch: 586, global_step=8985600
SPS: 1574
Epoch: 587, global_step=9000960
SPS: 1574
Epoch: 588, global_step=9016320
SPS: 1575
Epoch: 589, global_step=9031680
SPS: 1576
Epoch: 590, global_step=9047040
SPS: 1577
Epoch: 591, global_step=9062400
SPS: 1578
Epoch: 592, global_step=9077760
SPS: 1578
Epoch: 593, global_step=9093120
SPS: 1579
Epoch: 594, global_step=9108480
SPS: 1580
Epoch: 595, global_step=9123840
SPS: 1581
Epoch: 596, global_step=9139200
SPS: 1582
Epoch: 597, global_step=9154560
SPS: 1582
Epoch: 598, global_step=9169920
SPS: 1583
Epoch: 599, global_step=9185280
SPS: 1584
Epoch: 600, global_step=9200640
SPS: 1584
Epoch: 601, global_step=9216000
Evaluating
Evaluated 2880 steps resulting in 48 episodes
[32mEvaluation Metric: success_once[0m | [36mMean: 0.0833[0m
[32mEvaluation Metric: return[0m | [36mMean: 10.7698[0m
[32mEvaluation Metric: episode_len[0m | [36mMean: 60.0000[0m
[32mEvaluation Metric: reward[0m | [36mMean: 0.1795[0m
[32mEvaluation Metric: success_at_end[0m | [36mMean: 0.0833[0m
model saved to checkpoints/ppo_memtasks/rgb_joints/normalized_dense/RememberColor9-v0/ppo-mlp-dense-remember-color-9-v0-s42__42__rgb_joints__20251025_163412/20251025_163412/ckpt_24_601.pt
SPS: 1579
Epoch: 602, global_step=9231360
SPS: 1580
Epoch: 603, global_step=9246720
SPS: 1581
Epoch: 604, global_step=9262080
SPS: 1582
Epoch: 605, global_step=9277440
SPS: 1582
Epoch: 606, global_step=9292800
SPS: 1583
Epoch: 607, global_step=9308160
SPS: 1584
Epoch: 608, global_step=9323520
SPS: 1585
Epoch: 609, global_step=9338880
SPS: 1585
Epoch: 610, global_step=9354240
SPS: 1586
Epoch: 611, global_step=9369600
SPS: 1587
Epoch: 612, global_step=9384960
SPS: 1588
Epoch: 613, global_step=9400320
SPS: 1588
Epoch: 614, global_step=9415680
SPS: 1589
Epoch: 615, global_step=9431040
SPS: 1590
Epoch: 616, global_step=9446400
SPS: 1590
Epoch: 617, global_step=9461760
SPS: 1591
Epoch: 618, global_step=9477120
SPS: 1592
Epoch: 619, global_step=9492480
SPS: 1592
Epoch: 620, global_step=9507840
SPS: 1593
Epoch: 621, global_step=9523200
SPS: 1594
Epoch: 622, global_step=9538560
SPS: 1594
Epoch: 623, global_step=9553920
SPS: 1595
Epoch: 624, global_step=9569280
SPS: 1596
Epoch: 625, global_step=9584640
SPS: 1596
Epoch: 626, global_step=9600000
Evaluating
Evaluated 2880 steps resulting in 48 episodes
[32mEvaluation Metric: success_once[0m | [36mMean: 0.1042[0m
[32mEvaluation Metric: return[0m | [36mMean: 10.6936[0m
[32mEvaluation Metric: episode_len[0m | [36mMean: 60.0000[0m
[32mEvaluation Metric: reward[0m | [36mMean: 0.1782[0m
[32mEvaluation Metric: success_at_end[0m | [36mMean: 0.1042[0m
model saved to checkpoints/ppo_memtasks/rgb_joints/normalized_dense/RememberColor9-v0/ppo-mlp-dense-remember-color-9-v0-s42__42__rgb_joints__20251025_163412/20251025_163412/ckpt_25_626.pt
SPS: 1592
Epoch: 627, global_step=9615360
SPS: 1593
Epoch: 628, global_step=9630720
SPS: 1593
Epoch: 629, global_step=9646080
SPS: 1594
Epoch: 630, global_step=9661440
SPS: 1594
Epoch: 631, global_step=9676800
SPS: 1595
Epoch: 632, global_step=9692160
SPS: 1595
Epoch: 633, global_step=9707520
SPS: 1596
Epoch: 634, global_step=9722880
SPS: 1597
Epoch: 635, global_step=9738240
SPS: 1597
Epoch: 636, global_step=9753600
SPS: 1598
Epoch: 637, global_step=9768960
SPS: 1598
Epoch: 638, global_step=9784320
SPS: 1599
Epoch: 639, global_step=9799680
SPS: 1600
Epoch: 640, global_step=9815040
SPS: 1601
Epoch: 641, global_step=9830400
SPS: 1601
Epoch: 642, global_step=9845760
SPS: 1602
Epoch: 643, global_step=9861120
SPS: 1603
Epoch: 644, global_step=9876480
SPS: 1604
Epoch: 645, global_step=9891840
SPS: 1604
Epoch: 646, global_step=9907200
SPS: 1605
Epoch: 647, global_step=9922560
SPS: 1606
Epoch: 648, global_step=9937920
SPS: 1606
Epoch: 649, global_step=9953280
SPS: 1606
Epoch: 650, global_step=9968640
SPS: 1607
Epoch: 651, global_step=9984000
Evaluating
Evaluated 2880 steps resulting in 48 episodes
[32mEvaluation Metric: success_once[0m | [36mMean: 0.1042[0m
[32mEvaluation Metric: return[0m | [36mMean: 10.6129[0m
[32mEvaluation Metric: episode_len[0m | [36mMean: 60.0000[0m
[32mEvaluation Metric: reward[0m | [36mMean: 0.1769[0m
[32mEvaluation Metric: success_at_end[0m | [36mMean: 0.1042[0m
model saved to checkpoints/ppo_memtasks/rgb_joints/normalized_dense/RememberColor9-v0/ppo-mlp-dense-remember-color-9-v0-s42__42__rgb_joints__20251025_163412/20251025_163412/ckpt_26_651.pt
SPS: 1603
Epoch: 652, global_step=9999360
SPS: 1603
Epoch: 653, global_step=10014720
SPS: 1603
Epoch: 654, global_step=10030080
SPS: 1604
Epoch: 655, global_step=10045440
SPS: 1605
Epoch: 656, global_step=10060800
SPS: 1605
Epoch: 657, global_step=10076160
SPS: 1606
Epoch: 658, global_step=10091520
SPS: 1606
Epoch: 659, global_step=10106880
SPS: 1607
Epoch: 660, global_step=10122240
SPS: 1608
Epoch: 661, global_step=10137600
SPS: 1608
Epoch: 662, global_step=10152960
SPS: 1609
Epoch: 663, global_step=10168320
SPS: 1610
Epoch: 664, global_step=10183680
SPS: 1610
Epoch: 665, global_step=10199040
SPS: 1611
Epoch: 666, global_step=10214400
SPS: 1612
Epoch: 667, global_step=10229760
SPS: 1612
Epoch: 668, global_step=10245120
SPS: 1613
Epoch: 669, global_step=10260480
SPS: 1614
Epoch: 670, global_step=10275840
SPS: 1614
Epoch: 671, global_step=10291200
SPS: 1615
Epoch: 672, global_step=10306560
SPS: 1616
Epoch: 673, global_step=10321920
SPS: 1616
Epoch: 674, global_step=10337280
SPS: 1617
Epoch: 675, global_step=10352640
SPS: 1618
Epoch: 676, global_step=10368000
Evaluating
Evaluated 2880 steps resulting in 48 episodes
[32mEvaluation Metric: success_once[0m | [36mMean: 0.0417[0m
[32mEvaluation Metric: return[0m | [36mMean: 9.3639[0m
[32mEvaluation Metric: episode_len[0m | [36mMean: 60.0000[0m
[32mEvaluation Metric: reward[0m | [36mMean: 0.1561[0m
[32mEvaluation Metric: success_at_end[0m | [36mMean: 0.0417[0m
model saved to checkpoints/ppo_memtasks/rgb_joints/normalized_dense/RememberColor9-v0/ppo-mlp-dense-remember-color-9-v0-s42__42__rgb_joints__20251025_163412/20251025_163412/ckpt_27_676.pt
SPS: 1613
Epoch: 677, global_step=10383360
SPS: 1614
Epoch: 678, global_step=10398720
SPS: 1615
Epoch: 679, global_step=10414080
SPS: 1615
Epoch: 680, global_step=10429440
SPS: 1616
Epoch: 681, global_step=10444800
SPS: 1617
Epoch: 682, global_step=10460160
SPS: 1617
Epoch: 683, global_step=10475520
SPS: 1618
Epoch: 684, global_step=10490880
SPS: 1619
Epoch: 685, global_step=10506240
SPS: 1619
Epoch: 686, global_step=10521600
SPS: 1620
Epoch: 687, global_step=10536960
SPS: 1621
Epoch: 688, global_step=10552320
SPS: 1621
Epoch: 689, global_step=10567680
SPS: 1622
Epoch: 690, global_step=10583040
SPS: 1622
Epoch: 691, global_step=10598400
SPS: 1623
Epoch: 692, global_step=10613760
SPS: 1623
Epoch: 693, global_step=10629120
SPS: 1624
Epoch: 694, global_step=10644480
SPS: 1625
Epoch: 695, global_step=10659840
SPS: 1625
Epoch: 696, global_step=10675200
SPS: 1626
Epoch: 697, global_step=10690560
SPS: 1626
Epoch: 698, global_step=10705920
SPS: 1626
Epoch: 699, global_step=10721280
SPS: 1627
Epoch: 700, global_step=10736640
SPS: 1628
Epoch: 701, global_step=10752000
Evaluating
Evaluated 2880 steps resulting in 48 episodes
[32mEvaluation Metric: success_once[0m | [36mMean: 0.0833[0m
[32mEvaluation Metric: return[0m | [36mMean: 11.1679[0m
[32mEvaluation Metric: episode_len[0m | [36mMean: 60.0000[0m
[32mEvaluation Metric: reward[0m | [36mMean: 0.1861[0m
[32mEvaluation Metric: success_at_end[0m | [36mMean: 0.0833[0m
model saved to checkpoints/ppo_memtasks/rgb_joints/normalized_dense/RememberColor9-v0/ppo-mlp-dense-remember-color-9-v0-s42__42__rgb_joints__20251025_163412/20251025_163412/ckpt_28_701.pt
SPS: 1623
Epoch: 702, global_step=10767360
SPS: 1624
Epoch: 703, global_step=10782720
SPS: 1625
Epoch: 704, global_step=10798080
SPS: 1625
Epoch: 705, global_step=10813440
SPS: 1626
Epoch: 706, global_step=10828800
SPS: 1626
Epoch: 707, global_step=10844160
SPS: 1627
Epoch: 708, global_step=10859520
SPS: 1628
Epoch: 709, global_step=10874880
SPS: 1628
Epoch: 710, global_step=10890240
SPS: 1629
Epoch: 711, global_step=10905600
SPS: 1629
Epoch: 712, global_step=10920960
SPS: 1630
Epoch: 713, global_step=10936320
SPS: 1630
Epoch: 714, global_step=10951680
SPS: 1631
Epoch: 715, global_step=10967040
SPS: 1631
Epoch: 716, global_step=10982400
SPS: 1632
Epoch: 717, global_step=10997760
SPS: 1632
Epoch: 718, global_step=11013120
SPS: 1633
Epoch: 719, global_step=11028480
SPS: 1634
Epoch: 720, global_step=11043840
SPS: 1634
Epoch: 721, global_step=11059200
SPS: 1635
Epoch: 722, global_step=11074560
SPS: 1635
Epoch: 723, global_step=11089920
SPS: 1636
Epoch: 724, global_step=11105280
SPS: 1636
Epoch: 725, global_step=11120640
SPS: 1637
Epoch: 726, global_step=11136000
Evaluating
Evaluated 2880 steps resulting in 48 episodes
[32mEvaluation Metric: success_once[0m | [36mMean: 0.1042[0m
[32mEvaluation Metric: return[0m | [36mMean: 12.0868[0m
[32mEvaluation Metric: episode_len[0m | [36mMean: 60.0000[0m
[32mEvaluation Metric: reward[0m | [36mMean: 0.2014[0m
[32mEvaluation Metric: success_at_end[0m | [36mMean: 0.0833[0m
model saved to checkpoints/ppo_memtasks/rgb_joints/normalized_dense/RememberColor9-v0/ppo-mlp-dense-remember-color-9-v0-s42__42__rgb_joints__20251025_163412/20251025_163412/ckpt_29_726.pt
SPS: 1633
Epoch: 727, global_step=11151360
SPS: 1633
Epoch: 728, global_step=11166720
SPS: 1634
Epoch: 729, global_step=11182080
SPS: 1634
Epoch: 730, global_step=11197440
SPS: 1635
Epoch: 731, global_step=11212800
SPS: 1636
Epoch: 732, global_step=11228160
SPS: 1636
Epoch: 733, global_step=11243520
SPS: 1637
Epoch: 734, global_step=11258880
SPS: 1637
Epoch: 735, global_step=11274240
SPS: 1638
Epoch: 736, global_step=11289600
SPS: 1638
Epoch: 737, global_step=11304960
SPS: 1639
Epoch: 738, global_step=11320320
SPS: 1639
Epoch: 739, global_step=11335680
SPS: 1640
Epoch: 740, global_step=11351040
SPS: 1641
Epoch: 741, global_step=11366400
SPS: 1641
Epoch: 742, global_step=11381760
SPS: 1642
Epoch: 743, global_step=11397120
SPS: 1642
Epoch: 744, global_step=11412480
SPS: 1643
Epoch: 745, global_step=11427840
SPS: 1643
Epoch: 746, global_step=11443200
SPS: 1644
Epoch: 747, global_step=11458560
SPS: 1645
Epoch: 748, global_step=11473920
SPS: 1645
Epoch: 749, global_step=11489280
SPS: 1646
Epoch: 750, global_step=11504640
SPS: 1646
Epoch: 751, global_step=11520000
Evaluating
Evaluated 2880 steps resulting in 48 episodes
[32mEvaluation Metric: success_once[0m | [36mMean: 0.0833[0m
[32mEvaluation Metric: return[0m | [36mMean: 11.2191[0m
[32mEvaluation Metric: episode_len[0m | [36mMean: 60.0000[0m
[32mEvaluation Metric: reward[0m | [36mMean: 0.1870[0m
[32mEvaluation Metric: success_at_end[0m | [36mMean: 0.0833[0m
model saved to checkpoints/ppo_memtasks/rgb_joints/normalized_dense/RememberColor9-v0/ppo-mlp-dense-remember-color-9-v0-s42__42__rgb_joints__20251025_163412/20251025_163412/ckpt_30_751.pt
SPS: 1642
Epoch: 752, global_step=11535360
SPS: 1643
Epoch: 753, global_step=11550720
SPS: 1643
Epoch: 754, global_step=11566080
SPS: 1644
Epoch: 755, global_step=11581440
SPS: 1644
Epoch: 756, global_step=11596800
SPS: 1645
Epoch: 757, global_step=11612160
SPS: 1645
Epoch: 758, global_step=11627520
SPS: 1646
Epoch: 759, global_step=11642880
SPS: 1646
Epoch: 760, global_step=11658240
SPS: 1647
Epoch: 761, global_step=11673600
SPS: 1647
Epoch: 762, global_step=11688960
SPS: 1648
Epoch: 763, global_step=11704320
SPS: 1649
Epoch: 764, global_step=11719680
SPS: 1649
Epoch: 765, global_step=11735040
SPS: 1649
Epoch: 766, global_step=11750400
SPS: 1650
Epoch: 767, global_step=11765760
SPS: 1650
Epoch: 768, global_step=11781120
SPS: 1651
Epoch: 769, global_step=11796480
SPS: 1652
Epoch: 770, global_step=11811840
SPS: 1652
Epoch: 771, global_step=11827200
SPS: 1653
Epoch: 772, global_step=11842560
SPS: 1653
Epoch: 773, global_step=11857920
SPS: 1654
Epoch: 774, global_step=11873280
SPS: 1654
Epoch: 775, global_step=11888640
SPS: 1655
Epoch: 776, global_step=11904000
Evaluating
Evaluated 2880 steps resulting in 48 episodes
[32mEvaluation Metric: success_once[0m | [36mMean: 0.0833[0m
[32mEvaluation Metric: return[0m | [36mMean: 11.2168[0m
[32mEvaluation Metric: episode_len[0m | [36mMean: 60.0000[0m
[32mEvaluation Metric: reward[0m | [36mMean: 0.1869[0m
[32mEvaluation Metric: success_at_end[0m | [36mMean: 0.0833[0m
model saved to checkpoints/ppo_memtasks/rgb_joints/normalized_dense/RememberColor9-v0/ppo-mlp-dense-remember-color-9-v0-s42__42__rgb_joints__20251025_163412/20251025_163412/ckpt_31_776.pt
SPS: 1651
Epoch: 777, global_step=11919360
SPS: 1651
Epoch: 778, global_step=11934720
SPS: 1652
Epoch: 779, global_step=11950080
SPS: 1652
Epoch: 780, global_step=11965440
SPS: 1653
Epoch: 781, global_step=11980800
SPS: 1653
Epoch: 782, global_step=11996160
SPS: 1654
Epoch: 783, global_step=12011520
SPS: 1654
Epoch: 784, global_step=12026880
SPS: 1655
Epoch: 785, global_step=12042240
SPS: 1655
Epoch: 786, global_step=12057600
SPS: 1656
Epoch: 787, global_step=12072960
SPS: 1656
Epoch: 788, global_step=12088320
SPS: 1657
Epoch: 789, global_step=12103680
SPS: 1657
Epoch: 790, global_step=12119040
SPS: 1658
Epoch: 791, global_step=12134400
SPS: 1658
Epoch: 792, global_step=12149760
SPS: 1659
Epoch: 793, global_step=12165120
SPS: 1659
Epoch: 794, global_step=12180480
SPS: 1660
Epoch: 795, global_step=12195840
SPS: 1660
Epoch: 796, global_step=12211200
SPS: 1661
Epoch: 797, global_step=12226560
SPS: 1661
Epoch: 798, global_step=12241920
SPS: 1662
Epoch: 799, global_step=12257280
SPS: 1662
Epoch: 800, global_step=12272640
SPS: 1663
Epoch: 801, global_step=12288000
Evaluating
Evaluated 2880 steps resulting in 48 episodes
[32mEvaluation Metric: success_once[0m | [36mMean: 0.0625[0m
[32mEvaluation Metric: return[0m | [36mMean: 10.9978[0m
[32mEvaluation Metric: episode_len[0m | [36mMean: 60.0000[0m
[32mEvaluation Metric: reward[0m | [36mMean: 0.1833[0m
[32mEvaluation Metric: success_at_end[0m | [36mMean: 0.0625[0m
model saved to checkpoints/ppo_memtasks/rgb_joints/normalized_dense/RememberColor9-v0/ppo-mlp-dense-remember-color-9-v0-s42__42__rgb_joints__20251025_163412/20251025_163412/ckpt_32_801.pt
SPS: 1659
Epoch: 802, global_step=12303360
SPS: 1659
Epoch: 803, global_step=12318720
SPS: 1660
Epoch: 804, global_step=12334080
SPS: 1660
Epoch: 805, global_step=12349440
SPS: 1661
Epoch: 806, global_step=12364800
SPS: 1661
Epoch: 807, global_step=12380160
SPS: 1662
Epoch: 808, global_step=12395520
SPS: 1662
Epoch: 809, global_step=12410880
SPS: 1663
Epoch: 810, global_step=12426240
SPS: 1663
Epoch: 811, global_step=12441600
SPS: 1664
Epoch: 812, global_step=12456960
SPS: 1664
Epoch: 813, global_step=12472320
SPS: 1665
Epoch: 814, global_step=12487680
SPS: 1665
Epoch: 815, global_step=12503040
SPS: 1666
Epoch: 816, global_step=12518400
SPS: 1666
Epoch: 817, global_step=12533760
SPS: 1666
Epoch: 818, global_step=12549120
SPS: 1667
Epoch: 819, global_step=12564480
SPS: 1667
Epoch: 820, global_step=12579840
SPS: 1668
Epoch: 821, global_step=12595200
SPS: 1668
Epoch: 822, global_step=12610560
SPS: 1669
Epoch: 823, global_step=12625920
SPS: 1669
Epoch: 824, global_step=12641280
SPS: 1670
Epoch: 825, global_step=12656640
SPS: 1670
Epoch: 826, global_step=12672000
Evaluating
Evaluated 2880 steps resulting in 48 episodes
[32mEvaluation Metric: success_once[0m | [36mMean: 0.0417[0m
[32mEvaluation Metric: return[0m | [36mMean: 10.0694[0m
[32mEvaluation Metric: episode_len[0m | [36mMean: 60.0000[0m
[32mEvaluation Metric: reward[0m | [36mMean: 0.1678[0m
[32mEvaluation Metric: success_at_end[0m | [36mMean: 0.0417[0m
model saved to checkpoints/ppo_memtasks/rgb_joints/normalized_dense/RememberColor9-v0/ppo-mlp-dense-remember-color-9-v0-s42__42__rgb_joints__20251025_163412/20251025_163412/ckpt_33_826.pt
SPS: 1666
Epoch: 827, global_step=12687360
SPS: 1667
Epoch: 828, global_step=12702720
SPS: 1667
Epoch: 829, global_step=12718080
SPS: 1668
Epoch: 830, global_step=12733440
SPS: 1668
Epoch: 831, global_step=12748800
SPS: 1669
Epoch: 832, global_step=12764160
SPS: 1669
Epoch: 833, global_step=12779520
SPS: 1670
Epoch: 834, global_step=12794880
SPS: 1670
Epoch: 835, global_step=12810240
SPS: 1671
Epoch: 836, global_step=12825600
SPS: 1671
Epoch: 837, global_step=12840960
SPS: 1672
Epoch: 838, global_step=12856320
SPS: 1672
Epoch: 839, global_step=12871680
SPS: 1673
Epoch: 840, global_step=12887040
SPS: 1673
Epoch: 841, global_step=12902400
SPS: 1673
Epoch: 842, global_step=12917760
SPS: 1674
Epoch: 843, global_step=12933120
SPS: 1674
Epoch: 844, global_step=12948480
SPS: 1675
Epoch: 845, global_step=12963840
SPS: 1675
Epoch: 846, global_step=12979200
SPS: 1676
model saved to checkpoints/ppo_memtasks/rgb_joints/normalized_dense/RememberColor9-v0/ppo-mlp-dense-remember-color-9-v0-s42__42__rgb_joints__20251025_163412/20251025_163412/final_ckpt.pt
Running RememberColor9-v0 with seed 33

===========================================================================
║                        Environment Configuration                        ║
===========================================================================
║ Environment ID: RememberColor9-v0                                       ║
║ Oracle Info:    None                                                    ║
║ Wrappers:                                                               ║
║    ├─ InitialZeroActionWrapper                                         ║
║    │  └─ {'n_initial_steps': 0}                                           ║
║    ├─ RememberColorInfoWrapper                                         ║
║    ├─ RenderStepInfoWrapper                                            ║
║    ├─ RenderRewardInfoWrapper                                          ║
║    ├─ DebugRewardWrapper                                               ║
║-------------------------------------------------------------------------║
║ include_state:       False │ state will not be used                ║
║ include_rgb:         True  │ rgb images will be used               ║
║ include_oracle:      False │ oracle info will not be used          ║
║ include_joints:      True  │ joints will be used                   ║
===========================================================================

MODE='rgb_joints'
prompt_info=None
Saving eval videos to checkpoints/ppo_memtasks/rgb_joints/normalized_dense/RememberColor9-v0/ppo-mlp-dense-remember-color-9-v0-s33__33__rgb_joints__20251025_184336/20251025_184336/videos
======================================================================
Max Episode Steps: 60
======================================================================

Running training

####
args.num_iterations=846 args.num_envs=256 args.num_eval_envs=16
args.minibatch_size=480 args.batch_size=15360 args.update_epochs=8
####

sample_obs.keys()=dict_keys(['joints', 'rgb'])
joints: torch.Size([256, 25])
rgb: torch.Size([256, 128, 128, 3])


Epoch: 1, global_step=0
Evaluating
Evaluated 2880 steps resulting in 48 episodes
[32mEvaluation Metric: success_once[0m | [36mMean: 0.0000[0m
[32mEvaluation Metric: return[0m | [36mMean: 9.8491[0m
[32mEvaluation Metric: episode_len[0m | [36mMean: 60.0000[0m
[32mEvaluation Metric: reward[0m | [36mMean: 0.1642[0m
[32mEvaluation Metric: success_at_end[0m | [36mMean: 0.0000[0m
model saved to checkpoints/ppo_memtasks/rgb_joints/normalized_dense/RememberColor9-v0/ppo-mlp-dense-remember-color-9-v0-s33__33__rgb_joints__20251025_184336/20251025_184336/ckpt_0_1.pt
SPS: 526
Epoch: 2, global_step=15360
SPS: 813
Epoch: 3, global_step=30720
SPS: 988
Epoch: 4, global_step=46080
SPS: 1106
Epoch: 5, global_step=61440
SPS: 1187
Epoch: 6, global_step=76800
SPS: 1246
Epoch: 7, global_step=92160
SPS: 1285
Epoch: 8, global_step=107520
SPS: 1310
Epoch: 9, global_step=122880
SPS: 1338
Epoch: 10, global_step=138240
SPS: 1362
Epoch: 11, global_step=153600
SPS: 1384
Epoch: 12, global_step=168960
SPS: 1401
Epoch: 13, global_step=184320
SPS: 1417
Epoch: 14, global_step=199680
SPS: 1431
Epoch: 15, global_step=215040
SPS: 1443
Epoch: 16, global_step=230400
SPS: 1454
Epoch: 17, global_step=245760
SPS: 1463
Epoch: 18, global_step=261120
SPS: 1472
Epoch: 19, global_step=276480
SPS: 1474
Epoch: 20, global_step=291840
SPS: 1471
Epoch: 21, global_step=307200
SPS: 1471
Epoch: 22, global_step=322560
SPS: 1475
Epoch: 23, global_step=337920
SPS: 1477
Epoch: 24, global_step=353280
SPS: 1475
Epoch: 25, global_step=368640
SPS: 1474
Epoch: 26, global_step=384000
Evaluating
Evaluated 2880 steps resulting in 48 episodes
[32mEvaluation Metric: success_once[0m | [36mMean: 0.1875[0m
[32mEvaluation Metric: return[0m | [36mMean: 7.7659[0m
[32mEvaluation Metric: episode_len[0m | [36mMean: 60.0000[0m
[32mEvaluation Metric: reward[0m | [36mMean: 0.1294[0m
[32mEvaluation Metric: success_at_end[0m | [36mMean: 0.1250[0m
model saved to checkpoints/ppo_memtasks/rgb_joints/normalized_dense/RememberColor9-v0/ppo-mlp-dense-remember-color-9-v0-s33__33__rgb_joints__20251025_184336/20251025_184336/ckpt_1_26.pt
SPS: 1375
Epoch: 27, global_step=399360
SPS: 1383
Epoch: 28, global_step=414720
SPS: 1390
Epoch: 29, global_step=430080
SPS: 1396
Epoch: 30, global_step=445440
SPS: 1403
Epoch: 31, global_step=460800
SPS: 1409
Epoch: 32, global_step=476160
SPS: 1415
Epoch: 33, global_step=491520
SPS: 1420
Epoch: 34, global_step=506880
SPS: 1425
Epoch: 35, global_step=522240
SPS: 1430
Epoch: 36, global_step=537600
SPS: 1435
Epoch: 37, global_step=552960
SPS: 1439
Epoch: 38, global_step=568320
SPS: 1443
Epoch: 39, global_step=583680
SPS: 1447
Epoch: 40, global_step=599040
SPS: 1451
Epoch: 41, global_step=614400
SPS: 1455
Epoch: 42, global_step=629760
SPS: 1458
Epoch: 43, global_step=645120
SPS: 1462
Epoch: 44, global_step=660480
SPS: 1465
Epoch: 45, global_step=675840
SPS: 1468
Epoch: 46, global_step=691200
SPS: 1471
Epoch: 47, global_step=706560
SPS: 1474
Epoch: 48, global_step=721920
SPS: 1476
Epoch: 49, global_step=737280
SPS: 1478
Epoch: 50, global_step=752640
SPS: 1481
Epoch: 51, global_step=768000
Evaluating
Evaluated 2880 steps resulting in 48 episodes
[32mEvaluation Metric: success_once[0m | [36mMean: 0.3333[0m
[32mEvaluation Metric: return[0m | [36mMean: 8.7500[0m
[32mEvaluation Metric: episode_len[0m | [36mMean: 60.0000[0m
[32mEvaluation Metric: reward[0m | [36mMean: 0.1458[0m
[32mEvaluation Metric: success_at_end[0m | [36mMean: 0.0625[0m
model saved to checkpoints/ppo_memtasks/rgb_joints/normalized_dense/RememberColor9-v0/ppo-mlp-dense-remember-color-9-v0-s33__33__rgb_joints__20251025_184336/20251025_184336/ckpt_2_51.pt
SPS: 1427
Epoch: 52, global_step=783360
SPS: 1430
Epoch: 53, global_step=798720
SPS: 1433
Epoch: 54, global_step=814080
SPS: 1434
Epoch: 55, global_step=829440
SPS: 1435
Epoch: 56, global_step=844800
SPS: 1436
Epoch: 57, global_step=860160
SPS: 1437
Epoch: 58, global_step=875520
SPS: 1438
Epoch: 59, global_step=890880
SPS: 1439
Epoch: 60, global_step=906240
SPS: 1439
Epoch: 61, global_step=921600
SPS: 1441
Epoch: 62, global_step=936960
SPS: 1442
Epoch: 63, global_step=952320
SPS: 1443
Epoch: 64, global_step=967680
SPS: 1444
Epoch: 65, global_step=983040
SPS: 1444
Epoch: 66, global_step=998400
SPS: 1446
Epoch: 67, global_step=1013760
SPS: 1447
Epoch: 68, global_step=1029120
SPS: 1449
Epoch: 69, global_step=1044480
SPS: 1449
Epoch: 70, global_step=1059840
SPS: 1450
Epoch: 71, global_step=1075200
SPS: 1450
Epoch: 72, global_step=1090560
SPS: 1450
Epoch: 73, global_step=1105920
SPS: 1451
Epoch: 74, global_step=1121280
SPS: 1453
Epoch: 75, global_step=1136640
SPS: 1453
Epoch: 76, global_step=1152000
Evaluating
Evaluated 2880 steps resulting in 48 episodes
[32mEvaluation Metric: success_once[0m | [36mMean: 0.3542[0m
[32mEvaluation Metric: return[0m | [36mMean: 9.7036[0m
[32mEvaluation Metric: episode_len[0m | [36mMean: 60.0000[0m
[32mEvaluation Metric: reward[0m | [36mMean: 0.1617[0m
[32mEvaluation Metric: success_at_end[0m | [36mMean: 0.1042[0m
model saved to checkpoints/ppo_memtasks/rgb_joints/normalized_dense/RememberColor9-v0/ppo-mlp-dense-remember-color-9-v0-s33__33__rgb_joints__20251025_184336/20251025_184336/ckpt_3_76.pt
SPS: 1419
Epoch: 77, global_step=1167360
SPS: 1421
Epoch: 78, global_step=1182720
SPS: 1422
Epoch: 79, global_step=1198080
SPS: 1423
Epoch: 80, global_step=1213440
SPS: 1424
Epoch: 81, global_step=1228800
SPS: 1426
Epoch: 82, global_step=1244160
SPS: 1427
Epoch: 83, global_step=1259520
SPS: 1429
Epoch: 84, global_step=1274880
SPS: 1431
Epoch: 85, global_step=1290240
SPS: 1433
Epoch: 86, global_step=1305600
SPS: 1434
Epoch: 87, global_step=1320960
SPS: 1435
Epoch: 88, global_step=1336320
SPS: 1435
Epoch: 89, global_step=1351680
SPS: 1436
Epoch: 90, global_step=1367040
SPS: 1438
Epoch: 91, global_step=1382400
SPS: 1439
Epoch: 92, global_step=1397760
SPS: 1441
Epoch: 93, global_step=1413120
SPS: 1442
Epoch: 94, global_step=1428480
SPS: 1444
Epoch: 95, global_step=1443840
SPS: 1445
Epoch: 96, global_step=1459200
SPS: 1447
Epoch: 97, global_step=1474560
SPS: 1448
Epoch: 98, global_step=1489920
SPS: 1450
Epoch: 99, global_step=1505280
SPS: 1451
Epoch: 100, global_step=1520640
SPS: 1452
Epoch: 101, global_step=1536000
Evaluating
Evaluated 2880 steps resulting in 48 episodes
[32mEvaluation Metric: success_once[0m | [36mMean: 0.2708[0m
[32mEvaluation Metric: return[0m | [36mMean: 7.0462[0m
[32mEvaluation Metric: episode_len[0m | [36mMean: 60.0000[0m
[32mEvaluation Metric: reward[0m | [36mMean: 0.1174[0m
[32mEvaluation Metric: success_at_end[0m | [36mMean: 0.0833[0m
model saved to checkpoints/ppo_memtasks/rgb_joints/normalized_dense/RememberColor9-v0/ppo-mlp-dense-remember-color-9-v0-s33__33__rgb_joints__20251025_184336/20251025_184336/ckpt_4_101.pt
SPS: 1426
Epoch: 102, global_step=1551360
SPS: 1427
Epoch: 103, global_step=1566720
SPS: 1428
Epoch: 104, global_step=1582080
SPS: 1428
Epoch: 105, global_step=1597440
SPS: 1429
Epoch: 106, global_step=1612800
SPS: 1430
Epoch: 107, global_step=1628160
SPS: 1431
Epoch: 108, global_step=1643520
SPS: 1431
Epoch: 109, global_step=1658880
SPS: 1432
Epoch: 110, global_step=1674240
SPS: 1432
Epoch: 111, global_step=1689600
SPS: 1433
Epoch: 112, global_step=1704960
SPS: 1435
Epoch: 113, global_step=1720320
SPS: 1435
Epoch: 114, global_step=1735680
SPS: 1437
Epoch: 115, global_step=1751040
SPS: 1438
Epoch: 116, global_step=1766400
SPS: 1439
Epoch: 117, global_step=1781760
SPS: 1440
Epoch: 118, global_step=1797120
SPS: 1442
Epoch: 119, global_step=1812480
SPS: 1443
Epoch: 120, global_step=1827840
SPS: 1444
Epoch: 121, global_step=1843200
SPS: 1445
Epoch: 122, global_step=1858560
SPS: 1445
Epoch: 123, global_step=1873920
SPS: 1447
Epoch: 124, global_step=1889280
SPS: 1448
Epoch: 125, global_step=1904640
SPS: 1449
Epoch: 126, global_step=1920000
Evaluating
Evaluated 2880 steps resulting in 48 episodes
[32mEvaluation Metric: success_once[0m | [36mMean: 0.3125[0m
[32mEvaluation Metric: return[0m | [36mMean: 7.0968[0m
[32mEvaluation Metric: episode_len[0m | [36mMean: 60.0000[0m
[32mEvaluation Metric: reward[0m | [36mMean: 0.1183[0m
[32mEvaluation Metric: success_at_end[0m | [36mMean: 0.1667[0m
model saved to checkpoints/ppo_memtasks/rgb_joints/normalized_dense/RememberColor9-v0/ppo-mlp-dense-remember-color-9-v0-s33__33__rgb_joints__20251025_184336/20251025_184336/ckpt_5_126.pt
SPS: 1429
Epoch: 127, global_step=1935360
SPS: 1430
Epoch: 128, global_step=1950720
SPS: 1431
Epoch: 129, global_step=1966080
SPS: 1432
Epoch: 130, global_step=1981440
SPS: 1434
Epoch: 131, global_step=1996800
SPS: 1435
Epoch: 132, global_step=2012160
SPS: 1436
Epoch: 133, global_step=2027520
SPS: 1438
Epoch: 134, global_step=2042880
SPS: 1439
Epoch: 135, global_step=2058240
SPS: 1440
Epoch: 136, global_step=2073600
SPS: 1442
Epoch: 137, global_step=2088960
SPS: 1443
Epoch: 138, global_step=2104320
SPS: 1444
Epoch: 139, global_step=2119680
SPS: 1445
Epoch: 140, global_step=2135040
SPS: 1446
Epoch: 141, global_step=2150400
SPS: 1447
Epoch: 142, global_step=2165760
SPS: 1449
Epoch: 143, global_step=2181120
SPS: 1450
Epoch: 144, global_step=2196480
SPS: 1451
Epoch: 145, global_step=2211840
SPS: 1452
Epoch: 146, global_step=2227200
SPS: 1453
Epoch: 147, global_step=2242560
SPS: 1453
Epoch: 148, global_step=2257920
SPS: 1454
Epoch: 149, global_step=2273280
SPS: 1455
Epoch: 150, global_step=2288640
SPS: 1455
Epoch: 151, global_step=2304000
Evaluating
Evaluated 2880 steps resulting in 48 episodes
[32mEvaluation Metric: success_once[0m | [36mMean: 0.2917[0m
[32mEvaluation Metric: return[0m | [36mMean: 8.7541[0m
[32mEvaluation Metric: episode_len[0m | [36mMean: 60.0000[0m
[32mEvaluation Metric: reward[0m | [36mMean: 0.1459[0m
[32mEvaluation Metric: success_at_end[0m | [36mMean: 0.0833[0m
model saved to checkpoints/ppo_memtasks/rgb_joints/normalized_dense/RememberColor9-v0/ppo-mlp-dense-remember-color-9-v0-s33__33__rgb_joints__20251025_184336/20251025_184336/ckpt_6_151.pt
SPS: 1437
Epoch: 152, global_step=2319360
SPS: 1438
Epoch: 153, global_step=2334720
SPS: 1438
Epoch: 154, global_step=2350080
SPS: 1439
Epoch: 155, global_step=2365440
SPS: 1439
Epoch: 156, global_step=2380800
SPS: 1439
Epoch: 157, global_step=2396160
SPS: 1439
Epoch: 158, global_step=2411520
SPS: 1439
Epoch: 159, global_step=2426880
SPS: 1439
Epoch: 160, global_step=2442240
SPS: 1440
Epoch: 161, global_step=2457600
SPS: 1441
Epoch: 162, global_step=2472960
SPS: 1441
Epoch: 163, global_step=2488320
SPS: 1442
Epoch: 164, global_step=2503680
SPS: 1443
Epoch: 165, global_step=2519040
SPS: 1444
Epoch: 166, global_step=2534400
SPS: 1445
Epoch: 167, global_step=2549760
SPS: 1445
Epoch: 168, global_step=2565120
SPS: 1446
Epoch: 169, global_step=2580480
SPS: 1447
Epoch: 170, global_step=2595840
SPS: 1448
Epoch: 171, global_step=2611200
SPS: 1448
Epoch: 172, global_step=2626560
SPS: 1449
Epoch: 173, global_step=2641920
SPS: 1450
Epoch: 174, global_step=2657280
SPS: 1450
Epoch: 175, global_step=2672640
SPS: 1451
Epoch: 176, global_step=2688000
Evaluating
Evaluated 2880 steps resulting in 48 episodes
[32mEvaluation Metric: success_once[0m | [36mMean: 0.1458[0m
[32mEvaluation Metric: return[0m | [36mMean: 9.9187[0m
[32mEvaluation Metric: episode_len[0m | [36mMean: 60.0000[0m
[32mEvaluation Metric: reward[0m | [36mMean: 0.1653[0m
[32mEvaluation Metric: success_at_end[0m | [36mMean: 0.1458[0m
model saved to checkpoints/ppo_memtasks/rgb_joints/normalized_dense/RememberColor9-v0/ppo-mlp-dense-remember-color-9-v0-s33__33__rgb_joints__20251025_184336/20251025_184336/ckpt_7_176.pt
SPS: 1436
Epoch: 177, global_step=2703360
SPS: 1437
Epoch: 178, global_step=2718720
SPS: 1438
Epoch: 179, global_step=2734080
SPS: 1439
Epoch: 180, global_step=2749440
SPS: 1440
Epoch: 181, global_step=2764800
SPS: 1440
Epoch: 182, global_step=2780160
SPS: 1441
Epoch: 183, global_step=2795520
SPS: 1442
Epoch: 184, global_step=2810880
SPS: 1442
Epoch: 185, global_step=2826240
SPS: 1443
Epoch: 186, global_step=2841600
SPS: 1443
Epoch: 187, global_step=2856960
SPS: 1444
Epoch: 188, global_step=2872320
SPS: 1445
Epoch: 189, global_step=2887680
SPS: 1446
Epoch: 190, global_step=2903040
SPS: 1446
Epoch: 191, global_step=2918400
SPS: 1447
Epoch: 192, global_step=2933760
SPS: 1447
Epoch: 193, global_step=2949120
SPS: 1448
Epoch: 194, global_step=2964480
SPS: 1449
Epoch: 195, global_step=2979840
SPS: 1449
Epoch: 196, global_step=2995200
SPS: 1450
Epoch: 197, global_step=3010560
SPS: 1451
Epoch: 198, global_step=3025920
SPS: 1451
Epoch: 199, global_step=3041280
SPS: 1452
Epoch: 200, global_step=3056640
SPS: 1452
Epoch: 201, global_step=3072000
Evaluating
Evaluated 2880 steps resulting in 48 episodes
[32mEvaluation Metric: success_once[0m | [36mMean: 0.1042[0m
[32mEvaluation Metric: return[0m | [36mMean: 8.3533[0m
[32mEvaluation Metric: episode_len[0m | [36mMean: 60.0000[0m
[32mEvaluation Metric: reward[0m | [36mMean: 0.1392[0m
[32mEvaluation Metric: success_at_end[0m | [36mMean: 0.0833[0m
model saved to checkpoints/ppo_memtasks/rgb_joints/normalized_dense/RememberColor9-v0/ppo-mlp-dense-remember-color-9-v0-s33__33__rgb_joints__20251025_184336/20251025_184336/ckpt_8_201.pt
SPS: 1440
Epoch: 202, global_step=3087360
SPS: 1441
Epoch: 203, global_step=3102720
SPS: 1441
Epoch: 204, global_step=3118080
SPS: 1441
Epoch: 205, global_step=3133440
SPS: 1442
Epoch: 206, global_step=3148800
SPS: 1442
Epoch: 207, global_step=3164160
SPS: 1443
Epoch: 208, global_step=3179520
SPS: 1444
Epoch: 209, global_step=3194880
SPS: 1444
Epoch: 210, global_step=3210240
SPS: 1444
Epoch: 211, global_step=3225600
SPS: 1444
Epoch: 212, global_step=3240960
SPS: 1444
Epoch: 213, global_step=3256320
SPS: 1445
Epoch: 214, global_step=3271680
SPS: 1446
Epoch: 215, global_step=3287040
SPS: 1447
Epoch: 216, global_step=3302400
SPS: 1447
Epoch: 217, global_step=3317760
SPS: 1448
Epoch: 218, global_step=3333120
SPS: 1448
Epoch: 219, global_step=3348480
SPS: 1449
Epoch: 220, global_step=3363840
SPS: 1451
Epoch: 221, global_step=3379200
SPS: 1452
Epoch: 222, global_step=3394560
SPS: 1453
Epoch: 223, global_step=3409920
SPS: 1455
Epoch: 224, global_step=3425280
SPS: 1455
Epoch: 225, global_step=3440640
SPS: 1456
Epoch: 226, global_step=3456000
Evaluating
Evaluated 2880 steps resulting in 48 episodes
[32mEvaluation Metric: success_once[0m | [36mMean: 0.1458[0m
[32mEvaluation Metric: return[0m | [36mMean: 11.4716[0m
[32mEvaluation Metric: episode_len[0m | [36mMean: 60.0000[0m
[32mEvaluation Metric: reward[0m | [36mMean: 0.1912[0m
[32mEvaluation Metric: success_at_end[0m | [36mMean: 0.1458[0m
model saved to checkpoints/ppo_memtasks/rgb_joints/normalized_dense/RememberColor9-v0/ppo-mlp-dense-remember-color-9-v0-s33__33__rgb_joints__20251025_184336/20251025_184336/ckpt_9_226.pt
SPS: 1445
Epoch: 227, global_step=3471360
SPS: 1446
Epoch: 228, global_step=3486720
SPS: 1446
Epoch: 229, global_step=3502080
SPS: 1447
Epoch: 230, global_step=3517440
SPS: 1447
Epoch: 231, global_step=3532800
SPS: 1447
Epoch: 232, global_step=3548160
SPS: 1447
Epoch: 233, global_step=3563520
SPS: 1448
Epoch: 234, global_step=3578880
SPS: 1449
Epoch: 235, global_step=3594240
SPS: 1449
Epoch: 236, global_step=3609600
SPS: 1450
Epoch: 237, global_step=3624960
SPS: 1451
Epoch: 238, global_step=3640320
SPS: 1452
Epoch: 239, global_step=3655680
SPS: 1452
Epoch: 240, global_step=3671040
SPS: 1453
Epoch: 241, global_step=3686400
SPS: 1454
Epoch: 242, global_step=3701760
SPS: 1454
Epoch: 243, global_step=3717120
SPS: 1455
Epoch: 244, global_step=3732480
SPS: 1455
Epoch: 245, global_step=3747840
SPS: 1456
Epoch: 246, global_step=3763200
SPS: 1457
Epoch: 247, global_step=3778560
SPS: 1457
Epoch: 248, global_step=3793920
SPS: 1458
Epoch: 249, global_step=3809280
SPS: 1458
Epoch: 250, global_step=3824640
SPS: 1459
Epoch: 251, global_step=3840000
Evaluating
Evaluated 2880 steps resulting in 48 episodes
[32mEvaluation Metric: success_once[0m | [36mMean: 0.1250[0m
[32mEvaluation Metric: return[0m | [36mMean: 10.2880[0m
[32mEvaluation Metric: episode_len[0m | [36mMean: 60.0000[0m
[32mEvaluation Metric: reward[0m | [36mMean: 0.1715[0m
[32mEvaluation Metric: success_at_end[0m | [36mMean: 0.1250[0m
model saved to checkpoints/ppo_memtasks/rgb_joints/normalized_dense/RememberColor9-v0/ppo-mlp-dense-remember-color-9-v0-s33__33__rgb_joints__20251025_184336/20251025_184336/ckpt_10_251.pt
SPS: 1449
Epoch: 252, global_step=3855360
SPS: 1449
Epoch: 253, global_step=3870720
SPS: 1450
Epoch: 254, global_step=3886080
SPS: 1450
Epoch: 255, global_step=3901440
SPS: 1451
Epoch: 256, global_step=3916800
SPS: 1451
Epoch: 257, global_step=3932160
SPS: 1451
Epoch: 258, global_step=3947520
SPS: 1452
Epoch: 259, global_step=3962880
SPS: 1452
Epoch: 260, global_step=3978240
SPS: 1453
Epoch: 261, global_step=3993600
SPS: 1453
Epoch: 262, global_step=4008960
SPS: 1454
Epoch: 263, global_step=4024320
SPS: 1454
Epoch: 264, global_step=4039680
SPS: 1454
Epoch: 265, global_step=4055040
SPS: 1455
Epoch: 266, global_step=4070400
SPS: 1455
Epoch: 267, global_step=4085760
SPS: 1456
Epoch: 268, global_step=4101120
SPS: 1457
Epoch: 269, global_step=4116480
SPS: 1458
Epoch: 270, global_step=4131840
SPS: 1458
Epoch: 271, global_step=4147200
SPS: 1460
Epoch: 272, global_step=4162560
SPS: 1461
Epoch: 273, global_step=4177920
SPS: 1462
Epoch: 274, global_step=4193280
SPS: 1463
Epoch: 275, global_step=4208640
SPS: 1463
Epoch: 276, global_step=4224000
Evaluating
Evaluated 2880 steps resulting in 48 episodes
[32mEvaluation Metric: success_once[0m | [36mMean: 0.1667[0m
[32mEvaluation Metric: return[0m | [36mMean: 12.2774[0m
[32mEvaluation Metric: episode_len[0m | [36mMean: 60.0000[0m
[32mEvaluation Metric: reward[0m | [36mMean: 0.2046[0m
[32mEvaluation Metric: success_at_end[0m | [36mMean: 0.1667[0m
model saved to checkpoints/ppo_memtasks/rgb_joints/normalized_dense/RememberColor9-v0/ppo-mlp-dense-remember-color-9-v0-s33__33__rgb_joints__20251025_184336/20251025_184336/ckpt_11_276.pt
SPS: 1454
Epoch: 277, global_step=4239360
SPS: 1455
Epoch: 278, global_step=4254720
SPS: 1456
Epoch: 279, global_step=4270080
SPS: 1456
Epoch: 280, global_step=4285440
SPS: 1458
Epoch: 281, global_step=4300800
SPS: 1458
Epoch: 282, global_step=4316160
SPS: 1459
Epoch: 283, global_step=4331520
SPS: 1460
Epoch: 284, global_step=4346880
SPS: 1461
Epoch: 285, global_step=4362240
SPS: 1461
Epoch: 286, global_step=4377600
SPS: 1462
Epoch: 287, global_step=4392960
SPS: 1463
Epoch: 288, global_step=4408320
SPS: 1464
Epoch: 289, global_step=4423680
SPS: 1464
Epoch: 290, global_step=4439040
SPS: 1465
Epoch: 291, global_step=4454400
SPS: 1466
Epoch: 292, global_step=4469760
SPS: 1467
Epoch: 293, global_step=4485120
SPS: 1468
Epoch: 294, global_step=4500480
SPS: 1468
Epoch: 295, global_step=4515840
SPS: 1469
Epoch: 296, global_step=4531200
SPS: 1470
Epoch: 297, global_step=4546560
SPS: 1471
Epoch: 298, global_step=4561920
SPS: 1471
Epoch: 299, global_step=4577280
SPS: 1472
Epoch: 300, global_step=4592640
SPS: 1474
Epoch: 301, global_step=4608000
Evaluating
Evaluated 2880 steps resulting in 48 episodes
[32mEvaluation Metric: success_once[0m | [36mMean: 0.1042[0m
[32mEvaluation Metric: return[0m | [36mMean: 10.0489[0m
[32mEvaluation Metric: episode_len[0m | [36mMean: 60.0000[0m
[32mEvaluation Metric: reward[0m | [36mMean: 0.1675[0m
[32mEvaluation Metric: success_at_end[0m | [36mMean: 0.1042[0m
model saved to checkpoints/ppo_memtasks/rgb_joints/normalized_dense/RememberColor9-v0/ppo-mlp-dense-remember-color-9-v0-s33__33__rgb_joints__20251025_184336/20251025_184336/ckpt_12_301.pt
SPS: 1466
Epoch: 302, global_step=4623360
SPS: 1468
Epoch: 303, global_step=4638720
SPS: 1469
Epoch: 304, global_step=4654080
SPS: 1470
Epoch: 305, global_step=4669440
SPS: 1470
Epoch: 306, global_step=4684800
SPS: 1472
Epoch: 307, global_step=4700160
SPS: 1472
Epoch: 308, global_step=4715520
SPS: 1474
Epoch: 309, global_step=4730880
SPS: 1474
Epoch: 310, global_step=4746240
SPS: 1475
Epoch: 311, global_step=4761600
SPS: 1476
Epoch: 312, global_step=4776960
SPS: 1476
Epoch: 313, global_step=4792320
SPS: 1477
Epoch: 314, global_step=4807680
SPS: 1477
Epoch: 315, global_step=4823040
SPS: 1477
Epoch: 316, global_step=4838400
SPS: 1478
Epoch: 317, global_step=4853760
SPS: 1478
Epoch: 318, global_step=4869120
SPS: 1479
Epoch: 319, global_step=4884480
SPS: 1479
Epoch: 320, global_step=4899840
SPS: 1479
Epoch: 321, global_step=4915200
SPS: 1480
Epoch: 322, global_step=4930560
SPS: 1481
Epoch: 323, global_step=4945920
SPS: 1482
Epoch: 324, global_step=4961280
SPS: 1482
Epoch: 325, global_step=4976640
SPS: 1482
Epoch: 326, global_step=4992000
Evaluating
Evaluated 2880 steps resulting in 48 episodes
[32mEvaluation Metric: success_once[0m | [36mMean: 0.0625[0m
[32mEvaluation Metric: return[0m | [36mMean: 8.8039[0m
[32mEvaluation Metric: episode_len[0m | [36mMean: 60.0000[0m
[32mEvaluation Metric: reward[0m | [36mMean: 0.1467[0m
[32mEvaluation Metric: success_at_end[0m | [36mMean: 0.0625[0m
model saved to checkpoints/ppo_memtasks/rgb_joints/normalized_dense/RememberColor9-v0/ppo-mlp-dense-remember-color-9-v0-s33__33__rgb_joints__20251025_184336/20251025_184336/ckpt_13_326.pt
SPS: 1474
Epoch: 327, global_step=5007360
SPS: 1475
Epoch: 328, global_step=5022720
SPS: 1476
Epoch: 329, global_step=5038080
SPS: 1477
Epoch: 330, global_step=5053440
SPS: 1478
Epoch: 331, global_step=5068800
SPS: 1478
Epoch: 332, global_step=5084160
SPS: 1480
Epoch: 333, global_step=5099520
SPS: 1480
Epoch: 334, global_step=5114880
SPS: 1482
Epoch: 335, global_step=5130240
SPS: 1482
Epoch: 336, global_step=5145600
SPS: 1484
Epoch: 337, global_step=5160960
SPS: 1484
Epoch: 338, global_step=5176320
SPS: 1484
Epoch: 339, global_step=5191680
SPS: 1484
Epoch: 340, global_step=5207040
SPS: 1484
Epoch: 341, global_step=5222400
SPS: 1485
Epoch: 342, global_step=5237760
SPS: 1485
Epoch: 343, global_step=5253120
SPS: 1485
Epoch: 344, global_step=5268480
SPS: 1487
Epoch: 345, global_step=5283840
SPS: 1488
Epoch: 346, global_step=5299200
SPS: 1488
Epoch: 347, global_step=5314560
SPS: 1489
Epoch: 348, global_step=5329920
SPS: 1490
Epoch: 349, global_step=5345280
SPS: 1490
Epoch: 350, global_step=5360640
SPS: 1490
Epoch: 351, global_step=5376000
Evaluating
Evaluated 2880 steps resulting in 48 episodes
[32mEvaluation Metric: success_once[0m | [36mMean: 0.1458[0m
[32mEvaluation Metric: return[0m | [36mMean: 11.9592[0m
[32mEvaluation Metric: episode_len[0m | [36mMean: 60.0000[0m
[32mEvaluation Metric: reward[0m | [36mMean: 0.1993[0m
[32mEvaluation Metric: success_at_end[0m | [36mMean: 0.1458[0m
model saved to checkpoints/ppo_memtasks/rgb_joints/normalized_dense/RememberColor9-v0/ppo-mlp-dense-remember-color-9-v0-s33__33__rgb_joints__20251025_184336/20251025_184336/ckpt_14_351.pt
SPS: 1483
Epoch: 352, global_step=5391360
SPS: 1483
Epoch: 353, global_step=5406720
SPS: 1484
Epoch: 354, global_step=5422080
SPS: 1484
Epoch: 355, global_step=5437440
SPS: 1484
Epoch: 356, global_step=5452800
SPS: 1485
Epoch: 357, global_step=5468160
SPS: 1486
Epoch: 358, global_step=5483520
SPS: 1486
Epoch: 359, global_step=5498880
SPS: 1487
Epoch: 360, global_step=5514240
SPS: 1487
Epoch: 361, global_step=5529600
SPS: 1488
Epoch: 362, global_step=5544960
SPS: 1488
Epoch: 363, global_step=5560320
SPS: 1489
Epoch: 364, global_step=5575680
SPS: 1490
Epoch: 365, global_step=5591040
SPS: 1491
Epoch: 366, global_step=5606400
SPS: 1491
Epoch: 367, global_step=5621760
SPS: 1491
Epoch: 368, global_step=5637120
SPS: 1492
Epoch: 369, global_step=5652480
SPS: 1492
Epoch: 370, global_step=5667840
SPS: 1493
Epoch: 371, global_step=5683200
SPS: 1494
Epoch: 372, global_step=5698560
SPS: 1495
Epoch: 373, global_step=5713920
SPS: 1496
Epoch: 374, global_step=5729280
SPS: 1496
Epoch: 375, global_step=5744640
SPS: 1497
Epoch: 376, global_step=5760000
Evaluating
Evaluated 2880 steps resulting in 48 episodes
[32mEvaluation Metric: success_once[0m | [36mMean: 0.1042[0m
[32mEvaluation Metric: return[0m | [36mMean: 9.3483[0m
[32mEvaluation Metric: episode_len[0m | [36mMean: 60.0000[0m
[32mEvaluation Metric: reward[0m | [36mMean: 0.1558[0m
[32mEvaluation Metric: success_at_end[0m | [36mMean: 0.1042[0m
model saved to checkpoints/ppo_memtasks/rgb_joints/normalized_dense/RememberColor9-v0/ppo-mlp-dense-remember-color-9-v0-s33__33__rgb_joints__20251025_184336/20251025_184336/ckpt_15_376.pt
SPS: 1491
Epoch: 377, global_step=5775360
SPS: 1492
Epoch: 378, global_step=5790720
SPS: 1493
Epoch: 379, global_step=5806080
SPS: 1494
Epoch: 380, global_step=5821440
SPS: 1495
Epoch: 381, global_step=5836800
SPS: 1496
Epoch: 382, global_step=5852160
SPS: 1496
Epoch: 383, global_step=5867520
SPS: 1496
Epoch: 384, global_step=5882880
SPS: 1497
Epoch: 385, global_step=5898240
SPS: 1498
Epoch: 386, global_step=5913600
SPS: 1499
Epoch: 387, global_step=5928960
SPS: 1500
Epoch: 388, global_step=5944320
SPS: 1501
Epoch: 389, global_step=5959680
SPS: 1502
Epoch: 390, global_step=5975040
SPS: 1502
Epoch: 391, global_step=5990400
SPS: 1502
Epoch: 392, global_step=6005760
SPS: 1502
Epoch: 393, global_step=6021120
SPS: 1504
Epoch: 394, global_step=6036480
SPS: 1504
Epoch: 395, global_step=6051840
SPS: 1505
Epoch: 396, global_step=6067200
SPS: 1505
Epoch: 397, global_step=6082560
SPS: 1506
Epoch: 398, global_step=6097920
SPS: 1507
Epoch: 399, global_step=6113280
SPS: 1508
Epoch: 400, global_step=6128640
SPS: 1509
Epoch: 401, global_step=6144000
Evaluating
Evaluated 2880 steps resulting in 48 episodes
[32mEvaluation Metric: success_once[0m | [36mMean: 0.0417[0m
[32mEvaluation Metric: return[0m | [36mMean: 8.2180[0m
[32mEvaluation Metric: episode_len[0m | [36mMean: 60.0000[0m
[32mEvaluation Metric: reward[0m | [36mMean: 0.1370[0m
[32mEvaluation Metric: success_at_end[0m | [36mMean: 0.0417[0m
model saved to checkpoints/ppo_memtasks/rgb_joints/normalized_dense/RememberColor9-v0/ppo-mlp-dense-remember-color-9-v0-s33__33__rgb_joints__20251025_184336/20251025_184336/ckpt_16_401.pt
SPS: 1502
Epoch: 402, global_step=6159360
SPS: 1502
Epoch: 403, global_step=6174720
SPS: 1503
Epoch: 404, global_step=6190080
SPS: 1503
Epoch: 405, global_step=6205440
SPS: 1504
Epoch: 406, global_step=6220800
SPS: 1505
Epoch: 407, global_step=6236160
SPS: 1505
Epoch: 408, global_step=6251520
SPS: 1505
Epoch: 409, global_step=6266880
SPS: 1505
Epoch: 410, global_step=6282240
SPS: 1505
Epoch: 411, global_step=6297600
SPS: 1506
Epoch: 412, global_step=6312960
SPS: 1506
Epoch: 413, global_step=6328320
SPS: 1507
Epoch: 414, global_step=6343680
SPS: 1508
Epoch: 415, global_step=6359040
SPS: 1509
Epoch: 416, global_step=6374400
SPS: 1509
Epoch: 417, global_step=6389760
SPS: 1510
Epoch: 418, global_step=6405120
SPS: 1511
Epoch: 419, global_step=6420480
SPS: 1512
Epoch: 420, global_step=6435840
SPS: 1513
Epoch: 421, global_step=6451200
SPS: 1514
Epoch: 422, global_step=6466560
SPS: 1515
Epoch: 423, global_step=6481920
SPS: 1516
Epoch: 424, global_step=6497280
SPS: 1517
Epoch: 425, global_step=6512640
SPS: 1518
Epoch: 426, global_step=6528000
Evaluating
Evaluated 2880 steps resulting in 48 episodes
[32mEvaluation Metric: success_once[0m | [36mMean: 0.1250[0m
[32mEvaluation Metric: return[0m | [36mMean: 11.5156[0m
[32mEvaluation Metric: episode_len[0m | [36mMean: 60.0000[0m
[32mEvaluation Metric: reward[0m | [36mMean: 0.1919[0m
[32mEvaluation Metric: success_at_end[0m | [36mMean: 0.1250[0m
model saved to checkpoints/ppo_memtasks/rgb_joints/normalized_dense/RememberColor9-v0/ppo-mlp-dense-remember-color-9-v0-s33__33__rgb_joints__20251025_184336/20251025_184336/ckpt_17_426.pt
SPS: 1510
Epoch: 427, global_step=6543360
SPS: 1511
Epoch: 428, global_step=6558720
SPS: 1512
Epoch: 429, global_step=6574080
SPS: 1512
Epoch: 430, global_step=6589440
SPS: 1512
Epoch: 431, global_step=6604800
SPS: 1513
Epoch: 432, global_step=6620160
SPS: 1513
Epoch: 433, global_step=6635520
SPS: 1514
Epoch: 434, global_step=6650880
SPS: 1514
Epoch: 435, global_step=6666240
SPS: 1514
Epoch: 436, global_step=6681600
SPS: 1515
Epoch: 437, global_step=6696960
SPS: 1516
Epoch: 438, global_step=6712320
SPS: 1517
Epoch: 439, global_step=6727680
SPS: 1518
Epoch: 440, global_step=6743040
SPS: 1519
Epoch: 441, global_step=6758400
SPS: 1520
Epoch: 442, global_step=6773760
SPS: 1521
Epoch: 443, global_step=6789120
SPS: 1522
Epoch: 444, global_step=6804480
SPS: 1522
Epoch: 445, global_step=6819840
SPS: 1523
Epoch: 446, global_step=6835200
SPS: 1523
Epoch: 447, global_step=6850560
SPS: 1524
Epoch: 448, global_step=6865920
SPS: 1525
Epoch: 449, global_step=6881280
SPS: 1526
Epoch: 450, global_step=6896640
SPS: 1527
Epoch: 451, global_step=6912000
Evaluating
Evaluated 2880 steps resulting in 48 episodes
[32mEvaluation Metric: success_once[0m | [36mMean: 0.1250[0m
[32mEvaluation Metric: return[0m | [36mMean: 11.6135[0m
[32mEvaluation Metric: episode_len[0m | [36mMean: 60.0000[0m
[32mEvaluation Metric: reward[0m | [36mMean: 0.1936[0m
[32mEvaluation Metric: success_at_end[0m | [36mMean: 0.1250[0m
model saved to checkpoints/ppo_memtasks/rgb_joints/normalized_dense/RememberColor9-v0/ppo-mlp-dense-remember-color-9-v0-s33__33__rgb_joints__20251025_184336/20251025_184336/ckpt_18_451.pt
SPS: 1521
Epoch: 452, global_step=6927360
SPS: 1521
Epoch: 453, global_step=6942720
SPS: 1522
Epoch: 454, global_step=6958080
SPS: 1523
Epoch: 455, global_step=6973440
SPS: 1524
Epoch: 456, global_step=6988800
SPS: 1524
Epoch: 457, global_step=7004160
SPS: 1525
Epoch: 458, global_step=7019520
SPS: 1525
Epoch: 459, global_step=7034880
SPS: 1525
Epoch: 460, global_step=7050240
SPS: 1527
Epoch: 461, global_step=7065600
SPS: 1527
Epoch: 462, global_step=7080960
SPS: 1528
Epoch: 463, global_step=7096320
SPS: 1528
Epoch: 464, global_step=7111680
SPS: 1528
Epoch: 465, global_step=7127040
SPS: 1529
Epoch: 466, global_step=7142400
SPS: 1530
Epoch: 467, global_step=7157760
SPS: 1530
Epoch: 468, global_step=7173120
SPS: 1530
Epoch: 469, global_step=7188480
SPS: 1531
Epoch: 470, global_step=7203840
SPS: 1532
Epoch: 471, global_step=7219200
SPS: 1533
Epoch: 472, global_step=7234560
SPS: 1534
Epoch: 473, global_step=7249920
SPS: 1535
Epoch: 474, global_step=7265280
SPS: 1535
Epoch: 475, global_step=7280640
SPS: 1536
Epoch: 476, global_step=7296000
Evaluating
Evaluated 2880 steps resulting in 48 episodes
[32mEvaluation Metric: success_once[0m | [36mMean: 0.0833[0m
[32mEvaluation Metric: return[0m | [36mMean: 9.5368[0m
[32mEvaluation Metric: episode_len[0m | [36mMean: 60.0000[0m
[32mEvaluation Metric: reward[0m | [36mMean: 0.1589[0m
[32mEvaluation Metric: success_at_end[0m | [36mMean: 0.0833[0m
model saved to checkpoints/ppo_memtasks/rgb_joints/normalized_dense/RememberColor9-v0/ppo-mlp-dense-remember-color-9-v0-s33__33__rgb_joints__20251025_184336/20251025_184336/ckpt_19_476.pt
SPS: 1531
Epoch: 477, global_step=7311360
SPS: 1531
Epoch: 478, global_step=7326720
SPS: 1532
Epoch: 479, global_step=7342080
SPS: 1533
Epoch: 480, global_step=7357440
SPS: 1534
Epoch: 481, global_step=7372800
SPS: 1535
Epoch: 482, global_step=7388160
SPS: 1536
Epoch: 483, global_step=7403520
SPS: 1536
Epoch: 484, global_step=7418880
SPS: 1536
Epoch: 485, global_step=7434240
SPS: 1537
Epoch: 486, global_step=7449600
SPS: 1538
Epoch: 487, global_step=7464960
SPS: 1538
Epoch: 488, global_step=7480320
SPS: 1539
Epoch: 489, global_step=7495680
SPS: 1539
Epoch: 490, global_step=7511040
SPS: 1539
Epoch: 491, global_step=7526400
SPS: 1540
Epoch: 492, global_step=7541760
SPS: 1541
Epoch: 493, global_step=7557120
SPS: 1541
Epoch: 494, global_step=7572480
SPS: 1542
Epoch: 495, global_step=7587840
SPS: 1542
Epoch: 496, global_step=7603200
SPS: 1543
Epoch: 497, global_step=7618560
SPS: 1543
Epoch: 498, global_step=7633920
SPS: 1544
Epoch: 499, global_step=7649280
SPS: 1544
Epoch: 500, global_step=7664640
SPS: 1544
Epoch: 501, global_step=7680000
Evaluating
Evaluated 2880 steps resulting in 48 episodes
[32mEvaluation Metric: success_once[0m | [36mMean: 0.1042[0m
[32mEvaluation Metric: return[0m | [36mMean: 9.5891[0m
[32mEvaluation Metric: episode_len[0m | [36mMean: 60.0000[0m
[32mEvaluation Metric: reward[0m | [36mMean: 0.1598[0m
[32mEvaluation Metric: success_at_end[0m | [36mMean: 0.1042[0m
model saved to checkpoints/ppo_memtasks/rgb_joints/normalized_dense/RememberColor9-v0/ppo-mlp-dense-remember-color-9-v0-s33__33__rgb_joints__20251025_184336/20251025_184336/ckpt_20_501.pt
SPS: 1540
Epoch: 502, global_step=7695360
SPS: 1540
Epoch: 503, global_step=7710720
SPS: 1540
Epoch: 504, global_step=7726080
SPS: 1541
Epoch: 505, global_step=7741440
SPS: 1542
Epoch: 506, global_step=7756800
SPS: 1542
Epoch: 507, global_step=7772160
SPS: 1542
Epoch: 508, global_step=7787520
SPS: 1543
Epoch: 509, global_step=7802880
SPS: 1544
Epoch: 510, global_step=7818240
SPS: 1544
Epoch: 511, global_step=7833600
SPS: 1544
Epoch: 512, global_step=7848960
SPS: 1544
Epoch: 513, global_step=7864320
SPS: 1545
Epoch: 514, global_step=7879680
SPS: 1545
Epoch: 515, global_step=7895040
SPS: 1545
Epoch: 516, global_step=7910400
SPS: 1546
Epoch: 517, global_step=7925760
SPS: 1547
Epoch: 518, global_step=7941120
SPS: 1547
Epoch: 519, global_step=7956480
SPS: 1548
Epoch: 520, global_step=7971840
SPS: 1548
Epoch: 521, global_step=7987200
SPS: 1549
Epoch: 522, global_step=8002560
SPS: 1550
Epoch: 523, global_step=8017920
SPS: 1551
Epoch: 524, global_step=8033280
SPS: 1552
Epoch: 525, global_step=8048640
SPS: 1553
Epoch: 526, global_step=8064000
Evaluating
Evaluated 2880 steps resulting in 48 episodes
[32mEvaluation Metric: success_once[0m | [36mMean: 0.0625[0m
[32mEvaluation Metric: return[0m | [36mMean: 9.2157[0m
[32mEvaluation Metric: episode_len[0m | [36mMean: 60.0000[0m
[32mEvaluation Metric: reward[0m | [36mMean: 0.1536[0m
[32mEvaluation Metric: success_at_end[0m | [36mMean: 0.0625[0m
model saved to checkpoints/ppo_memtasks/rgb_joints/normalized_dense/RememberColor9-v0/ppo-mlp-dense-remember-color-9-v0-s33__33__rgb_joints__20251025_184336/20251025_184336/ckpt_21_526.pt
SPS: 1547
Epoch: 527, global_step=8079360
SPS: 1548
Epoch: 528, global_step=8094720
SPS: 1549
Epoch: 529, global_step=8110080
SPS: 1550
Epoch: 530, global_step=8125440
SPS: 1551
Epoch: 531, global_step=8140800
SPS: 1551
Epoch: 532, global_step=8156160
SPS: 1552
Epoch: 533, global_step=8171520
SPS: 1553
Epoch: 534, global_step=8186880
SPS: 1554
Epoch: 535, global_step=8202240
SPS: 1555
Epoch: 536, global_step=8217600
SPS: 1555
Epoch: 537, global_step=8232960
SPS: 1556
Epoch: 538, global_step=8248320
SPS: 1557
Epoch: 539, global_step=8263680
SPS: 1558
Epoch: 540, global_step=8279040
SPS: 1559
Epoch: 541, global_step=8294400
SPS: 1559
Epoch: 542, global_step=8309760
SPS: 1560
Epoch: 543, global_step=8325120
SPS: 1560
Epoch: 544, global_step=8340480
SPS: 1561
Epoch: 545, global_step=8355840
SPS: 1561
Epoch: 546, global_step=8371200
SPS: 1562
Epoch: 547, global_step=8386560
SPS: 1563
Epoch: 548, global_step=8401920
SPS: 1564
Epoch: 549, global_step=8417280
SPS: 1565
Epoch: 550, global_step=8432640
SPS: 1566
Epoch: 551, global_step=8448000
Evaluating
Evaluated 2880 steps resulting in 48 episodes
[32mEvaluation Metric: success_once[0m | [36mMean: 0.0000[0m
[32mEvaluation Metric: return[0m | [36mMean: 8.6952[0m
[32mEvaluation Metric: episode_len[0m | [36mMean: 60.0000[0m
[32mEvaluation Metric: reward[0m | [36mMean: 0.1449[0m
[32mEvaluation Metric: success_at_end[0m | [36mMean: 0.0000[0m
model saved to checkpoints/ppo_memtasks/rgb_joints/normalized_dense/RememberColor9-v0/ppo-mlp-dense-remember-color-9-v0-s33__33__rgb_joints__20251025_184336/20251025_184336/ckpt_22_551.pt
SPS: 1560
Epoch: 552, global_step=8463360
SPS: 1561
Epoch: 553, global_step=8478720
SPS: 1561
Epoch: 554, global_step=8494080
SPS: 1562
Epoch: 555, global_step=8509440
SPS: 1563
Epoch: 556, global_step=8524800
SPS: 1564
Epoch: 557, global_step=8540160
SPS: 1564
Epoch: 558, global_step=8555520
SPS: 1565
Epoch: 559, global_step=8570880
SPS: 1566
Epoch: 560, global_step=8586240
SPS: 1567
Epoch: 561, global_step=8601600
SPS: 1568
Epoch: 562, global_step=8616960
SPS: 1569
Epoch: 563, global_step=8632320
SPS: 1570
Epoch: 564, global_step=8647680
SPS: 1571
Epoch: 565, global_step=8663040
SPS: 1572
Epoch: 566, global_step=8678400
SPS: 1572
Epoch: 567, global_step=8693760
SPS: 1573
Epoch: 568, global_step=8709120
SPS: 1574
Epoch: 569, global_step=8724480
SPS: 1575
Epoch: 570, global_step=8739840
SPS: 1575
Epoch: 571, global_step=8755200
SPS: 1576
Epoch: 572, global_step=8770560
SPS: 1577
Epoch: 573, global_step=8785920
SPS: 1578
Epoch: 574, global_step=8801280
SPS: 1578
Epoch: 575, global_step=8816640
SPS: 1579
Epoch: 576, global_step=8832000
Evaluating
Evaluated 2880 steps resulting in 48 episodes
[32mEvaluation Metric: success_once[0m | [36mMean: 0.0000[0m
[32mEvaluation Metric: return[0m | [36mMean: 8.8842[0m
[32mEvaluation Metric: episode_len[0m | [36mMean: 60.0000[0m
[32mEvaluation Metric: reward[0m | [36mMean: 0.1481[0m
[32mEvaluation Metric: success_at_end[0m | [36mMean: 0.0000[0m
model saved to checkpoints/ppo_memtasks/rgb_joints/normalized_dense/RememberColor9-v0/ppo-mlp-dense-remember-color-9-v0-s33__33__rgb_joints__20251025_184336/20251025_184336/ckpt_23_576.pt
SPS: 1575
Epoch: 577, global_step=8847360
SPS: 1576
Epoch: 578, global_step=8862720
SPS: 1577
Epoch: 579, global_step=8878080
SPS: 1578
Epoch: 580, global_step=8893440
SPS: 1578
Epoch: 581, global_step=8908800
SPS: 1579
Epoch: 582, global_step=8924160
SPS: 1580
Epoch: 583, global_step=8939520
SPS: 1581
Epoch: 584, global_step=8954880
SPS: 1581
Epoch: 585, global_step=8970240
SPS: 1582
Epoch: 586, global_step=8985600
SPS: 1583
Epoch: 587, global_step=9000960
SPS: 1584
Epoch: 588, global_step=9016320
SPS: 1584
Epoch: 589, global_step=9031680
SPS: 1584
Epoch: 590, global_step=9047040
SPS: 1585
Epoch: 591, global_step=9062400
SPS: 1586
Epoch: 592, global_step=9077760
SPS: 1587
Epoch: 593, global_step=9093120
SPS: 1588
Epoch: 594, global_step=9108480
SPS: 1589
Epoch: 595, global_step=9123840
SPS: 1589
Epoch: 596, global_step=9139200
SPS: 1590
Epoch: 597, global_step=9154560
SPS: 1591
Epoch: 598, global_step=9169920
SPS: 1592
Epoch: 599, global_step=9185280
SPS: 1592
Epoch: 600, global_step=9200640
SPS: 1593
Epoch: 601, global_step=9216000
Evaluating
Evaluated 2880 steps resulting in 48 episodes
[32mEvaluation Metric: success_once[0m | [36mMean: 0.0000[0m
[32mEvaluation Metric: return[0m | [36mMean: 8.9150[0m
[32mEvaluation Metric: episode_len[0m | [36mMean: 60.0000[0m
[32mEvaluation Metric: reward[0m | [36mMean: 0.1486[0m
[32mEvaluation Metric: success_at_end[0m | [36mMean: 0.0000[0m
model saved to checkpoints/ppo_memtasks/rgb_joints/normalized_dense/RememberColor9-v0/ppo-mlp-dense-remember-color-9-v0-s33__33__rgb_joints__20251025_184336/20251025_184336/ckpt_24_601.pt
SPS: 1589
Epoch: 602, global_step=9231360
SPS: 1590
Epoch: 603, global_step=9246720
SPS: 1590
Epoch: 604, global_step=9262080
SPS: 1591
Epoch: 605, global_step=9277440
SPS: 1592
Epoch: 606, global_step=9292800
SPS: 1593
Epoch: 607, global_step=9308160
SPS: 1594
Epoch: 608, global_step=9323520
SPS: 1594
Epoch: 609, global_step=9338880
SPS: 1595
Epoch: 610, global_step=9354240
SPS: 1596
Epoch: 611, global_step=9369600
SPS: 1596
Epoch: 612, global_step=9384960
SPS: 1597
Epoch: 613, global_step=9400320
SPS: 1598
Epoch: 614, global_step=9415680
SPS: 1599
Epoch: 615, global_step=9431040
SPS: 1600
Epoch: 616, global_step=9446400
SPS: 1600
Epoch: 617, global_step=9461760
SPS: 1601
Epoch: 618, global_step=9477120
SPS: 1602
Epoch: 619, global_step=9492480
SPS: 1602
Epoch: 620, global_step=9507840
SPS: 1603
Epoch: 621, global_step=9523200
SPS: 1604
Epoch: 622, global_step=9538560
SPS: 1605
Epoch: 623, global_step=9553920
SPS: 1606
Epoch: 624, global_step=9569280
SPS: 1607
Epoch: 625, global_step=9584640
SPS: 1607
Epoch: 626, global_step=9600000
Evaluating
Evaluated 2880 steps resulting in 48 episodes
[32mEvaluation Metric: success_once[0m | [36mMean: 0.0000[0m
[32mEvaluation Metric: return[0m | [36mMean: 9.1888[0m
[32mEvaluation Metric: episode_len[0m | [36mMean: 60.0000[0m
[32mEvaluation Metric: reward[0m | [36mMean: 0.1531[0m
[32mEvaluation Metric: success_at_end[0m | [36mMean: 0.0000[0m
model saved to checkpoints/ppo_memtasks/rgb_joints/normalized_dense/RememberColor9-v0/ppo-mlp-dense-remember-color-9-v0-s33__33__rgb_joints__20251025_184336/20251025_184336/ckpt_25_626.pt
SPS: 1603
Epoch: 627, global_step=9615360
SPS: 1604
Epoch: 628, global_step=9630720
SPS: 1605
Epoch: 629, global_step=9646080
SPS: 1606
Epoch: 630, global_step=9661440
SPS: 1607
Epoch: 631, global_step=9676800
SPS: 1608
Epoch: 632, global_step=9692160
SPS: 1608
Epoch: 633, global_step=9707520
SPS: 1609
Epoch: 634, global_step=9722880
SPS: 1610
Epoch: 635, global_step=9738240
SPS: 1610
Epoch: 636, global_step=9753600
SPS: 1611
Epoch: 637, global_step=9768960
SPS: 1612
Epoch: 638, global_step=9784320
SPS: 1613
Epoch: 639, global_step=9799680
SPS: 1614
Epoch: 640, global_step=9815040
SPS: 1614
Epoch: 641, global_step=9830400
SPS: 1615
Epoch: 642, global_step=9845760
SPS: 1616
Epoch: 643, global_step=9861120
SPS: 1616
Epoch: 644, global_step=9876480
SPS: 1617
Epoch: 645, global_step=9891840
SPS: 1617
Epoch: 646, global_step=9907200
SPS: 1618
Epoch: 647, global_step=9922560
SPS: 1619
Epoch: 648, global_step=9937920
SPS: 1620
Epoch: 649, global_step=9953280
SPS: 1621
Epoch: 650, global_step=9968640
SPS: 1622
Epoch: 651, global_step=9984000
Evaluating
Evaluated 2880 steps resulting in 48 episodes
[32mEvaluation Metric: success_once[0m | [36mMean: 0.0000[0m
[32mEvaluation Metric: return[0m | [36mMean: 9.1383[0m
[32mEvaluation Metric: episode_len[0m | [36mMean: 60.0000[0m
[32mEvaluation Metric: reward[0m | [36mMean: 0.1523[0m
[32mEvaluation Metric: success_at_end[0m | [36mMean: 0.0000[0m
model saved to checkpoints/ppo_memtasks/rgb_joints/normalized_dense/RememberColor9-v0/ppo-mlp-dense-remember-color-9-v0-s33__33__rgb_joints__20251025_184336/20251025_184336/ckpt_26_651.pt
SPS: 1617
Epoch: 652, global_step=9999360
SPS: 1618
Epoch: 653, global_step=10014720
SPS: 1619
Epoch: 654, global_step=10030080
SPS: 1620
Epoch: 655, global_step=10045440
SPS: 1621
Epoch: 656, global_step=10060800
SPS: 1621
Epoch: 657, global_step=10076160
SPS: 1622
Epoch: 658, global_step=10091520
SPS: 1623
Epoch: 659, global_step=10106880
SPS: 1624
Epoch: 660, global_step=10122240
SPS: 1625
Epoch: 661, global_step=10137600
SPS: 1626
Epoch: 662, global_step=10152960
SPS: 1627
Epoch: 663, global_step=10168320
SPS: 1627
Epoch: 664, global_step=10183680
SPS: 1628
Epoch: 665, global_step=10199040
SPS: 1629
Epoch: 666, global_step=10214400
SPS: 1630
Epoch: 667, global_step=10229760
SPS: 1631
Epoch: 668, global_step=10245120
SPS: 1631
Epoch: 669, global_step=10260480
SPS: 1632
Epoch: 670, global_step=10275840
SPS: 1633
Epoch: 671, global_step=10291200
SPS: 1634
Epoch: 672, global_step=10306560
SPS: 1634
Epoch: 673, global_step=10321920
SPS: 1635
Epoch: 674, global_step=10337280
SPS: 1636
Epoch: 675, global_step=10352640
SPS: 1636
Epoch: 676, global_step=10368000
Evaluating
Evaluated 2880 steps resulting in 48 episodes
[32mEvaluation Metric: success_once[0m | [36mMean: 0.0000[0m
[32mEvaluation Metric: return[0m | [36mMean: 9.1119[0m
[32mEvaluation Metric: episode_len[0m | [36mMean: 60.0000[0m
[32mEvaluation Metric: reward[0m | [36mMean: 0.1519[0m
[32mEvaluation Metric: success_at_end[0m | [36mMean: 0.0000[0m
model saved to checkpoints/ppo_memtasks/rgb_joints/normalized_dense/RememberColor9-v0/ppo-mlp-dense-remember-color-9-v0-s33__33__rgb_joints__20251025_184336/20251025_184336/ckpt_27_676.pt
SPS: 1632
Epoch: 677, global_step=10383360
SPS: 1633
Epoch: 678, global_step=10398720
SPS: 1633
Epoch: 679, global_step=10414080
SPS: 1634
Epoch: 680, global_step=10429440
SPS: 1635
Epoch: 681, global_step=10444800
SPS: 1636
Epoch: 682, global_step=10460160
SPS: 1637
Epoch: 683, global_step=10475520
SPS: 1637
Epoch: 684, global_step=10490880
SPS: 1638
Epoch: 685, global_step=10506240
SPS: 1639
Epoch: 686, global_step=10521600
SPS: 1640
Epoch: 687, global_step=10536960
SPS: 1640
Epoch: 688, global_step=10552320
SPS: 1640
Epoch: 689, global_step=10567680
SPS: 1641
Epoch: 690, global_step=10583040
SPS: 1642
Epoch: 691, global_step=10598400
SPS: 1642
Epoch: 692, global_step=10613760
SPS: 1643
Epoch: 693, global_step=10629120
SPS: 1644
Epoch: 694, global_step=10644480
SPS: 1645
Epoch: 695, global_step=10659840
SPS: 1645
Epoch: 696, global_step=10675200
SPS: 1646
Epoch: 697, global_step=10690560
SPS: 1647
Epoch: 698, global_step=10705920
SPS: 1647
Epoch: 699, global_step=10721280
SPS: 1648
Epoch: 700, global_step=10736640
SPS: 1649
Epoch: 701, global_step=10752000
Evaluating
Evaluated 2880 steps resulting in 48 episodes
[32mEvaluation Metric: success_once[0m | [36mMean: 0.0000[0m
[32mEvaluation Metric: return[0m | [36mMean: 8.8429[0m
[32mEvaluation Metric: episode_len[0m | [36mMean: 60.0000[0m
[32mEvaluation Metric: reward[0m | [36mMean: 0.1474[0m
[32mEvaluation Metric: success_at_end[0m | [36mMean: 0.0000[0m
model saved to checkpoints/ppo_memtasks/rgb_joints/normalized_dense/RememberColor9-v0/ppo-mlp-dense-remember-color-9-v0-s33__33__rgb_joints__20251025_184336/20251025_184336/ckpt_28_701.pt
SPS: 1645
Epoch: 702, global_step=10767360
SPS: 1646
Epoch: 703, global_step=10782720
SPS: 1647
Epoch: 704, global_step=10798080
SPS: 1647
Epoch: 705, global_step=10813440
SPS: 1648
Epoch: 706, global_step=10828800
SPS: 1649
Epoch: 707, global_step=10844160
SPS: 1650
Epoch: 708, global_step=10859520
SPS: 1650
Epoch: 709, global_step=10874880
SPS: 1651
Epoch: 710, global_step=10890240
SPS: 1652
Epoch: 711, global_step=10905600
SPS: 1653
Epoch: 712, global_step=10920960
SPS: 1653
Epoch: 713, global_step=10936320
SPS: 1654
Epoch: 714, global_step=10951680
SPS: 1655
Epoch: 715, global_step=10967040
SPS: 1656
Epoch: 716, global_step=10982400
SPS: 1656
Epoch: 717, global_step=10997760
SPS: 1657
Epoch: 718, global_step=11013120
SPS: 1658
Epoch: 719, global_step=11028480
SPS: 1659
Epoch: 720, global_step=11043840
SPS: 1659
Epoch: 721, global_step=11059200
SPS: 1660
Epoch: 722, global_step=11074560
SPS: 1661
Epoch: 723, global_step=11089920
SPS: 1662
Epoch: 724, global_step=11105280
SPS: 1662
Epoch: 725, global_step=11120640
SPS: 1663
Epoch: 726, global_step=11136000
Evaluating
Evaluated 2880 steps resulting in 48 episodes
[32mEvaluation Metric: success_once[0m | [36mMean: 0.0000[0m
[32mEvaluation Metric: return[0m | [36mMean: 9.2179[0m
[32mEvaluation Metric: episode_len[0m | [36mMean: 60.0000[0m
[32mEvaluation Metric: reward[0m | [36mMean: 0.1536[0m
[32mEvaluation Metric: success_at_end[0m | [36mMean: 0.0000[0m
model saved to checkpoints/ppo_memtasks/rgb_joints/normalized_dense/RememberColor9-v0/ppo-mlp-dense-remember-color-9-v0-s33__33__rgb_joints__20251025_184336/20251025_184336/ckpt_29_726.pt
SPS: 1659
Epoch: 727, global_step=11151360
SPS: 1660
Epoch: 728, global_step=11166720
SPS: 1661
Epoch: 729, global_step=11182080
SPS: 1662
Epoch: 730, global_step=11197440
SPS: 1662
Epoch: 731, global_step=11212800
SPS: 1663
Epoch: 732, global_step=11228160
SPS: 1664
Epoch: 733, global_step=11243520
SPS: 1664
Epoch: 734, global_step=11258880
SPS: 1665
Epoch: 735, global_step=11274240
SPS: 1666
Epoch: 736, global_step=11289600
SPS: 1666
Epoch: 737, global_step=11304960
SPS: 1667
Epoch: 738, global_step=11320320
SPS: 1668
Epoch: 739, global_step=11335680
SPS: 1669
Epoch: 740, global_step=11351040
SPS: 1669
Epoch: 741, global_step=11366400
SPS: 1670
Epoch: 742, global_step=11381760
SPS: 1671
Epoch: 743, global_step=11397120
SPS: 1672
Epoch: 744, global_step=11412480
SPS: 1672
Epoch: 745, global_step=11427840
SPS: 1673
Epoch: 746, global_step=11443200
SPS: 1674
Epoch: 747, global_step=11458560
SPS: 1674
Epoch: 748, global_step=11473920
SPS: 1675
Epoch: 749, global_step=11489280
SPS: 1676
Epoch: 750, global_step=11504640
SPS: 1677
Epoch: 751, global_step=11520000
Evaluating
Evaluated 2880 steps resulting in 48 episodes
[32mEvaluation Metric: success_once[0m | [36mMean: 0.0000[0m
[32mEvaluation Metric: return[0m | [36mMean: 9.3276[0m
[32mEvaluation Metric: episode_len[0m | [36mMean: 60.0000[0m
[32mEvaluation Metric: reward[0m | [36mMean: 0.1555[0m
[32mEvaluation Metric: success_at_end[0m | [36mMean: 0.0000[0m
model saved to checkpoints/ppo_memtasks/rgb_joints/normalized_dense/RememberColor9-v0/ppo-mlp-dense-remember-color-9-v0-s33__33__rgb_joints__20251025_184336/20251025_184336/ckpt_30_751.pt
SPS: 1673
Epoch: 752, global_step=11535360
SPS: 1673
Epoch: 753, global_step=11550720
SPS: 1674
Epoch: 754, global_step=11566080
SPS: 1675
Epoch: 755, global_step=11581440
SPS: 1675
Epoch: 756, global_step=11596800
SPS: 1676
Epoch: 757, global_step=11612160
SPS: 1677
Epoch: 758, global_step=11627520
SPS: 1677
Epoch: 759, global_step=11642880
SPS: 1678
Epoch: 760, global_step=11658240
SPS: 1679
Epoch: 761, global_step=11673600
SPS: 1679
Epoch: 762, global_step=11688960
SPS: 1680
Epoch: 763, global_step=11704320
SPS: 1681
Epoch: 764, global_step=11719680
SPS: 1682
Epoch: 765, global_step=11735040
SPS: 1682
Epoch: 766, global_step=11750400
SPS: 1683
Epoch: 767, global_step=11765760
SPS: 1684
Epoch: 768, global_step=11781120
SPS: 1684
Epoch: 769, global_step=11796480
SPS: 1685
Epoch: 770, global_step=11811840
SPS: 1686
Epoch: 771, global_step=11827200
SPS: 1686
Epoch: 772, global_step=11842560
SPS: 1687
Epoch: 773, global_step=11857920
SPS: 1688
Epoch: 774, global_step=11873280
SPS: 1688
Epoch: 775, global_step=11888640
SPS: 1689
Epoch: 776, global_step=11904000
Evaluating
Evaluated 2880 steps resulting in 48 episodes
[32mEvaluation Metric: success_once[0m | [36mMean: 0.0000[0m
[32mEvaluation Metric: return[0m | [36mMean: 8.8143[0m
[32mEvaluation Metric: episode_len[0m | [36mMean: 60.0000[0m
[32mEvaluation Metric: reward[0m | [36mMean: 0.1469[0m
[32mEvaluation Metric: success_at_end[0m | [36mMean: 0.0000[0m
model saved to checkpoints/ppo_memtasks/rgb_joints/normalized_dense/RememberColor9-v0/ppo-mlp-dense-remember-color-9-v0-s33__33__rgb_joints__20251025_184336/20251025_184336/ckpt_31_776.pt
SPS: 1685
Epoch: 777, global_step=11919360
SPS: 1686
Epoch: 778, global_step=11934720
SPS: 1687
Epoch: 779, global_step=11950080
SPS: 1687
Epoch: 780, global_step=11965440
SPS: 1688
Epoch: 781, global_step=11980800
SPS: 1689
Epoch: 782, global_step=11996160
SPS: 1689
Epoch: 783, global_step=12011520
SPS: 1690
Epoch: 784, global_step=12026880
SPS: 1691
Epoch: 785, global_step=12042240
SPS: 1691
Epoch: 786, global_step=12057600
SPS: 1692
Epoch: 787, global_step=12072960
SPS: 1693
Epoch: 788, global_step=12088320
SPS: 1693
Epoch: 789, global_step=12103680
SPS: 1694
Epoch: 790, global_step=12119040
SPS: 1695
Epoch: 791, global_step=12134400
SPS: 1695
Epoch: 792, global_step=12149760
SPS: 1696
Epoch: 793, global_step=12165120
SPS: 1697
Epoch: 794, global_step=12180480
SPS: 1698
Epoch: 795, global_step=12195840
SPS: 1698
Epoch: 796, global_step=12211200
SPS: 1699
Epoch: 797, global_step=12226560
SPS: 1699
Epoch: 798, global_step=12241920
SPS: 1700
Epoch: 799, global_step=12257280
SPS: 1701
Epoch: 800, global_step=12272640
SPS: 1701
Epoch: 801, global_step=12288000
Evaluating
Evaluated 2880 steps resulting in 48 episodes
[32mEvaluation Metric: success_once[0m | [36mMean: 0.0000[0m
[32mEvaluation Metric: return[0m | [36mMean: 8.9284[0m
[32mEvaluation Metric: episode_len[0m | [36mMean: 60.0000[0m
[32mEvaluation Metric: reward[0m | [36mMean: 0.1488[0m
[32mEvaluation Metric: success_at_end[0m | [36mMean: 0.0000[0m
model saved to checkpoints/ppo_memtasks/rgb_joints/normalized_dense/RememberColor9-v0/ppo-mlp-dense-remember-color-9-v0-s33__33__rgb_joints__20251025_184336/20251025_184336/ckpt_32_801.pt
SPS: 1698
Epoch: 802, global_step=12303360
SPS: 1699
Epoch: 803, global_step=12318720
SPS: 1699
Epoch: 804, global_step=12334080
SPS: 1700
Epoch: 805, global_step=12349440
SPS: 1700
Epoch: 806, global_step=12364800
SPS: 1701
Epoch: 807, global_step=12380160
SPS: 1702
Epoch: 808, global_step=12395520
SPS: 1702
Epoch: 809, global_step=12410880
SPS: 1703
Epoch: 810, global_step=12426240
SPS: 1704
Epoch: 811, global_step=12441600
SPS: 1704
Epoch: 812, global_step=12456960
SPS: 1705
Epoch: 813, global_step=12472320
SPS: 1706
Epoch: 814, global_step=12487680
SPS: 1706
Epoch: 815, global_step=12503040
SPS: 1707
Epoch: 816, global_step=12518400
SPS: 1708
Epoch: 817, global_step=12533760
SPS: 1708
Epoch: 818, global_step=12549120
SPS: 1709
Epoch: 819, global_step=12564480
SPS: 1709
Epoch: 820, global_step=12579840
SPS: 1710
Epoch: 821, global_step=12595200
SPS: 1711
Epoch: 822, global_step=12610560
SPS: 1711
Epoch: 823, global_step=12625920
SPS: 1712
Epoch: 824, global_step=12641280
SPS: 1713
Epoch: 825, global_step=12656640
SPS: 1713
Epoch: 826, global_step=12672000
Evaluating
Evaluated 2880 steps resulting in 48 episodes
[32mEvaluation Metric: success_once[0m | [36mMean: 0.0000[0m
[32mEvaluation Metric: return[0m | [36mMean: 9.0725[0m
[32mEvaluation Metric: episode_len[0m | [36mMean: 60.0000[0m
[32mEvaluation Metric: reward[0m | [36mMean: 0.1512[0m
[32mEvaluation Metric: success_at_end[0m | [36mMean: 0.0000[0m
model saved to checkpoints/ppo_memtasks/rgb_joints/normalized_dense/RememberColor9-v0/ppo-mlp-dense-remember-color-9-v0-s33__33__rgb_joints__20251025_184336/20251025_184336/ckpt_33_826.pt
SPS: 1710
Epoch: 827, global_step=12687360
SPS: 1710
Epoch: 828, global_step=12702720
SPS: 1711
Epoch: 829, global_step=12718080
SPS: 1712
Epoch: 830, global_step=12733440
SPS: 1712
Epoch: 831, global_step=12748800
SPS: 1713
Epoch: 832, global_step=12764160
SPS: 1713
Epoch: 833, global_step=12779520
SPS: 1714
Epoch: 834, global_step=12794880
SPS: 1714
Epoch: 835, global_step=12810240
SPS: 1715
Epoch: 836, global_step=12825600
SPS: 1716
Epoch: 837, global_step=12840960
SPS: 1716
Epoch: 838, global_step=12856320
SPS: 1717
Epoch: 839, global_step=12871680
SPS: 1718
Epoch: 840, global_step=12887040
SPS: 1718
Epoch: 841, global_step=12902400
SPS: 1719
Epoch: 842, global_step=12917760
SPS: 1719
Epoch: 843, global_step=12933120
SPS: 1720
Epoch: 844, global_step=12948480
SPS: 1721
Epoch: 845, global_step=12963840
SPS: 1721
Epoch: 846, global_step=12979200
SPS: 1722
model saved to checkpoints/ppo_memtasks/rgb_joints/normalized_dense/RememberColor9-v0/ppo-mlp-dense-remember-color-9-v0-s33__33__rgb_joints__20251025_184336/20251025_184336/final_ckpt.pt
