Enabling podman.socket for user: s4176650
Running RememberColor9-v0 with belief, seed 33

===========================================================================
║                        Environment Configuration                        ║
===========================================================================
║ Environment ID: RememberColor9-v0                                       ║
║ Oracle Info:    None                                                    ║
║ Wrappers:                                                               ║
║    ├─ InitialZeroActionWrapper                                         ║
║    │  └─ {'n_initial_steps': 0}                                           ║
║    ├─ RememberColorInfoWrapper                                         ║
║    ├─ RenderStepInfoWrapper                                            ║
║    ├─ RenderRewardInfoWrapper                                          ║
║    ├─ DebugRewardWrapper                                               ║
║-------------------------------------------------------------------------║
║ include_state:       False │ state will not be used                ║
║ include_rgb:         True  │ rgb images will be used               ║
║ include_oracle:      False │ oracle info will not be used          ║
║ include_joints:      True  │ joints will be used                   ║
===========================================================================

MODE='rgb_joints_belief'
prompt_info=None
Saving eval videos to checkpoints/ppo_memtasks/rgb_joints_belief/normalized_dense/RememberColor9-v0/ppo-baseline-last5-newhyper-33__33__rgb_joints_belief__20260127_045539/20260127_045539/videos
======================================================================
Max Episode Steps: 60
======================================================================

Loading belief model from /local/s4176650/sphinx/storage/RememberColor9-v0_vae_mikasa_last5/final_vae_model.pt
  phi_dim=16, latent_dim=32
Belief model loaded successfully. Memory size: 768
Running training

####
args.num_iterations=865 args.num_envs=200 args.num_eval_envs=16
args.minibatch_size=375 args.batch_size=12000 args.update_epochs=2
####

sample_obs.keys()=dict_keys(['joints', 'rgb'])
joints: torch.Size([200, 25])
rgb: torch.Size([200, 128, 128, 3])


Epoch: 1, global_step=0
Evaluating
Evaluated 11520 steps resulting in 192 episodes
[32mEvaluation Metric: success_once[0m | [36mMean: 0.0000[0m
[32mEvaluation Metric: return[0m | [36mMean: 9.8738[0m
[32mEvaluation Metric: episode_len[0m | [36mMean: 60.0000[0m
[32mEvaluation Metric: reward[0m | [36mMean: 0.1646[0m
[32mEvaluation Metric: success_at_end[0m | [36mMean: 0.0000[0m
model saved to checkpoints/ppo_memtasks/rgb_joints_belief/normalized_dense/RememberColor9-v0/ppo-baseline-last5-newhyper-33__33__rgb_joints_belief__20260127_045539/20260127_045539/ckpt_0_1.pt
SPS: 155
Epoch: 2, global_step=12000
SPS: 284
Epoch: 3, global_step=24000
SPS: 391
Epoch: 4, global_step=36000
SPS: 481
Epoch: 5, global_step=48000
SPS: 559
Epoch: 6, global_step=60000
SPS: 625
Epoch: 7, global_step=72000
SPS: 683
Epoch: 8, global_step=84000
SPS: 732
Epoch: 9, global_step=96000
SPS: 776
Epoch: 10, global_step=108000
SPS: 815
Epoch: 11, global_step=120000
SPS: 850
Epoch: 12, global_step=132000
SPS: 880
Epoch: 13, global_step=144000
SPS: 908
Epoch: 14, global_step=156000
SPS: 934
Epoch: 15, global_step=168000
SPS: 957
Epoch: 16, global_step=180000
SPS: 978
Epoch: 17, global_step=192000
SPS: 997
Epoch: 18, global_step=204000
SPS: 1015
Epoch: 19, global_step=216000
SPS: 1031
Epoch: 20, global_step=228000
SPS: 1047
Epoch: 21, global_step=240000
SPS: 1061
Epoch: 22, global_step=252000
SPS: 1074
Epoch: 23, global_step=264000
SPS: 1086
Epoch: 24, global_step=276000
SPS: 1098
Epoch: 25, global_step=288000
SPS: 1109
Epoch: 26, global_step=300000
SPS: 1119
Epoch: 27, global_step=312000
SPS: 1129
Epoch: 28, global_step=324000
SPS: 1138
Epoch: 29, global_step=336000
SPS: 1146
Epoch: 30, global_step=348000
SPS: 1154
Epoch: 31, global_step=360000
SPS: 1162
Epoch: 32, global_step=372000
SPS: 1169
Epoch: 33, global_step=384000
SPS: 1176
Epoch: 34, global_step=396000
SPS: 1182
Epoch: 35, global_step=408000
SPS: 1188
Epoch: 36, global_step=420000
SPS: 1194
Epoch: 37, global_step=432000
SPS: 1200
Epoch: 38, global_step=444000
SPS: 1205
Epoch: 39, global_step=456000
SPS: 1210
Epoch: 40, global_step=468000
SPS: 1215
Epoch: 41, global_step=480000
SPS: 1220
Epoch: 42, global_step=492000
SPS: 1224
Epoch: 43, global_step=504000
SPS: 1229
Epoch: 44, global_step=516000
SPS: 1233
Epoch: 45, global_step=528000
SPS: 1237
Epoch: 46, global_step=540000
SPS: 1241
Epoch: 47, global_step=552000
SPS: 1245
Epoch: 48, global_step=564000
SPS: 1248
Epoch: 49, global_step=576000
Evaluating
Evaluated 11520 steps resulting in 192 episodes
[32mEvaluation Metric: success_once[0m | [36mMean: 0.1094[0m
[32mEvaluation Metric: return[0m | [36mMean: 3.8211[0m
[32mEvaluation Metric: episode_len[0m | [36mMean: 60.0000[0m
[32mEvaluation Metric: reward[0m | [36mMean: 0.0637[0m
[32mEvaluation Metric: success_at_end[0m | [36mMean: 0.0260[0m
model saved to checkpoints/ppo_memtasks/rgb_joints_belief/normalized_dense/RememberColor9-v0/ppo-baseline-last5-newhyper-33__33__rgb_joints_belief__20260127_045539/20260127_045539/ckpt_1_49.pt
SPS: 1078
Epoch: 50, global_step=588000
SPS: 1083
Epoch: 51, global_step=600000
SPS: 1089
Epoch: 52, global_step=612000
SPS: 1094
Epoch: 53, global_step=624000
SPS: 1098
Epoch: 54, global_step=636000
SPS: 1103
Epoch: 55, global_step=648000
SPS: 1108
Epoch: 56, global_step=660000
SPS: 1112
Epoch: 57, global_step=672000
SPS: 1117
Epoch: 58, global_step=684000
SPS: 1121
Epoch: 59, global_step=696000
SPS: 1125
Epoch: 60, global_step=708000
SPS: 1129
Epoch: 61, global_step=720000
SPS: 1133
Epoch: 62, global_step=732000
SPS: 1137
Epoch: 63, global_step=744000
SPS: 1141
Epoch: 64, global_step=756000
SPS: 1145
Epoch: 65, global_step=768000
SPS: 1149
Epoch: 66, global_step=780000
SPS: 1152
Epoch: 67, global_step=792000
SPS: 1156
Epoch: 68, global_step=804000
SPS: 1159
Epoch: 69, global_step=816000
SPS: 1162
Epoch: 70, global_step=828000
SPS: 1166
Epoch: 71, global_step=840000
SPS: 1169
Epoch: 72, global_step=852000
SPS: 1172
Epoch: 73, global_step=864000
SPS: 1175
Epoch: 74, global_step=876000
SPS: 1178
Epoch: 75, global_step=888000
SPS: 1181
Epoch: 76, global_step=900000
SPS: 1184
Epoch: 77, global_step=912000
SPS: 1187
Epoch: 78, global_step=924000
SPS: 1189
Epoch: 79, global_step=936000
SPS: 1192
Epoch: 80, global_step=948000
SPS: 1195
Epoch: 81, global_step=960000
SPS: 1197
Epoch: 82, global_step=972000
SPS: 1200
Epoch: 83, global_step=984000
SPS: 1202
Epoch: 84, global_step=996000
SPS: 1205
Epoch: 85, global_step=1008000
SPS: 1207
Epoch: 86, global_step=1020000
SPS: 1209
Epoch: 87, global_step=1032000
SPS: 1212
Epoch: 88, global_step=1044000
SPS: 1214
Epoch: 89, global_step=1056000
SPS: 1216
Epoch: 90, global_step=1068000
SPS: 1218
Epoch: 91, global_step=1080000
SPS: 1220
Epoch: 92, global_step=1092000
SPS: 1222
Epoch: 93, global_step=1104000
SPS: 1224
Epoch: 94, global_step=1116000
SPS: 1226
Epoch: 95, global_step=1128000
SPS: 1228
Epoch: 96, global_step=1140000
SPS: 1230
Epoch: 97, global_step=1152000
Evaluating
Evaluated 11520 steps resulting in 192 episodes
[32mEvaluation Metric: success_once[0m | [36mMean: 0.1042[0m
[32mEvaluation Metric: return[0m | [36mMean: 4.1428[0m
[32mEvaluation Metric: episode_len[0m | [36mMean: 60.0000[0m
[32mEvaluation Metric: reward[0m | [36mMean: 0.0690[0m
[32mEvaluation Metric: success_at_end[0m | [36mMean: 0.0417[0m
model saved to checkpoints/ppo_memtasks/rgb_joints_belief/normalized_dense/RememberColor9-v0/ppo-baseline-last5-newhyper-33__33__rgb_joints_belief__20260127_045539/20260127_045539/ckpt_2_97.pt
SPS: 1142
Epoch: 98, global_step=1164000
SPS: 1144
Epoch: 99, global_step=1176000
SPS: 1146
Epoch: 100, global_step=1188000
SPS: 1149
Epoch: 101, global_step=1200000
SPS: 1151
Epoch: 102, global_step=1212000
SPS: 1153
Epoch: 103, global_step=1224000
SPS: 1155
Epoch: 104, global_step=1236000
SPS: 1157
Epoch: 105, global_step=1248000
SPS: 1159
Epoch: 106, global_step=1260000
SPS: 1161
Epoch: 107, global_step=1272000
SPS: 1163
Epoch: 108, global_step=1284000
SPS: 1166
Epoch: 109, global_step=1296000
SPS: 1168
Epoch: 110, global_step=1308000
SPS: 1170
Epoch: 111, global_step=1320000
SPS: 1172
Epoch: 112, global_step=1332000
SPS: 1174
Epoch: 113, global_step=1344000
SPS: 1175
Epoch: 114, global_step=1356000
SPS: 1177
Epoch: 115, global_step=1368000
SPS: 1179
Epoch: 116, global_step=1380000
SPS: 1181
Epoch: 117, global_step=1392000
SPS: 1183
Epoch: 118, global_step=1404000
SPS: 1185
Epoch: 119, global_step=1416000
SPS: 1186
Epoch: 120, global_step=1428000
SPS: 1188
Epoch: 121, global_step=1440000
SPS: 1190
Epoch: 122, global_step=1452000
SPS: 1192
Epoch: 123, global_step=1464000
SPS: 1193
Epoch: 124, global_step=1476000
SPS: 1195
Epoch: 125, global_step=1488000
SPS: 1197
Epoch: 126, global_step=1500000
SPS: 1198
Epoch: 127, global_step=1512000
SPS: 1200
Epoch: 128, global_step=1524000
SPS: 1201
Epoch: 129, global_step=1536000
SPS: 1203
Epoch: 130, global_step=1548000
SPS: 1205
Epoch: 131, global_step=1560000
SPS: 1206
Epoch: 132, global_step=1572000
SPS: 1208
Epoch: 133, global_step=1584000
SPS: 1209
Epoch: 134, global_step=1596000
SPS: 1211
Epoch: 135, global_step=1608000
SPS: 1212
Epoch: 136, global_step=1620000
SPS: 1213
Epoch: 137, global_step=1632000
SPS: 1215
Epoch: 138, global_step=1644000
SPS: 1216
Epoch: 139, global_step=1656000
SPS: 1218
Epoch: 140, global_step=1668000
SPS: 1219
Epoch: 141, global_step=1680000
SPS: 1220
Epoch: 142, global_step=1692000
SPS: 1222
Epoch: 143, global_step=1704000
SPS: 1223
Epoch: 144, global_step=1716000
SPS: 1224
Epoch: 145, global_step=1728000
Evaluating
Evaluated 11520 steps resulting in 192 episodes
[32mEvaluation Metric: success_once[0m | [36mMean: 0.1667[0m
[32mEvaluation Metric: return[0m | [36mMean: 7.1628[0m
[32mEvaluation Metric: episode_len[0m | [36mMean: 60.0000[0m
[32mEvaluation Metric: reward[0m | [36mMean: 0.1194[0m
[32mEvaluation Metric: success_at_end[0m | [36mMean: 0.0625[0m
model saved to checkpoints/ppo_memtasks/rgb_joints_belief/normalized_dense/RememberColor9-v0/ppo-baseline-last5-newhyper-33__33__rgb_joints_belief__20260127_045539/20260127_045539/ckpt_3_145.pt
SPS: 1165
Epoch: 146, global_step=1740000
SPS: 1166
Epoch: 147, global_step=1752000
SPS: 1168
Epoch: 148, global_step=1764000
SPS: 1169
Epoch: 149, global_step=1776000
SPS: 1170
Epoch: 150, global_step=1788000
SPS: 1171
Epoch: 151, global_step=1800000
SPS: 1173
Epoch: 152, global_step=1812000
SPS: 1174
Epoch: 153, global_step=1824000
SPS: 1175
Epoch: 154, global_step=1836000
SPS: 1177
Epoch: 155, global_step=1848000
SPS: 1178
Epoch: 156, global_step=1860000
SPS: 1180
Epoch: 157, global_step=1872000
SPS: 1181
Epoch: 158, global_step=1884000
SPS: 1182
Epoch: 159, global_step=1896000
SPS: 1184
Epoch: 160, global_step=1908000
SPS: 1185
Epoch: 161, global_step=1920000
SPS: 1186
Epoch: 162, global_step=1932000
SPS: 1188
Epoch: 163, global_step=1944000
SPS: 1189
Epoch: 164, global_step=1956000
SPS: 1190
Epoch: 165, global_step=1968000
SPS: 1191
Epoch: 166, global_step=1980000
SPS: 1193
Epoch: 167, global_step=1992000
SPS: 1194
Epoch: 168, global_step=2004000
SPS: 1195
Epoch: 169, global_step=2016000
SPS: 1196
Epoch: 170, global_step=2028000
SPS: 1198
Epoch: 171, global_step=2040000
SPS: 1199
Epoch: 172, global_step=2052000
SPS: 1200
Epoch: 173, global_step=2064000
SPS: 1201
Epoch: 174, global_step=2076000
SPS: 1202
Epoch: 175, global_step=2088000
SPS: 1204
Epoch: 176, global_step=2100000
SPS: 1205
Epoch: 177, global_step=2112000
SPS: 1206
Epoch: 178, global_step=2124000
SPS: 1207
Epoch: 179, global_step=2136000
SPS: 1208
Epoch: 180, global_step=2148000
SPS: 1209
Epoch: 181, global_step=2160000
SPS: 1210
Epoch: 182, global_step=2172000
SPS: 1211
Epoch: 183, global_step=2184000
SPS: 1212
Epoch: 184, global_step=2196000
SPS: 1214
Epoch: 185, global_step=2208000
SPS: 1215
Epoch: 186, global_step=2220000
SPS: 1216
Epoch: 187, global_step=2232000
SPS: 1217
Epoch: 188, global_step=2244000
SPS: 1218
Epoch: 189, global_step=2256000
SPS: 1219
Epoch: 190, global_step=2268000
SPS: 1220
Epoch: 191, global_step=2280000
SPS: 1221
Epoch: 192, global_step=2292000
SPS: 1222
Epoch: 193, global_step=2304000
Evaluating
Evaluated 11520 steps resulting in 192 episodes
[32mEvaluation Metric: success_once[0m | [36mMean: 0.1875[0m
[32mEvaluation Metric: return[0m | [36mMean: 8.4849[0m
[32mEvaluation Metric: episode_len[0m | [36mMean: 60.0000[0m
[32mEvaluation Metric: reward[0m | [36mMean: 0.1414[0m
[32mEvaluation Metric: success_at_end[0m | [36mMean: 0.0729[0m
model saved to checkpoints/ppo_memtasks/rgb_joints_belief/normalized_dense/RememberColor9-v0/ppo-baseline-last5-newhyper-33__33__rgb_joints_belief__20260127_045539/20260127_045539/ckpt_4_193.pt
SPS: 1175
Epoch: 194, global_step=2316000
SPS: 1176
Epoch: 195, global_step=2328000
SPS: 1177
Epoch: 196, global_step=2340000
SPS: 1178
Epoch: 197, global_step=2352000
SPS: 1179
Epoch: 198, global_step=2364000
SPS: 1180
Epoch: 199, global_step=2376000
SPS: 1182
Epoch: 200, global_step=2388000
SPS: 1183
Epoch: 201, global_step=2400000
SPS: 1184
Epoch: 202, global_step=2412000
SPS: 1184
Epoch: 203, global_step=2424000
SPS: 1185
Epoch: 204, global_step=2436000
SPS: 1186
Epoch: 205, global_step=2448000
SPS: 1188
Epoch: 206, global_step=2460000
SPS: 1189
Epoch: 207, global_step=2472000
SPS: 1190
Epoch: 208, global_step=2484000
SPS: 1190
Epoch: 209, global_step=2496000
SPS: 1191
Epoch: 210, global_step=2508000
SPS: 1192
Epoch: 211, global_step=2520000
SPS: 1193
Epoch: 212, global_step=2532000
SPS: 1194
Epoch: 213, global_step=2544000
SPS: 1195
Epoch: 214, global_step=2556000
SPS: 1196
Epoch: 215, global_step=2568000
SPS: 1197
Epoch: 216, global_step=2580000
SPS: 1198
Epoch: 217, global_step=2592000
SPS: 1199
Epoch: 218, global_step=2604000
SPS: 1200
Epoch: 219, global_step=2616000
SPS: 1201
Epoch: 220, global_step=2628000
SPS: 1202
Epoch: 221, global_step=2640000
SPS: 1203
Epoch: 222, global_step=2652000
SPS: 1204
Epoch: 223, global_step=2664000
SPS: 1205
Epoch: 224, global_step=2676000
SPS: 1206
Epoch: 225, global_step=2688000
SPS: 1207
Epoch: 226, global_step=2700000
SPS: 1207
Epoch: 227, global_step=2712000
SPS: 1208
Epoch: 228, global_step=2724000
SPS: 1209
Epoch: 229, global_step=2736000
SPS: 1210
Epoch: 230, global_step=2748000
SPS: 1211
Epoch: 231, global_step=2760000
SPS: 1212
Epoch: 232, global_step=2772000
SPS: 1213
Epoch: 233, global_step=2784000
SPS: 1213
Epoch: 234, global_step=2796000
SPS: 1214
Epoch: 235, global_step=2808000
SPS: 1215
Epoch: 236, global_step=2820000
SPS: 1216
Epoch: 237, global_step=2832000
SPS: 1217
Epoch: 238, global_step=2844000
SPS: 1218
Epoch: 239, global_step=2856000
SPS: 1218
Epoch: 240, global_step=2868000
SPS: 1219
Epoch: 241, global_step=2880000
Evaluating
Evaluated 11520 steps resulting in 192 episodes
[32mEvaluation Metric: success_once[0m | [36mMean: 0.2552[0m
[32mEvaluation Metric: return[0m | [36mMean: 9.6962[0m
[32mEvaluation Metric: episode_len[0m | [36mMean: 60.0000[0m
[32mEvaluation Metric: reward[0m | [36mMean: 0.1616[0m
[32mEvaluation Metric: success_at_end[0m | [36mMean: 0.1458[0m
model saved to checkpoints/ppo_memtasks/rgb_joints_belief/normalized_dense/RememberColor9-v0/ppo-baseline-last5-newhyper-33__33__rgb_joints_belief__20260127_045539/20260127_045539/ckpt_5_241.pt
SPS: 1182
Epoch: 242, global_step=2892000
SPS: 1183
Epoch: 243, global_step=2904000
SPS: 1183
Epoch: 244, global_step=2916000
SPS: 1184
Epoch: 245, global_step=2928000
SPS: 1185
Epoch: 246, global_step=2940000
SPS: 1186
Epoch: 247, global_step=2952000
SPS: 1187
Epoch: 248, global_step=2964000
SPS: 1188
Epoch: 249, global_step=2976000
SPS: 1188
Epoch: 250, global_step=2988000
SPS: 1189
Epoch: 251, global_step=3000000
SPS: 1190
Epoch: 252, global_step=3012000
SPS: 1191
Epoch: 253, global_step=3024000
SPS: 1192
Epoch: 254, global_step=3036000
SPS: 1192
Epoch: 255, global_step=3048000
SPS: 1193
Epoch: 256, global_step=3060000
SPS: 1194
Epoch: 257, global_step=3072000
SPS: 1195
Epoch: 258, global_step=3084000
SPS: 1196
Epoch: 259, global_step=3096000
SPS: 1196
Epoch: 260, global_step=3108000
SPS: 1197
Epoch: 261, global_step=3120000
SPS: 1198
Epoch: 262, global_step=3132000
SPS: 1199
Epoch: 263, global_step=3144000
SPS: 1199
Epoch: 264, global_step=3156000
SPS: 1200
Epoch: 265, global_step=3168000
SPS: 1201
Epoch: 266, global_step=3180000
SPS: 1202
Epoch: 267, global_step=3192000
SPS: 1203
Epoch: 268, global_step=3204000
SPS: 1203
Epoch: 269, global_step=3216000
SPS: 1204
Epoch: 270, global_step=3228000
SPS: 1205
Epoch: 271, global_step=3240000
SPS: 1206
Epoch: 272, global_step=3252000
SPS: 1206
Epoch: 273, global_step=3264000
SPS: 1207
Epoch: 274, global_step=3276000
SPS: 1208
Epoch: 275, global_step=3288000
SPS: 1209
Epoch: 276, global_step=3300000
SPS: 1209
Epoch: 277, global_step=3312000
SPS: 1210
Epoch: 278, global_step=3324000
SPS: 1211
Epoch: 279, global_step=3336000
SPS: 1212
Epoch: 280, global_step=3348000
SPS: 1212
Epoch: 281, global_step=3360000
SPS: 1213
Epoch: 282, global_step=3372000
SPS: 1214
Epoch: 283, global_step=3384000
SPS: 1215
Epoch: 284, global_step=3396000
SPS: 1215
Epoch: 285, global_step=3408000
SPS: 1216
Epoch: 286, global_step=3420000
SPS: 1217
Epoch: 287, global_step=3432000
SPS: 1217
Epoch: 288, global_step=3444000
SPS: 1218
Epoch: 289, global_step=3456000
Evaluating
Evaluated 11520 steps resulting in 192 episodes
[32mEvaluation Metric: success_once[0m | [36mMean: 0.2917[0m
[32mEvaluation Metric: return[0m | [36mMean: 9.6132[0m
[32mEvaluation Metric: episode_len[0m | [36mMean: 60.0000[0m
[32mEvaluation Metric: reward[0m | [36mMean: 0.1602[0m
[32mEvaluation Metric: success_at_end[0m | [36mMean: 0.1562[0m
model saved to checkpoints/ppo_memtasks/rgb_joints_belief/normalized_dense/RememberColor9-v0/ppo-baseline-last5-newhyper-33__33__rgb_joints_belief__20260127_045539/20260127_045539/ckpt_6_289.pt
SPS: 1187
Epoch: 290, global_step=3468000
SPS: 1188
Epoch: 291, global_step=3480000
SPS: 1188
Epoch: 292, global_step=3492000
SPS: 1189
Epoch: 293, global_step=3504000
SPS: 1190
Epoch: 294, global_step=3516000
SPS: 1190
Epoch: 295, global_step=3528000
SPS: 1191
Epoch: 296, global_step=3540000
SPS: 1192
Epoch: 297, global_step=3552000
SPS: 1192
Epoch: 298, global_step=3564000
SPS: 1193
Epoch: 299, global_step=3576000
SPS: 1194
Epoch: 300, global_step=3588000
SPS: 1194
Epoch: 301, global_step=3600000
SPS: 1195
Epoch: 302, global_step=3612000
SPS: 1195
Epoch: 303, global_step=3624000
SPS: 1196
Epoch: 304, global_step=3636000
SPS: 1197
Epoch: 305, global_step=3648000
SPS: 1197
Epoch: 306, global_step=3660000
SPS: 1198
Epoch: 307, global_step=3672000
SPS: 1199
Epoch: 308, global_step=3684000
SPS: 1199
Epoch: 309, global_step=3696000
SPS: 1200
Epoch: 310, global_step=3708000
SPS: 1201
Epoch: 311, global_step=3720000
SPS: 1201
Epoch: 312, global_step=3732000
SPS: 1202
Epoch: 313, global_step=3744000
SPS: 1203
Epoch: 314, global_step=3756000
SPS: 1203
Epoch: 315, global_step=3768000
SPS: 1204
Epoch: 316, global_step=3780000
SPS: 1204
Epoch: 317, global_step=3792000
SPS: 1205
Epoch: 318, global_step=3804000
SPS: 1206
Epoch: 319, global_step=3816000
SPS: 1206
Epoch: 320, global_step=3828000
SPS: 1207
Epoch: 321, global_step=3840000
SPS: 1207
Epoch: 322, global_step=3852000
SPS: 1208
Epoch: 323, global_step=3864000
SPS: 1209
Epoch: 324, global_step=3876000
SPS: 1209
Epoch: 325, global_step=3888000
SPS: 1210
Epoch: 326, global_step=3900000
SPS: 1210
Epoch: 327, global_step=3912000
SPS: 1211
Epoch: 328, global_step=3924000
SPS: 1212
Epoch: 329, global_step=3936000
SPS: 1212
Epoch: 330, global_step=3948000
SPS: 1213
Epoch: 331, global_step=3960000
SPS: 1213
Epoch: 332, global_step=3972000
SPS: 1214
Epoch: 333, global_step=3984000
SPS: 1214
Epoch: 334, global_step=3996000
SPS: 1215
Epoch: 335, global_step=4008000
SPS: 1216
Epoch: 336, global_step=4020000
SPS: 1216
Epoch: 337, global_step=4032000
Evaluating
Evaluated 11520 steps resulting in 192 episodes
[32mEvaluation Metric: success_once[0m | [36mMean: 0.2812[0m
[32mEvaluation Metric: return[0m | [36mMean: 10.3844[0m
[32mEvaluation Metric: episode_len[0m | [36mMean: 60.0000[0m
[32mEvaluation Metric: reward[0m | [36mMean: 0.1731[0m
[32mEvaluation Metric: success_at_end[0m | [36mMean: 0.1250[0m
model saved to checkpoints/ppo_memtasks/rgb_joints_belief/normalized_dense/RememberColor9-v0/ppo-baseline-last5-newhyper-33__33__rgb_joints_belief__20260127_045539/20260127_045539/ckpt_7_337.pt
SPS: 1189
Epoch: 338, global_step=4044000
SPS: 1190
Epoch: 339, global_step=4056000
SPS: 1190
Epoch: 340, global_step=4068000
SPS: 1191
Epoch: 341, global_step=4080000
SPS: 1192
Epoch: 342, global_step=4092000
SPS: 1192
Epoch: 343, global_step=4104000
SPS: 1193
Epoch: 344, global_step=4116000
SPS: 1193
Epoch: 345, global_step=4128000
SPS: 1194
Epoch: 346, global_step=4140000
SPS: 1195
Epoch: 347, global_step=4152000
SPS: 1195
Epoch: 348, global_step=4164000
SPS: 1196
Epoch: 349, global_step=4176000
SPS: 1196
Epoch: 350, global_step=4188000
SPS: 1197
Epoch: 351, global_step=4200000
SPS: 1197
Epoch: 352, global_step=4212000
SPS: 1198
Epoch: 353, global_step=4224000
SPS: 1198
Epoch: 354, global_step=4236000
SPS: 1199
Epoch: 355, global_step=4248000
SPS: 1199
Epoch: 356, global_step=4260000
SPS: 1200
Epoch: 357, global_step=4272000
SPS: 1201
Epoch: 358, global_step=4284000
SPS: 1201
Epoch: 359, global_step=4296000
SPS: 1202
Epoch: 360, global_step=4308000
SPS: 1202
Epoch: 361, global_step=4320000
SPS: 1203
Epoch: 362, global_step=4332000
SPS: 1203
Epoch: 363, global_step=4344000
SPS: 1204
Epoch: 364, global_step=4356000
SPS: 1205
Epoch: 365, global_step=4368000
SPS: 1205
Epoch: 366, global_step=4380000
SPS: 1206
Epoch: 367, global_step=4392000
SPS: 1206
Epoch: 368, global_step=4404000
SPS: 1207
Epoch: 369, global_step=4416000
SPS: 1207
Epoch: 370, global_step=4428000
SPS: 1208
Epoch: 371, global_step=4440000
SPS: 1208
Epoch: 372, global_step=4452000
SPS: 1209
Epoch: 373, global_step=4464000
SPS: 1209
Epoch: 374, global_step=4476000
SPS: 1210
Epoch: 375, global_step=4488000
SPS: 1210
Epoch: 376, global_step=4500000
SPS: 1211
Epoch: 377, global_step=4512000
SPS: 1211
Epoch: 378, global_step=4524000
SPS: 1212
Epoch: 379, global_step=4536000
SPS: 1213
Epoch: 380, global_step=4548000
SPS: 1213
Epoch: 381, global_step=4560000
SPS: 1214
Epoch: 382, global_step=4572000
SPS: 1214
Epoch: 383, global_step=4584000
SPS: 1215
Epoch: 384, global_step=4596000
SPS: 1215
Epoch: 385, global_step=4608000
Evaluating
Evaluated 11520 steps resulting in 192 episodes
[32mEvaluation Metric: success_once[0m | [36mMean: 0.1823[0m
[32mEvaluation Metric: return[0m | [36mMean: 6.7466[0m
[32mEvaluation Metric: episode_len[0m | [36mMean: 60.0000[0m
[32mEvaluation Metric: reward[0m | [36mMean: 0.1124[0m
[32mEvaluation Metric: success_at_end[0m | [36mMean: 0.0573[0m
model saved to checkpoints/ppo_memtasks/rgb_joints_belief/normalized_dense/RememberColor9-v0/ppo-baseline-last5-newhyper-33__33__rgb_joints_belief__20260127_045539/20260127_045539/ckpt_8_385.pt
SPS: 1192
Epoch: 386, global_step=4620000
SPS: 1192
Epoch: 387, global_step=4632000
SPS: 1193
Epoch: 388, global_step=4644000
SPS: 1193
Epoch: 389, global_step=4656000
SPS: 1194
Epoch: 390, global_step=4668000
SPS: 1195
Epoch: 391, global_step=4680000
SPS: 1195
Epoch: 392, global_step=4692000
SPS: 1196
Epoch: 393, global_step=4704000
SPS: 1196
Epoch: 394, global_step=4716000
SPS: 1196
Epoch: 395, global_step=4728000
SPS: 1197
Epoch: 396, global_step=4740000
SPS: 1197
Epoch: 397, global_step=4752000
SPS: 1198
Epoch: 398, global_step=4764000
SPS: 1198
Epoch: 399, global_step=4776000
SPS: 1199
Epoch: 400, global_step=4788000
SPS: 1199
Epoch: 401, global_step=4800000
SPS: 1200
Epoch: 402, global_step=4812000
SPS: 1200
Epoch: 403, global_step=4824000
SPS: 1201
Epoch: 404, global_step=4836000
SPS: 1201
Epoch: 405, global_step=4848000
SPS: 1202
Epoch: 406, global_step=4860000
SPS: 1202
Epoch: 407, global_step=4872000
SPS: 1203
Epoch: 408, global_step=4884000
SPS: 1203
Epoch: 409, global_step=4896000
SPS: 1204
Epoch: 410, global_step=4908000
SPS: 1204
Epoch: 411, global_step=4920000
SPS: 1205
Epoch: 412, global_step=4932000
SPS: 1205
Epoch: 413, global_step=4944000
SPS: 1206
Epoch: 414, global_step=4956000
SPS: 1206
Epoch: 415, global_step=4968000
SPS: 1206
Epoch: 416, global_step=4980000
SPS: 1207
Epoch: 417, global_step=4992000
SPS: 1207
Epoch: 418, global_step=5004000
SPS: 1208
Epoch: 419, global_step=5016000
SPS: 1208
Epoch: 420, global_step=5028000
SPS: 1209
Epoch: 421, global_step=5040000
SPS: 1209
Epoch: 422, global_step=5052000
SPS: 1210
Epoch: 423, global_step=5064000
SPS: 1210
Epoch: 424, global_step=5076000
SPS: 1211
Epoch: 425, global_step=5088000
SPS: 1211
Epoch: 426, global_step=5100000
SPS: 1211
Epoch: 427, global_step=5112000
SPS: 1212
Epoch: 428, global_step=5124000
SPS: 1212
Epoch: 429, global_step=5136000
SPS: 1213
Epoch: 430, global_step=5148000
SPS: 1213
Epoch: 431, global_step=5160000
SPS: 1214
Epoch: 432, global_step=5172000
SPS: 1214
Epoch: 433, global_step=5184000
Evaluating
Evaluated 11520 steps resulting in 192 episodes
[32mEvaluation Metric: success_once[0m | [36mMean: 0.3073[0m
[32mEvaluation Metric: return[0m | [36mMean: 10.6816[0m
[32mEvaluation Metric: episode_len[0m | [36mMean: 60.0000[0m
[32mEvaluation Metric: reward[0m | [36mMean: 0.1780[0m
[32mEvaluation Metric: success_at_end[0m | [36mMean: 0.1979[0m
model saved to checkpoints/ppo_memtasks/rgb_joints_belief/normalized_dense/RememberColor9-v0/ppo-baseline-last5-newhyper-33__33__rgb_joints_belief__20260127_045539/20260127_045539/ckpt_9_433.pt
SPS: 1194
Epoch: 434, global_step=5196000
SPS: 1194
Epoch: 435, global_step=5208000
SPS: 1194
Epoch: 436, global_step=5220000
SPS: 1195
Epoch: 437, global_step=5232000
SPS: 1195
Epoch: 438, global_step=5244000
SPS: 1196
Epoch: 439, global_step=5256000
SPS: 1196
Epoch: 440, global_step=5268000
SPS: 1197
Epoch: 441, global_step=5280000
SPS: 1197
Epoch: 442, global_step=5292000
SPS: 1198
Epoch: 443, global_step=5304000
SPS: 1198
Epoch: 444, global_step=5316000
SPS: 1198
Epoch: 445, global_step=5328000
SPS: 1199
Epoch: 446, global_step=5340000
SPS: 1199
Epoch: 447, global_step=5352000
SPS: 1200
Epoch: 448, global_step=5364000
SPS: 1200
Epoch: 449, global_step=5376000
SPS: 1201
Epoch: 450, global_step=5388000
SPS: 1201
Epoch: 451, global_step=5400000
SPS: 1201
Epoch: 452, global_step=5412000
SPS: 1202
Epoch: 453, global_step=5424000
SPS: 1202
Epoch: 454, global_step=5436000
SPS: 1203
Epoch: 455, global_step=5448000
SPS: 1203
Epoch: 456, global_step=5460000
SPS: 1204
Epoch: 457, global_step=5472000
SPS: 1204
Epoch: 458, global_step=5484000
SPS: 1204
Epoch: 459, global_step=5496000
SPS: 1205
Epoch: 460, global_step=5508000
SPS: 1205
Epoch: 461, global_step=5520000
SPS: 1206
Epoch: 462, global_step=5532000
SPS: 1206
Epoch: 463, global_step=5544000
SPS: 1207
Epoch: 464, global_step=5556000
SPS: 1207
Epoch: 465, global_step=5568000
SPS: 1207
Epoch: 466, global_step=5580000
SPS: 1208
Epoch: 467, global_step=5592000
SPS: 1208
Epoch: 468, global_step=5604000
SPS: 1209
Epoch: 469, global_step=5616000
SPS: 1209
Epoch: 470, global_step=5628000
SPS: 1209
Epoch: 471, global_step=5640000
SPS: 1210
Epoch: 472, global_step=5652000
SPS: 1210
Epoch: 473, global_step=5664000
SPS: 1211
Epoch: 474, global_step=5676000
SPS: 1211
Epoch: 475, global_step=5688000
SPS: 1211
Epoch: 476, global_step=5700000
SPS: 1212
Epoch: 477, global_step=5712000
SPS: 1212
Epoch: 478, global_step=5724000
SPS: 1213
Epoch: 479, global_step=5736000
SPS: 1213
Epoch: 480, global_step=5748000
SPS: 1213
Epoch: 481, global_step=5760000
Evaluating
Evaluated 11520 steps resulting in 192 episodes
[32mEvaluation Metric: success_once[0m | [36mMean: 0.2188[0m
[32mEvaluation Metric: return[0m | [36mMean: 7.3959[0m
[32mEvaluation Metric: episode_len[0m | [36mMean: 60.0000[0m
[32mEvaluation Metric: reward[0m | [36mMean: 0.1233[0m
[32mEvaluation Metric: success_at_end[0m | [36mMean: 0.0990[0m
model saved to checkpoints/ppo_memtasks/rgb_joints_belief/normalized_dense/RememberColor9-v0/ppo-baseline-last5-newhyper-33__33__rgb_joints_belief__20260127_045539/20260127_045539/ckpt_10_481.pt
SPS: 1195
Epoch: 482, global_step=5772000
SPS: 1195
Epoch: 483, global_step=5784000
SPS: 1196
Epoch: 484, global_step=5796000
SPS: 1196
Epoch: 485, global_step=5808000
SPS: 1197
Epoch: 486, global_step=5820000
SPS: 1197
Epoch: 487, global_step=5832000
SPS: 1197
Epoch: 488, global_step=5844000
SPS: 1198
Epoch: 489, global_step=5856000
SPS: 1198
Epoch: 490, global_step=5868000
SPS: 1199
Epoch: 491, global_step=5880000
SPS: 1199
Epoch: 492, global_step=5892000
SPS: 1199
Epoch: 493, global_step=5904000
SPS: 1200
Epoch: 494, global_step=5916000
SPS: 1200
Epoch: 495, global_step=5928000
SPS: 1200
Epoch: 496, global_step=5940000
SPS: 1201
Epoch: 497, global_step=5952000
SPS: 1201
Epoch: 498, global_step=5964000
SPS: 1202
Epoch: 499, global_step=5976000
SPS: 1202
Epoch: 500, global_step=5988000
SPS: 1202
Epoch: 501, global_step=6000000
SPS: 1203
Epoch: 502, global_step=6012000
SPS: 1203
Epoch: 503, global_step=6024000
SPS: 1204
Epoch: 504, global_step=6036000
SPS: 1204
Epoch: 505, global_step=6048000
SPS: 1204
Epoch: 506, global_step=6060000
SPS: 1205
Epoch: 507, global_step=6072000
SPS: 1205
Epoch: 508, global_step=6084000
SPS: 1205
Epoch: 509, global_step=6096000
SPS: 1206
Epoch: 510, global_step=6108000
SPS: 1206
Epoch: 511, global_step=6120000
SPS: 1207
Epoch: 512, global_step=6132000
SPS: 1207
Epoch: 513, global_step=6144000
SPS: 1207
Epoch: 514, global_step=6156000
SPS: 1208
Epoch: 515, global_step=6168000
SPS: 1208
Epoch: 516, global_step=6180000
SPS: 1208
Epoch: 517, global_step=6192000
SPS: 1209
Epoch: 518, global_step=6204000
SPS: 1209
Epoch: 519, global_step=6216000
SPS: 1210
Epoch: 520, global_step=6228000
SPS: 1210
Epoch: 521, global_step=6240000
SPS: 1210
Epoch: 522, global_step=6252000
SPS: 1211
Epoch: 523, global_step=6264000
SPS: 1211
Epoch: 524, global_step=6276000
SPS: 1211
Epoch: 525, global_step=6288000
SPS: 1212
Epoch: 526, global_step=6300000
SPS: 1212
Epoch: 527, global_step=6312000
SPS: 1212
Epoch: 528, global_step=6324000
SPS: 1213
Epoch: 529, global_step=6336000
Evaluating
Evaluated 11520 steps resulting in 192 episodes
[32mEvaluation Metric: success_once[0m | [36mMean: 0.0885[0m
[32mEvaluation Metric: return[0m | [36mMean: 5.6417[0m
[32mEvaluation Metric: episode_len[0m | [36mMean: 60.0000[0m
[32mEvaluation Metric: reward[0m | [36mMean: 0.0940[0m
[32mEvaluation Metric: success_at_end[0m | [36mMean: 0.0208[0m
model saved to checkpoints/ppo_memtasks/rgb_joints_belief/normalized_dense/RememberColor9-v0/ppo-baseline-last5-newhyper-33__33__rgb_joints_belief__20260127_045539/20260127_045539/ckpt_11_529.pt
SPS: 1196
Epoch: 530, global_step=6348000
SPS: 1196
Epoch: 531, global_step=6360000
SPS: 1196
Epoch: 532, global_step=6372000
SPS: 1197
Epoch: 533, global_step=6384000
SPS: 1197
Epoch: 534, global_step=6396000
SPS: 1198
Epoch: 535, global_step=6408000
SPS: 1198
Epoch: 536, global_step=6420000
SPS: 1198
Epoch: 537, global_step=6432000
SPS: 1199
Epoch: 538, global_step=6444000
SPS: 1199
Epoch: 539, global_step=6456000
SPS: 1199
Epoch: 540, global_step=6468000
SPS: 1200
Epoch: 541, global_step=6480000
SPS: 1200
Epoch: 542, global_step=6492000
SPS: 1200
Epoch: 543, global_step=6504000
SPS: 1201
Epoch: 544, global_step=6516000
SPS: 1201
Epoch: 545, global_step=6528000
SPS: 1201
Epoch: 546, global_step=6540000
SPS: 1202
Epoch: 547, global_step=6552000
SPS: 1202
Epoch: 548, global_step=6564000
SPS: 1202
Epoch: 549, global_step=6576000
SPS: 1203
Epoch: 550, global_step=6588000
SPS: 1203
Epoch: 551, global_step=6600000
SPS: 1203
Epoch: 552, global_step=6612000
SPS: 1204
Epoch: 553, global_step=6624000
SPS: 1204
Epoch: 554, global_step=6636000
SPS: 1205
Epoch: 555, global_step=6648000
SPS: 1205
Epoch: 556, global_step=6660000
SPS: 1205
Epoch: 557, global_step=6672000
SPS: 1206
Epoch: 558, global_step=6684000
SPS: 1206
Epoch: 559, global_step=6696000
SPS: 1206
Epoch: 560, global_step=6708000
SPS: 1207
Epoch: 561, global_step=6720000
SPS: 1207
Epoch: 562, global_step=6732000
SPS: 1207
Epoch: 563, global_step=6744000
SPS: 1208
Epoch: 564, global_step=6756000
SPS: 1208
Epoch: 565, global_step=6768000
SPS: 1208
Epoch: 566, global_step=6780000
SPS: 1209
Epoch: 567, global_step=6792000
SPS: 1209
Epoch: 568, global_step=6804000
SPS: 1209
Epoch: 569, global_step=6816000
SPS: 1210
Epoch: 570, global_step=6828000
SPS: 1210
Epoch: 571, global_step=6840000
SPS: 1210
Epoch: 572, global_step=6852000
SPS: 1211
Epoch: 573, global_step=6864000
SPS: 1211
Epoch: 574, global_step=6876000
SPS: 1211
Epoch: 575, global_step=6888000
SPS: 1212
Epoch: 576, global_step=6900000
SPS: 1212
Epoch: 577, global_step=6912000
Evaluating
Evaluated 11520 steps resulting in 192 episodes
[32mEvaluation Metric: success_once[0m | [36mMean: 0.1250[0m
[32mEvaluation Metric: return[0m | [36mMean: 5.9504[0m
[32mEvaluation Metric: episode_len[0m | [36mMean: 60.0000[0m
[32mEvaluation Metric: reward[0m | [36mMean: 0.0992[0m
[32mEvaluation Metric: success_at_end[0m | [36mMean: 0.0469[0m
model saved to checkpoints/ppo_memtasks/rgb_joints_belief/normalized_dense/RememberColor9-v0/ppo-baseline-last5-newhyper-33__33__rgb_joints_belief__20260127_045539/20260127_045539/ckpt_12_577.pt
SPS: 1197
Epoch: 578, global_step=6924000
SPS: 1197
Epoch: 579, global_step=6936000
SPS: 1197
Epoch: 580, global_step=6948000
SPS: 1198
Epoch: 581, global_step=6960000
SPS: 1198
Epoch: 582, global_step=6972000
SPS: 1198
Epoch: 583, global_step=6984000
SPS: 1199
Epoch: 584, global_step=6996000
SPS: 1199
Epoch: 585, global_step=7008000
SPS: 1199
Epoch: 586, global_step=7020000
SPS: 1200
Epoch: 587, global_step=7032000
SPS: 1200
Epoch: 588, global_step=7044000
SPS: 1200
Epoch: 589, global_step=7056000
SPS: 1201
Epoch: 590, global_step=7068000
SPS: 1201
Epoch: 591, global_step=7080000
SPS: 1201
Epoch: 592, global_step=7092000
SPS: 1201
Epoch: 593, global_step=7104000
SPS: 1202
Epoch: 594, global_step=7116000
SPS: 1202
Epoch: 595, global_step=7128000
SPS: 1202
Epoch: 596, global_step=7140000
SPS: 1203
Epoch: 597, global_step=7152000
SPS: 1203
Epoch: 598, global_step=7164000
SPS: 1203
Epoch: 599, global_step=7176000
SPS: 1204
Epoch: 600, global_step=7188000
SPS: 1204
Epoch: 601, global_step=7200000
SPS: 1204
Epoch: 602, global_step=7212000
SPS: 1205
Epoch: 603, global_step=7224000
SPS: 1205
Epoch: 604, global_step=7236000
SPS: 1205
Epoch: 605, global_step=7248000
SPS: 1206
Epoch: 606, global_step=7260000
SPS: 1206
Epoch: 607, global_step=7272000
SPS: 1206
Epoch: 608, global_step=7284000
SPS: 1207
Epoch: 609, global_step=7296000
SPS: 1207
Epoch: 610, global_step=7308000
SPS: 1207
Epoch: 611, global_step=7320000
SPS: 1208
Epoch: 612, global_step=7332000
SPS: 1208
Epoch: 613, global_step=7344000
SPS: 1208
Epoch: 614, global_step=7356000
SPS: 1209
Epoch: 615, global_step=7368000
SPS: 1209
Epoch: 616, global_step=7380000
SPS: 1209
Epoch: 617, global_step=7392000
SPS: 1209
Epoch: 618, global_step=7404000
SPS: 1210
Epoch: 619, global_step=7416000
SPS: 1210
Epoch: 620, global_step=7428000
SPS: 1210
Epoch: 621, global_step=7440000
SPS: 1211
Epoch: 622, global_step=7452000
SPS: 1211
Epoch: 623, global_step=7464000
SPS: 1211
Epoch: 624, global_step=7476000
SPS: 1212
Epoch: 625, global_step=7488000
Evaluating
Evaluated 11520 steps resulting in 192 episodes
[32mEvaluation Metric: success_once[0m | [36mMean: 0.2083[0m
[32mEvaluation Metric: return[0m | [36mMean: 7.9392[0m
[32mEvaluation Metric: episode_len[0m | [36mMean: 60.0000[0m
[32mEvaluation Metric: reward[0m | [36mMean: 0.1323[0m
[32mEvaluation Metric: success_at_end[0m | [36mMean: 0.0885[0m
model saved to checkpoints/ppo_memtasks/rgb_joints_belief/normalized_dense/RememberColor9-v0/ppo-baseline-last5-newhyper-33__33__rgb_joints_belief__20260127_045539/20260127_045539/ckpt_13_625.pt
SPS: 1197
Epoch: 626, global_step=7500000
SPS: 1197
Epoch: 627, global_step=7512000
SPS: 1198
Epoch: 628, global_step=7524000
SPS: 1198
Epoch: 629, global_step=7536000
SPS: 1198
Epoch: 630, global_step=7548000
SPS: 1199
Epoch: 631, global_step=7560000
SPS: 1199
Epoch: 632, global_step=7572000
SPS: 1199
Epoch: 633, global_step=7584000
SPS: 1200
Epoch: 634, global_step=7596000
SPS: 1200
Epoch: 635, global_step=7608000
SPS: 1200
Epoch: 636, global_step=7620000
SPS: 1201
Epoch: 637, global_step=7632000
SPS: 1201
Epoch: 638, global_step=7644000
SPS: 1201
Epoch: 639, global_step=7656000
SPS: 1201
Epoch: 640, global_step=7668000
SPS: 1202
Epoch: 641, global_step=7680000
SPS: 1202
Epoch: 642, global_step=7692000
SPS: 1202
Epoch: 643, global_step=7704000
SPS: 1203
Epoch: 644, global_step=7716000
SPS: 1203
Epoch: 645, global_step=7728000
SPS: 1203
Epoch: 646, global_step=7740000
SPS: 1204
Epoch: 647, global_step=7752000
SPS: 1204
Epoch: 648, global_step=7764000
SPS: 1204
Epoch: 649, global_step=7776000
SPS: 1204
Epoch: 650, global_step=7788000
SPS: 1205
Epoch: 651, global_step=7800000
SPS: 1205
Epoch: 652, global_step=7812000
SPS: 1205
Epoch: 653, global_step=7824000
SPS: 1206
Epoch: 654, global_step=7836000
SPS: 1206
Epoch: 655, global_step=7848000
SPS: 1206
Epoch: 656, global_step=7860000
SPS: 1207
Epoch: 657, global_step=7872000
SPS: 1207
Epoch: 658, global_step=7884000
SPS: 1207
Epoch: 659, global_step=7896000
SPS: 1208
Epoch: 660, global_step=7908000
SPS: 1208
Epoch: 661, global_step=7920000
SPS: 1208
Epoch: 662, global_step=7932000
SPS: 1208
Epoch: 663, global_step=7944000
SPS: 1209
Epoch: 664, global_step=7956000
SPS: 1209
Epoch: 665, global_step=7968000
SPS: 1209
Epoch: 666, global_step=7980000
SPS: 1210
Epoch: 667, global_step=7992000
SPS: 1210
Epoch: 668, global_step=8004000
SPS: 1210
Epoch: 669, global_step=8016000
SPS: 1211
Epoch: 670, global_step=8028000
SPS: 1211
Epoch: 671, global_step=8040000
SPS: 1211
Epoch: 672, global_step=8052000
SPS: 1211
Epoch: 673, global_step=8064000
Evaluating
Evaluated 11520 steps resulting in 192 episodes
[32mEvaluation Metric: success_once[0m | [36mMean: 0.2865[0m
[32mEvaluation Metric: return[0m | [36mMean: 9.1354[0m
[32mEvaluation Metric: episode_len[0m | [36mMean: 60.0000[0m
[32mEvaluation Metric: reward[0m | [36mMean: 0.1523[0m
[32mEvaluation Metric: success_at_end[0m | [36mMean: 0.1354[0m
model saved to checkpoints/ppo_memtasks/rgb_joints_belief/normalized_dense/RememberColor9-v0/ppo-baseline-last5-newhyper-33__33__rgb_joints_belief__20260127_045539/20260127_045539/ckpt_14_673.pt
SPS: 1198
Epoch: 674, global_step=8076000
SPS: 1198
Epoch: 675, global_step=8088000
SPS: 1198
Epoch: 676, global_step=8100000
SPS: 1199
Epoch: 677, global_step=8112000
SPS: 1199
Epoch: 678, global_step=8124000
SPS: 1199
Epoch: 679, global_step=8136000
SPS: 1200
Epoch: 680, global_step=8148000
SPS: 1200
Epoch: 681, global_step=8160000
SPS: 1200
Epoch: 682, global_step=8172000
SPS: 1200
Epoch: 683, global_step=8184000
SPS: 1201
Epoch: 684, global_step=8196000
SPS: 1201
Epoch: 685, global_step=8208000
SPS: 1201
Epoch: 686, global_step=8220000
SPS: 1202
Epoch: 687, global_step=8232000
SPS: 1202
Epoch: 688, global_step=8244000
SPS: 1202
Epoch: 689, global_step=8256000
SPS: 1202
Epoch: 690, global_step=8268000
SPS: 1203
Epoch: 691, global_step=8280000
SPS: 1203
Epoch: 692, global_step=8292000
SPS: 1203
Epoch: 693, global_step=8304000
SPS: 1204
Epoch: 694, global_step=8316000
SPS: 1204
Epoch: 695, global_step=8328000
SPS: 1204
Epoch: 696, global_step=8340000
SPS: 1204
Epoch: 697, global_step=8352000
SPS: 1205
Epoch: 698, global_step=8364000
SPS: 1205
Epoch: 699, global_step=8376000
SPS: 1205
Epoch: 700, global_step=8388000
SPS: 1206
Epoch: 701, global_step=8400000
SPS: 1206
Epoch: 702, global_step=8412000
SPS: 1206
Epoch: 703, global_step=8424000
SPS: 1206
Epoch: 704, global_step=8436000
SPS: 1207
Epoch: 705, global_step=8448000
SPS: 1207
Epoch: 706, global_step=8460000
SPS: 1207
Epoch: 707, global_step=8472000
SPS: 1208
Epoch: 708, global_step=8484000
SPS: 1208
Epoch: 709, global_step=8496000
SPS: 1208
Epoch: 710, global_step=8508000
SPS: 1208
Epoch: 711, global_step=8520000
SPS: 1209
Epoch: 712, global_step=8532000
SPS: 1209
Epoch: 713, global_step=8544000
SPS: 1209
Epoch: 714, global_step=8556000
SPS: 1209
Epoch: 715, global_step=8568000
SPS: 1210
Epoch: 716, global_step=8580000
SPS: 1210
Epoch: 717, global_step=8592000
SPS: 1210
Epoch: 718, global_step=8604000
SPS: 1211
Epoch: 719, global_step=8616000
SPS: 1211
Epoch: 720, global_step=8628000
SPS: 1211
Epoch: 721, global_step=8640000
Evaluating
Evaluated 11520 steps resulting in 192 episodes
[32mEvaluation Metric: success_once[0m | [36mMean: 0.3594[0m
[32mEvaluation Metric: return[0m | [36mMean: 9.2830[0m
[32mEvaluation Metric: episode_len[0m | [36mMean: 60.0000[0m
[32mEvaluation Metric: reward[0m | [36mMean: 0.1547[0m
[32mEvaluation Metric: success_at_end[0m | [36mMean: 0.1250[0m
model saved to checkpoints/ppo_memtasks/rgb_joints_belief/normalized_dense/RememberColor9-v0/ppo-baseline-last5-newhyper-33__33__rgb_joints_belief__20260127_045539/20260127_045539/ckpt_15_721.pt
SPS: 1199
Epoch: 722, global_step=8652000
SPS: 1199
Epoch: 723, global_step=8664000
SPS: 1199
Epoch: 724, global_step=8676000
SPS: 1199
Epoch: 725, global_step=8688000
SPS: 1200
Epoch: 726, global_step=8700000
SPS: 1200
Epoch: 727, global_step=8712000
SPS: 1200
Epoch: 728, global_step=8724000
SPS: 1200
Epoch: 729, global_step=8736000
SPS: 1201
Epoch: 730, global_step=8748000
SPS: 1201
Epoch: 731, global_step=8760000
SPS: 1201
Epoch: 732, global_step=8772000
SPS: 1202
Epoch: 733, global_step=8784000
SPS: 1202
Epoch: 734, global_step=8796000
SPS: 1202
Epoch: 735, global_step=8808000
SPS: 1202
Epoch: 736, global_step=8820000
SPS: 1203
Epoch: 737, global_step=8832000
SPS: 1203
Epoch: 738, global_step=8844000
SPS: 1203
Epoch: 739, global_step=8856000
SPS: 1203
Epoch: 740, global_step=8868000
SPS: 1204
Epoch: 741, global_step=8880000
SPS: 1204
Epoch: 742, global_step=8892000
SPS: 1204
Epoch: 743, global_step=8904000
SPS: 1204
Epoch: 744, global_step=8916000
SPS: 1205
Epoch: 745, global_step=8928000
SPS: 1205
Epoch: 746, global_step=8940000
SPS: 1205
Epoch: 747, global_step=8952000
SPS: 1205
Epoch: 748, global_step=8964000
SPS: 1206
Epoch: 749, global_step=8976000
SPS: 1206
Epoch: 750, global_step=8988000
SPS: 1206
Epoch: 751, global_step=9000000
SPS: 1206
Epoch: 752, global_step=9012000
SPS: 1207
Epoch: 753, global_step=9024000
SPS: 1207
Epoch: 754, global_step=9036000
SPS: 1207
Epoch: 755, global_step=9048000
SPS: 1208
Epoch: 756, global_step=9060000
SPS: 1208
Epoch: 757, global_step=9072000
SPS: 1208
Epoch: 758, global_step=9084000
SPS: 1208
Epoch: 759, global_step=9096000
SPS: 1209
Epoch: 760, global_step=9108000
SPS: 1209
Epoch: 761, global_step=9120000
SPS: 1209
Epoch: 762, global_step=9132000
SPS: 1209
Epoch: 763, global_step=9144000
SPS: 1210
Epoch: 764, global_step=9156000
SPS: 1210
Epoch: 765, global_step=9168000
SPS: 1210
Epoch: 766, global_step=9180000
SPS: 1210
Epoch: 767, global_step=9192000
SPS: 1211
Epoch: 768, global_step=9204000
SPS: 1211
Epoch: 769, global_step=9216000
Evaluating
Evaluated 11520 steps resulting in 192 episodes
[32mEvaluation Metric: success_once[0m | [36mMean: 0.4219[0m
[32mEvaluation Metric: return[0m | [36mMean: 13.0261[0m
[32mEvaluation Metric: episode_len[0m | [36mMean: 60.0000[0m
[32mEvaluation Metric: reward[0m | [36mMean: 0.2171[0m
[32mEvaluation Metric: success_at_end[0m | [36mMean: 0.2396[0m
model saved to checkpoints/ppo_memtasks/rgb_joints_belief/normalized_dense/RememberColor9-v0/ppo-baseline-last5-newhyper-33__33__rgb_joints_belief__20260127_045539/20260127_045539/ckpt_16_769.pt
SPS: 1199
Epoch: 770, global_step=9228000
SPS: 1199
Epoch: 771, global_step=9240000
SPS: 1199
Epoch: 772, global_step=9252000
SPS: 1200
Epoch: 773, global_step=9264000
SPS: 1200
Epoch: 774, global_step=9276000
SPS: 1200
Epoch: 775, global_step=9288000
SPS: 1201
Epoch: 776, global_step=9300000
SPS: 1201
Epoch: 777, global_step=9312000
SPS: 1201
Epoch: 778, global_step=9324000
SPS: 1201
Epoch: 779, global_step=9336000
SPS: 1202
Epoch: 780, global_step=9348000
SPS: 1202
Epoch: 781, global_step=9360000
SPS: 1202
Epoch: 782, global_step=9372000
SPS: 1202
Epoch: 783, global_step=9384000
SPS: 1202
Epoch: 784, global_step=9396000
SPS: 1203
Epoch: 785, global_step=9408000
SPS: 1203
Epoch: 786, global_step=9420000
SPS: 1203
Epoch: 787, global_step=9432000
SPS: 1203
Epoch: 788, global_step=9444000
SPS: 1204
Epoch: 789, global_step=9456000
SPS: 1204
Epoch: 790, global_step=9468000
SPS: 1204
Epoch: 791, global_step=9480000
SPS: 1204
Epoch: 792, global_step=9492000
SPS: 1205
Epoch: 793, global_step=9504000
SPS: 1205
Epoch: 794, global_step=9516000
SPS: 1205
Epoch: 795, global_step=9528000
SPS: 1205
Epoch: 796, global_step=9540000
SPS: 1206
Epoch: 797, global_step=9552000
SPS: 1206
Epoch: 798, global_step=9564000
SPS: 1206
Epoch: 799, global_step=9576000
SPS: 1206
Epoch: 800, global_step=9588000
SPS: 1207
Epoch: 801, global_step=9600000
SPS: 1207
Epoch: 802, global_step=9612000
SPS: 1207
Epoch: 803, global_step=9624000
SPS: 1207
Epoch: 804, global_step=9636000
SPS: 1208
Epoch: 805, global_step=9648000
SPS: 1208
Epoch: 806, global_step=9660000
SPS: 1208
Epoch: 807, global_step=9672000
SPS: 1208
Epoch: 808, global_step=9684000
SPS: 1208
Epoch: 809, global_step=9696000
SPS: 1209
Epoch: 810, global_step=9708000
SPS: 1209
Epoch: 811, global_step=9720000
SPS: 1209
Epoch: 812, global_step=9732000
SPS: 1209
Epoch: 813, global_step=9744000
SPS: 1210
Epoch: 814, global_step=9756000
SPS: 1210
Epoch: 815, global_step=9768000
SPS: 1210
Epoch: 816, global_step=9780000
SPS: 1210
Epoch: 817, global_step=9792000
Evaluating
Evaluated 11520 steps resulting in 192 episodes
[32mEvaluation Metric: success_once[0m | [36mMean: 0.4115[0m
[32mEvaluation Metric: return[0m | [36mMean: 13.2920[0m
[32mEvaluation Metric: episode_len[0m | [36mMean: 60.0000[0m
[32mEvaluation Metric: reward[0m | [36mMean: 0.2215[0m
[32mEvaluation Metric: success_at_end[0m | [36mMean: 0.2552[0m
model saved to checkpoints/ppo_memtasks/rgb_joints_belief/normalized_dense/RememberColor9-v0/ppo-baseline-last5-newhyper-33__33__rgb_joints_belief__20260127_045539/20260127_045539/ckpt_17_817.pt
SPS: 1199
Epoch: 818, global_step=9804000
SPS: 1200
Epoch: 819, global_step=9816000
SPS: 1200
Epoch: 820, global_step=9828000
SPS: 1200
Epoch: 821, global_step=9840000
SPS: 1200
Epoch: 822, global_step=9852000
SPS: 1201
Epoch: 823, global_step=9864000
SPS: 1201
Epoch: 824, global_step=9876000
SPS: 1201
Epoch: 825, global_step=9888000
SPS: 1201
Epoch: 826, global_step=9900000
SPS: 1202
Epoch: 827, global_step=9912000
SPS: 1202
Epoch: 828, global_step=9924000
SPS: 1202
Epoch: 829, global_step=9936000
SPS: 1202
Epoch: 830, global_step=9948000
SPS: 1202
Epoch: 831, global_step=9960000
SPS: 1203
Epoch: 832, global_step=9972000
SPS: 1203
Epoch: 833, global_step=9984000
SPS: 1203
Epoch: 834, global_step=9996000
SPS: 1203
Epoch: 835, global_step=10008000
SPS: 1204
Epoch: 836, global_step=10020000
SPS: 1204
Epoch: 837, global_step=10032000
SPS: 1204
Epoch: 838, global_step=10044000
SPS: 1204
Epoch: 839, global_step=10056000
SPS: 1204
Epoch: 840, global_step=10068000
SPS: 1205
Epoch: 841, global_step=10080000
SPS: 1205
Epoch: 842, global_step=10092000
SPS: 1205
Epoch: 843, global_step=10104000
SPS: 1205
Epoch: 844, global_step=10116000
SPS: 1206
Epoch: 845, global_step=10128000
SPS: 1206
Epoch: 846, global_step=10140000
SPS: 1206
Epoch: 847, global_step=10152000
SPS: 1206
Epoch: 848, global_step=10164000
SPS: 1206
Epoch: 849, global_step=10176000
SPS: 1207
Epoch: 850, global_step=10188000
SPS: 1207
Epoch: 851, global_step=10200000
SPS: 1207
Epoch: 852, global_step=10212000
SPS: 1207
Epoch: 853, global_step=10224000
SPS: 1208
Epoch: 854, global_step=10236000
SPS: 1208
Epoch: 855, global_step=10248000
SPS: 1208
Epoch: 856, global_step=10260000
SPS: 1208
Epoch: 857, global_step=10272000
SPS: 1208
Epoch: 858, global_step=10284000
SPS: 1209
Epoch: 859, global_step=10296000
SPS: 1209
Epoch: 860, global_step=10308000
SPS: 1209
Epoch: 861, global_step=10320000
SPS: 1209
Epoch: 862, global_step=10332000
SPS: 1210
Epoch: 863, global_step=10344000
SPS: 1210
Epoch: 864, global_step=10356000
SPS: 1210
Epoch: 865, global_step=10368000
Evaluating
Evaluated 11520 steps resulting in 192 episodes
[32mEvaluation Metric: success_once[0m | [36mMean: 0.3229[0m
[32mEvaluation Metric: return[0m | [36mMean: 11.4619[0m
[32mEvaluation Metric: episode_len[0m | [36mMean: 60.0000[0m
[32mEvaluation Metric: reward[0m | [36mMean: 0.1910[0m
[32mEvaluation Metric: success_at_end[0m | [36mMean: 0.1875[0m
model saved to checkpoints/ppo_memtasks/rgb_joints_belief/normalized_dense/RememberColor9-v0/ppo-baseline-last5-newhyper-33__33__rgb_joints_belief__20260127_045539/20260127_045539/ckpt_18_865.pt
SPS: 1200
model saved to checkpoints/ppo_memtasks/rgb_joints_belief/normalized_dense/RememberColor9-v0/ppo-baseline-last5-newhyper-33__33__rgb_joints_belief__20260127_045539/20260127_045539/final_ckpt.pt
Running RememberColor9-v0 with belief, seed 42

===========================================================================
║                        Environment Configuration                        ║
===========================================================================
║ Environment ID: RememberColor9-v0                                       ║
║ Oracle Info:    None                                                    ║
║ Wrappers:                                                               ║
║    ├─ InitialZeroActionWrapper                                         ║
║    │  └─ {'n_initial_steps': 0}                                           ║
║    ├─ RememberColorInfoWrapper                                         ║
║    ├─ RenderStepInfoWrapper                                            ║
║    ├─ RenderRewardInfoWrapper                                          ║
║    ├─ DebugRewardWrapper                                               ║
║-------------------------------------------------------------------------║
║ include_state:       False │ state will not be used                ║
║ include_rgb:         True  │ rgb images will be used               ║
║ include_oracle:      False │ oracle info will not be used          ║
║ include_joints:      True  │ joints will be used                   ║
===========================================================================

MODE='rgb_joints_belief'
prompt_info=None
Saving eval videos to checkpoints/ppo_memtasks/rgb_joints_belief/normalized_dense/RememberColor9-v0/ppo-baseline-last5-newhyper-42__42__rgb_joints_belief__20260127_072000/20260127_072000/videos
======================================================================
Max Episode Steps: 60
======================================================================

Loading belief model from /local/s4176650/sphinx/storage/RememberColor9-v0_vae_mikasa_last5/final_vae_model.pt
  phi_dim=16, latent_dim=32
Belief model loaded successfully. Memory size: 768
Running training

####
args.num_iterations=865 args.num_envs=200 args.num_eval_envs=16
args.minibatch_size=375 args.batch_size=12000 args.update_epochs=2
####

sample_obs.keys()=dict_keys(['joints', 'rgb'])
joints: torch.Size([200, 25])
rgb: torch.Size([200, 128, 128, 3])


Epoch: 1, global_step=0
Evaluating
Evaluated 11520 steps resulting in 192 episodes
[32mEvaluation Metric: success_once[0m | [36mMean: 0.0000[0m
[32mEvaluation Metric: return[0m | [36mMean: 9.8627[0m
[32mEvaluation Metric: episode_len[0m | [36mMean: 60.0000[0m
[32mEvaluation Metric: reward[0m | [36mMean: 0.1644[0m
[32mEvaluation Metric: success_at_end[0m | [36mMean: 0.0000[0m
model saved to checkpoints/ppo_memtasks/rgb_joints_belief/normalized_dense/RememberColor9-v0/ppo-baseline-last5-newhyper-42__42__rgb_joints_belief__20260127_072000/20260127_072000/ckpt_0_1.pt
SPS: 159
Epoch: 2, global_step=12000
SPS: 290
Epoch: 3, global_step=24000
SPS: 397
Epoch: 4, global_step=36000
SPS: 487
Epoch: 5, global_step=48000
SPS: 565
Epoch: 6, global_step=60000
SPS: 630
Epoch: 7, global_step=72000
SPS: 687
Epoch: 8, global_step=84000
SPS: 736
Epoch: 9, global_step=96000
SPS: 780
Epoch: 10, global_step=108000
SPS: 818
Epoch: 11, global_step=120000
SPS: 852
Epoch: 12, global_step=132000
SPS: 883
Epoch: 13, global_step=144000
SPS: 911
Epoch: 14, global_step=156000
SPS: 937
Epoch: 15, global_step=168000
SPS: 960
Epoch: 16, global_step=180000
SPS: 982
Epoch: 17, global_step=192000
SPS: 1001
Epoch: 18, global_step=204000
SPS: 1019
Epoch: 19, global_step=216000
SPS: 1035
Epoch: 20, global_step=228000
SPS: 1050
Epoch: 21, global_step=240000
SPS: 1064
Epoch: 22, global_step=252000
SPS: 1077
Epoch: 23, global_step=264000
SPS: 1089
Epoch: 24, global_step=276000
SPS: 1101
Epoch: 25, global_step=288000
SPS: 1111
Epoch: 26, global_step=300000
SPS: 1121
Epoch: 27, global_step=312000
SPS: 1131
Epoch: 28, global_step=324000
SPS: 1140
Epoch: 29, global_step=336000
SPS: 1149
Epoch: 30, global_step=348000
SPS: 1157
Epoch: 31, global_step=360000
SPS: 1165
Epoch: 32, global_step=372000
SPS: 1172
Epoch: 33, global_step=384000
SPS: 1179
Epoch: 34, global_step=396000
SPS: 1185
Epoch: 35, global_step=408000
SPS: 1191
Epoch: 36, global_step=420000
SPS: 1197
Epoch: 37, global_step=432000
SPS: 1203
Epoch: 38, global_step=444000
SPS: 1208
Epoch: 39, global_step=456000
SPS: 1214
Epoch: 40, global_step=468000
SPS: 1219
Epoch: 41, global_step=480000
SPS: 1224
Epoch: 42, global_step=492000
SPS: 1228
Epoch: 43, global_step=504000
SPS: 1233
Epoch: 44, global_step=516000
SPS: 1237
Epoch: 45, global_step=528000
SPS: 1241
Epoch: 46, global_step=540000
SPS: 1245
Epoch: 47, global_step=552000
SPS: 1249
Epoch: 48, global_step=564000
SPS: 1253
Epoch: 49, global_step=576000
Evaluating
Evaluated 11520 steps resulting in 192 episodes
[32mEvaluation Metric: success_once[0m | [36mMean: 0.1198[0m
[32mEvaluation Metric: return[0m | [36mMean: 5.9879[0m
[32mEvaluation Metric: episode_len[0m | [36mMean: 60.0000[0m
[32mEvaluation Metric: reward[0m | [36mMean: 0.0998[0m
[32mEvaluation Metric: success_at_end[0m | [36mMean: 0.0469[0m
model saved to checkpoints/ppo_memtasks/rgb_joints_belief/normalized_dense/RememberColor9-v0/ppo-baseline-last5-newhyper-42__42__rgb_joints_belief__20260127_072000/20260127_072000/ckpt_1_49.pt
SPS: 1081
Epoch: 50, global_step=588000
SPS: 1087
Epoch: 51, global_step=600000
SPS: 1092
Epoch: 52, global_step=612000
SPS: 1097
Epoch: 53, global_step=624000
SPS: 1102
Epoch: 54, global_step=636000
SPS: 1107
Epoch: 55, global_step=648000
SPS: 1112
Epoch: 56, global_step=660000
SPS: 1116
Epoch: 57, global_step=672000
SPS: 1121
Epoch: 58, global_step=684000
SPS: 1125
Epoch: 59, global_step=696000
SPS: 1129
Epoch: 60, global_step=708000
SPS: 1133
Epoch: 61, global_step=720000
SPS: 1137
Epoch: 62, global_step=732000
SPS: 1141
Epoch: 63, global_step=744000
SPS: 1145
Epoch: 64, global_step=756000
SPS: 1149
Epoch: 65, global_step=768000
SPS: 1152
Epoch: 66, global_step=780000
SPS: 1156
Epoch: 67, global_step=792000
SPS: 1159
Epoch: 68, global_step=804000
SPS: 1163
Epoch: 69, global_step=816000
SPS: 1166
Epoch: 70, global_step=828000
SPS: 1169
Epoch: 71, global_step=840000
SPS: 1172
Epoch: 72, global_step=852000
SPS: 1175
Epoch: 73, global_step=864000
SPS: 1178
Epoch: 74, global_step=876000
SPS: 1180
Epoch: 75, global_step=888000
SPS: 1183
Epoch: 76, global_step=900000
SPS: 1186
Epoch: 77, global_step=912000
SPS: 1188
Epoch: 78, global_step=924000
SPS: 1191
Epoch: 79, global_step=936000
SPS: 1194
Epoch: 80, global_step=948000
SPS: 1196
Epoch: 81, global_step=960000
SPS: 1199
Epoch: 82, global_step=972000
SPS: 1201
Epoch: 83, global_step=984000
SPS: 1203
Epoch: 84, global_step=996000
SPS: 1206
Epoch: 85, global_step=1008000
SPS: 1208
Epoch: 86, global_step=1020000
SPS: 1210
Epoch: 87, global_step=1032000
SPS: 1212
Epoch: 88, global_step=1044000
SPS: 1215
Epoch: 89, global_step=1056000
SPS: 1217
Epoch: 90, global_step=1068000
SPS: 1219
Epoch: 91, global_step=1080000
SPS: 1221
Epoch: 92, global_step=1092000
SPS: 1223
Epoch: 93, global_step=1104000
SPS: 1225
Epoch: 94, global_step=1116000
SPS: 1227
Epoch: 95, global_step=1128000
SPS: 1229
Epoch: 96, global_step=1140000
SPS: 1231
Epoch: 97, global_step=1152000
Evaluating
Evaluated 11520 steps resulting in 192 episodes
[32mEvaluation Metric: success_once[0m | [36mMean: 0.2083[0m
[32mEvaluation Metric: return[0m | [36mMean: 9.4351[0m
[32mEvaluation Metric: episode_len[0m | [36mMean: 60.0000[0m
[32mEvaluation Metric: reward[0m | [36mMean: 0.1573[0m
[32mEvaluation Metric: success_at_end[0m | [36mMean: 0.1406[0m
model saved to checkpoints/ppo_memtasks/rgb_joints_belief/normalized_dense/RememberColor9-v0/ppo-baseline-last5-newhyper-42__42__rgb_joints_belief__20260127_072000/20260127_072000/ckpt_2_97.pt
SPS: 1142
Epoch: 98, global_step=1164000
SPS: 1144
Epoch: 99, global_step=1176000
SPS: 1147
Epoch: 100, global_step=1188000
SPS: 1149
Epoch: 101, global_step=1200000
SPS: 1151
Epoch: 102, global_step=1212000
SPS: 1154
Epoch: 103, global_step=1224000
SPS: 1156
Epoch: 104, global_step=1236000
SPS: 1158
Epoch: 105, global_step=1248000
SPS: 1160
Epoch: 106, global_step=1260000
SPS: 1162
Epoch: 107, global_step=1272000
SPS: 1164
Epoch: 108, global_step=1284000
SPS: 1166
Epoch: 109, global_step=1296000
SPS: 1169
Epoch: 110, global_step=1308000
SPS: 1171
Epoch: 111, global_step=1320000
SPS: 1173
Epoch: 112, global_step=1332000
SPS: 1174
Epoch: 113, global_step=1344000
SPS: 1176
Epoch: 114, global_step=1356000
SPS: 1178
Epoch: 115, global_step=1368000
SPS: 1180
Epoch: 116, global_step=1380000
SPS: 1182
Epoch: 117, global_step=1392000
SPS: 1184
Epoch: 118, global_step=1404000
SPS: 1185
Epoch: 119, global_step=1416000
SPS: 1187
Epoch: 120, global_step=1428000
SPS: 1189
Epoch: 121, global_step=1440000
SPS: 1190
Epoch: 122, global_step=1452000
SPS: 1192
Epoch: 123, global_step=1464000
SPS: 1194
Epoch: 124, global_step=1476000
SPS: 1195
Epoch: 125, global_step=1488000
SPS: 1197
Epoch: 126, global_step=1500000
SPS: 1198
Epoch: 127, global_step=1512000
SPS: 1200
Epoch: 128, global_step=1524000
SPS: 1201
Epoch: 129, global_step=1536000
SPS: 1203
Epoch: 130, global_step=1548000
SPS: 1205
Epoch: 131, global_step=1560000
SPS: 1206
Epoch: 132, global_step=1572000
SPS: 1208
Epoch: 133, global_step=1584000
SPS: 1209
Epoch: 134, global_step=1596000
SPS: 1210
Epoch: 135, global_step=1608000
SPS: 1212
Epoch: 136, global_step=1620000
SPS: 1213
Epoch: 137, global_step=1632000
SPS: 1215
Epoch: 138, global_step=1644000
SPS: 1216
Epoch: 139, global_step=1656000
SPS: 1218
Epoch: 140, global_step=1668000
SPS: 1219
Epoch: 141, global_step=1680000
SPS: 1220
Epoch: 142, global_step=1692000
SPS: 1222
Epoch: 143, global_step=1704000
SPS: 1223
Epoch: 144, global_step=1716000
SPS: 1224
Epoch: 145, global_step=1728000
Evaluating
Evaluated 11520 steps resulting in 192 episodes
[32mEvaluation Metric: success_once[0m | [36mMean: 0.1823[0m
[32mEvaluation Metric: return[0m | [36mMean: 8.2438[0m
[32mEvaluation Metric: episode_len[0m | [36mMean: 60.0000[0m
[32mEvaluation Metric: reward[0m | [36mMean: 0.1374[0m
[32mEvaluation Metric: success_at_end[0m | [36mMean: 0.0938[0m
model saved to checkpoints/ppo_memtasks/rgb_joints_belief/normalized_dense/RememberColor9-v0/ppo-baseline-last5-newhyper-42__42__rgb_joints_belief__20260127_072000/20260127_072000/ckpt_3_145.pt
SPS: 1164
Epoch: 146, global_step=1740000
SPS: 1165
Epoch: 147, global_step=1752000
SPS: 1167
Epoch: 148, global_step=1764000
SPS: 1168
Epoch: 149, global_step=1776000
SPS: 1170
Epoch: 150, global_step=1788000
SPS: 1171
Epoch: 151, global_step=1800000
SPS: 1173
Epoch: 152, global_step=1812000
SPS: 1174
Epoch: 153, global_step=1824000
SPS: 1176
Epoch: 154, global_step=1836000
SPS: 1177
Epoch: 155, global_step=1848000
SPS: 1179
Epoch: 156, global_step=1860000
SPS: 1180
Epoch: 157, global_step=1872000
SPS: 1181
Epoch: 158, global_step=1884000
SPS: 1183
Epoch: 159, global_step=1896000
SPS: 1184
Epoch: 160, global_step=1908000
SPS: 1185
Epoch: 161, global_step=1920000
SPS: 1187
Epoch: 162, global_step=1932000
SPS: 1188
Epoch: 163, global_step=1944000
SPS: 1189
Epoch: 164, global_step=1956000
SPS: 1191
Epoch: 165, global_step=1968000
SPS: 1192
Epoch: 166, global_step=1980000
SPS: 1193
Epoch: 167, global_step=1992000
SPS: 1194
Epoch: 168, global_step=2004000
SPS: 1196
Epoch: 169, global_step=2016000
SPS: 1197
Epoch: 170, global_step=2028000
SPS: 1198
Epoch: 171, global_step=2040000
SPS: 1199
Epoch: 172, global_step=2052000
SPS: 1200
Epoch: 173, global_step=2064000
SPS: 1201
Epoch: 174, global_step=2076000
SPS: 1202
Epoch: 175, global_step=2088000
SPS: 1203
Epoch: 176, global_step=2100000
SPS: 1205
Epoch: 177, global_step=2112000
SPS: 1206
Epoch: 178, global_step=2124000
SPS: 1207
Epoch: 179, global_step=2136000
SPS: 1208
Epoch: 180, global_step=2148000
SPS: 1209
Epoch: 181, global_step=2160000
SPS: 1210
Epoch: 182, global_step=2172000
SPS: 1211
Epoch: 183, global_step=2184000
SPS: 1212
Epoch: 184, global_step=2196000
SPS: 1213
Epoch: 185, global_step=2208000
SPS: 1214
Epoch: 186, global_step=2220000
SPS: 1215
Epoch: 187, global_step=2232000
SPS: 1216
Epoch: 188, global_step=2244000
SPS: 1217
Epoch: 189, global_step=2256000
SPS: 1218
Epoch: 190, global_step=2268000
SPS: 1219
Epoch: 191, global_step=2280000
SPS: 1220
Epoch: 192, global_step=2292000
SPS: 1221
Epoch: 193, global_step=2304000
Evaluating
Evaluated 11520 steps resulting in 192 episodes
[32mEvaluation Metric: success_once[0m | [36mMean: 0.2240[0m
[32mEvaluation Metric: return[0m | [36mMean: 8.7357[0m
[32mEvaluation Metric: episode_len[0m | [36mMean: 60.0000[0m
[32mEvaluation Metric: reward[0m | [36mMean: 0.1456[0m
[32mEvaluation Metric: success_at_end[0m | [36mMean: 0.0990[0m
model saved to checkpoints/ppo_memtasks/rgb_joints_belief/normalized_dense/RememberColor9-v0/ppo-baseline-last5-newhyper-42__42__rgb_joints_belief__20260127_072000/20260127_072000/ckpt_4_193.pt
SPS: 1176
Epoch: 194, global_step=2316000
SPS: 1177
Epoch: 195, global_step=2328000
SPS: 1178
Epoch: 196, global_step=2340000
SPS: 1179
Epoch: 197, global_step=2352000
SPS: 1180
Epoch: 198, global_step=2364000
SPS: 1181
Epoch: 199, global_step=2376000
SPS: 1182
Epoch: 200, global_step=2388000
SPS: 1183
Epoch: 201, global_step=2400000
SPS: 1184
Epoch: 202, global_step=2412000
SPS: 1186
Epoch: 203, global_step=2424000
SPS: 1187
Epoch: 204, global_step=2436000
SPS: 1188
Epoch: 205, global_step=2448000
SPS: 1189
Epoch: 206, global_step=2460000
SPS: 1190
Epoch: 207, global_step=2472000
SPS: 1191
Epoch: 208, global_step=2484000
SPS: 1192
Epoch: 209, global_step=2496000
SPS: 1193
Epoch: 210, global_step=2508000
SPS: 1194
Epoch: 211, global_step=2520000
SPS: 1195
Epoch: 212, global_step=2532000
SPS: 1196
Epoch: 213, global_step=2544000
SPS: 1197
Epoch: 214, global_step=2556000
SPS: 1198
Epoch: 215, global_step=2568000
SPS: 1198
Epoch: 216, global_step=2580000
SPS: 1199
Epoch: 217, global_step=2592000
SPS: 1200
Epoch: 218, global_step=2604000
SPS: 1201
Epoch: 219, global_step=2616000
SPS: 1202
Epoch: 220, global_step=2628000
SPS: 1203
Epoch: 221, global_step=2640000
SPS: 1204
Epoch: 222, global_step=2652000
SPS: 1205
Epoch: 223, global_step=2664000
SPS: 1206
Epoch: 224, global_step=2676000
SPS: 1206
Epoch: 225, global_step=2688000
SPS: 1207
Epoch: 226, global_step=2700000
SPS: 1208
Epoch: 227, global_step=2712000
SPS: 1209
Epoch: 228, global_step=2724000
SPS: 1210
Epoch: 229, global_step=2736000
SPS: 1211
Epoch: 230, global_step=2748000
SPS: 1212
Epoch: 231, global_step=2760000
SPS: 1213
Epoch: 232, global_step=2772000
SPS: 1213
Epoch: 233, global_step=2784000
SPS: 1214
Epoch: 234, global_step=2796000
SPS: 1215
Epoch: 235, global_step=2808000
SPS: 1216
Epoch: 236, global_step=2820000
SPS: 1217
Epoch: 237, global_step=2832000
SPS: 1218
Epoch: 238, global_step=2844000
SPS: 1218
Epoch: 239, global_step=2856000
SPS: 1219
Epoch: 240, global_step=2868000
SPS: 1220
Epoch: 241, global_step=2880000
Evaluating
Evaluated 11520 steps resulting in 192 episodes
[32mEvaluation Metric: success_once[0m | [36mMean: 0.1719[0m
[32mEvaluation Metric: return[0m | [36mMean: 9.5275[0m
[32mEvaluation Metric: episode_len[0m | [36mMean: 60.0000[0m
[32mEvaluation Metric: reward[0m | [36mMean: 0.1588[0m
[32mEvaluation Metric: success_at_end[0m | [36mMean: 0.1250[0m
model saved to checkpoints/ppo_memtasks/rgb_joints_belief/normalized_dense/RememberColor9-v0/ppo-baseline-last5-newhyper-42__42__rgb_joints_belief__20260127_072000/20260127_072000/ckpt_5_241.pt
SPS: 1183
Epoch: 242, global_step=2892000
SPS: 1184
Epoch: 243, global_step=2904000
SPS: 1185
Epoch: 244, global_step=2916000
SPS: 1186
Epoch: 245, global_step=2928000
SPS: 1187
Epoch: 246, global_step=2940000
SPS: 1188
Epoch: 247, global_step=2952000
SPS: 1188
Epoch: 248, global_step=2964000
SPS: 1189
Epoch: 249, global_step=2976000
SPS: 1190
Epoch: 250, global_step=2988000
SPS: 1191
Epoch: 251, global_step=3000000
SPS: 1192
Epoch: 252, global_step=3012000
SPS: 1193
Epoch: 253, global_step=3024000
SPS: 1194
Epoch: 254, global_step=3036000
SPS: 1194
Epoch: 255, global_step=3048000
SPS: 1195
Epoch: 256, global_step=3060000
SPS: 1196
Epoch: 257, global_step=3072000
SPS: 1197
Epoch: 258, global_step=3084000
SPS: 1198
Epoch: 259, global_step=3096000
SPS: 1198
Epoch: 260, global_step=3108000
SPS: 1199
Epoch: 261, global_step=3120000
SPS: 1200
Epoch: 262, global_step=3132000
SPS: 1201
Epoch: 263, global_step=3144000
SPS: 1202
Epoch: 264, global_step=3156000
SPS: 1202
Epoch: 265, global_step=3168000
SPS: 1203
Epoch: 266, global_step=3180000
SPS: 1204
Epoch: 267, global_step=3192000
SPS: 1205
Epoch: 268, global_step=3204000
SPS: 1205
Epoch: 269, global_step=3216000
SPS: 1206
Epoch: 270, global_step=3228000
SPS: 1207
Epoch: 271, global_step=3240000
SPS: 1207
Epoch: 272, global_step=3252000
SPS: 1208
Epoch: 273, global_step=3264000
SPS: 1209
Epoch: 274, global_step=3276000
SPS: 1210
Epoch: 275, global_step=3288000
SPS: 1210
Epoch: 276, global_step=3300000
SPS: 1211
Epoch: 277, global_step=3312000
SPS: 1212
Epoch: 278, global_step=3324000
SPS: 1212
Epoch: 279, global_step=3336000
SPS: 1213
Epoch: 280, global_step=3348000
SPS: 1214
Epoch: 281, global_step=3360000
SPS: 1215
Epoch: 282, global_step=3372000
SPS: 1215
Epoch: 283, global_step=3384000
SPS: 1216
Epoch: 284, global_step=3396000
SPS: 1217
Epoch: 285, global_step=3408000
SPS: 1217
Epoch: 286, global_step=3420000
SPS: 1218
Epoch: 287, global_step=3432000
SPS: 1219
Epoch: 288, global_step=3444000
SPS: 1219
Epoch: 289, global_step=3456000
Evaluating
Evaluated 11520 steps resulting in 192 episodes
[32mEvaluation Metric: success_once[0m | [36mMean: 0.2760[0m
[32mEvaluation Metric: return[0m | [36mMean: 11.1159[0m
[32mEvaluation Metric: episode_len[0m | [36mMean: 60.0000[0m
[32mEvaluation Metric: reward[0m | [36mMean: 0.1853[0m
[32mEvaluation Metric: success_at_end[0m | [36mMean: 0.1823[0m
model saved to checkpoints/ppo_memtasks/rgb_joints_belief/normalized_dense/RememberColor9-v0/ppo-baseline-last5-newhyper-42__42__rgb_joints_belief__20260127_072000/20260127_072000/ckpt_6_289.pt
SPS: 1189
Epoch: 290, global_step=3468000
SPS: 1190
Epoch: 291, global_step=3480000
SPS: 1191
Epoch: 292, global_step=3492000
SPS: 1192
Epoch: 293, global_step=3504000
SPS: 1192
Epoch: 294, global_step=3516000
SPS: 1193
Epoch: 295, global_step=3528000
SPS: 1194
Epoch: 296, global_step=3540000
SPS: 1194
Epoch: 297, global_step=3552000
SPS: 1195
Epoch: 298, global_step=3564000
SPS: 1196
Epoch: 299, global_step=3576000
SPS: 1197
Epoch: 300, global_step=3588000
SPS: 1197
Epoch: 301, global_step=3600000
SPS: 1198
Epoch: 302, global_step=3612000
SPS: 1199
Epoch: 303, global_step=3624000
SPS: 1199
Epoch: 304, global_step=3636000
SPS: 1200
Epoch: 305, global_step=3648000
SPS: 1201
Epoch: 306, global_step=3660000
SPS: 1201
Epoch: 307, global_step=3672000
SPS: 1202
Epoch: 308, global_step=3684000
SPS: 1203
Epoch: 309, global_step=3696000
SPS: 1203
Epoch: 310, global_step=3708000
SPS: 1204
Epoch: 311, global_step=3720000
SPS: 1205
Epoch: 312, global_step=3732000
SPS: 1205
Epoch: 313, global_step=3744000
SPS: 1206
Epoch: 314, global_step=3756000
SPS: 1207
Epoch: 315, global_step=3768000
SPS: 1207
Epoch: 316, global_step=3780000
SPS: 1208
Epoch: 317, global_step=3792000
SPS: 1208
Epoch: 318, global_step=3804000
SPS: 1209
Epoch: 319, global_step=3816000
SPS: 1210
Epoch: 320, global_step=3828000
SPS: 1210
Epoch: 321, global_step=3840000
SPS: 1211
Epoch: 322, global_step=3852000
SPS: 1211
Epoch: 323, global_step=3864000
SPS: 1212
Epoch: 324, global_step=3876000
SPS: 1213
Epoch: 325, global_step=3888000
SPS: 1213
Epoch: 326, global_step=3900000
SPS: 1214
Epoch: 327, global_step=3912000
SPS: 1214
Epoch: 328, global_step=3924000
SPS: 1215
Epoch: 329, global_step=3936000
SPS: 1216
Epoch: 330, global_step=3948000
SPS: 1216
Epoch: 331, global_step=3960000
SPS: 1217
Epoch: 332, global_step=3972000
SPS: 1217
Epoch: 333, global_step=3984000
SPS: 1218
Epoch: 334, global_step=3996000
SPS: 1219
Epoch: 335, global_step=4008000
SPS: 1219
Epoch: 336, global_step=4020000
SPS: 1220
Epoch: 337, global_step=4032000
Evaluating
Evaluated 11520 steps resulting in 192 episodes
[32mEvaluation Metric: success_once[0m | [36mMean: 0.2917[0m
[32mEvaluation Metric: return[0m | [36mMean: 11.6709[0m
[32mEvaluation Metric: episode_len[0m | [36mMean: 60.0000[0m
[32mEvaluation Metric: reward[0m | [36mMean: 0.1945[0m
[32mEvaluation Metric: success_at_end[0m | [36mMean: 0.1875[0m
model saved to checkpoints/ppo_memtasks/rgb_joints_belief/normalized_dense/RememberColor9-v0/ppo-baseline-last5-newhyper-42__42__rgb_joints_belief__20260127_072000/20260127_072000/ckpt_7_337.pt
SPS: 1193
Epoch: 338, global_step=4044000
SPS: 1194
Epoch: 339, global_step=4056000
SPS: 1195
Epoch: 340, global_step=4068000
SPS: 1195
Epoch: 341, global_step=4080000
SPS: 1196
Epoch: 342, global_step=4092000
SPS: 1196
Epoch: 343, global_step=4104000
SPS: 1197
Epoch: 344, global_step=4116000
SPS: 1198
Epoch: 345, global_step=4128000
SPS: 1198
Epoch: 346, global_step=4140000
SPS: 1199
Epoch: 347, global_step=4152000
SPS: 1199
Epoch: 348, global_step=4164000
SPS: 1200
Epoch: 349, global_step=4176000
SPS: 1201
Epoch: 350, global_step=4188000
SPS: 1201
Epoch: 351, global_step=4200000
SPS: 1202
Epoch: 352, global_step=4212000
SPS: 1202
Epoch: 353, global_step=4224000
SPS: 1203
Epoch: 354, global_step=4236000
SPS: 1204
Epoch: 355, global_step=4248000
SPS: 1204
Epoch: 356, global_step=4260000
SPS: 1205
Epoch: 357, global_step=4272000
SPS: 1205
Epoch: 358, global_step=4284000
SPS: 1206
Epoch: 359, global_step=4296000
SPS: 1206
Epoch: 360, global_step=4308000
SPS: 1207
Epoch: 361, global_step=4320000
SPS: 1207
Epoch: 362, global_step=4332000
SPS: 1208
Epoch: 363, global_step=4344000
SPS: 1209
Epoch: 364, global_step=4356000
SPS: 1209
Epoch: 365, global_step=4368000
SPS: 1210
Epoch: 366, global_step=4380000
SPS: 1210
Epoch: 367, global_step=4392000
SPS: 1211
Epoch: 368, global_step=4404000
SPS: 1211
Epoch: 369, global_step=4416000
SPS: 1212
Epoch: 370, global_step=4428000
SPS: 1212
Epoch: 371, global_step=4440000
SPS: 1213
Epoch: 372, global_step=4452000
SPS: 1213
Epoch: 373, global_step=4464000
SPS: 1214
Epoch: 374, global_step=4476000
SPS: 1214
Epoch: 375, global_step=4488000
SPS: 1215
Epoch: 376, global_step=4500000
SPS: 1215
Epoch: 377, global_step=4512000
SPS: 1216
Epoch: 378, global_step=4524000
SPS: 1216
Epoch: 379, global_step=4536000
SPS: 1217
Epoch: 380, global_step=4548000
SPS: 1217
Epoch: 381, global_step=4560000
SPS: 1218
Epoch: 382, global_step=4572000
SPS: 1218
Epoch: 383, global_step=4584000
SPS: 1219
Epoch: 384, global_step=4596000
SPS: 1219
Epoch: 385, global_step=4608000
Evaluating
Evaluated 11520 steps resulting in 192 episodes
[32mEvaluation Metric: success_once[0m | [36mMean: 0.2969[0m
[32mEvaluation Metric: return[0m | [36mMean: 10.7046[0m
[32mEvaluation Metric: episode_len[0m | [36mMean: 60.0000[0m
[32mEvaluation Metric: reward[0m | [36mMean: 0.1784[0m
[32mEvaluation Metric: success_at_end[0m | [36mMean: 0.1667[0m
model saved to checkpoints/ppo_memtasks/rgb_joints_belief/normalized_dense/RememberColor9-v0/ppo-baseline-last5-newhyper-42__42__rgb_joints_belief__20260127_072000/20260127_072000/ckpt_8_385.pt
SPS: 1196
Epoch: 386, global_step=4620000
SPS: 1197
Epoch: 387, global_step=4632000
SPS: 1198
Epoch: 388, global_step=4644000
SPS: 1198
Epoch: 389, global_step=4656000
SPS: 1199
Epoch: 390, global_step=4668000
SPS: 1200
Epoch: 391, global_step=4680000
SPS: 1201
Epoch: 392, global_step=4692000
SPS: 1201
Epoch: 393, global_step=4704000
SPS: 1202
Epoch: 394, global_step=4716000
SPS: 1202
Epoch: 395, global_step=4728000
SPS: 1203
Epoch: 396, global_step=4740000
SPS: 1203
Epoch: 397, global_step=4752000
SPS: 1204
Epoch: 398, global_step=4764000
SPS: 1204
Epoch: 399, global_step=4776000
SPS: 1205
Epoch: 400, global_step=4788000
SPS: 1205
Epoch: 401, global_step=4800000
SPS: 1206
Epoch: 402, global_step=4812000
SPS: 1206
Epoch: 403, global_step=4824000
SPS: 1207
Epoch: 404, global_step=4836000
SPS: 1207
Epoch: 405, global_step=4848000
SPS: 1208
Epoch: 406, global_step=4860000
SPS: 1208
Epoch: 407, global_step=4872000
SPS: 1209
Epoch: 408, global_step=4884000
SPS: 1209
Epoch: 409, global_step=4896000
SPS: 1210
Epoch: 410, global_step=4908000
SPS: 1210
Epoch: 411, global_step=4920000
SPS: 1211
Epoch: 412, global_step=4932000
SPS: 1211
Epoch: 413, global_step=4944000
SPS: 1212
Epoch: 414, global_step=4956000
SPS: 1212
Epoch: 415, global_step=4968000
SPS: 1213
Epoch: 416, global_step=4980000
SPS: 1213
Epoch: 417, global_step=4992000
SPS: 1214
Epoch: 418, global_step=5004000
SPS: 1214
Epoch: 419, global_step=5016000
SPS: 1214
Epoch: 420, global_step=5028000
SPS: 1215
Epoch: 421, global_step=5040000
SPS: 1215
Epoch: 422, global_step=5052000
SPS: 1216
Epoch: 423, global_step=5064000
SPS: 1216
Epoch: 424, global_step=5076000
SPS: 1217
Epoch: 425, global_step=5088000
SPS: 1217
Epoch: 426, global_step=5100000
SPS: 1217
Epoch: 427, global_step=5112000
SPS: 1218
Epoch: 428, global_step=5124000
SPS: 1218
Epoch: 429, global_step=5136000
SPS: 1219
Epoch: 430, global_step=5148000
SPS: 1219
Epoch: 431, global_step=5160000
SPS: 1220
Epoch: 432, global_step=5172000
SPS: 1220
Epoch: 433, global_step=5184000
Evaluating
Evaluated 11520 steps resulting in 192 episodes
[32mEvaluation Metric: success_once[0m | [36mMean: 0.2865[0m
[32mEvaluation Metric: return[0m | [36mMean: 8.8214[0m
[32mEvaluation Metric: episode_len[0m | [36mMean: 60.0000[0m
[32mEvaluation Metric: reward[0m | [36mMean: 0.1470[0m
[32mEvaluation Metric: success_at_end[0m | [36mMean: 0.1354[0m
model saved to checkpoints/ppo_memtasks/rgb_joints_belief/normalized_dense/RememberColor9-v0/ppo-baseline-last5-newhyper-42__42__rgb_joints_belief__20260127_072000/20260127_072000/ckpt_9_433.pt
SPS: 1199
Epoch: 434, global_step=5196000
SPS: 1200
Epoch: 435, global_step=5208000
SPS: 1200
Epoch: 436, global_step=5220000
SPS: 1200
Epoch: 437, global_step=5232000
SPS: 1201
Epoch: 438, global_step=5244000
SPS: 1201
Epoch: 439, global_step=5256000
SPS: 1202
Epoch: 440, global_step=5268000
SPS: 1202
Epoch: 441, global_step=5280000
SPS: 1203
Epoch: 442, global_step=5292000
SPS: 1203
Epoch: 443, global_step=5304000
SPS: 1204
Epoch: 444, global_step=5316000
SPS: 1204
Epoch: 445, global_step=5328000
SPS: 1205
Epoch: 446, global_step=5340000
SPS: 1205
Epoch: 447, global_step=5352000
SPS: 1206
Epoch: 448, global_step=5364000
SPS: 1206
Epoch: 449, global_step=5376000
SPS: 1206
Epoch: 450, global_step=5388000
SPS: 1207
Epoch: 451, global_step=5400000
SPS: 1207
Epoch: 452, global_step=5412000
SPS: 1208
Epoch: 453, global_step=5424000
SPS: 1208
Epoch: 454, global_step=5436000
SPS: 1209
Epoch: 455, global_step=5448000
SPS: 1209
Epoch: 456, global_step=5460000
SPS: 1210
Epoch: 457, global_step=5472000
SPS: 1210
Epoch: 458, global_step=5484000
SPS: 1210
Epoch: 459, global_step=5496000
SPS: 1211
Epoch: 460, global_step=5508000
SPS: 1211
Epoch: 461, global_step=5520000
SPS: 1212
Epoch: 462, global_step=5532000
SPS: 1212
Epoch: 463, global_step=5544000
SPS: 1213
Epoch: 464, global_step=5556000
SPS: 1213
Epoch: 465, global_step=5568000
SPS: 1213
Epoch: 466, global_step=5580000
SPS: 1214
Epoch: 467, global_step=5592000
SPS: 1214
Epoch: 468, global_step=5604000
SPS: 1215
Epoch: 469, global_step=5616000
SPS: 1215
Epoch: 470, global_step=5628000
SPS: 1215
Epoch: 471, global_step=5640000
SPS: 1216
Epoch: 472, global_step=5652000
SPS: 1216
Epoch: 473, global_step=5664000
SPS: 1216
Epoch: 474, global_step=5676000
SPS: 1217
Epoch: 475, global_step=5688000
SPS: 1217
Epoch: 476, global_step=5700000
SPS: 1218
Epoch: 477, global_step=5712000
SPS: 1218
Epoch: 478, global_step=5724000
SPS: 1218
Epoch: 479, global_step=5736000
SPS: 1219
Epoch: 480, global_step=5748000
SPS: 1219
Epoch: 481, global_step=5760000
Evaluating
Evaluated 11520 steps resulting in 192 episodes
[32mEvaluation Metric: success_once[0m | [36mMean: 0.1719[0m
[32mEvaluation Metric: return[0m | [36mMean: 7.4022[0m
[32mEvaluation Metric: episode_len[0m | [36mMean: 60.0000[0m
[32mEvaluation Metric: reward[0m | [36mMean: 0.1234[0m
[32mEvaluation Metric: success_at_end[0m | [36mMean: 0.1250[0m
model saved to checkpoints/ppo_memtasks/rgb_joints_belief/normalized_dense/RememberColor9-v0/ppo-baseline-last5-newhyper-42__42__rgb_joints_belief__20260127_072000/20260127_072000/ckpt_10_481.pt
SPS: 1201
Epoch: 482, global_step=5772000
SPS: 1201
Epoch: 483, global_step=5784000
SPS: 1202
Epoch: 484, global_step=5796000
SPS: 1202
Epoch: 485, global_step=5808000
SPS: 1203
Epoch: 486, global_step=5820000
SPS: 1203
Epoch: 487, global_step=5832000
SPS: 1204
Epoch: 488, global_step=5844000
SPS: 1204
Epoch: 489, global_step=5856000
SPS: 1204
Epoch: 490, global_step=5868000
SPS: 1205
Epoch: 491, global_step=5880000
SPS: 1205
Epoch: 492, global_step=5892000
SPS: 1206
Epoch: 493, global_step=5904000
SPS: 1206
Epoch: 494, global_step=5916000
SPS: 1206
Epoch: 495, global_step=5928000
SPS: 1207
Epoch: 496, global_step=5940000
SPS: 1207
Epoch: 497, global_step=5952000
SPS: 1208
Epoch: 498, global_step=5964000
SPS: 1208
Epoch: 499, global_step=5976000
SPS: 1208
Epoch: 500, global_step=5988000
SPS: 1209
Epoch: 501, global_step=6000000
SPS: 1209
Epoch: 502, global_step=6012000
SPS: 1210
Epoch: 503, global_step=6024000
SPS: 1210
Epoch: 504, global_step=6036000
SPS: 1210
Epoch: 505, global_step=6048000
SPS: 1211
Epoch: 506, global_step=6060000
SPS: 1211
Epoch: 507, global_step=6072000
SPS: 1212
Epoch: 508, global_step=6084000
SPS: 1212
Epoch: 509, global_step=6096000
SPS: 1212
Epoch: 510, global_step=6108000
SPS: 1213
Epoch: 511, global_step=6120000
SPS: 1213
Epoch: 512, global_step=6132000
SPS: 1214
Epoch: 513, global_step=6144000
SPS: 1214
Epoch: 514, global_step=6156000
SPS: 1214
Epoch: 515, global_step=6168000
SPS: 1215
Epoch: 516, global_step=6180000
SPS: 1215
Epoch: 517, global_step=6192000
SPS: 1215
Epoch: 518, global_step=6204000
SPS: 1216
Epoch: 519, global_step=6216000
SPS: 1216
Epoch: 520, global_step=6228000
SPS: 1217
Epoch: 521, global_step=6240000
SPS: 1217
Epoch: 522, global_step=6252000
SPS: 1217
Epoch: 523, global_step=6264000
SPS: 1218
Epoch: 524, global_step=6276000
SPS: 1218
Epoch: 525, global_step=6288000
SPS: 1218
Epoch: 526, global_step=6300000
SPS: 1219
Epoch: 527, global_step=6312000
SPS: 1219
Epoch: 528, global_step=6324000
SPS: 1219
Epoch: 529, global_step=6336000
Evaluating
Evaluated 11520 steps resulting in 192 episodes
[32mEvaluation Metric: success_once[0m | [36mMean: 0.2344[0m
[32mEvaluation Metric: return[0m | [36mMean: 9.0589[0m
[32mEvaluation Metric: episode_len[0m | [36mMean: 60.0000[0m
[32mEvaluation Metric: reward[0m | [36mMean: 0.1510[0m
[32mEvaluation Metric: success_at_end[0m | [36mMean: 0.1198[0m
model saved to checkpoints/ppo_memtasks/rgb_joints_belief/normalized_dense/RememberColor9-v0/ppo-baseline-last5-newhyper-42__42__rgb_joints_belief__20260127_072000/20260127_072000/ckpt_11_529.pt
SPS: 1202
Epoch: 530, global_step=6348000
SPS: 1203
Epoch: 531, global_step=6360000
SPS: 1203
Epoch: 532, global_step=6372000
SPS: 1203
Epoch: 533, global_step=6384000
SPS: 1204
Epoch: 534, global_step=6396000
SPS: 1204
Epoch: 535, global_step=6408000
SPS: 1204
Epoch: 536, global_step=6420000
SPS: 1205
Epoch: 537, global_step=6432000
SPS: 1205
Epoch: 538, global_step=6444000
SPS: 1205
Epoch: 539, global_step=6456000
SPS: 1206
Epoch: 540, global_step=6468000
SPS: 1206
Epoch: 541, global_step=6480000
SPS: 1207
Epoch: 542, global_step=6492000
SPS: 1207
Epoch: 543, global_step=6504000
SPS: 1207
Epoch: 544, global_step=6516000
SPS: 1208
Epoch: 545, global_step=6528000
SPS: 1208
Epoch: 546, global_step=6540000
SPS: 1208
Epoch: 547, global_step=6552000
SPS: 1209
Epoch: 548, global_step=6564000
SPS: 1209
Epoch: 549, global_step=6576000
SPS: 1209
Epoch: 550, global_step=6588000
SPS: 1210
Epoch: 551, global_step=6600000
SPS: 1210
Epoch: 552, global_step=6612000
SPS: 1211
Epoch: 553, global_step=6624000
SPS: 1211
Epoch: 554, global_step=6636000
SPS: 1211
Epoch: 555, global_step=6648000
SPS: 1212
Epoch: 556, global_step=6660000
SPS: 1212
Epoch: 557, global_step=6672000
SPS: 1212
Epoch: 558, global_step=6684000
SPS: 1213
Epoch: 559, global_step=6696000
SPS: 1213
Epoch: 560, global_step=6708000
SPS: 1213
Epoch: 561, global_step=6720000
SPS: 1214
Epoch: 562, global_step=6732000
SPS: 1214
Epoch: 563, global_step=6744000
SPS: 1214
Epoch: 564, global_step=6756000
SPS: 1215
Epoch: 565, global_step=6768000
SPS: 1215
Epoch: 566, global_step=6780000
SPS: 1215
Epoch: 567, global_step=6792000
SPS: 1216
Epoch: 568, global_step=6804000
SPS: 1216
Epoch: 569, global_step=6816000
SPS: 1216
Epoch: 570, global_step=6828000
SPS: 1217
Epoch: 571, global_step=6840000
SPS: 1217
Epoch: 572, global_step=6852000
SPS: 1217
Epoch: 573, global_step=6864000
SPS: 1218
Epoch: 574, global_step=6876000
SPS: 1218
Epoch: 575, global_step=6888000
SPS: 1218
Epoch: 576, global_step=6900000
SPS: 1219
Epoch: 577, global_step=6912000
Evaluating
Evaluated 11520 steps resulting in 192 episodes
[32mEvaluation Metric: success_once[0m | [36mMean: 0.3333[0m
[32mEvaluation Metric: return[0m | [36mMean: 12.2737[0m
[32mEvaluation Metric: episode_len[0m | [36mMean: 60.0000[0m
[32mEvaluation Metric: reward[0m | [36mMean: 0.2046[0m
[32mEvaluation Metric: success_at_end[0m | [36mMean: 0.2135[0m
model saved to checkpoints/ppo_memtasks/rgb_joints_belief/normalized_dense/RememberColor9-v0/ppo-baseline-last5-newhyper-42__42__rgb_joints_belief__20260127_072000/20260127_072000/ckpt_12_577.pt
SPS: 1203
Epoch: 578, global_step=6924000
SPS: 1204
Epoch: 579, global_step=6936000
SPS: 1204
Epoch: 580, global_step=6948000
SPS: 1204
Epoch: 581, global_step=6960000
SPS: 1205
Epoch: 582, global_step=6972000
SPS: 1205
Epoch: 583, global_step=6984000
SPS: 1205
Epoch: 584, global_step=6996000
SPS: 1206
Epoch: 585, global_step=7008000
SPS: 1206
Epoch: 586, global_step=7020000
SPS: 1206
Epoch: 587, global_step=7032000
SPS: 1207
Epoch: 588, global_step=7044000
SPS: 1207
Epoch: 589, global_step=7056000
SPS: 1207
Epoch: 590, global_step=7068000
SPS: 1208
Epoch: 591, global_step=7080000
SPS: 1208
Epoch: 592, global_step=7092000
SPS: 1209
Epoch: 593, global_step=7104000
SPS: 1209
Epoch: 594, global_step=7116000
SPS: 1209
Epoch: 595, global_step=7128000
SPS: 1210
Epoch: 596, global_step=7140000
SPS: 1210
Epoch: 597, global_step=7152000
SPS: 1210
Epoch: 598, global_step=7164000
SPS: 1211
Epoch: 599, global_step=7176000
SPS: 1211
Epoch: 600, global_step=7188000
SPS: 1211
Epoch: 601, global_step=7200000
SPS: 1212
Epoch: 602, global_step=7212000
SPS: 1212
Epoch: 603, global_step=7224000
SPS: 1212
Epoch: 604, global_step=7236000
SPS: 1213
Epoch: 605, global_step=7248000
SPS: 1213
Epoch: 606, global_step=7260000
SPS: 1213
Epoch: 607, global_step=7272000
SPS: 1214
Epoch: 608, global_step=7284000
SPS: 1214
Epoch: 609, global_step=7296000
SPS: 1214
Epoch: 610, global_step=7308000
SPS: 1215
Epoch: 611, global_step=7320000
SPS: 1215
Epoch: 612, global_step=7332000
SPS: 1215
Epoch: 613, global_step=7344000
SPS: 1215
Epoch: 614, global_step=7356000
SPS: 1216
Epoch: 615, global_step=7368000
SPS: 1216
Epoch: 616, global_step=7380000
SPS: 1216
Epoch: 617, global_step=7392000
SPS: 1217
Epoch: 618, global_step=7404000
SPS: 1217
Epoch: 619, global_step=7416000
SPS: 1217
Epoch: 620, global_step=7428000
SPS: 1218
Epoch: 621, global_step=7440000
SPS: 1218
Epoch: 622, global_step=7452000
SPS: 1218
Epoch: 623, global_step=7464000
SPS: 1218
Epoch: 624, global_step=7476000
SPS: 1219
Epoch: 625, global_step=7488000
Evaluating
Evaluated 11520 steps resulting in 192 episodes
[32mEvaluation Metric: success_once[0m | [36mMean: 0.3073[0m
[32mEvaluation Metric: return[0m | [36mMean: 10.8624[0m
[32mEvaluation Metric: episode_len[0m | [36mMean: 60.0000[0m
[32mEvaluation Metric: reward[0m | [36mMean: 0.1810[0m
[32mEvaluation Metric: success_at_end[0m | [36mMean: 0.2031[0m
model saved to checkpoints/ppo_memtasks/rgb_joints_belief/normalized_dense/RememberColor9-v0/ppo-baseline-last5-newhyper-42__42__rgb_joints_belief__20260127_072000/20260127_072000/ckpt_13_625.pt
SPS: 1204
Epoch: 626, global_step=7500000
SPS: 1204
Epoch: 627, global_step=7512000
SPS: 1205
Epoch: 628, global_step=7524000
SPS: 1205
Epoch: 629, global_step=7536000
SPS: 1205
Epoch: 630, global_step=7548000
SPS: 1206
Epoch: 631, global_step=7560000
SPS: 1206
Epoch: 632, global_step=7572000
SPS: 1206
Epoch: 633, global_step=7584000
SPS: 1207
Epoch: 634, global_step=7596000
SPS: 1207
Epoch: 635, global_step=7608000
SPS: 1207
Epoch: 636, global_step=7620000
SPS: 1208
Epoch: 637, global_step=7632000
SPS: 1208
Epoch: 638, global_step=7644000
SPS: 1208
Epoch: 639, global_step=7656000
SPS: 1209
Epoch: 640, global_step=7668000
SPS: 1209
Epoch: 641, global_step=7680000
SPS: 1209
Epoch: 642, global_step=7692000
SPS: 1210
Epoch: 643, global_step=7704000
SPS: 1210
Epoch: 644, global_step=7716000
SPS: 1210
Epoch: 645, global_step=7728000
SPS: 1211
Epoch: 646, global_step=7740000
SPS: 1211
Epoch: 647, global_step=7752000
SPS: 1211
Epoch: 648, global_step=7764000
SPS: 1211
Epoch: 649, global_step=7776000
SPS: 1212
Epoch: 650, global_step=7788000
SPS: 1212
Epoch: 651, global_step=7800000
SPS: 1212
Epoch: 652, global_step=7812000
SPS: 1213
Epoch: 653, global_step=7824000
SPS: 1213
Epoch: 654, global_step=7836000
SPS: 1213
Epoch: 655, global_step=7848000
SPS: 1214
Epoch: 656, global_step=7860000
SPS: 1214
Epoch: 657, global_step=7872000
SPS: 1214
Epoch: 658, global_step=7884000
SPS: 1214
Epoch: 659, global_step=7896000
SPS: 1215
Epoch: 660, global_step=7908000
SPS: 1215
Epoch: 661, global_step=7920000
SPS: 1215
Epoch: 662, global_step=7932000
SPS: 1216
Epoch: 663, global_step=7944000
SPS: 1216
Epoch: 664, global_step=7956000
SPS: 1216
Epoch: 665, global_step=7968000
SPS: 1217
Epoch: 666, global_step=7980000
SPS: 1217
Epoch: 667, global_step=7992000
SPS: 1217
Epoch: 668, global_step=8004000
SPS: 1217
Epoch: 669, global_step=8016000
SPS: 1218
Epoch: 670, global_step=8028000
SPS: 1218
Epoch: 671, global_step=8040000
SPS: 1218
Epoch: 672, global_step=8052000
SPS: 1218
Epoch: 673, global_step=8064000
Evaluating
Evaluated 11520 steps resulting in 192 episodes
[32mEvaluation Metric: success_once[0m | [36mMean: 0.2500[0m
[32mEvaluation Metric: return[0m | [36mMean: 10.2078[0m
[32mEvaluation Metric: episode_len[0m | [36mMean: 60.0000[0m
[32mEvaluation Metric: reward[0m | [36mMean: 0.1701[0m
[32mEvaluation Metric: success_at_end[0m | [36mMean: 0.1406[0m
model saved to checkpoints/ppo_memtasks/rgb_joints_belief/normalized_dense/RememberColor9-v0/ppo-baseline-last5-newhyper-42__42__rgb_joints_belief__20260127_072000/20260127_072000/ckpt_14_673.pt
SPS: 1205
Epoch: 674, global_step=8076000
SPS: 1206
Epoch: 675, global_step=8088000
SPS: 1206
Epoch: 676, global_step=8100000
SPS: 1206
Epoch: 677, global_step=8112000
SPS: 1206
Epoch: 678, global_step=8124000
SPS: 1207
Epoch: 679, global_step=8136000
SPS: 1207
Epoch: 680, global_step=8148000
SPS: 1207
Epoch: 681, global_step=8160000
SPS: 1208
Epoch: 682, global_step=8172000
SPS: 1208
Epoch: 683, global_step=8184000
SPS: 1208
Epoch: 684, global_step=8196000
SPS: 1209
Epoch: 685, global_step=8208000
SPS: 1209
Epoch: 686, global_step=8220000
SPS: 1209
Epoch: 687, global_step=8232000
SPS: 1209
Epoch: 688, global_step=8244000
SPS: 1210
Epoch: 689, global_step=8256000
SPS: 1210
Epoch: 690, global_step=8268000
SPS: 1210
Epoch: 691, global_step=8280000
SPS: 1211
Epoch: 692, global_step=8292000
SPS: 1211
Epoch: 693, global_step=8304000
SPS: 1211
Epoch: 694, global_step=8316000
SPS: 1211
Epoch: 695, global_step=8328000
SPS: 1212
Epoch: 696, global_step=8340000
SPS: 1212
Epoch: 697, global_step=8352000
SPS: 1212
Epoch: 698, global_step=8364000
SPS: 1213
Epoch: 699, global_step=8376000
SPS: 1213
Epoch: 700, global_step=8388000
SPS: 1213
Epoch: 701, global_step=8400000
SPS: 1213
Epoch: 702, global_step=8412000
SPS: 1214
Epoch: 703, global_step=8424000
SPS: 1214
Epoch: 704, global_step=8436000
SPS: 1214
Epoch: 705, global_step=8448000
SPS: 1215
Epoch: 706, global_step=8460000
SPS: 1215
Epoch: 707, global_step=8472000
SPS: 1215
Epoch: 708, global_step=8484000
SPS: 1215
Epoch: 709, global_step=8496000
SPS: 1216
Epoch: 710, global_step=8508000
SPS: 1216
Epoch: 711, global_step=8520000
SPS: 1216
Epoch: 712, global_step=8532000
SPS: 1217
Epoch: 713, global_step=8544000
SPS: 1217
Epoch: 714, global_step=8556000
SPS: 1217
Epoch: 715, global_step=8568000
SPS: 1217
Epoch: 716, global_step=8580000
SPS: 1218
Epoch: 717, global_step=8592000
SPS: 1218
Epoch: 718, global_step=8604000
SPS: 1218
Epoch: 719, global_step=8616000
SPS: 1218
Epoch: 720, global_step=8628000
SPS: 1219
Epoch: 721, global_step=8640000
Evaluating
Evaluated 11520 steps resulting in 192 episodes
[32mEvaluation Metric: success_once[0m | [36mMean: 0.2812[0m
[32mEvaluation Metric: return[0m | [36mMean: 10.6363[0m
[32mEvaluation Metric: episode_len[0m | [36mMean: 60.0000[0m
[32mEvaluation Metric: reward[0m | [36mMean: 0.1773[0m
[32mEvaluation Metric: success_at_end[0m | [36mMean: 0.1615[0m
model saved to checkpoints/ppo_memtasks/rgb_joints_belief/normalized_dense/RememberColor9-v0/ppo-baseline-last5-newhyper-42__42__rgb_joints_belief__20260127_072000/20260127_072000/ckpt_15_721.pt
SPS: 1206
Epoch: 722, global_step=8652000
SPS: 1207
Epoch: 723, global_step=8664000
SPS: 1207
Epoch: 724, global_step=8676000
SPS: 1207
Epoch: 725, global_step=8688000
SPS: 1207
Epoch: 726, global_step=8700000
SPS: 1208
Epoch: 727, global_step=8712000
SPS: 1208
Epoch: 728, global_step=8724000
SPS: 1208
Epoch: 729, global_step=8736000
SPS: 1208
Epoch: 730, global_step=8748000
SPS: 1209
Epoch: 731, global_step=8760000
SPS: 1209
Epoch: 732, global_step=8772000
SPS: 1209
Epoch: 733, global_step=8784000
SPS: 1210
Epoch: 734, global_step=8796000
SPS: 1210
Epoch: 735, global_step=8808000
SPS: 1210
Epoch: 736, global_step=8820000
SPS: 1210
Epoch: 737, global_step=8832000
SPS: 1211
Epoch: 738, global_step=8844000
SPS: 1211
Epoch: 739, global_step=8856000
SPS: 1211
Epoch: 740, global_step=8868000
SPS: 1211
Epoch: 741, global_step=8880000
SPS: 1212
Epoch: 742, global_step=8892000
SPS: 1212
Epoch: 743, global_step=8904000
SPS: 1212
Epoch: 744, global_step=8916000
SPS: 1213
Epoch: 745, global_step=8928000
SPS: 1213
Epoch: 746, global_step=8940000
SPS: 1213
Epoch: 747, global_step=8952000
SPS: 1213
Epoch: 748, global_step=8964000
SPS: 1214
Epoch: 749, global_step=8976000
SPS: 1214
Epoch: 750, global_step=8988000
SPS: 1214
Epoch: 751, global_step=9000000
SPS: 1214
Epoch: 752, global_step=9012000
SPS: 1215
Epoch: 753, global_step=9024000
SPS: 1215
Epoch: 754, global_step=9036000
SPS: 1215
Epoch: 755, global_step=9048000
SPS: 1216
Epoch: 756, global_step=9060000
SPS: 1216
Epoch: 757, global_step=9072000
SPS: 1216
Epoch: 758, global_step=9084000
SPS: 1216
Epoch: 759, global_step=9096000
SPS: 1217
Epoch: 760, global_step=9108000
SPS: 1217
Epoch: 761, global_step=9120000
SPS: 1217
Epoch: 762, global_step=9132000
SPS: 1217
Epoch: 763, global_step=9144000
SPS: 1218
Epoch: 764, global_step=9156000
SPS: 1218
Epoch: 765, global_step=9168000
SPS: 1218
Epoch: 766, global_step=9180000
SPS: 1218
Epoch: 767, global_step=9192000
SPS: 1219
Epoch: 768, global_step=9204000
SPS: 1219
Epoch: 769, global_step=9216000
Evaluating
Evaluated 11520 steps resulting in 192 episodes
[32mEvaluation Metric: success_once[0m | [36mMean: 0.3281[0m
[32mEvaluation Metric: return[0m | [36mMean: 11.1372[0m
[32mEvaluation Metric: episode_len[0m | [36mMean: 60.0000[0m
[32mEvaluation Metric: reward[0m | [36mMean: 0.1856[0m
[32mEvaluation Metric: success_at_end[0m | [36mMean: 0.1667[0m
model saved to checkpoints/ppo_memtasks/rgb_joints_belief/normalized_dense/RememberColor9-v0/ppo-baseline-last5-newhyper-42__42__rgb_joints_belief__20260127_072000/20260127_072000/ckpt_16_769.pt
SPS: 1206
Epoch: 770, global_step=9228000
SPS: 1207
Epoch: 771, global_step=9240000
SPS: 1207
Epoch: 772, global_step=9252000
SPS: 1207
Epoch: 773, global_step=9264000
SPS: 1207
Epoch: 774, global_step=9276000
SPS: 1208
Epoch: 775, global_step=9288000
SPS: 1208
Epoch: 776, global_step=9300000
SPS: 1208
Epoch: 777, global_step=9312000
SPS: 1208
Epoch: 778, global_step=9324000
SPS: 1209
Epoch: 779, global_step=9336000
SPS: 1209
Epoch: 780, global_step=9348000
SPS: 1209
Epoch: 781, global_step=9360000
SPS: 1209
Epoch: 782, global_step=9372000
SPS: 1210
Epoch: 783, global_step=9384000
SPS: 1210
Epoch: 784, global_step=9396000
SPS: 1210
Epoch: 785, global_step=9408000
SPS: 1211
Epoch: 786, global_step=9420000
SPS: 1211
Epoch: 787, global_step=9432000
SPS: 1211
Epoch: 788, global_step=9444000
SPS: 1211
Epoch: 789, global_step=9456000
SPS: 1211
Epoch: 790, global_step=9468000
SPS: 1212
Epoch: 791, global_step=9480000
SPS: 1212
Epoch: 792, global_step=9492000
SPS: 1212
Epoch: 793, global_step=9504000
SPS: 1212
Epoch: 794, global_step=9516000
SPS: 1213
Epoch: 795, global_step=9528000
SPS: 1213
Epoch: 796, global_step=9540000
SPS: 1213
Epoch: 797, global_step=9552000
SPS: 1213
Epoch: 798, global_step=9564000
SPS: 1214
Epoch: 799, global_step=9576000
SPS: 1214
Epoch: 800, global_step=9588000
SPS: 1214
Epoch: 801, global_step=9600000
SPS: 1214
Epoch: 802, global_step=9612000
SPS: 1215
Epoch: 803, global_step=9624000
SPS: 1215
Epoch: 804, global_step=9636000
SPS: 1215
Epoch: 805, global_step=9648000
SPS: 1215
Epoch: 806, global_step=9660000
SPS: 1216
Epoch: 807, global_step=9672000
SPS: 1216
Epoch: 808, global_step=9684000
SPS: 1216
Epoch: 809, global_step=9696000
SPS: 1216
Epoch: 810, global_step=9708000
SPS: 1217
Epoch: 811, global_step=9720000
SPS: 1217
Epoch: 812, global_step=9732000
SPS: 1217
Epoch: 813, global_step=9744000
SPS: 1217
Epoch: 814, global_step=9756000
SPS: 1218
Epoch: 815, global_step=9768000
SPS: 1218
Epoch: 816, global_step=9780000
SPS: 1218
Epoch: 817, global_step=9792000
Evaluating
Evaluated 11520 steps resulting in 192 episodes
[32mEvaluation Metric: success_once[0m | [36mMean: 0.3750[0m
[32mEvaluation Metric: return[0m | [36mMean: 12.9115[0m
[32mEvaluation Metric: episode_len[0m | [36mMean: 60.0000[0m
[32mEvaluation Metric: reward[0m | [36mMean: 0.2152[0m
[32mEvaluation Metric: success_at_end[0m | [36mMean: 0.2188[0m
model saved to checkpoints/ppo_memtasks/rgb_joints_belief/normalized_dense/RememberColor9-v0/ppo-baseline-last5-newhyper-42__42__rgb_joints_belief__20260127_072000/20260127_072000/ckpt_17_817.pt
SPS: 1207
Epoch: 818, global_step=9804000
SPS: 1207
Epoch: 819, global_step=9816000
SPS: 1207
Epoch: 820, global_step=9828000
SPS: 1208
Epoch: 821, global_step=9840000
SPS: 1208
Epoch: 822, global_step=9852000
SPS: 1208
Epoch: 823, global_step=9864000
SPS: 1208
Epoch: 824, global_step=9876000
SPS: 1209
Epoch: 825, global_step=9888000
SPS: 1209
Epoch: 826, global_step=9900000
SPS: 1209
Epoch: 827, global_step=9912000
SPS: 1209
Epoch: 828, global_step=9924000
SPS: 1210
Epoch: 829, global_step=9936000
SPS: 1210
Epoch: 830, global_step=9948000
SPS: 1210
Epoch: 831, global_step=9960000
SPS: 1210
Epoch: 832, global_step=9972000
SPS: 1211
Epoch: 833, global_step=9984000
SPS: 1211
Epoch: 834, global_step=9996000
SPS: 1211
Epoch: 835, global_step=10008000
SPS: 1211
Epoch: 836, global_step=10020000
SPS: 1212
Epoch: 837, global_step=10032000
SPS: 1212
Epoch: 838, global_step=10044000
SPS: 1212
Epoch: 839, global_step=10056000
SPS: 1212
Epoch: 840, global_step=10068000
SPS: 1212
Epoch: 841, global_step=10080000
SPS: 1213
Epoch: 842, global_step=10092000
SPS: 1213
Epoch: 843, global_step=10104000
SPS: 1213
Epoch: 844, global_step=10116000
SPS: 1213
Epoch: 845, global_step=10128000
SPS: 1214
Epoch: 846, global_step=10140000
SPS: 1214
Epoch: 847, global_step=10152000
SPS: 1214
Epoch: 848, global_step=10164000
SPS: 1214
Epoch: 849, global_step=10176000
SPS: 1215
Epoch: 850, global_step=10188000
SPS: 1215
Epoch: 851, global_step=10200000
SPS: 1215
Epoch: 852, global_step=10212000
SPS: 1215
Epoch: 853, global_step=10224000
SPS: 1215
Epoch: 854, global_step=10236000
SPS: 1216
Epoch: 855, global_step=10248000
SPS: 1216
Epoch: 856, global_step=10260000
SPS: 1216
Epoch: 857, global_step=10272000
SPS: 1216
Epoch: 858, global_step=10284000
SPS: 1217
Epoch: 859, global_step=10296000
SPS: 1217
Epoch: 860, global_step=10308000
SPS: 1217
Epoch: 861, global_step=10320000
SPS: 1217
Epoch: 862, global_step=10332000
SPS: 1218
Epoch: 863, global_step=10344000
SPS: 1218
Epoch: 864, global_step=10356000
SPS: 1218
Epoch: 865, global_step=10368000
Evaluating
Evaluated 11520 steps resulting in 192 episodes
[32mEvaluation Metric: success_once[0m | [36mMean: 0.3021[0m
[32mEvaluation Metric: return[0m | [36mMean: 12.3179[0m
[32mEvaluation Metric: episode_len[0m | [36mMean: 60.0000[0m
[32mEvaluation Metric: reward[0m | [36mMean: 0.2053[0m
[32mEvaluation Metric: success_at_end[0m | [36mMean: 0.1927[0m
model saved to checkpoints/ppo_memtasks/rgb_joints_belief/normalized_dense/RememberColor9-v0/ppo-baseline-last5-newhyper-42__42__rgb_joints_belief__20260127_072000/20260127_072000/ckpt_18_865.pt
SPS: 1207
model saved to checkpoints/ppo_memtasks/rgb_joints_belief/normalized_dense/RememberColor9-v0/ppo-baseline-last5-newhyper-42__42__rgb_joints_belief__20260127_072000/20260127_072000/final_ckpt.pt
Running RememberColor9-v0 with belief, seed 99

===========================================================================
║                        Environment Configuration                        ║
===========================================================================
║ Environment ID: RememberColor9-v0                                       ║
║ Oracle Info:    None                                                    ║
║ Wrappers:                                                               ║
║    ├─ InitialZeroActionWrapper                                         ║
║    │  └─ {'n_initial_steps': 0}                                           ║
║    ├─ RememberColorInfoWrapper                                         ║
║    ├─ RenderStepInfoWrapper                                            ║
║    ├─ RenderRewardInfoWrapper                                          ║
║    ├─ DebugRewardWrapper                                               ║
║-------------------------------------------------------------------------║
║ include_state:       False │ state will not be used                ║
║ include_rgb:         True  │ rgb images will be used               ║
║ include_oracle:      False │ oracle info will not be used          ║
║ include_joints:      True  │ joints will be used                   ║
===========================================================================

MODE='rgb_joints_belief'
prompt_info=None
Saving eval videos to checkpoints/ppo_memtasks/rgb_joints_belief/normalized_dense/RememberColor9-v0/ppo-baseline-last5-newhyper-99__99__rgb_joints_belief__20260127_094326/20260127_094326/videos
======================================================================
Max Episode Steps: 60
======================================================================

Loading belief model from /local/s4176650/sphinx/storage/RememberColor9-v0_vae_mikasa_last5/final_vae_model.pt
  phi_dim=16, latent_dim=32
Belief model loaded successfully. Memory size: 768
Running training

####
args.num_iterations=865 args.num_envs=200 args.num_eval_envs=16
args.minibatch_size=375 args.batch_size=12000 args.update_epochs=2
####

sample_obs.keys()=dict_keys(['joints', 'rgb'])
joints: torch.Size([200, 25])
rgb: torch.Size([200, 128, 128, 3])


Epoch: 1, global_step=0
Evaluating
Evaluated 11520 steps resulting in 192 episodes
[32mEvaluation Metric: success_once[0m | [36mMean: 0.0000[0m
[32mEvaluation Metric: return[0m | [36mMean: 9.9440[0m
[32mEvaluation Metric: episode_len[0m | [36mMean: 60.0000[0m
[32mEvaluation Metric: reward[0m | [36mMean: 0.1657[0m
[32mEvaluation Metric: success_at_end[0m | [36mMean: 0.0000[0m
model saved to checkpoints/ppo_memtasks/rgb_joints_belief/normalized_dense/RememberColor9-v0/ppo-baseline-last5-newhyper-99__99__rgb_joints_belief__20260127_094326/20260127_094326/ckpt_0_1.pt
SPS: 151
Epoch: 2, global_step=12000
SPS: 277
Epoch: 3, global_step=24000
SPS: 381
Epoch: 4, global_step=36000
SPS: 470
Epoch: 5, global_step=48000
SPS: 545
Epoch: 6, global_step=60000
SPS: 608
Epoch: 7, global_step=72000
SPS: 664
Epoch: 8, global_step=84000
SPS: 714
Epoch: 9, global_step=96000
SPS: 757
Epoch: 10, global_step=108000
SPS: 797
Epoch: 11, global_step=120000
SPS: 833
Epoch: 12, global_step=132000
SPS: 862
Epoch: 13, global_step=144000
SPS: 890
Epoch: 14, global_step=156000
SPS: 915
Epoch: 15, global_step=168000
SPS: 939
Epoch: 16, global_step=180000
SPS: 960
Epoch: 17, global_step=192000
SPS: 980
Epoch: 18, global_step=204000
SPS: 998
Epoch: 19, global_step=216000
SPS: 1015
Epoch: 20, global_step=228000
SPS: 1031
Epoch: 21, global_step=240000
SPS: 1045
Epoch: 22, global_step=252000
SPS: 1059
Epoch: 23, global_step=264000
SPS: 1071
Epoch: 24, global_step=276000
SPS: 1083
Epoch: 25, global_step=288000
SPS: 1094
Epoch: 26, global_step=300000
SPS: 1105
Epoch: 27, global_step=312000
SPS: 1115
Epoch: 28, global_step=324000
SPS: 1124
Epoch: 29, global_step=336000
SPS: 1133
Epoch: 30, global_step=348000
SPS: 1142
Epoch: 31, global_step=360000
SPS: 1150
Epoch: 32, global_step=372000
SPS: 1157
Epoch: 33, global_step=384000
SPS: 1165
Epoch: 34, global_step=396000
SPS: 1171
Epoch: 35, global_step=408000
SPS: 1178
Epoch: 36, global_step=420000
SPS: 1184
Epoch: 37, global_step=432000
SPS: 1190
Epoch: 38, global_step=444000
SPS: 1196
Epoch: 39, global_step=456000
SPS: 1201
Epoch: 40, global_step=468000
SPS: 1206
Epoch: 41, global_step=480000
SPS: 1211
Epoch: 42, global_step=492000
SPS: 1216
Epoch: 43, global_step=504000
SPS: 1221
Epoch: 44, global_step=516000
SPS: 1225
Epoch: 45, global_step=528000
SPS: 1229
Epoch: 46, global_step=540000
SPS: 1233
Epoch: 47, global_step=552000
SPS: 1237
Epoch: 48, global_step=564000
SPS: 1241
Epoch: 49, global_step=576000
Evaluating
Evaluated 11520 steps resulting in 192 episodes
[32mEvaluation Metric: success_once[0m | [36mMean: 0.1875[0m
[32mEvaluation Metric: return[0m | [36mMean: 6.3624[0m
[32mEvaluation Metric: episode_len[0m | [36mMean: 60.0000[0m
[32mEvaluation Metric: reward[0m | [36mMean: 0.1060[0m
[32mEvaluation Metric: success_at_end[0m | [36mMean: 0.1042[0m
model saved to checkpoints/ppo_memtasks/rgb_joints_belief/normalized_dense/RememberColor9-v0/ppo-baseline-last5-newhyper-99__99__rgb_joints_belief__20260127_094326/20260127_094326/ckpt_1_49.pt
SPS: 1066
Epoch: 50, global_step=588000
SPS: 1072
Epoch: 51, global_step=600000
SPS: 1077
Epoch: 52, global_step=612000
SPS: 1083
Epoch: 53, global_step=624000
SPS: 1088
Epoch: 54, global_step=636000
SPS: 1093
Epoch: 55, global_step=648000
SPS: 1098
Epoch: 56, global_step=660000
SPS: 1102
Epoch: 57, global_step=672000
SPS: 1107
Epoch: 58, global_step=684000
SPS: 1111
Epoch: 59, global_step=696000
SPS: 1116
Epoch: 60, global_step=708000
SPS: 1120
Epoch: 61, global_step=720000
SPS: 1124
Epoch: 62, global_step=732000
SPS: 1128
Epoch: 63, global_step=744000
SPS: 1132
Epoch: 64, global_step=756000
SPS: 1136
Epoch: 65, global_step=768000
SPS: 1140
Epoch: 66, global_step=780000
SPS: 1143
Epoch: 67, global_step=792000
SPS: 1147
Epoch: 68, global_step=804000
SPS: 1150
Epoch: 69, global_step=816000
SPS: 1154
Epoch: 70, global_step=828000
SPS: 1157
Epoch: 71, global_step=840000
SPS: 1160
Epoch: 72, global_step=852000
SPS: 1163
Epoch: 73, global_step=864000
SPS: 1166
Epoch: 74, global_step=876000
SPS: 1169
Epoch: 75, global_step=888000
SPS: 1172
Epoch: 76, global_step=900000
SPS: 1175
Epoch: 77, global_step=912000
SPS: 1178
Epoch: 78, global_step=924000
SPS: 1181
Epoch: 79, global_step=936000
SPS: 1184
Epoch: 80, global_step=948000
SPS: 1186
Epoch: 81, global_step=960000
SPS: 1189
Epoch: 82, global_step=972000
SPS: 1191
Epoch: 83, global_step=984000
SPS: 1194
Epoch: 84, global_step=996000
SPS: 1196
Epoch: 85, global_step=1008000
SPS: 1199
Epoch: 86, global_step=1020000
SPS: 1201
Epoch: 87, global_step=1032000
SPS: 1203
Epoch: 88, global_step=1044000
SPS: 1206
Epoch: 89, global_step=1056000
SPS: 1208
Epoch: 90, global_step=1068000
SPS: 1210
Epoch: 91, global_step=1080000
SPS: 1212
Epoch: 92, global_step=1092000
SPS: 1214
Epoch: 93, global_step=1104000
SPS: 1216
Epoch: 94, global_step=1116000
SPS: 1218
Epoch: 95, global_step=1128000
SPS: 1220
Epoch: 96, global_step=1140000
SPS: 1222
Epoch: 97, global_step=1152000
Evaluating
Evaluated 11520 steps resulting in 192 episodes
[32mEvaluation Metric: success_once[0m | [36mMean: 0.0990[0m
[32mEvaluation Metric: return[0m | [36mMean: 5.3082[0m
[32mEvaluation Metric: episode_len[0m | [36mMean: 60.0000[0m
[32mEvaluation Metric: reward[0m | [36mMean: 0.0885[0m
[32mEvaluation Metric: success_at_end[0m | [36mMean: 0.0469[0m
model saved to checkpoints/ppo_memtasks/rgb_joints_belief/normalized_dense/RememberColor9-v0/ppo-baseline-last5-newhyper-99__99__rgb_joints_belief__20260127_094326/20260127_094326/ckpt_2_97.pt
SPS: 1132
Epoch: 98, global_step=1164000
SPS: 1135
Epoch: 99, global_step=1176000
SPS: 1137
Epoch: 100, global_step=1188000
SPS: 1140
Epoch: 101, global_step=1200000
SPS: 1142
Epoch: 102, global_step=1212000
SPS: 1144
Epoch: 103, global_step=1224000
SPS: 1147
Epoch: 104, global_step=1236000
SPS: 1149
Epoch: 105, global_step=1248000
SPS: 1151
Epoch: 106, global_step=1260000
SPS: 1153
Epoch: 107, global_step=1272000
SPS: 1155
Epoch: 108, global_step=1284000
SPS: 1157
Epoch: 109, global_step=1296000
SPS: 1159
Epoch: 110, global_step=1308000
SPS: 1161
Epoch: 111, global_step=1320000
SPS: 1163
Epoch: 112, global_step=1332000
SPS: 1165
Epoch: 113, global_step=1344000
SPS: 1167
Epoch: 114, global_step=1356000
SPS: 1169
Epoch: 115, global_step=1368000
SPS: 1171
Epoch: 116, global_step=1380000
SPS: 1173
Epoch: 117, global_step=1392000
SPS: 1175
Epoch: 118, global_step=1404000
SPS: 1177
Epoch: 119, global_step=1416000
SPS: 1178
Epoch: 120, global_step=1428000
SPS: 1180
Epoch: 121, global_step=1440000
SPS: 1182
Epoch: 122, global_step=1452000
SPS: 1184
Epoch: 123, global_step=1464000
SPS: 1185
Epoch: 124, global_step=1476000
SPS: 1187
Epoch: 125, global_step=1488000
SPS: 1189
Epoch: 126, global_step=1500000
SPS: 1190
Epoch: 127, global_step=1512000
SPS: 1192
Epoch: 128, global_step=1524000
SPS: 1194
Epoch: 129, global_step=1536000
SPS: 1195
Epoch: 130, global_step=1548000
SPS: 1197
Epoch: 131, global_step=1560000
SPS: 1198
Epoch: 132, global_step=1572000
SPS: 1200
Epoch: 133, global_step=1584000
SPS: 1201
Epoch: 134, global_step=1596000
SPS: 1203
Epoch: 135, global_step=1608000
SPS: 1204
Epoch: 136, global_step=1620000
SPS: 1206
Epoch: 137, global_step=1632000
SPS: 1207
Epoch: 138, global_step=1644000
SPS: 1209
Epoch: 139, global_step=1656000
SPS: 1210
Epoch: 140, global_step=1668000
SPS: 1211
Epoch: 141, global_step=1680000
SPS: 1213
Epoch: 142, global_step=1692000
SPS: 1214
Epoch: 143, global_step=1704000
SPS: 1216
Epoch: 144, global_step=1716000
SPS: 1217
Epoch: 145, global_step=1728000
Evaluating
Evaluated 11520 steps resulting in 192 episodes
[32mEvaluation Metric: success_once[0m | [36mMean: 0.1979[0m
[32mEvaluation Metric: return[0m | [36mMean: 9.0645[0m
[32mEvaluation Metric: episode_len[0m | [36mMean: 60.0000[0m
[32mEvaluation Metric: reward[0m | [36mMean: 0.1511[0m
[32mEvaluation Metric: success_at_end[0m | [36mMean: 0.1042[0m
model saved to checkpoints/ppo_memtasks/rgb_joints_belief/normalized_dense/RememberColor9-v0/ppo-baseline-last5-newhyper-99__99__rgb_joints_belief__20260127_094326/20260127_094326/ckpt_3_145.pt
SPS: 1156
Epoch: 146, global_step=1740000
SPS: 1157
Epoch: 147, global_step=1752000
SPS: 1159
Epoch: 148, global_step=1764000
SPS: 1161
Epoch: 149, global_step=1776000
SPS: 1162
Epoch: 150, global_step=1788000
SPS: 1164
Epoch: 151, global_step=1800000
SPS: 1165
Epoch: 152, global_step=1812000
SPS: 1167
Epoch: 153, global_step=1824000
SPS: 1168
Epoch: 154, global_step=1836000
SPS: 1169
Epoch: 155, global_step=1848000
SPS: 1171
Epoch: 156, global_step=1860000
SPS: 1172
Epoch: 157, global_step=1872000
SPS: 1174
Epoch: 158, global_step=1884000
SPS: 1175
Epoch: 159, global_step=1896000
SPS: 1176
Epoch: 160, global_step=1908000
SPS: 1178
Epoch: 161, global_step=1920000
SPS: 1179
Epoch: 162, global_step=1932000
SPS: 1180
Epoch: 163, global_step=1944000
SPS: 1182
Epoch: 164, global_step=1956000
SPS: 1183
Epoch: 165, global_step=1968000
SPS: 1184
Epoch: 166, global_step=1980000
SPS: 1185
Epoch: 167, global_step=1992000
SPS: 1187
Epoch: 168, global_step=2004000
SPS: 1188
Epoch: 169, global_step=2016000
SPS: 1189
Epoch: 170, global_step=2028000
SPS: 1190
Epoch: 171, global_step=2040000
SPS: 1192
Epoch: 172, global_step=2052000
SPS: 1193
Epoch: 173, global_step=2064000
SPS: 1194
Epoch: 174, global_step=2076000
SPS: 1195
Epoch: 175, global_step=2088000
SPS: 1196
Epoch: 176, global_step=2100000
SPS: 1197
Epoch: 177, global_step=2112000
SPS: 1199
Epoch: 178, global_step=2124000
SPS: 1200
Epoch: 179, global_step=2136000
SPS: 1201
Epoch: 180, global_step=2148000
SPS: 1202
Epoch: 181, global_step=2160000
SPS: 1203
Epoch: 182, global_step=2172000
SPS: 1204
Epoch: 183, global_step=2184000
SPS: 1205
Epoch: 184, global_step=2196000
SPS: 1206
Epoch: 185, global_step=2208000
SPS: 1207
Epoch: 186, global_step=2220000
SPS: 1209
Epoch: 187, global_step=2232000
SPS: 1210
Epoch: 188, global_step=2244000
SPS: 1211
Epoch: 189, global_step=2256000
SPS: 1212
Epoch: 190, global_step=2268000
SPS: 1213
Epoch: 191, global_step=2280000
SPS: 1214
Epoch: 192, global_step=2292000
SPS: 1215
Epoch: 193, global_step=2304000
Evaluating
Evaluated 11520 steps resulting in 192 episodes
[32mEvaluation Metric: success_once[0m | [36mMean: 0.1302[0m
[32mEvaluation Metric: return[0m | [36mMean: 7.3644[0m
[32mEvaluation Metric: episode_len[0m | [36mMean: 60.0000[0m
[32mEvaluation Metric: reward[0m | [36mMean: 0.1227[0m
[32mEvaluation Metric: success_at_end[0m | [36mMean: 0.0521[0m
model saved to checkpoints/ppo_memtasks/rgb_joints_belief/normalized_dense/RememberColor9-v0/ppo-baseline-last5-newhyper-99__99__rgb_joints_belief__20260127_094326/20260127_094326/ckpt_4_193.pt
SPS: 1169
Epoch: 194, global_step=2316000
SPS: 1171
Epoch: 195, global_step=2328000
SPS: 1172
Epoch: 196, global_step=2340000
SPS: 1173
Epoch: 197, global_step=2352000
SPS: 1174
Epoch: 198, global_step=2364000
SPS: 1175
Epoch: 199, global_step=2376000
SPS: 1176
Epoch: 200, global_step=2388000
SPS: 1177
Epoch: 201, global_step=2400000
SPS: 1178
Epoch: 202, global_step=2412000
SPS: 1179
Epoch: 203, global_step=2424000
SPS: 1181
Epoch: 204, global_step=2436000
SPS: 1182
Epoch: 205, global_step=2448000
SPS: 1183
Epoch: 206, global_step=2460000
SPS: 1184
Epoch: 207, global_step=2472000
SPS: 1184
Epoch: 208, global_step=2484000
SPS: 1185
Epoch: 209, global_step=2496000
SPS: 1186
Epoch: 210, global_step=2508000
SPS: 1187
Epoch: 211, global_step=2520000
SPS: 1188
Epoch: 212, global_step=2532000
SPS: 1189
Epoch: 213, global_step=2544000
SPS: 1190
Epoch: 214, global_step=2556000
SPS: 1191
Epoch: 215, global_step=2568000
SPS: 1192
Epoch: 216, global_step=2580000
SPS: 1193
Epoch: 217, global_step=2592000
SPS: 1194
Epoch: 218, global_step=2604000
SPS: 1195
Epoch: 219, global_step=2616000
SPS: 1196
Epoch: 220, global_step=2628000
SPS: 1197
Epoch: 221, global_step=2640000
SPS: 1198
Epoch: 222, global_step=2652000
SPS: 1199
Epoch: 223, global_step=2664000
SPS: 1200
Epoch: 224, global_step=2676000
SPS: 1201
Epoch: 225, global_step=2688000
SPS: 1202
Epoch: 226, global_step=2700000
SPS: 1202
Epoch: 227, global_step=2712000
SPS: 1203
Epoch: 228, global_step=2724000
SPS: 1204
Epoch: 229, global_step=2736000
SPS: 1205
Epoch: 230, global_step=2748000
SPS: 1206
Epoch: 231, global_step=2760000
SPS: 1207
Epoch: 232, global_step=2772000
SPS: 1208
Epoch: 233, global_step=2784000
SPS: 1208
Epoch: 234, global_step=2796000
SPS: 1209
Epoch: 235, global_step=2808000
SPS: 1210
Epoch: 236, global_step=2820000
SPS: 1211
Epoch: 237, global_step=2832000
SPS: 1212
Epoch: 238, global_step=2844000
SPS: 1212
Epoch: 239, global_step=2856000
SPS: 1213
Epoch: 240, global_step=2868000
SPS: 1214
Epoch: 241, global_step=2880000
Evaluating
Evaluated 11520 steps resulting in 192 episodes
[32mEvaluation Metric: success_once[0m | [36mMean: 0.1354[0m
[32mEvaluation Metric: return[0m | [36mMean: 7.8486[0m
[32mEvaluation Metric: episode_len[0m | [36mMean: 60.0000[0m
[32mEvaluation Metric: reward[0m | [36mMean: 0.1308[0m
[32mEvaluation Metric: success_at_end[0m | [36mMean: 0.0729[0m
model saved to checkpoints/ppo_memtasks/rgb_joints_belief/normalized_dense/RememberColor9-v0/ppo-baseline-last5-newhyper-99__99__rgb_joints_belief__20260127_094326/20260127_094326/ckpt_5_241.pt
SPS: 1176
Epoch: 242, global_step=2892000
SPS: 1177
Epoch: 243, global_step=2904000
SPS: 1178
Epoch: 244, global_step=2916000
SPS: 1179
Epoch: 245, global_step=2928000
SPS: 1180
Epoch: 246, global_step=2940000
SPS: 1181
Epoch: 247, global_step=2952000
SPS: 1181
Epoch: 248, global_step=2964000
SPS: 1182
Epoch: 249, global_step=2976000
SPS: 1183
Epoch: 250, global_step=2988000
SPS: 1184
Epoch: 251, global_step=3000000
SPS: 1185
Epoch: 252, global_step=3012000
SPS: 1186
Epoch: 253, global_step=3024000
SPS: 1186
Epoch: 254, global_step=3036000
SPS: 1187
Epoch: 255, global_step=3048000
SPS: 1188
Epoch: 256, global_step=3060000
SPS: 1189
Epoch: 257, global_step=3072000
SPS: 1190
Epoch: 258, global_step=3084000
SPS: 1190
Epoch: 259, global_step=3096000
SPS: 1191
Epoch: 260, global_step=3108000
SPS: 1192
Epoch: 261, global_step=3120000
SPS: 1193
Epoch: 262, global_step=3132000
SPS: 1194
Epoch: 263, global_step=3144000
SPS: 1194
Epoch: 264, global_step=3156000
SPS: 1195
Epoch: 265, global_step=3168000
SPS: 1196
Epoch: 266, global_step=3180000
SPS: 1197
Epoch: 267, global_step=3192000
SPS: 1197
Epoch: 268, global_step=3204000
SPS: 1198
Epoch: 269, global_step=3216000
SPS: 1199
Epoch: 270, global_step=3228000
SPS: 1200
Epoch: 271, global_step=3240000
SPS: 1200
Epoch: 272, global_step=3252000
SPS: 1201
Epoch: 273, global_step=3264000
SPS: 1202
Epoch: 274, global_step=3276000
SPS: 1203
Epoch: 275, global_step=3288000
SPS: 1203
Epoch: 276, global_step=3300000
SPS: 1204
Epoch: 277, global_step=3312000
SPS: 1205
Epoch: 278, global_step=3324000
SPS: 1205
Epoch: 279, global_step=3336000
SPS: 1206
Epoch: 280, global_step=3348000
SPS: 1207
Epoch: 281, global_step=3360000
SPS: 1207
Epoch: 282, global_step=3372000
SPS: 1208
Epoch: 283, global_step=3384000
SPS: 1209
Epoch: 284, global_step=3396000
SPS: 1210
Epoch: 285, global_step=3408000
SPS: 1210
Epoch: 286, global_step=3420000
SPS: 1211
Epoch: 287, global_step=3432000
SPS: 1212
Epoch: 288, global_step=3444000
SPS: 1212
Epoch: 289, global_step=3456000
Evaluating
Evaluated 11520 steps resulting in 192 episodes
[32mEvaluation Metric: success_once[0m | [36mMean: 0.2969[0m
[32mEvaluation Metric: return[0m | [36mMean: 12.3605[0m
[32mEvaluation Metric: episode_len[0m | [36mMean: 60.0000[0m
[32mEvaluation Metric: reward[0m | [36mMean: 0.2060[0m
[32mEvaluation Metric: success_at_end[0m | [36mMean: 0.1771[0m
model saved to checkpoints/ppo_memtasks/rgb_joints_belief/normalized_dense/RememberColor9-v0/ppo-baseline-last5-newhyper-99__99__rgb_joints_belief__20260127_094326/20260127_094326/ckpt_6_289.pt
SPS: 1182
Epoch: 290, global_step=3468000
SPS: 1183
Epoch: 291, global_step=3480000
SPS: 1183
Epoch: 292, global_step=3492000
SPS: 1184
Epoch: 293, global_step=3504000
SPS: 1185
Epoch: 294, global_step=3516000
SPS: 1185
Epoch: 295, global_step=3528000
SPS: 1186
Epoch: 296, global_step=3540000
SPS: 1187
Epoch: 297, global_step=3552000
SPS: 1187
Epoch: 298, global_step=3564000
SPS: 1188
Epoch: 299, global_step=3576000
SPS: 1189
Epoch: 300, global_step=3588000
SPS: 1190
Epoch: 301, global_step=3600000
SPS: 1190
Epoch: 302, global_step=3612000
SPS: 1191
Epoch: 303, global_step=3624000
SPS: 1192
Epoch: 304, global_step=3636000
SPS: 1192
Epoch: 305, global_step=3648000
SPS: 1193
Epoch: 306, global_step=3660000
SPS: 1194
Epoch: 307, global_step=3672000
SPS: 1194
Epoch: 308, global_step=3684000
SPS: 1195
Epoch: 309, global_step=3696000
SPS: 1196
Epoch: 310, global_step=3708000
SPS: 1196
Epoch: 311, global_step=3720000
SPS: 1197
Epoch: 312, global_step=3732000
SPS: 1198
Epoch: 313, global_step=3744000
SPS: 1198
Epoch: 314, global_step=3756000
SPS: 1199
Epoch: 315, global_step=3768000
SPS: 1199
Epoch: 316, global_step=3780000
SPS: 1200
Epoch: 317, global_step=3792000
SPS: 1201
Epoch: 318, global_step=3804000
SPS: 1201
Epoch: 319, global_step=3816000
SPS: 1202
Epoch: 320, global_step=3828000
SPS: 1203
Epoch: 321, global_step=3840000
SPS: 1203
Epoch: 322, global_step=3852000
SPS: 1204
Epoch: 323, global_step=3864000
SPS: 1204
Epoch: 324, global_step=3876000
SPS: 1205
Epoch: 325, global_step=3888000
SPS: 1206
Epoch: 326, global_step=3900000
SPS: 1206
Epoch: 327, global_step=3912000
SPS: 1207
Epoch: 328, global_step=3924000
SPS: 1207
Epoch: 329, global_step=3936000
SPS: 1208
Epoch: 330, global_step=3948000
SPS: 1209
Epoch: 331, global_step=3960000
SPS: 1209
Epoch: 332, global_step=3972000
SPS: 1210
Epoch: 333, global_step=3984000
SPS: 1210
Epoch: 334, global_step=3996000
SPS: 1211
Epoch: 335, global_step=4008000
SPS: 1212
Epoch: 336, global_step=4020000
SPS: 1212
Epoch: 337, global_step=4032000
Evaluating
Evaluated 11520 steps resulting in 192 episodes
[32mEvaluation Metric: success_once[0m | [36mMean: 0.2969[0m
[32mEvaluation Metric: return[0m | [36mMean: 11.4678[0m
[32mEvaluation Metric: episode_len[0m | [36mMean: 60.0000[0m
[32mEvaluation Metric: reward[0m | [36mMean: 0.1911[0m
[32mEvaluation Metric: success_at_end[0m | [36mMean: 0.1042[0m
model saved to checkpoints/ppo_memtasks/rgb_joints_belief/normalized_dense/RememberColor9-v0/ppo-baseline-last5-newhyper-99__99__rgb_joints_belief__20260127_094326/20260127_094326/ckpt_7_337.pt
SPS: 1186
Epoch: 338, global_step=4044000
SPS: 1186
Epoch: 339, global_step=4056000
SPS: 1187
Epoch: 340, global_step=4068000
SPS: 1188
Epoch: 341, global_step=4080000
SPS: 1188
Epoch: 342, global_step=4092000
SPS: 1189
Epoch: 343, global_step=4104000
SPS: 1189
Epoch: 344, global_step=4116000
SPS: 1190
Epoch: 345, global_step=4128000
SPS: 1190
Epoch: 346, global_step=4140000
SPS: 1191
Epoch: 347, global_step=4152000
SPS: 1191
Epoch: 348, global_step=4164000
SPS: 1192
Epoch: 349, global_step=4176000
SPS: 1192
Epoch: 350, global_step=4188000
SPS: 1193
Epoch: 351, global_step=4200000
SPS: 1194
Epoch: 352, global_step=4212000
SPS: 1194
Epoch: 353, global_step=4224000
SPS: 1195
Epoch: 354, global_step=4236000
SPS: 1195
Epoch: 355, global_step=4248000
SPS: 1196
Epoch: 356, global_step=4260000
SPS: 1196
Epoch: 357, global_step=4272000
SPS: 1197
Epoch: 358, global_step=4284000
SPS: 1197
Epoch: 359, global_step=4296000
SPS: 1198
Epoch: 360, global_step=4308000
SPS: 1199
Epoch: 361, global_step=4320000
SPS: 1199
Epoch: 362, global_step=4332000
SPS: 1200
Epoch: 363, global_step=4344000
SPS: 1200
Epoch: 364, global_step=4356000
SPS: 1201
Epoch: 365, global_step=4368000
SPS: 1201
Epoch: 366, global_step=4380000
SPS: 1202
Epoch: 367, global_step=4392000
SPS: 1202
Epoch: 368, global_step=4404000
SPS: 1203
Epoch: 369, global_step=4416000
SPS: 1203
Epoch: 370, global_step=4428000
SPS: 1204
Epoch: 371, global_step=4440000
SPS: 1204
Epoch: 372, global_step=4452000
SPS: 1205
Epoch: 373, global_step=4464000
SPS: 1205
Epoch: 374, global_step=4476000
SPS: 1206
Epoch: 375, global_step=4488000
SPS: 1206
Epoch: 376, global_step=4500000
SPS: 1207
Epoch: 377, global_step=4512000
SPS: 1207
Epoch: 378, global_step=4524000
SPS: 1208
Epoch: 379, global_step=4536000
SPS: 1208
Epoch: 380, global_step=4548000
SPS: 1209
Epoch: 381, global_step=4560000
SPS: 1209
Epoch: 382, global_step=4572000
SPS: 1210
Epoch: 383, global_step=4584000
SPS: 1210
Epoch: 384, global_step=4596000
SPS: 1211
Epoch: 385, global_step=4608000
Evaluating
Evaluated 11520 steps resulting in 192 episodes
[32mEvaluation Metric: success_once[0m | [36mMean: 0.2500[0m
[32mEvaluation Metric: return[0m | [36mMean: 10.1823[0m
[32mEvaluation Metric: episode_len[0m | [36mMean: 60.0000[0m
[32mEvaluation Metric: reward[0m | [36mMean: 0.1697[0m
[32mEvaluation Metric: success_at_end[0m | [36mMean: 0.1354[0m
model saved to checkpoints/ppo_memtasks/rgb_joints_belief/normalized_dense/RememberColor9-v0/ppo-baseline-last5-newhyper-99__99__rgb_joints_belief__20260127_094326/20260127_094326/ckpt_8_385.pt
SPS: 1188
Epoch: 386, global_step=4620000
SPS: 1188
Epoch: 387, global_step=4632000
SPS: 1189
Epoch: 388, global_step=4644000
SPS: 1189
Epoch: 389, global_step=4656000
SPS: 1190
Epoch: 390, global_step=4668000
SPS: 1190
Epoch: 391, global_step=4680000
SPS: 1191
Epoch: 392, global_step=4692000
SPS: 1191
Epoch: 393, global_step=4704000
SPS: 1191
Epoch: 394, global_step=4716000
SPS: 1192
Epoch: 395, global_step=4728000
SPS: 1193
Epoch: 396, global_step=4740000
SPS: 1193
Epoch: 397, global_step=4752000
SPS: 1194
Epoch: 398, global_step=4764000
SPS: 1194
Epoch: 399, global_step=4776000
SPS: 1195
Epoch: 400, global_step=4788000
SPS: 1195
Epoch: 401, global_step=4800000
SPS: 1196
Epoch: 402, global_step=4812000
SPS: 1196
Epoch: 403, global_step=4824000
SPS: 1197
Epoch: 404, global_step=4836000
SPS: 1197
Epoch: 405, global_step=4848000
SPS: 1197
Epoch: 406, global_step=4860000
SPS: 1198
Epoch: 407, global_step=4872000
SPS: 1198
Epoch: 408, global_step=4884000
SPS: 1199
Epoch: 409, global_step=4896000
SPS: 1199
Epoch: 410, global_step=4908000
SPS: 1200
Epoch: 411, global_step=4920000
SPS: 1200
Epoch: 412, global_step=4932000
SPS: 1201
Epoch: 413, global_step=4944000
SPS: 1201
Epoch: 414, global_step=4956000
SPS: 1202
Epoch: 415, global_step=4968000
SPS: 1202
Epoch: 416, global_step=4980000
SPS: 1203
Epoch: 417, global_step=4992000
SPS: 1203
Epoch: 418, global_step=5004000
SPS: 1204
Epoch: 419, global_step=5016000
SPS: 1204
Epoch: 420, global_step=5028000
SPS: 1205
Epoch: 421, global_step=5040000
SPS: 1205
Epoch: 422, global_step=5052000
SPS: 1206
Epoch: 423, global_step=5064000
SPS: 1206
Epoch: 424, global_step=5076000
SPS: 1206
Epoch: 425, global_step=5088000
SPS: 1207
Epoch: 426, global_step=5100000
SPS: 1207
Epoch: 427, global_step=5112000
SPS: 1208
Epoch: 428, global_step=5124000
SPS: 1208
Epoch: 429, global_step=5136000
SPS: 1209
Epoch: 430, global_step=5148000
SPS: 1209
Epoch: 431, global_step=5160000
SPS: 1210
Epoch: 432, global_step=5172000
SPS: 1210
Epoch: 433, global_step=5184000
Evaluating
Evaluated 11520 steps resulting in 192 episodes
[32mEvaluation Metric: success_once[0m | [36mMean: 0.2760[0m
[32mEvaluation Metric: return[0m | [36mMean: 10.8257[0m
[32mEvaluation Metric: episode_len[0m | [36mMean: 60.0000[0m
[32mEvaluation Metric: reward[0m | [36mMean: 0.1804[0m
[32mEvaluation Metric: success_at_end[0m | [36mMean: 0.1354[0m
model saved to checkpoints/ppo_memtasks/rgb_joints_belief/normalized_dense/RememberColor9-v0/ppo-baseline-last5-newhyper-99__99__rgb_joints_belief__20260127_094326/20260127_094326/ckpt_9_433.pt
SPS: 1190
Epoch: 434, global_step=5196000
SPS: 1190
Epoch: 435, global_step=5208000
SPS: 1191
Epoch: 436, global_step=5220000
SPS: 1191
Epoch: 437, global_step=5232000
SPS: 1192
Epoch: 438, global_step=5244000
SPS: 1192
Epoch: 439, global_step=5256000
SPS: 1193
Epoch: 440, global_step=5268000
SPS: 1193
Epoch: 441, global_step=5280000
SPS: 1193
Epoch: 442, global_step=5292000
SPS: 1194
Epoch: 443, global_step=5304000
SPS: 1194
Epoch: 444, global_step=5316000
SPS: 1195
Epoch: 445, global_step=5328000
SPS: 1195
Epoch: 446, global_step=5340000
SPS: 1196
Epoch: 447, global_step=5352000
SPS: 1196
Epoch: 448, global_step=5364000
SPS: 1196
Epoch: 449, global_step=5376000
SPS: 1197
Epoch: 450, global_step=5388000
SPS: 1197
Epoch: 451, global_step=5400000
SPS: 1198
Epoch: 452, global_step=5412000
SPS: 1198
Epoch: 453, global_step=5424000
SPS: 1199
Epoch: 454, global_step=5436000
SPS: 1199
Epoch: 455, global_step=5448000
SPS: 1200
Epoch: 456, global_step=5460000
SPS: 1200
Epoch: 457, global_step=5472000
SPS: 1200
Epoch: 458, global_step=5484000
SPS: 1201
Epoch: 459, global_step=5496000
SPS: 1201
Epoch: 460, global_step=5508000
SPS: 1202
Epoch: 461, global_step=5520000
SPS: 1202
Epoch: 462, global_step=5532000
SPS: 1203
Epoch: 463, global_step=5544000
SPS: 1203
Epoch: 464, global_step=5556000
SPS: 1203
Epoch: 465, global_step=5568000
SPS: 1204
Epoch: 466, global_step=5580000
SPS: 1204
Epoch: 467, global_step=5592000
SPS: 1205
Epoch: 468, global_step=5604000
SPS: 1205
Epoch: 469, global_step=5616000
SPS: 1206
Epoch: 470, global_step=5628000
SPS: 1206
Epoch: 471, global_step=5640000
SPS: 1206
Epoch: 472, global_step=5652000
SPS: 1207
Epoch: 473, global_step=5664000
SPS: 1207
Epoch: 474, global_step=5676000
SPS: 1208
Epoch: 475, global_step=5688000
SPS: 1208
Epoch: 476, global_step=5700000
SPS: 1208
Epoch: 477, global_step=5712000
SPS: 1209
Epoch: 478, global_step=5724000
SPS: 1209
Epoch: 479, global_step=5736000
SPS: 1210
Epoch: 480, global_step=5748000
SPS: 1210
Epoch: 481, global_step=5760000
Evaluating
Evaluated 11520 steps resulting in 192 episodes
[32mEvaluation Metric: success_once[0m | [36mMean: 0.2292[0m
[32mEvaluation Metric: return[0m | [36mMean: 9.7458[0m
[32mEvaluation Metric: episode_len[0m | [36mMean: 60.0000[0m
[32mEvaluation Metric: reward[0m | [36mMean: 0.1624[0m
[32mEvaluation Metric: success_at_end[0m | [36mMean: 0.1094[0m
model saved to checkpoints/ppo_memtasks/rgb_joints_belief/normalized_dense/RememberColor9-v0/ppo-baseline-last5-newhyper-99__99__rgb_joints_belief__20260127_094326/20260127_094326/ckpt_10_481.pt
SPS: 1191
Epoch: 482, global_step=5772000
SPS: 1192
Epoch: 483, global_step=5784000
SPS: 1192
Epoch: 484, global_step=5796000
SPS: 1193
Epoch: 485, global_step=5808000
SPS: 1193
Epoch: 486, global_step=5820000
SPS: 1193
Epoch: 487, global_step=5832000
SPS: 1194
Epoch: 488, global_step=5844000
SPS: 1194
Epoch: 489, global_step=5856000
SPS: 1195
Epoch: 490, global_step=5868000
SPS: 1195
Epoch: 491, global_step=5880000
SPS: 1195
Epoch: 492, global_step=5892000
SPS: 1196
Epoch: 493, global_step=5904000
SPS: 1196
Epoch: 494, global_step=5916000
SPS: 1197
Epoch: 495, global_step=5928000
SPS: 1197
Epoch: 496, global_step=5940000
SPS: 1197
Epoch: 497, global_step=5952000
SPS: 1198
Epoch: 498, global_step=5964000
SPS: 1198
Epoch: 499, global_step=5976000
SPS: 1199
Epoch: 500, global_step=5988000
SPS: 1199
Epoch: 501, global_step=6000000
SPS: 1200
Epoch: 502, global_step=6012000
SPS: 1200
Epoch: 503, global_step=6024000
SPS: 1200
Epoch: 504, global_step=6036000
SPS: 1201
Epoch: 505, global_step=6048000
SPS: 1201
Epoch: 506, global_step=6060000
SPS: 1202
Epoch: 507, global_step=6072000
SPS: 1202
Epoch: 508, global_step=6084000
SPS: 1202
Epoch: 509, global_step=6096000
SPS: 1203
Epoch: 510, global_step=6108000
SPS: 1203
Epoch: 511, global_step=6120000
SPS: 1204
Epoch: 512, global_step=6132000
SPS: 1204
Epoch: 513, global_step=6144000
SPS: 1204
Epoch: 514, global_step=6156000
SPS: 1205
Epoch: 515, global_step=6168000
SPS: 1205
Epoch: 516, global_step=6180000
SPS: 1205
Epoch: 517, global_step=6192000
SPS: 1206
Epoch: 518, global_step=6204000
SPS: 1206
Epoch: 519, global_step=6216000
SPS: 1206
Epoch: 520, global_step=6228000
SPS: 1207
Epoch: 521, global_step=6240000
SPS: 1207
Epoch: 522, global_step=6252000
SPS: 1208
Epoch: 523, global_step=6264000
SPS: 1208
Epoch: 524, global_step=6276000
SPS: 1208
Epoch: 525, global_step=6288000
SPS: 1209
Epoch: 526, global_step=6300000
SPS: 1209
Epoch: 527, global_step=6312000
SPS: 1209
Epoch: 528, global_step=6324000
SPS: 1210
Epoch: 529, global_step=6336000
Evaluating
Evaluated 11520 steps resulting in 192 episodes
[32mEvaluation Metric: success_once[0m | [36mMean: 0.2917[0m
[32mEvaluation Metric: return[0m | [36mMean: 9.4806[0m
[32mEvaluation Metric: episode_len[0m | [36mMean: 60.0000[0m
[32mEvaluation Metric: reward[0m | [36mMean: 0.1580[0m
[32mEvaluation Metric: success_at_end[0m | [36mMean: 0.1406[0m
model saved to checkpoints/ppo_memtasks/rgb_joints_belief/normalized_dense/RememberColor9-v0/ppo-baseline-last5-newhyper-99__99__rgb_joints_belief__20260127_094326/20260127_094326/ckpt_11_529.pt
SPS: 1193
Epoch: 530, global_step=6348000
SPS: 1193
Epoch: 531, global_step=6360000
SPS: 1194
Epoch: 532, global_step=6372000
SPS: 1194
Epoch: 533, global_step=6384000
SPS: 1194
Epoch: 534, global_step=6396000
SPS: 1195
Epoch: 535, global_step=6408000
SPS: 1195
Epoch: 536, global_step=6420000
SPS: 1195
Epoch: 537, global_step=6432000
SPS: 1196
Epoch: 538, global_step=6444000
SPS: 1196
Epoch: 539, global_step=6456000
SPS: 1196
Epoch: 540, global_step=6468000
SPS: 1197
Epoch: 541, global_step=6480000
SPS: 1197
Epoch: 542, global_step=6492000
SPS: 1197
Epoch: 543, global_step=6504000
SPS: 1198
Epoch: 544, global_step=6516000
SPS: 1198
Epoch: 545, global_step=6528000
SPS: 1199
Epoch: 546, global_step=6540000
SPS: 1199
Epoch: 547, global_step=6552000
SPS: 1199
Epoch: 548, global_step=6564000
SPS: 1200
Epoch: 549, global_step=6576000
SPS: 1200
Epoch: 550, global_step=6588000
SPS: 1200
Epoch: 551, global_step=6600000
SPS: 1201
Epoch: 552, global_step=6612000
SPS: 1201
Epoch: 553, global_step=6624000
SPS: 1202
Epoch: 554, global_step=6636000
SPS: 1202
Epoch: 555, global_step=6648000
SPS: 1202
Epoch: 556, global_step=6660000
SPS: 1203
Epoch: 557, global_step=6672000
SPS: 1203
Epoch: 558, global_step=6684000
SPS: 1203
Epoch: 559, global_step=6696000
SPS: 1204
Epoch: 560, global_step=6708000
SPS: 1204
Epoch: 561, global_step=6720000
SPS: 1205
Epoch: 562, global_step=6732000
SPS: 1205
Epoch: 563, global_step=6744000
SPS: 1205
Epoch: 564, global_step=6756000
SPS: 1206
Epoch: 565, global_step=6768000
SPS: 1206
Epoch: 566, global_step=6780000
SPS: 1206
Epoch: 567, global_step=6792000
SPS: 1207
Epoch: 568, global_step=6804000
SPS: 1207
Epoch: 569, global_step=6816000
SPS: 1207
Epoch: 570, global_step=6828000
SPS: 1208
Epoch: 571, global_step=6840000
SPS: 1208
Epoch: 572, global_step=6852000
SPS: 1208
Epoch: 573, global_step=6864000
SPS: 1209
Epoch: 574, global_step=6876000
SPS: 1209
Epoch: 575, global_step=6888000
SPS: 1210
Epoch: 576, global_step=6900000
SPS: 1210
Epoch: 577, global_step=6912000
Evaluating
Evaluated 11520 steps resulting in 192 episodes
[32mEvaluation Metric: success_once[0m | [36mMean: 0.2604[0m
[32mEvaluation Metric: return[0m | [36mMean: 9.6938[0m
[32mEvaluation Metric: episode_len[0m | [36mMean: 60.0000[0m
[32mEvaluation Metric: reward[0m | [36mMean: 0.1616[0m
[32mEvaluation Metric: success_at_end[0m | [36mMean: 0.1406[0m
model saved to checkpoints/ppo_memtasks/rgb_joints_belief/normalized_dense/RememberColor9-v0/ppo-baseline-last5-newhyper-99__99__rgb_joints_belief__20260127_094326/20260127_094326/ckpt_12_577.pt
SPS: 1194
Epoch: 578, global_step=6924000
SPS: 1195
Epoch: 579, global_step=6936000
SPS: 1195
Epoch: 580, global_step=6948000
SPS: 1196
Epoch: 581, global_step=6960000
SPS: 1196
Epoch: 582, global_step=6972000
SPS: 1196
Epoch: 583, global_step=6984000
SPS: 1197
Epoch: 584, global_step=6996000
SPS: 1197
Epoch: 585, global_step=7008000
SPS: 1197
Epoch: 586, global_step=7020000
SPS: 1198
Epoch: 587, global_step=7032000
SPS: 1198
Epoch: 588, global_step=7044000
SPS: 1198
Epoch: 589, global_step=7056000
SPS: 1198
Epoch: 590, global_step=7068000
SPS: 1199
Epoch: 591, global_step=7080000
SPS: 1199
Epoch: 592, global_step=7092000
SPS: 1199
Epoch: 593, global_step=7104000
SPS: 1200
Epoch: 594, global_step=7116000
SPS: 1200
Epoch: 595, global_step=7128000
SPS: 1200
Epoch: 596, global_step=7140000
SPS: 1201
Epoch: 597, global_step=7152000
SPS: 1201
Epoch: 598, global_step=7164000
SPS: 1201
Epoch: 599, global_step=7176000
SPS: 1202
Epoch: 600, global_step=7188000
SPS: 1202
Epoch: 601, global_step=7200000
SPS: 1202
Epoch: 602, global_step=7212000
SPS: 1203
Epoch: 603, global_step=7224000
SPS: 1203
Epoch: 604, global_step=7236000
SPS: 1203
Epoch: 605, global_step=7248000
SPS: 1204
Epoch: 606, global_step=7260000
SPS: 1204
Epoch: 607, global_step=7272000
SPS: 1204
Epoch: 608, global_step=7284000
SPS: 1205
Epoch: 609, global_step=7296000
SPS: 1205
Epoch: 610, global_step=7308000
SPS: 1205
Epoch: 611, global_step=7320000
SPS: 1206
Epoch: 612, global_step=7332000
SPS: 1206
Epoch: 613, global_step=7344000
SPS: 1206
Epoch: 614, global_step=7356000
SPS: 1207
Epoch: 615, global_step=7368000
SPS: 1207
Epoch: 616, global_step=7380000
SPS: 1207
Epoch: 617, global_step=7392000
SPS: 1208
Epoch: 618, global_step=7404000
SPS: 1208
Epoch: 619, global_step=7416000
SPS: 1208
Epoch: 620, global_step=7428000
SPS: 1208
Epoch: 621, global_step=7440000
SPS: 1209
Epoch: 622, global_step=7452000
SPS: 1209
Epoch: 623, global_step=7464000
SPS: 1209
Epoch: 624, global_step=7476000
SPS: 1210
Epoch: 625, global_step=7488000
Evaluating
Evaluated 11520 steps resulting in 192 episodes
[32mEvaluation Metric: success_once[0m | [36mMean: 0.3125[0m
[32mEvaluation Metric: return[0m | [36mMean: 10.7945[0m
[32mEvaluation Metric: episode_len[0m | [36mMean: 60.0000[0m
[32mEvaluation Metric: reward[0m | [36mMean: 0.1799[0m
[32mEvaluation Metric: success_at_end[0m | [36mMean: 0.1927[0m
model saved to checkpoints/ppo_memtasks/rgb_joints_belief/normalized_dense/RememberColor9-v0/ppo-baseline-last5-newhyper-99__99__rgb_joints_belief__20260127_094326/20260127_094326/ckpt_13_625.pt
SPS: 1195
Epoch: 626, global_step=7500000
SPS: 1196
Epoch: 627, global_step=7512000
SPS: 1196
Epoch: 628, global_step=7524000
SPS: 1196
Epoch: 629, global_step=7536000
SPS: 1197
Epoch: 630, global_step=7548000
SPS: 1197
Epoch: 631, global_step=7560000
SPS: 1197
Epoch: 632, global_step=7572000
SPS: 1198
Epoch: 633, global_step=7584000
SPS: 1198
Epoch: 634, global_step=7596000
SPS: 1198
Epoch: 635, global_step=7608000
SPS: 1199
Epoch: 636, global_step=7620000
SPS: 1199
Epoch: 637, global_step=7632000
SPS: 1199
Epoch: 638, global_step=7644000
SPS: 1200
Epoch: 639, global_step=7656000
SPS: 1200
Epoch: 640, global_step=7668000
SPS: 1200
Epoch: 641, global_step=7680000
SPS: 1200
Epoch: 642, global_step=7692000
SPS: 1201
Epoch: 643, global_step=7704000
SPS: 1201
Epoch: 644, global_step=7716000
SPS: 1201
Epoch: 645, global_step=7728000
SPS: 1202
Epoch: 646, global_step=7740000
SPS: 1202
Epoch: 647, global_step=7752000
SPS: 1202
Epoch: 648, global_step=7764000
SPS: 1203
Epoch: 649, global_step=7776000
SPS: 1203
Epoch: 650, global_step=7788000
SPS: 1203
Epoch: 651, global_step=7800000
SPS: 1203
Epoch: 652, global_step=7812000
SPS: 1204
Epoch: 653, global_step=7824000
SPS: 1204
Epoch: 654, global_step=7836000
SPS: 1204
Epoch: 655, global_step=7848000
SPS: 1205
Epoch: 656, global_step=7860000
SPS: 1205
Epoch: 657, global_step=7872000
SPS: 1205
Epoch: 658, global_step=7884000
SPS: 1206
Epoch: 659, global_step=7896000
SPS: 1206
Epoch: 660, global_step=7908000
SPS: 1206
Epoch: 661, global_step=7920000
SPS: 1206
Epoch: 662, global_step=7932000
SPS: 1207
Epoch: 663, global_step=7944000
SPS: 1207
Epoch: 664, global_step=7956000
SPS: 1207
Epoch: 665, global_step=7968000
SPS: 1208
Epoch: 666, global_step=7980000
SPS: 1208
Epoch: 667, global_step=7992000
SPS: 1208
Epoch: 668, global_step=8004000
SPS: 1209
Epoch: 669, global_step=8016000
SPS: 1209
Epoch: 670, global_step=8028000
SPS: 1209
Epoch: 671, global_step=8040000
SPS: 1209
Epoch: 672, global_step=8052000
SPS: 1210
Epoch: 673, global_step=8064000
Evaluating
Evaluated 11520 steps resulting in 192 episodes
[32mEvaluation Metric: success_once[0m | [36mMean: 0.3229[0m
[32mEvaluation Metric: return[0m | [36mMean: 11.3006[0m
[32mEvaluation Metric: episode_len[0m | [36mMean: 60.0000[0m
[32mEvaluation Metric: reward[0m | [36mMean: 0.1883[0m
[32mEvaluation Metric: success_at_end[0m | [36mMean: 0.1927[0m
model saved to checkpoints/ppo_memtasks/rgb_joints_belief/normalized_dense/RememberColor9-v0/ppo-baseline-last5-newhyper-99__99__rgb_joints_belief__20260127_094326/20260127_094326/ckpt_14_673.pt
SPS: 1196
Epoch: 674, global_step=8076000
SPS: 1196
Epoch: 675, global_step=8088000
SPS: 1196
Epoch: 676, global_step=8100000
SPS: 1197
Epoch: 677, global_step=8112000
SPS: 1197
Epoch: 678, global_step=8124000
SPS: 1197
Epoch: 679, global_step=8136000
SPS: 1198
Epoch: 680, global_step=8148000
SPS: 1198
Epoch: 681, global_step=8160000
SPS: 1198
Epoch: 682, global_step=8172000
SPS: 1198
Epoch: 683, global_step=8184000
SPS: 1199
Epoch: 684, global_step=8196000
SPS: 1199
Epoch: 685, global_step=8208000
SPS: 1199
Epoch: 686, global_step=8220000
SPS: 1199
Epoch: 687, global_step=8232000
SPS: 1200
Epoch: 688, global_step=8244000
SPS: 1200
Epoch: 689, global_step=8256000
SPS: 1200
Epoch: 690, global_step=8268000
SPS: 1201
Epoch: 691, global_step=8280000
SPS: 1201
Epoch: 692, global_step=8292000
SPS: 1201
Epoch: 693, global_step=8304000
SPS: 1201
Epoch: 694, global_step=8316000
SPS: 1202
Epoch: 695, global_step=8328000
SPS: 1202
Epoch: 696, global_step=8340000
SPS: 1202
Epoch: 697, global_step=8352000
SPS: 1203
Epoch: 698, global_step=8364000
SPS: 1203
Epoch: 699, global_step=8376000
SPS: 1203
Epoch: 700, global_step=8388000
SPS: 1203
Epoch: 701, global_step=8400000
SPS: 1204
Epoch: 702, global_step=8412000
SPS: 1204
Epoch: 703, global_step=8424000
SPS: 1204
Epoch: 704, global_step=8436000
SPS: 1204
Epoch: 705, global_step=8448000
SPS: 1205
Epoch: 706, global_step=8460000
SPS: 1205
Epoch: 707, global_step=8472000
SPS: 1205
Epoch: 708, global_step=8484000
SPS: 1206
Epoch: 709, global_step=8496000
SPS: 1206
Epoch: 710, global_step=8508000
SPS: 1206
Epoch: 711, global_step=8520000
SPS: 1206
Epoch: 712, global_step=8532000
SPS: 1207
Epoch: 713, global_step=8544000
SPS: 1207
Epoch: 714, global_step=8556000
SPS: 1207
Epoch: 715, global_step=8568000
SPS: 1207
Epoch: 716, global_step=8580000
SPS: 1208
Epoch: 717, global_step=8592000
SPS: 1208
Epoch: 718, global_step=8604000
SPS: 1208
Epoch: 719, global_step=8616000
SPS: 1209
Epoch: 720, global_step=8628000
SPS: 1209
Epoch: 721, global_step=8640000
Evaluating
Evaluated 11520 steps resulting in 192 episodes
[32mEvaluation Metric: success_once[0m | [36mMean: 0.2708[0m
[32mEvaluation Metric: return[0m | [36mMean: 10.0227[0m
[32mEvaluation Metric: episode_len[0m | [36mMean: 60.0000[0m
[32mEvaluation Metric: reward[0m | [36mMean: 0.1670[0m
[32mEvaluation Metric: success_at_end[0m | [36mMean: 0.1615[0m
model saved to checkpoints/ppo_memtasks/rgb_joints_belief/normalized_dense/RememberColor9-v0/ppo-baseline-last5-newhyper-99__99__rgb_joints_belief__20260127_094326/20260127_094326/ckpt_15_721.pt
SPS: 1197
Epoch: 722, global_step=8652000
SPS: 1197
Epoch: 723, global_step=8664000
SPS: 1197
Epoch: 724, global_step=8676000
SPS: 1198
Epoch: 725, global_step=8688000
SPS: 1198
Epoch: 726, global_step=8700000
SPS: 1199
Epoch: 727, global_step=8712000
SPS: 1199
Epoch: 728, global_step=8724000
SPS: 1199
Epoch: 729, global_step=8736000
SPS: 1200
Epoch: 730, global_step=8748000
SPS: 1200
Epoch: 731, global_step=8760000
SPS: 1200
Epoch: 732, global_step=8772000
SPS: 1201
Epoch: 733, global_step=8784000
SPS: 1201
Epoch: 734, global_step=8796000
SPS: 1201
Epoch: 735, global_step=8808000
SPS: 1202
Epoch: 736, global_step=8820000
SPS: 1202
Epoch: 737, global_step=8832000
SPS: 1202
Epoch: 738, global_step=8844000
SPS: 1203
Epoch: 739, global_step=8856000
SPS: 1203
Epoch: 740, global_step=8868000
SPS: 1203
Epoch: 741, global_step=8880000
SPS: 1204
Epoch: 742, global_step=8892000
SPS: 1204
Epoch: 743, global_step=8904000
SPS: 1205
Epoch: 744, global_step=8916000
SPS: 1205
Epoch: 745, global_step=8928000
SPS: 1205
Epoch: 746, global_step=8940000
SPS: 1206
Epoch: 747, global_step=8952000
SPS: 1206
Epoch: 748, global_step=8964000
SPS: 1206
Epoch: 749, global_step=8976000
SPS: 1207
Epoch: 750, global_step=8988000
SPS: 1207
Epoch: 751, global_step=9000000
SPS: 1207
Epoch: 752, global_step=9012000
SPS: 1208
Epoch: 753, global_step=9024000
SPS: 1208
Epoch: 754, global_step=9036000
SPS: 1208
Epoch: 755, global_step=9048000
SPS: 1209
Epoch: 756, global_step=9060000
SPS: 1209
Epoch: 757, global_step=9072000
SPS: 1210
Epoch: 758, global_step=9084000
SPS: 1210
Epoch: 759, global_step=9096000
SPS: 1210
Epoch: 760, global_step=9108000
SPS: 1211
Epoch: 761, global_step=9120000
SPS: 1211
Epoch: 762, global_step=9132000
SPS: 1211
Epoch: 763, global_step=9144000
SPS: 1212
Epoch: 764, global_step=9156000
SPS: 1212
Epoch: 765, global_step=9168000
SPS: 1212
Epoch: 766, global_step=9180000
SPS: 1213
Epoch: 767, global_step=9192000
SPS: 1213
Epoch: 768, global_step=9204000
SPS: 1213
Epoch: 769, global_step=9216000
Evaluating
Evaluated 11520 steps resulting in 192 episodes
[32mEvaluation Metric: success_once[0m | [36mMean: 0.3229[0m
[32mEvaluation Metric: return[0m | [36mMean: 11.0534[0m
[32mEvaluation Metric: episode_len[0m | [36mMean: 60.0000[0m
[32mEvaluation Metric: reward[0m | [36mMean: 0.1842[0m
[32mEvaluation Metric: success_at_end[0m | [36mMean: 0.1875[0m
model saved to checkpoints/ppo_memtasks/rgb_joints_belief/normalized_dense/RememberColor9-v0/ppo-baseline-last5-newhyper-99__99__rgb_joints_belief__20260127_094326/20260127_094326/ckpt_16_769.pt
SPS: 1202
Epoch: 770, global_step=9228000
SPS: 1202
Epoch: 771, global_step=9240000
SPS: 1202
Epoch: 772, global_step=9252000
SPS: 1202
Epoch: 773, global_step=9264000
SPS: 1203
Epoch: 774, global_step=9276000
SPS: 1203
Epoch: 775, global_step=9288000
SPS: 1203
Epoch: 776, global_step=9300000
SPS: 1203
Epoch: 777, global_step=9312000
SPS: 1204
Epoch: 778, global_step=9324000
SPS: 1204
Epoch: 779, global_step=9336000
SPS: 1204
Epoch: 780, global_step=9348000
SPS: 1204
Epoch: 781, global_step=9360000
SPS: 1205
Epoch: 782, global_step=9372000
SPS: 1205
Epoch: 783, global_step=9384000
SPS: 1205
Epoch: 784, global_step=9396000
SPS: 1205
Epoch: 785, global_step=9408000
SPS: 1206
Epoch: 786, global_step=9420000
SPS: 1206
Epoch: 787, global_step=9432000
SPS: 1206
Epoch: 788, global_step=9444000
SPS: 1206
Epoch: 789, global_step=9456000
SPS: 1207
Epoch: 790, global_step=9468000
SPS: 1207
Epoch: 791, global_step=9480000
SPS: 1207
Epoch: 792, global_step=9492000
SPS: 1207
Epoch: 793, global_step=9504000
SPS: 1208
Epoch: 794, global_step=9516000
SPS: 1208
Epoch: 795, global_step=9528000
SPS: 1208
Epoch: 796, global_step=9540000
SPS: 1208
Epoch: 797, global_step=9552000
SPS: 1209
Epoch: 798, global_step=9564000
SPS: 1209
Epoch: 799, global_step=9576000
SPS: 1209
Epoch: 800, global_step=9588000
SPS: 1209
Epoch: 801, global_step=9600000
SPS: 1210
Epoch: 802, global_step=9612000
SPS: 1210
Epoch: 803, global_step=9624000
SPS: 1210
Epoch: 804, global_step=9636000
SPS: 1210
Epoch: 805, global_step=9648000
SPS: 1211
Epoch: 806, global_step=9660000
SPS: 1211
Epoch: 807, global_step=9672000
SPS: 1211
Epoch: 808, global_step=9684000
SPS: 1211
Epoch: 809, global_step=9696000
SPS: 1212
Epoch: 810, global_step=9708000
SPS: 1212
Epoch: 811, global_step=9720000
SPS: 1212
Epoch: 812, global_step=9732000
SPS: 1212
Epoch: 813, global_step=9744000
SPS: 1212
Epoch: 814, global_step=9756000
SPS: 1213
Epoch: 815, global_step=9768000
SPS: 1213
Epoch: 816, global_step=9780000
SPS: 1213
Epoch: 817, global_step=9792000
Evaluating
Evaluated 11520 steps resulting in 192 episodes
[32mEvaluation Metric: success_once[0m | [36mMean: 0.3073[0m
[32mEvaluation Metric: return[0m | [36mMean: 10.9787[0m
[32mEvaluation Metric: episode_len[0m | [36mMean: 60.0000[0m
[32mEvaluation Metric: reward[0m | [36mMean: 0.1830[0m
[32mEvaluation Metric: success_at_end[0m | [36mMean: 0.2083[0m
model saved to checkpoints/ppo_memtasks/rgb_joints_belief/normalized_dense/RememberColor9-v0/ppo-baseline-last5-newhyper-99__99__rgb_joints_belief__20260127_094326/20260127_094326/ckpt_17_817.pt
SPS: 1202
Epoch: 818, global_step=9804000
SPS: 1202
Epoch: 819, global_step=9816000
SPS: 1202
Epoch: 820, global_step=9828000
SPS: 1203
Epoch: 821, global_step=9840000
SPS: 1203
Epoch: 822, global_step=9852000
SPS: 1203
Epoch: 823, global_step=9864000
SPS: 1203
Epoch: 824, global_step=9876000
SPS: 1204
Epoch: 825, global_step=9888000
SPS: 1204
Epoch: 826, global_step=9900000
SPS: 1204
Epoch: 827, global_step=9912000
SPS: 1204
Epoch: 828, global_step=9924000
SPS: 1205
Epoch: 829, global_step=9936000
SPS: 1205
Epoch: 830, global_step=9948000
SPS: 1205
Epoch: 831, global_step=9960000
SPS: 1205
Epoch: 832, global_step=9972000
SPS: 1205
Epoch: 833, global_step=9984000
SPS: 1206
Epoch: 834, global_step=9996000
SPS: 1206
Epoch: 835, global_step=10008000
SPS: 1206
Epoch: 836, global_step=10020000
SPS: 1206
Epoch: 837, global_step=10032000
SPS: 1207
Epoch: 838, global_step=10044000
SPS: 1207
Epoch: 839, global_step=10056000
SPS: 1207
Epoch: 840, global_step=10068000
SPS: 1207
Epoch: 841, global_step=10080000
SPS: 1207
Epoch: 842, global_step=10092000
SPS: 1208
Epoch: 843, global_step=10104000
SPS: 1208
Epoch: 844, global_step=10116000
SPS: 1208
Epoch: 845, global_step=10128000
SPS: 1208
Epoch: 846, global_step=10140000
SPS: 1209
Epoch: 847, global_step=10152000
SPS: 1209
Epoch: 848, global_step=10164000
SPS: 1209
Epoch: 849, global_step=10176000
SPS: 1209
Epoch: 850, global_step=10188000
SPS: 1210
Epoch: 851, global_step=10200000
SPS: 1210
Epoch: 852, global_step=10212000
SPS: 1210
Epoch: 853, global_step=10224000
SPS: 1210
Epoch: 854, global_step=10236000
SPS: 1210
Epoch: 855, global_step=10248000
SPS: 1211
Epoch: 856, global_step=10260000
SPS: 1211
Epoch: 857, global_step=10272000
SPS: 1211
Epoch: 858, global_step=10284000
SPS: 1211
Epoch: 859, global_step=10296000
SPS: 1212
Epoch: 860, global_step=10308000
SPS: 1212
Epoch: 861, global_step=10320000
SPS: 1212
Epoch: 862, global_step=10332000
SPS: 1212
Epoch: 863, global_step=10344000
SPS: 1213
Epoch: 864, global_step=10356000
SPS: 1213
Epoch: 865, global_step=10368000
Evaluating
Evaluated 11520 steps resulting in 192 episodes
[32mEvaluation Metric: success_once[0m | [36mMean: 0.3542[0m
[32mEvaluation Metric: return[0m | [36mMean: 13.6029[0m
[32mEvaluation Metric: episode_len[0m | [36mMean: 60.0000[0m
[32mEvaluation Metric: reward[0m | [36mMean: 0.2267[0m
[32mEvaluation Metric: success_at_end[0m | [36mMean: 0.2292[0m
model saved to checkpoints/ppo_memtasks/rgb_joints_belief/normalized_dense/RememberColor9-v0/ppo-baseline-last5-newhyper-99__99__rgb_joints_belief__20260127_094326/20260127_094326/ckpt_18_865.pt
SPS: 1202
model saved to checkpoints/ppo_memtasks/rgb_joints_belief/normalized_dense/RememberColor9-v0/ppo-baseline-last5-newhyper-99__99__rgb_joints_belief__20260127_094326/20260127_094326/final_ckpt.pt
