Enabling podman.socket for user: s4176650
Running InterceptGrab-Slow, seed 33

===========================================================================
║                        Environment Configuration                        ║
===========================================================================
║ Environment ID: TakeItBack-v0                                           ║
║ Oracle Info:    None                                                    ║
║ Wrappers:                                                               ║
║    ├─ InitialZeroActionWrapper                                         ║
║    │  └─ {'n_initial_steps': 0}                                           ║
║    ├─ RenderStepInfoWrapper                                            ║
║    ├─ RenderRewardInfoWrapper                                          ║
║    ├─ DebugRewardWrapper                                               ║
║-------------------------------------------------------------------------║
║ include_state:       False │ state will not be used                ║
║ include_rgb:         True  │ rgb images will be used               ║
║ include_oracle:      False │ oracle info will not be used          ║
║ include_joints:      True  │ joints will be used                   ║
===========================================================================

MODE='rgb_joints'
prompt_info=None
Saving eval videos to checkpoints/ppo_memtasks/rgb_joints/normalized_dense/TakeItBack-v0/ppo-nonbelief-33__33__rgb_joints__20260119_052134/20260119_052134/videos
======================================================================
Max Episode Steps: 180
======================================================================

Running training

####
args.num_iterations=1302 args.num_envs=256 args.num_eval_envs=16
args.minibatch_size=1920 args.batch_size=15360 args.update_epochs=4
####

sample_obs.keys()=dict_keys(['joints', 'rgb'])
joints: torch.Size([256, 25])
rgb: torch.Size([256, 128, 128, 3])


Epoch: 1, global_step=0
Evaluating
Evaluated 17280 steps resulting in 96 episodes
[32mEvaluation Metric: success_once[0m | [36mMean: 0.0000[0m
[32mEvaluation Metric: return[0m | [36mMean: 1.0275[0m
[32mEvaluation Metric: episode_len[0m | [36mMean: 180.0000[0m
[32mEvaluation Metric: reward[0m | [36mMean: 0.0057[0m
[32mEvaluation Metric: success_at_end[0m | [36mMean: 0.0000[0m
model saved to checkpoints/ppo_memtasks/rgb_joints/normalized_dense/TakeItBack-v0/ppo-nonbelief-33__33__rgb_joints__20260119_052134/20260119_052134/ckpt_0_1.pt
SPS: 128
Epoch: 2, global_step=15360
SPS: 244
Epoch: 3, global_step=30720
SPS: 349
Epoch: 4, global_step=46080
SPS: 446
Epoch: 5, global_step=61440
SPS: 533
Epoch: 6, global_step=76800
SPS: 610
Epoch: 7, global_step=92160
SPS: 685
Epoch: 8, global_step=107520
SPS: 751
Epoch: 9, global_step=122880
SPS: 812
Epoch: 10, global_step=138240
SPS: 871
Epoch: 11, global_step=153600
SPS: 923
Epoch: 12, global_step=168960
SPS: 971
Epoch: 13, global_step=184320
SPS: 1020
Epoch: 14, global_step=199680
SPS: 1062
Epoch: 15, global_step=215040
SPS: 1101
Epoch: 16, global_step=230400
SPS: 1142
Epoch: 17, global_step=245760
SPS: 1177
Epoch: 18, global_step=261120
SPS: 1210
Epoch: 19, global_step=276480
SPS: 1245
Epoch: 20, global_step=291840
SPS: 1274
Epoch: 21, global_step=307200
SPS: 1301
Epoch: 22, global_step=322560
SPS: 1330
Epoch: 23, global_step=337920
SPS: 1354
Epoch: 24, global_step=353280
SPS: 1377
Epoch: 25, global_step=368640
SPS: 1402
Epoch: 26, global_step=384000
Evaluating
Evaluated 17280 steps resulting in 96 episodes
[32mEvaluation Metric: success_once[0m | [36mMean: 0.0000[0m
[32mEvaluation Metric: return[0m | [36mMean: 7.7368[0m
[32mEvaluation Metric: episode_len[0m | [36mMean: 180.0000[0m
[32mEvaluation Metric: reward[0m | [36mMean: 0.0430[0m
[32mEvaluation Metric: success_at_end[0m | [36mMean: 0.0000[0m
model saved to checkpoints/ppo_memtasks/rgb_joints/normalized_dense/TakeItBack-v0/ppo-nonbelief-33__33__rgb_joints__20260119_052134/20260119_052134/ckpt_1_26.pt
SPS: 1051
Epoch: 27, global_step=399360
SPS: 1072
Epoch: 28, global_step=414720
SPS: 1094
Epoch: 29, global_step=430080
SPS: 1114
Epoch: 30, global_step=445440
SPS: 1133
Epoch: 31, global_step=460800
SPS: 1153
Epoch: 32, global_step=476160
SPS: 1171
Epoch: 33, global_step=491520
SPS: 1188
Epoch: 34, global_step=506880
SPS: 1206
Epoch: 35, global_step=522240
SPS: 1222
Epoch: 36, global_step=537600
SPS: 1238
Epoch: 37, global_step=552960
SPS: 1254
Epoch: 38, global_step=568320
SPS: 1269
Epoch: 39, global_step=583680
SPS: 1283
Epoch: 40, global_step=599040
SPS: 1298
Epoch: 41, global_step=614400
SPS: 1312
Epoch: 42, global_step=629760
SPS: 1324
Epoch: 43, global_step=645120
SPS: 1338
Epoch: 44, global_step=660480
SPS: 1351
Epoch: 45, global_step=675840
SPS: 1363
Epoch: 46, global_step=691200
SPS: 1375
Epoch: 47, global_step=706560
SPS: 1386
Epoch: 48, global_step=721920
SPS: 1397
Epoch: 49, global_step=737280
SPS: 1409
Epoch: 50, global_step=752640
SPS: 1420
Epoch: 51, global_step=768000
Evaluating
Evaluated 17280 steps resulting in 96 episodes
[32mEvaluation Metric: success_once[0m | [36mMean: 0.0000[0m
[32mEvaluation Metric: return[0m | [36mMean: 9.3725[0m
[32mEvaluation Metric: episode_len[0m | [36mMean: 180.0000[0m
[32mEvaluation Metric: reward[0m | [36mMean: 0.0521[0m
[32mEvaluation Metric: success_at_end[0m | [36mMean: 0.0000[0m
model saved to checkpoints/ppo_memtasks/rgb_joints/normalized_dense/TakeItBack-v0/ppo-nonbelief-33__33__rgb_joints__20260119_052134/20260119_052134/ckpt_2_51.pt
SPS: 1210
Epoch: 52, global_step=783360
SPS: 1221
Epoch: 53, global_step=798720
SPS: 1232
Epoch: 54, global_step=814080
SPS: 1242
Epoch: 55, global_step=829440
SPS: 1253
Epoch: 56, global_step=844800
SPS: 1263
Epoch: 57, global_step=860160
SPS: 1272
Epoch: 58, global_step=875520
SPS: 1283
Epoch: 59, global_step=890880
SPS: 1292
Epoch: 60, global_step=906240
SPS: 1301
Epoch: 61, global_step=921600
SPS: 1311
Epoch: 62, global_step=936960
SPS: 1320
Epoch: 63, global_step=952320
SPS: 1328
Epoch: 64, global_step=967680
SPS: 1338
Epoch: 65, global_step=983040
SPS: 1346
Epoch: 66, global_step=998400
SPS: 1354
Epoch: 67, global_step=1013760
SPS: 1363
Epoch: 68, global_step=1029120
SPS: 1371
Epoch: 69, global_step=1044480
SPS: 1379
Epoch: 70, global_step=1059840
SPS: 1387
Epoch: 71, global_step=1075200
SPS: 1395
Epoch: 72, global_step=1090560
SPS: 1402
Epoch: 73, global_step=1105920
SPS: 1410
Epoch: 74, global_step=1121280
SPS: 1417
Epoch: 75, global_step=1136640
SPS: 1424
Epoch: 76, global_step=1152000
Evaluating
Evaluated 17280 steps resulting in 96 episodes
[32mEvaluation Metric: success_once[0m | [36mMean: 0.0000[0m
[32mEvaluation Metric: return[0m | [36mMean: 9.7829[0m
[32mEvaluation Metric: episode_len[0m | [36mMean: 180.0000[0m
[32mEvaluation Metric: reward[0m | [36mMean: 0.0543[0m
[32mEvaluation Metric: success_at_end[0m | [36mMean: 0.0000[0m
model saved to checkpoints/ppo_memtasks/rgb_joints/normalized_dense/TakeItBack-v0/ppo-nonbelief-33__33__rgb_joints__20260119_052134/20260119_052134/ckpt_3_76.pt
SPS: 1275
Epoch: 77, global_step=1167360
SPS: 1282
Epoch: 78, global_step=1182720
SPS: 1289
Epoch: 79, global_step=1198080
SPS: 1297
Epoch: 80, global_step=1213440
SPS: 1304
Epoch: 81, global_step=1228800
SPS: 1311
Epoch: 82, global_step=1244160
SPS: 1318
Epoch: 83, global_step=1259520
SPS: 1324
Epoch: 84, global_step=1274880
SPS: 1331
Epoch: 85, global_step=1290240
SPS: 1338
Epoch: 86, global_step=1305600
SPS: 1344
Epoch: 87, global_step=1320960
SPS: 1351
Epoch: 88, global_step=1336320
SPS: 1357
Epoch: 89, global_step=1351680
SPS: 1363
Epoch: 90, global_step=1367040
SPS: 1370
Epoch: 91, global_step=1382400
SPS: 1376
Epoch: 92, global_step=1397760
SPS: 1382
Epoch: 93, global_step=1413120
SPS: 1388
Epoch: 94, global_step=1428480
SPS: 1394
Epoch: 95, global_step=1443840
SPS: 1400
Epoch: 96, global_step=1459200
SPS: 1406
Epoch: 97, global_step=1474560
SPS: 1411
Epoch: 98, global_step=1489920
SPS: 1417
Epoch: 99, global_step=1505280
SPS: 1422
Epoch: 100, global_step=1520640
SPS: 1428
Epoch: 101, global_step=1536000
Evaluating
Evaluated 17280 steps resulting in 96 episodes
[32mEvaluation Metric: success_once[0m | [36mMean: 0.0000[0m
[32mEvaluation Metric: return[0m | [36mMean: 10.0184[0m
[32mEvaluation Metric: episode_len[0m | [36mMean: 180.0000[0m
[32mEvaluation Metric: reward[0m | [36mMean: 0.0557[0m
[32mEvaluation Metric: success_at_end[0m | [36mMean: 0.0000[0m
model saved to checkpoints/ppo_memtasks/rgb_joints/normalized_dense/TakeItBack-v0/ppo-nonbelief-33__33__rgb_joints__20260119_052134/20260119_052134/ckpt_4_101.pt
SPS: 1307
Epoch: 102, global_step=1551360
SPS: 1312
Epoch: 103, global_step=1566720
SPS: 1318
Epoch: 104, global_step=1582080
SPS: 1323
Epoch: 105, global_step=1597440
SPS: 1329
Epoch: 106, global_step=1612800
SPS: 1334
Epoch: 107, global_step=1628160
SPS: 1339
Epoch: 108, global_step=1643520
SPS: 1344
Epoch: 109, global_step=1658880
SPS: 1350
Epoch: 110, global_step=1674240
SPS: 1355
Epoch: 111, global_step=1689600
SPS: 1360
Epoch: 112, global_step=1704960
SPS: 1365
Epoch: 113, global_step=1720320
SPS: 1370
Epoch: 114, global_step=1735680
SPS: 1374
Epoch: 115, global_step=1751040
SPS: 1380
Epoch: 116, global_step=1766400
SPS: 1384
Epoch: 117, global_step=1781760
SPS: 1389
Epoch: 118, global_step=1797120
SPS: 1394
Epoch: 119, global_step=1812480
SPS: 1398
Epoch: 120, global_step=1827840
SPS: 1403
Epoch: 121, global_step=1843200
SPS: 1408
Epoch: 122, global_step=1858560
SPS: 1412
Epoch: 123, global_step=1873920
SPS: 1416
Epoch: 124, global_step=1889280
SPS: 1421
Epoch: 125, global_step=1904640
SPS: 1425
Epoch: 126, global_step=1920000
Evaluating
Evaluated 17280 steps resulting in 96 episodes
[32mEvaluation Metric: success_once[0m | [36mMean: 0.0000[0m
[32mEvaluation Metric: return[0m | [36mMean: 10.1512[0m
[32mEvaluation Metric: episode_len[0m | [36mMean: 180.0000[0m
[32mEvaluation Metric: reward[0m | [36mMean: 0.0564[0m
[32mEvaluation Metric: success_at_end[0m | [36mMean: 0.0000[0m
model saved to checkpoints/ppo_memtasks/rgb_joints/normalized_dense/TakeItBack-v0/ppo-nonbelief-33__33__rgb_joints__20260119_052134/20260119_052134/ckpt_5_126.pt
SPS: 1328
Epoch: 127, global_step=1935360
SPS: 1332
Epoch: 128, global_step=1950720
SPS: 1337
Epoch: 129, global_step=1966080
SPS: 1341
Epoch: 130, global_step=1981440
SPS: 1346
Epoch: 131, global_step=1996800
SPS: 1350
Epoch: 132, global_step=2012160
SPS: 1354
Epoch: 133, global_step=2027520
SPS: 1358
Epoch: 134, global_step=2042880
SPS: 1362
Epoch: 135, global_step=2058240
SPS: 1366
Epoch: 136, global_step=2073600
SPS: 1371
Epoch: 137, global_step=2088960
SPS: 1375
Epoch: 138, global_step=2104320
SPS: 1379
Epoch: 139, global_step=2119680
SPS: 1383
Epoch: 140, global_step=2135040
SPS: 1387
Epoch: 141, global_step=2150400
SPS: 1391
Epoch: 142, global_step=2165760
SPS: 1395
Epoch: 143, global_step=2181120
SPS: 1399
Epoch: 144, global_step=2196480
SPS: 1402
Epoch: 145, global_step=2211840
SPS: 1406
Epoch: 146, global_step=2227200
SPS: 1410
Epoch: 147, global_step=2242560
SPS: 1414
Epoch: 148, global_step=2257920
SPS: 1418
Epoch: 149, global_step=2273280
SPS: 1421
Epoch: 150, global_step=2288640
SPS: 1425
Epoch: 151, global_step=2304000
Evaluating
Evaluated 17280 steps resulting in 96 episodes
[32mEvaluation Metric: success_once[0m | [36mMean: 0.0000[0m
[32mEvaluation Metric: return[0m | [36mMean: 16.0237[0m
[32mEvaluation Metric: episode_len[0m | [36mMean: 180.0000[0m
[32mEvaluation Metric: reward[0m | [36mMean: 0.0890[0m
[32mEvaluation Metric: success_at_end[0m | [36mMean: 0.0000[0m
model saved to checkpoints/ppo_memtasks/rgb_joints/normalized_dense/TakeItBack-v0/ppo-nonbelief-33__33__rgb_joints__20260119_052134/20260119_052134/ckpt_6_151.pt
SPS: 1345
Epoch: 152, global_step=2319360
SPS: 1349
Epoch: 153, global_step=2334720
SPS: 1352
Epoch: 154, global_step=2350080
SPS: 1356
Epoch: 155, global_step=2365440
SPS: 1360
Epoch: 156, global_step=2380800
SPS: 1363
Epoch: 157, global_step=2396160
SPS: 1367
Epoch: 158, global_step=2411520
SPS: 1370
Epoch: 159, global_step=2426880
SPS: 1374
Epoch: 160, global_step=2442240
SPS: 1378
Epoch: 161, global_step=2457600
SPS: 1381
Epoch: 162, global_step=2472960
SPS: 1384
Epoch: 163, global_step=2488320
SPS: 1388
Epoch: 164, global_step=2503680
SPS: 1391
Epoch: 165, global_step=2519040
SPS: 1394
Epoch: 166, global_step=2534400
SPS: 1398
Epoch: 167, global_step=2549760
SPS: 1401
Epoch: 168, global_step=2565120
SPS: 1404
Epoch: 169, global_step=2580480
SPS: 1408
Epoch: 170, global_step=2595840
SPS: 1411
Epoch: 171, global_step=2611200
SPS: 1414
Epoch: 172, global_step=2626560
SPS: 1417
Epoch: 173, global_step=2641920
SPS: 1420
Epoch: 174, global_step=2657280
SPS: 1423
Epoch: 175, global_step=2672640
SPS: 1426
Epoch: 176, global_step=2688000
Evaluating
Evaluated 17280 steps resulting in 96 episodes
[32mEvaluation Metric: success_once[0m | [36mMean: 0.0000[0m
[32mEvaluation Metric: return[0m | [36mMean: 26.2847[0m
[32mEvaluation Metric: episode_len[0m | [36mMean: 180.0000[0m
[32mEvaluation Metric: reward[0m | [36mMean: 0.1460[0m
[32mEvaluation Metric: success_at_end[0m | [36mMean: 0.0000[0m
model saved to checkpoints/ppo_memtasks/rgb_joints/normalized_dense/TakeItBack-v0/ppo-nonbelief-33__33__rgb_joints__20260119_052134/20260119_052134/ckpt_7_176.pt
SPS: 1354
Epoch: 177, global_step=2703360
SPS: 1357
Epoch: 178, global_step=2718720
SPS: 1361
Epoch: 179, global_step=2734080
SPS: 1364
Epoch: 180, global_step=2749440
SPS: 1367
Epoch: 181, global_step=2764800
SPS: 1370
Epoch: 182, global_step=2780160
SPS: 1373
Epoch: 183, global_step=2795520
SPS: 1376
Epoch: 184, global_step=2810880
SPS: 1379
Epoch: 185, global_step=2826240
SPS: 1382
Epoch: 186, global_step=2841600
SPS: 1385
Epoch: 187, global_step=2856960
SPS: 1388
Epoch: 188, global_step=2872320
SPS: 1391
Epoch: 189, global_step=2887680
SPS: 1393
Epoch: 190, global_step=2903040
SPS: 1397
Epoch: 191, global_step=2918400
SPS: 1399
Epoch: 192, global_step=2933760
SPS: 1402
Epoch: 193, global_step=2949120
SPS: 1405
Epoch: 194, global_step=2964480
SPS: 1408
Epoch: 195, global_step=2979840
SPS: 1411
Epoch: 196, global_step=2995200
SPS: 1414
Epoch: 197, global_step=3010560
SPS: 1416
Epoch: 198, global_step=3025920
SPS: 1419
Epoch: 199, global_step=3041280
SPS: 1422
Epoch: 200, global_step=3056640
SPS: 1424
Epoch: 201, global_step=3072000
Evaluating
Evaluated 17280 steps resulting in 96 episodes
[32mEvaluation Metric: success_once[0m | [36mMean: 0.0000[0m
[32mEvaluation Metric: return[0m | [36mMean: 25.2064[0m
[32mEvaluation Metric: episode_len[0m | [36mMean: 180.0000[0m
[32mEvaluation Metric: reward[0m | [36mMean: 0.1400[0m
[32mEvaluation Metric: success_at_end[0m | [36mMean: 0.0000[0m
model saved to checkpoints/ppo_memtasks/rgb_joints/normalized_dense/TakeItBack-v0/ppo-nonbelief-33__33__rgb_joints__20260119_052134/20260119_052134/ckpt_8_201.pt
SPS: 1364
Epoch: 202, global_step=3087360
SPS: 1366
Epoch: 203, global_step=3102720
SPS: 1369
Epoch: 204, global_step=3118080
SPS: 1372
Epoch: 205, global_step=3133440
SPS: 1375
Epoch: 206, global_step=3148800
SPS: 1377
Epoch: 207, global_step=3164160
SPS: 1380
Epoch: 208, global_step=3179520
SPS: 1383
Epoch: 209, global_step=3194880
SPS: 1385
Epoch: 210, global_step=3210240
SPS: 1388
Epoch: 211, global_step=3225600
SPS: 1390
Epoch: 212, global_step=3240960
SPS: 1393
Epoch: 213, global_step=3256320
SPS: 1395
Epoch: 214, global_step=3271680
SPS: 1398
Epoch: 215, global_step=3287040
SPS: 1401
Epoch: 216, global_step=3302400
SPS: 1403
Epoch: 217, global_step=3317760
SPS: 1406
Epoch: 218, global_step=3333120
SPS: 1408
Epoch: 219, global_step=3348480
SPS: 1410
Epoch: 220, global_step=3363840
SPS: 1413
Epoch: 221, global_step=3379200
SPS: 1415
Epoch: 222, global_step=3394560
SPS: 1418
Epoch: 223, global_step=3409920
SPS: 1420
Epoch: 224, global_step=3425280
SPS: 1423
Epoch: 225, global_step=3440640
SPS: 1425
Epoch: 226, global_step=3456000
Evaluating
Evaluated 17280 steps resulting in 96 episodes
[32mEvaluation Metric: success_once[0m | [36mMean: 0.0000[0m
[32mEvaluation Metric: return[0m | [36mMean: 23.0901[0m
[32mEvaluation Metric: episode_len[0m | [36mMean: 180.0000[0m
[32mEvaluation Metric: reward[0m | [36mMean: 0.1283[0m
[32mEvaluation Metric: success_at_end[0m | [36mMean: 0.0000[0m
model saved to checkpoints/ppo_memtasks/rgb_joints/normalized_dense/TakeItBack-v0/ppo-nonbelief-33__33__rgb_joints__20260119_052134/20260119_052134/ckpt_9_226.pt
SPS: 1373
Epoch: 227, global_step=3471360
SPS: 1375
Epoch: 228, global_step=3486720
SPS: 1377
Epoch: 229, global_step=3502080
SPS: 1380
Epoch: 230, global_step=3517440
SPS: 1382
Epoch: 231, global_step=3532800
SPS: 1384
Epoch: 232, global_step=3548160
SPS: 1387
Epoch: 233, global_step=3563520
SPS: 1389
Epoch: 234, global_step=3578880
SPS: 1391
Epoch: 235, global_step=3594240
SPS: 1394
Epoch: 236, global_step=3609600
SPS: 1396
Epoch: 237, global_step=3624960
SPS: 1398
Epoch: 238, global_step=3640320
SPS: 1401
Epoch: 239, global_step=3655680
SPS: 1403
Epoch: 240, global_step=3671040
SPS: 1406
Epoch: 241, global_step=3686400
SPS: 1408
Epoch: 242, global_step=3701760
SPS: 1410
Epoch: 243, global_step=3717120
SPS: 1413
Epoch: 244, global_step=3732480
SPS: 1415
Epoch: 245, global_step=3747840
SPS: 1417
Epoch: 246, global_step=3763200
SPS: 1420
Epoch: 247, global_step=3778560
SPS: 1422
Epoch: 248, global_step=3793920
SPS: 1424
Epoch: 249, global_step=3809280
SPS: 1427
Epoch: 250, global_step=3824640
SPS: 1429
Epoch: 251, global_step=3840000
Evaluating
Evaluated 17280 steps resulting in 96 episodes
[32mEvaluation Metric: success_once[0m | [36mMean: 0.0104[0m
[32mEvaluation Metric: return[0m | [36mMean: 26.9621[0m
[32mEvaluation Metric: episode_len[0m | [36mMean: 180.0000[0m
[32mEvaluation Metric: reward[0m | [36mMean: 0.1498[0m
[32mEvaluation Metric: success_at_end[0m | [36mMean: 0.0000[0m
model saved to checkpoints/ppo_memtasks/rgb_joints/normalized_dense/TakeItBack-v0/ppo-nonbelief-33__33__rgb_joints__20260119_052134/20260119_052134/ckpt_10_251.pt
SPS: 1385
Epoch: 252, global_step=3855360
SPS: 1387
Epoch: 253, global_step=3870720
SPS: 1389
Epoch: 254, global_step=3886080
SPS: 1391
Epoch: 255, global_step=3901440
SPS: 1393
Epoch: 256, global_step=3916800
SPS: 1396
Epoch: 257, global_step=3932160
SPS: 1398
Epoch: 258, global_step=3947520
SPS: 1400
Epoch: 259, global_step=3962880
SPS: 1402
Epoch: 260, global_step=3978240
SPS: 1404
Epoch: 261, global_step=3993600
SPS: 1406
Epoch: 262, global_step=4008960
SPS: 1409
Epoch: 263, global_step=4024320
SPS: 1411
Epoch: 264, global_step=4039680
SPS: 1413
Epoch: 265, global_step=4055040
SPS: 1415
Epoch: 266, global_step=4070400
SPS: 1417
Epoch: 267, global_step=4085760
SPS: 1419
Epoch: 268, global_step=4101120
SPS: 1421
Epoch: 269, global_step=4116480
SPS: 1424
Epoch: 270, global_step=4131840
SPS: 1426
Epoch: 271, global_step=4147200
SPS: 1428
Epoch: 272, global_step=4162560
SPS: 1430
Epoch: 273, global_step=4177920
SPS: 1432
Epoch: 274, global_step=4193280
SPS: 1434
Epoch: 275, global_step=4208640
SPS: 1436
Epoch: 276, global_step=4224000
Evaluating
Evaluated 17280 steps resulting in 96 episodes
[32mEvaluation Metric: success_once[0m | [36mMean: 0.0000[0m
[32mEvaluation Metric: return[0m | [36mMean: 28.0891[0m
[32mEvaluation Metric: episode_len[0m | [36mMean: 180.0000[0m
[32mEvaluation Metric: reward[0m | [36mMean: 0.1561[0m
[32mEvaluation Metric: success_at_end[0m | [36mMean: 0.0000[0m
model saved to checkpoints/ppo_memtasks/rgb_joints/normalized_dense/TakeItBack-v0/ppo-nonbelief-33__33__rgb_joints__20260119_052134/20260119_052134/ckpt_11_276.pt
SPS: 1396
Epoch: 277, global_step=4239360
SPS: 1398
Epoch: 278, global_step=4254720
SPS: 1400
Epoch: 279, global_step=4270080
SPS: 1402
Epoch: 280, global_step=4285440
SPS: 1404
Epoch: 281, global_step=4300800
SPS: 1406
Epoch: 282, global_step=4316160
SPS: 1408
Epoch: 283, global_step=4331520
SPS: 1410
Epoch: 284, global_step=4346880
SPS: 1412
Epoch: 285, global_step=4362240
SPS: 1414
Epoch: 286, global_step=4377600
SPS: 1416
Epoch: 287, global_step=4392960
SPS: 1418
Epoch: 288, global_step=4408320
SPS: 1420
Epoch: 289, global_step=4423680
SPS: 1422
Epoch: 290, global_step=4439040
SPS: 1424
Epoch: 291, global_step=4454400
SPS: 1426
Epoch: 292, global_step=4469760
SPS: 1428
Epoch: 293, global_step=4485120
SPS: 1430
Epoch: 294, global_step=4500480
SPS: 1432
Epoch: 295, global_step=4515840
SPS: 1434
Epoch: 296, global_step=4531200
SPS: 1435
Epoch: 297, global_step=4546560
SPS: 1437
Epoch: 298, global_step=4561920
SPS: 1439
Epoch: 299, global_step=4577280
SPS: 1441
Epoch: 300, global_step=4592640
SPS: 1443
Epoch: 301, global_step=4608000
Evaluating
Evaluated 17280 steps resulting in 96 episodes
[32mEvaluation Metric: success_once[0m | [36mMean: 0.0000[0m
[32mEvaluation Metric: return[0m | [36mMean: 27.8190[0m
[32mEvaluation Metric: episode_len[0m | [36mMean: 180.0000[0m
[32mEvaluation Metric: reward[0m | [36mMean: 0.1546[0m
[32mEvaluation Metric: success_at_end[0m | [36mMean: 0.0000[0m
model saved to checkpoints/ppo_memtasks/rgb_joints/normalized_dense/TakeItBack-v0/ppo-nonbelief-33__33__rgb_joints__20260119_052134/20260119_052134/ckpt_12_301.pt
SPS: 1405
Epoch: 302, global_step=4623360
SPS: 1407
Epoch: 303, global_step=4638720
SPS: 1409
Epoch: 304, global_step=4654080
SPS: 1411
Epoch: 305, global_step=4669440
SPS: 1413
Epoch: 306, global_step=4684800
SPS: 1415
Epoch: 307, global_step=4700160
SPS: 1417
Epoch: 308, global_step=4715520
SPS: 1418
Epoch: 309, global_step=4730880
SPS: 1420
Epoch: 310, global_step=4746240
SPS: 1422
Epoch: 311, global_step=4761600
SPS: 1424
Epoch: 312, global_step=4776960
SPS: 1426
Epoch: 313, global_step=4792320
SPS: 1428
Epoch: 314, global_step=4807680
SPS: 1429
Epoch: 315, global_step=4823040
SPS: 1431
Epoch: 316, global_step=4838400
SPS: 1433
Epoch: 317, global_step=4853760
SPS: 1435
Epoch: 318, global_step=4869120
SPS: 1436
Epoch: 319, global_step=4884480
SPS: 1438
Epoch: 320, global_step=4899840
SPS: 1440
Epoch: 321, global_step=4915200
SPS: 1442
Epoch: 322, global_step=4930560
SPS: 1444
Epoch: 323, global_step=4945920
SPS: 1445
Epoch: 324, global_step=4961280
SPS: 1447
Epoch: 325, global_step=4976640
SPS: 1449
Epoch: 326, global_step=4992000
Evaluating
Evaluated 17280 steps resulting in 96 episodes
[32mEvaluation Metric: success_once[0m | [36mMean: 0.0000[0m
[32mEvaluation Metric: return[0m | [36mMean: 27.0091[0m
[32mEvaluation Metric: episode_len[0m | [36mMean: 180.0000[0m
[32mEvaluation Metric: reward[0m | [36mMean: 0.1501[0m
[32mEvaluation Metric: success_at_end[0m | [36mMean: 0.0000[0m
model saved to checkpoints/ppo_memtasks/rgb_joints/normalized_dense/TakeItBack-v0/ppo-nonbelief-33__33__rgb_joints__20260119_052134/20260119_052134/ckpt_13_326.pt
SPS: 1413
Epoch: 327, global_step=5007360
SPS: 1415
Epoch: 328, global_step=5022720
SPS: 1417
Epoch: 329, global_step=5038080
SPS: 1418
Epoch: 330, global_step=5053440
SPS: 1420
Epoch: 331, global_step=5068800
SPS: 1422
Epoch: 332, global_step=5084160
SPS: 1424
Epoch: 333, global_step=5099520
SPS: 1425
Epoch: 334, global_step=5114880
SPS: 1427
Epoch: 335, global_step=5130240
SPS: 1429
Epoch: 336, global_step=5145600
SPS: 1431
Epoch: 337, global_step=5160960
SPS: 1432
Epoch: 338, global_step=5176320
SPS: 1434
Epoch: 339, global_step=5191680
SPS: 1436
Epoch: 340, global_step=5207040
SPS: 1437
Epoch: 341, global_step=5222400
SPS: 1439
Epoch: 342, global_step=5237760
SPS: 1441
Epoch: 343, global_step=5253120
SPS: 1442
Epoch: 344, global_step=5268480
SPS: 1444
Epoch: 345, global_step=5283840
SPS: 1446
Epoch: 346, global_step=5299200
SPS: 1447
Epoch: 347, global_step=5314560
SPS: 1449
Epoch: 348, global_step=5329920
SPS: 1450
Epoch: 349, global_step=5345280
SPS: 1452
Epoch: 350, global_step=5360640
SPS: 1454
Epoch: 351, global_step=5376000
Evaluating
Evaluated 17280 steps resulting in 96 episodes
[32mEvaluation Metric: success_once[0m | [36mMean: 0.0000[0m
[32mEvaluation Metric: return[0m | [36mMean: 30.6627[0m
[32mEvaluation Metric: episode_len[0m | [36mMean: 180.0000[0m
[32mEvaluation Metric: reward[0m | [36mMean: 0.1703[0m
[32mEvaluation Metric: success_at_end[0m | [36mMean: 0.0000[0m
model saved to checkpoints/ppo_memtasks/rgb_joints/normalized_dense/TakeItBack-v0/ppo-nonbelief-33__33__rgb_joints__20260119_052134/20260119_052134/ckpt_14_351.pt
SPS: 1420
Epoch: 352, global_step=5391360
SPS: 1422
Epoch: 353, global_step=5406720
SPS: 1424
Epoch: 354, global_step=5422080
SPS: 1425
Epoch: 355, global_step=5437440
SPS: 1427
Epoch: 356, global_step=5452800
SPS: 1429
Epoch: 357, global_step=5468160
SPS: 1430
Epoch: 358, global_step=5483520
SPS: 1432
Epoch: 359, global_step=5498880
SPS: 1433
Epoch: 360, global_step=5514240
SPS: 1435
Epoch: 361, global_step=5529600
SPS: 1437
Epoch: 362, global_step=5544960
SPS: 1438
Epoch: 363, global_step=5560320
SPS: 1440
Epoch: 364, global_step=5575680
SPS: 1441
Epoch: 365, global_step=5591040
SPS: 1443
Epoch: 366, global_step=5606400
SPS: 1444
Epoch: 367, global_step=5621760
SPS: 1446
Epoch: 368, global_step=5637120
SPS: 1447
Epoch: 369, global_step=5652480
SPS: 1449
Epoch: 370, global_step=5667840
SPS: 1451
Epoch: 371, global_step=5683200
SPS: 1452
Epoch: 372, global_step=5698560
SPS: 1454
Epoch: 373, global_step=5713920
SPS: 1455
Epoch: 374, global_step=5729280
SPS: 1457
Epoch: 375, global_step=5744640
SPS: 1458
Epoch: 376, global_step=5760000
Evaluating
Evaluated 17280 steps resulting in 96 episodes
[32mEvaluation Metric: success_once[0m | [36mMean: 0.0000[0m
[32mEvaluation Metric: return[0m | [36mMean: 28.4512[0m
[32mEvaluation Metric: episode_len[0m | [36mMean: 180.0000[0m
[32mEvaluation Metric: reward[0m | [36mMean: 0.1581[0m
[32mEvaluation Metric: success_at_end[0m | [36mMean: 0.0000[0m
model saved to checkpoints/ppo_memtasks/rgb_joints/normalized_dense/TakeItBack-v0/ppo-nonbelief-33__33__rgb_joints__20260119_052134/20260119_052134/ckpt_15_376.pt
SPS: 1427
Epoch: 377, global_step=5775360
SPS: 1429
Epoch: 378, global_step=5790720
SPS: 1430
Epoch: 379, global_step=5806080
SPS: 1432
Epoch: 380, global_step=5821440
SPS: 1433
Epoch: 381, global_step=5836800
SPS: 1435
Epoch: 382, global_step=5852160
SPS: 1436
Epoch: 383, global_step=5867520
SPS: 1438
Epoch: 384, global_step=5882880
SPS: 1439
Epoch: 385, global_step=5898240
SPS: 1441
Epoch: 386, global_step=5913600
SPS: 1442
Epoch: 387, global_step=5928960
SPS: 1444
Epoch: 388, global_step=5944320
SPS: 1445
Epoch: 389, global_step=5959680
SPS: 1447
Epoch: 390, global_step=5975040
SPS: 1448
Epoch: 391, global_step=5990400
SPS: 1449
Epoch: 392, global_step=6005760
SPS: 1451
Epoch: 393, global_step=6021120
SPS: 1452
Epoch: 394, global_step=6036480
SPS: 1454
Epoch: 395, global_step=6051840
SPS: 1455
Epoch: 396, global_step=6067200
SPS: 1457
Epoch: 397, global_step=6082560
SPS: 1458
Epoch: 398, global_step=6097920
SPS: 1459
Epoch: 399, global_step=6113280
SPS: 1461
Epoch: 400, global_step=6128640
SPS: 1462
Epoch: 401, global_step=6144000
Evaluating
Evaluated 17280 steps resulting in 96 episodes
[32mEvaluation Metric: success_once[0m | [36mMean: 0.0000[0m
[32mEvaluation Metric: return[0m | [36mMean: 33.0894[0m
[32mEvaluation Metric: episode_len[0m | [36mMean: 180.0000[0m
[32mEvaluation Metric: reward[0m | [36mMean: 0.1838[0m
[32mEvaluation Metric: success_at_end[0m | [36mMean: 0.0000[0m
model saved to checkpoints/ppo_memtasks/rgb_joints/normalized_dense/TakeItBack-v0/ppo-nonbelief-33__33__rgb_joints__20260119_052134/20260119_052134/ckpt_16_401.pt
SPS: 1433
Epoch: 402, global_step=6159360
SPS: 1435
Epoch: 403, global_step=6174720
SPS: 1436
Epoch: 404, global_step=6190080
SPS: 1438
Epoch: 405, global_step=6205440
SPS: 1439
Epoch: 406, global_step=6220800
SPS: 1440
Epoch: 407, global_step=6236160
SPS: 1442
Epoch: 408, global_step=6251520
SPS: 1443
Epoch: 409, global_step=6266880
SPS: 1445
Epoch: 410, global_step=6282240
SPS: 1446
Epoch: 411, global_step=6297600
SPS: 1447
Epoch: 412, global_step=6312960
SPS: 1449
Epoch: 413, global_step=6328320
SPS: 1450
Epoch: 414, global_step=6343680
SPS: 1451
Epoch: 415, global_step=6359040
SPS: 1453
Epoch: 416, global_step=6374400
SPS: 1454
Epoch: 417, global_step=6389760
SPS: 1455
Epoch: 418, global_step=6405120
SPS: 1457
Epoch: 419, global_step=6420480
SPS: 1458
Epoch: 420, global_step=6435840
SPS: 1459
Epoch: 421, global_step=6451200
SPS: 1461
Epoch: 422, global_step=6466560
SPS: 1462
Epoch: 423, global_step=6481920
SPS: 1463
Epoch: 424, global_step=6497280
SPS: 1465
Epoch: 425, global_step=6512640
SPS: 1466
Epoch: 426, global_step=6528000
Evaluating
Evaluated 17280 steps resulting in 96 episodes
[32mEvaluation Metric: success_once[0m | [36mMean: 0.0000[0m
[32mEvaluation Metric: return[0m | [36mMean: 28.7885[0m
[32mEvaluation Metric: episode_len[0m | [36mMean: 180.0000[0m
[32mEvaluation Metric: reward[0m | [36mMean: 0.1599[0m
[32mEvaluation Metric: success_at_end[0m | [36mMean: 0.0000[0m
model saved to checkpoints/ppo_memtasks/rgb_joints/normalized_dense/TakeItBack-v0/ppo-nonbelief-33__33__rgb_joints__20260119_052134/20260119_052134/ckpt_17_426.pt
SPS: 1436
Epoch: 427, global_step=6543360
SPS: 1437
Epoch: 428, global_step=6558720
SPS: 1439
Epoch: 429, global_step=6574080
SPS: 1440
Epoch: 430, global_step=6589440
SPS: 1441
Epoch: 431, global_step=6604800
SPS: 1442
Epoch: 432, global_step=6620160
SPS: 1444
Epoch: 433, global_step=6635520
SPS: 1445
Epoch: 434, global_step=6650880
SPS: 1446
Epoch: 435, global_step=6666240
SPS: 1448
Epoch: 436, global_step=6681600
SPS: 1449
Epoch: 437, global_step=6696960
SPS: 1450
Epoch: 438, global_step=6712320
SPS: 1451
Epoch: 439, global_step=6727680
SPS: 1453
Epoch: 440, global_step=6743040
SPS: 1454
Epoch: 441, global_step=6758400
SPS: 1455
Epoch: 442, global_step=6773760
SPS: 1456
Epoch: 443, global_step=6789120
SPS: 1458
Epoch: 444, global_step=6804480
SPS: 1459
Epoch: 445, global_step=6819840
SPS: 1460
Epoch: 446, global_step=6835200
SPS: 1461
Epoch: 447, global_step=6850560
SPS: 1463
Epoch: 448, global_step=6865920
SPS: 1464
Epoch: 449, global_step=6881280
SPS: 1465
Epoch: 450, global_step=6896640
SPS: 1466
Epoch: 451, global_step=6912000
Evaluating
Evaluated 17280 steps resulting in 96 episodes
[32mEvaluation Metric: success_once[0m | [36mMean: 0.0000[0m
[32mEvaluation Metric: return[0m | [36mMean: 29.6001[0m
[32mEvaluation Metric: episode_len[0m | [36mMean: 180.0000[0m
[32mEvaluation Metric: reward[0m | [36mMean: 0.1644[0m
[32mEvaluation Metric: success_at_end[0m | [36mMean: 0.0000[0m
model saved to checkpoints/ppo_memtasks/rgb_joints/normalized_dense/TakeItBack-v0/ppo-nonbelief-33__33__rgb_joints__20260119_052134/20260119_052134/ckpt_18_451.pt
SPS: 1439
Epoch: 452, global_step=6927360
SPS: 1440
Epoch: 453, global_step=6942720
SPS: 1441
Epoch: 454, global_step=6958080
SPS: 1442
Epoch: 455, global_step=6973440
SPS: 1443
Epoch: 456, global_step=6988800
SPS: 1445
Epoch: 457, global_step=7004160
SPS: 1446
Epoch: 458, global_step=7019520
SPS: 1447
Epoch: 459, global_step=7034880
SPS: 1448
Epoch: 460, global_step=7050240
SPS: 1449
Epoch: 461, global_step=7065600
SPS: 1451
Epoch: 462, global_step=7080960
SPS: 1452
Epoch: 463, global_step=7096320
SPS: 1453
Epoch: 464, global_step=7111680
SPS: 1454
Epoch: 465, global_step=7127040
SPS: 1455
Epoch: 466, global_step=7142400
SPS: 1457
Epoch: 467, global_step=7157760
SPS: 1458
Epoch: 468, global_step=7173120
SPS: 1459
Epoch: 469, global_step=7188480
SPS: 1460
Epoch: 470, global_step=7203840
SPS: 1461
Epoch: 471, global_step=7219200
SPS: 1462
Epoch: 472, global_step=7234560
SPS: 1464
Epoch: 473, global_step=7249920
SPS: 1465
Epoch: 474, global_step=7265280
SPS: 1466
Epoch: 475, global_step=7280640
SPS: 1467
Epoch: 476, global_step=7296000
Evaluating
Evaluated 17280 steps resulting in 96 episodes
[32mEvaluation Metric: success_once[0m | [36mMean: 0.0000[0m
[32mEvaluation Metric: return[0m | [36mMean: 28.5058[0m
[32mEvaluation Metric: episode_len[0m | [36mMean: 180.0000[0m
[32mEvaluation Metric: reward[0m | [36mMean: 0.1584[0m
[32mEvaluation Metric: success_at_end[0m | [36mMean: 0.0000[0m
model saved to checkpoints/ppo_memtasks/rgb_joints/normalized_dense/TakeItBack-v0/ppo-nonbelief-33__33__rgb_joints__20260119_052134/20260119_052134/ckpt_19_476.pt
SPS: 1442
Epoch: 477, global_step=7311360
SPS: 1443
Epoch: 478, global_step=7326720
SPS: 1444
Epoch: 479, global_step=7342080
SPS: 1446
Epoch: 480, global_step=7357440
SPS: 1447
Epoch: 481, global_step=7372800
SPS: 1448
Epoch: 482, global_step=7388160
SPS: 1449
Epoch: 483, global_step=7403520
SPS: 1450
Epoch: 484, global_step=7418880
SPS: 1451
Epoch: 485, global_step=7434240
SPS: 1452
Epoch: 486, global_step=7449600
SPS: 1454
Epoch: 487, global_step=7464960
SPS: 1455
Epoch: 488, global_step=7480320
SPS: 1456
Epoch: 489, global_step=7495680
SPS: 1457
Epoch: 490, global_step=7511040
SPS: 1458
Epoch: 491, global_step=7526400
SPS: 1459
Epoch: 492, global_step=7541760
SPS: 1460
Epoch: 493, global_step=7557120
SPS: 1462
Epoch: 494, global_step=7572480
SPS: 1463
Epoch: 495, global_step=7587840
SPS: 1464
Epoch: 496, global_step=7603200
SPS: 1465
Epoch: 497, global_step=7618560
SPS: 1466
Epoch: 498, global_step=7633920
SPS: 1467
Epoch: 499, global_step=7649280
SPS: 1468
Epoch: 500, global_step=7664640
SPS: 1469
Epoch: 501, global_step=7680000
Evaluating
Evaluated 17280 steps resulting in 96 episodes
[32mEvaluation Metric: success_once[0m | [36mMean: 0.0000[0m
[32mEvaluation Metric: return[0m | [36mMean: 30.8979[0m
[32mEvaluation Metric: episode_len[0m | [36mMean: 180.0000[0m
[32mEvaluation Metric: reward[0m | [36mMean: 0.1717[0m
[32mEvaluation Metric: success_at_end[0m | [36mMean: 0.0000[0m
model saved to checkpoints/ppo_memtasks/rgb_joints/normalized_dense/TakeItBack-v0/ppo-nonbelief-33__33__rgb_joints__20260119_052134/20260119_052134/ckpt_20_501.pt
SPS: 1444
Epoch: 502, global_step=7695360
SPS: 1445
Epoch: 503, global_step=7710720
SPS: 1447
Epoch: 504, global_step=7726080
SPS: 1447
Epoch: 505, global_step=7741440
SPS: 1449
Epoch: 506, global_step=7756800
SPS: 1450
Epoch: 507, global_step=7772160
SPS: 1451
Epoch: 508, global_step=7787520
SPS: 1452
Epoch: 509, global_step=7802880
SPS: 1453
Epoch: 510, global_step=7818240
SPS: 1454
Epoch: 511, global_step=7833600
SPS: 1455
Epoch: 512, global_step=7848960
SPS: 1456
Epoch: 513, global_step=7864320
SPS: 1457
Epoch: 514, global_step=7879680
SPS: 1458
Epoch: 515, global_step=7895040
SPS: 1459
Epoch: 516, global_step=7910400
SPS: 1460
Epoch: 517, global_step=7925760
SPS: 1462
Epoch: 518, global_step=7941120
SPS: 1463
Epoch: 519, global_step=7956480
SPS: 1464
Epoch: 520, global_step=7971840
SPS: 1465
Epoch: 521, global_step=7987200
SPS: 1466
Epoch: 522, global_step=8002560
SPS: 1467
Epoch: 523, global_step=8017920
SPS: 1468
Epoch: 524, global_step=8033280
SPS: 1469
Epoch: 525, global_step=8048640
SPS: 1470
Epoch: 526, global_step=8064000
Evaluating
Evaluated 17280 steps resulting in 96 episodes
[32mEvaluation Metric: success_once[0m | [36mMean: 0.0000[0m
[32mEvaluation Metric: return[0m | [36mMean: 31.0068[0m
[32mEvaluation Metric: episode_len[0m | [36mMean: 180.0000[0m
[32mEvaluation Metric: reward[0m | [36mMean: 0.1723[0m
[32mEvaluation Metric: success_at_end[0m | [36mMean: 0.0000[0m
model saved to checkpoints/ppo_memtasks/rgb_joints/normalized_dense/TakeItBack-v0/ppo-nonbelief-33__33__rgb_joints__20260119_052134/20260119_052134/ckpt_21_526.pt
SPS: 1447
Epoch: 527, global_step=8079360
SPS: 1448
Epoch: 528, global_step=8094720
SPS: 1449
Epoch: 529, global_step=8110080
SPS: 1450
Epoch: 530, global_step=8125440
SPS: 1451
Epoch: 531, global_step=8140800
SPS: 1452
Epoch: 532, global_step=8156160
SPS: 1453
Epoch: 533, global_step=8171520
SPS: 1454
Epoch: 534, global_step=8186880
SPS: 1455
Epoch: 535, global_step=8202240
SPS: 1456
Epoch: 536, global_step=8217600
SPS: 1457
Epoch: 537, global_step=8232960
SPS: 1458
Epoch: 538, global_step=8248320
SPS: 1459
Epoch: 539, global_step=8263680
SPS: 1460
Epoch: 540, global_step=8279040
SPS: 1461
Epoch: 541, global_step=8294400
SPS: 1462
Epoch: 542, global_step=8309760
SPS: 1463
Epoch: 543, global_step=8325120
SPS: 1464
Epoch: 544, global_step=8340480
SPS: 1465
Epoch: 545, global_step=8355840
SPS: 1466
Epoch: 546, global_step=8371200
SPS: 1467
Epoch: 547, global_step=8386560
SPS: 1468
Epoch: 548, global_step=8401920
SPS: 1469
Epoch: 549, global_step=8417280
SPS: 1470
Epoch: 550, global_step=8432640
SPS: 1471
Epoch: 551, global_step=8448000
Evaluating
Evaluated 17280 steps resulting in 96 episodes
[32mEvaluation Metric: success_once[0m | [36mMean: 0.0000[0m
[32mEvaluation Metric: return[0m | [36mMean: 30.8636[0m
[32mEvaluation Metric: episode_len[0m | [36mMean: 180.0000[0m
[32mEvaluation Metric: reward[0m | [36mMean: 0.1715[0m
[32mEvaluation Metric: success_at_end[0m | [36mMean: 0.0000[0m
model saved to checkpoints/ppo_memtasks/rgb_joints/normalized_dense/TakeItBack-v0/ppo-nonbelief-33__33__rgb_joints__20260119_052134/20260119_052134/ckpt_22_551.pt
SPS: 1449
Epoch: 552, global_step=8463360
SPS: 1450
Epoch: 553, global_step=8478720
SPS: 1452
Epoch: 554, global_step=8494080
SPS: 1453
Epoch: 555, global_step=8509440
SPS: 1453
Epoch: 556, global_step=8524800
SPS: 1455
Epoch: 557, global_step=8540160
SPS: 1456
Epoch: 558, global_step=8555520
SPS: 1456
Epoch: 559, global_step=8570880
SPS: 1458
Epoch: 560, global_step=8586240
SPS: 1459
Epoch: 561, global_step=8601600
SPS: 1460
Epoch: 562, global_step=8616960
SPS: 1461
Epoch: 563, global_step=8632320
SPS: 1462
Epoch: 564, global_step=8647680
SPS: 1462
Epoch: 565, global_step=8663040
SPS: 1464
Epoch: 566, global_step=8678400
SPS: 1464
Epoch: 567, global_step=8693760
SPS: 1465
Epoch: 568, global_step=8709120
SPS: 1466
Epoch: 569, global_step=8724480
SPS: 1467
Epoch: 570, global_step=8739840
SPS: 1468
Epoch: 571, global_step=8755200
SPS: 1469
Epoch: 572, global_step=8770560
SPS: 1470
Epoch: 573, global_step=8785920
SPS: 1471
Epoch: 574, global_step=8801280
SPS: 1472
Epoch: 575, global_step=8816640
SPS: 1473
Epoch: 576, global_step=8832000
Evaluating
Evaluated 17280 steps resulting in 96 episodes
[32mEvaluation Metric: success_once[0m | [36mMean: 0.0000[0m
[32mEvaluation Metric: return[0m | [36mMean: 28.8222[0m
[32mEvaluation Metric: episode_len[0m | [36mMean: 180.0000[0m
[32mEvaluation Metric: reward[0m | [36mMean: 0.1601[0m
[32mEvaluation Metric: success_at_end[0m | [36mMean: 0.0000[0m
model saved to checkpoints/ppo_memtasks/rgb_joints/normalized_dense/TakeItBack-v0/ppo-nonbelief-33__33__rgb_joints__20260119_052134/20260119_052134/ckpt_23_576.pt
SPS: 1452
Epoch: 577, global_step=8847360
SPS: 1453
Epoch: 578, global_step=8862720
SPS: 1454
Epoch: 579, global_step=8878080
SPS: 1455
Epoch: 580, global_step=8893440
SPS: 1456
Epoch: 581, global_step=8908800
SPS: 1457
Epoch: 582, global_step=8924160
SPS: 1458
Epoch: 583, global_step=8939520
SPS: 1459
Epoch: 584, global_step=8954880
SPS: 1460
Epoch: 585, global_step=8970240
SPS: 1461
Epoch: 586, global_step=8985600
SPS: 1462
Epoch: 587, global_step=9000960
SPS: 1463
Epoch: 588, global_step=9016320
SPS: 1464
Epoch: 589, global_step=9031680
SPS: 1465
Epoch: 590, global_step=9047040
SPS: 1465
Epoch: 591, global_step=9062400
SPS: 1466
Epoch: 592, global_step=9077760
SPS: 1467
Epoch: 593, global_step=9093120
SPS: 1468
Epoch: 594, global_step=9108480
SPS: 1469
Epoch: 595, global_step=9123840
SPS: 1470
Epoch: 596, global_step=9139200
SPS: 1471
Epoch: 597, global_step=9154560
SPS: 1472
Epoch: 598, global_step=9169920
SPS: 1473
Epoch: 599, global_step=9185280
SPS: 1474
Epoch: 600, global_step=9200640
SPS: 1475
Epoch: 601, global_step=9216000
Evaluating
Evaluated 17280 steps resulting in 96 episodes
[32mEvaluation Metric: success_once[0m | [36mMean: 0.0000[0m
[32mEvaluation Metric: return[0m | [36mMean: 29.9603[0m
[32mEvaluation Metric: episode_len[0m | [36mMean: 180.0000[0m
[32mEvaluation Metric: reward[0m | [36mMean: 0.1664[0m
[32mEvaluation Metric: success_at_end[0m | [36mMean: 0.0000[0m
model saved to checkpoints/ppo_memtasks/rgb_joints/normalized_dense/TakeItBack-v0/ppo-nonbelief-33__33__rgb_joints__20260119_052134/20260119_052134/ckpt_24_601.pt
SPS: 1455
Epoch: 602, global_step=9231360
SPS: 1456
Epoch: 603, global_step=9246720
SPS: 1457
Epoch: 604, global_step=9262080
SPS: 1458
Epoch: 605, global_step=9277440
SPS: 1459
Epoch: 606, global_step=9292800
SPS: 1460
Epoch: 607, global_step=9308160
SPS: 1461
Epoch: 608, global_step=9323520
SPS: 1461
Epoch: 609, global_step=9338880
SPS: 1462
Epoch: 610, global_step=9354240
SPS: 1463
Epoch: 611, global_step=9369600
SPS: 1464
Epoch: 612, global_step=9384960
SPS: 1465
Epoch: 613, global_step=9400320
SPS: 1466
Epoch: 614, global_step=9415680
SPS: 1467
Epoch: 615, global_step=9431040
SPS: 1468
Epoch: 616, global_step=9446400
SPS: 1469
Epoch: 617, global_step=9461760
SPS: 1470
Epoch: 618, global_step=9477120
SPS: 1470
Epoch: 619, global_step=9492480
SPS: 1471
Epoch: 620, global_step=9507840
SPS: 1472
Epoch: 621, global_step=9523200
SPS: 1473
Epoch: 622, global_step=9538560
SPS: 1474
Epoch: 623, global_step=9553920
SPS: 1475
Epoch: 624, global_step=9569280
SPS: 1476
Epoch: 625, global_step=9584640
SPS: 1477
Epoch: 626, global_step=9600000
Evaluating
Evaluated 17280 steps resulting in 96 episodes
[32mEvaluation Metric: success_once[0m | [36mMean: 0.0000[0m
[32mEvaluation Metric: return[0m | [36mMean: 26.8316[0m
[32mEvaluation Metric: episode_len[0m | [36mMean: 180.0000[0m
[32mEvaluation Metric: reward[0m | [36mMean: 0.1491[0m
[32mEvaluation Metric: success_at_end[0m | [36mMean: 0.0000[0m
model saved to checkpoints/ppo_memtasks/rgb_joints/normalized_dense/TakeItBack-v0/ppo-nonbelief-33__33__rgb_joints__20260119_052134/20260119_052134/ckpt_25_626.pt
SPS: 1457
Epoch: 627, global_step=9615360
SPS: 1457
Epoch: 628, global_step=9630720
SPS: 1458
Epoch: 629, global_step=9646080
SPS: 1459
Epoch: 630, global_step=9661440
SPS: 1460
Epoch: 631, global_step=9676800
SPS: 1461
Epoch: 632, global_step=9692160
SPS: 1462
Epoch: 633, global_step=9707520
SPS: 1462
Epoch: 634, global_step=9722880
SPS: 1463
Epoch: 635, global_step=9738240
SPS: 1464
Epoch: 636, global_step=9753600
SPS: 1465
Epoch: 637, global_step=9768960
SPS: 1466
Epoch: 638, global_step=9784320
SPS: 1467
Epoch: 639, global_step=9799680
SPS: 1468
Epoch: 640, global_step=9815040
SPS: 1469
Epoch: 641, global_step=9830400
SPS: 1469
Epoch: 642, global_step=9845760
SPS: 1470
Epoch: 643, global_step=9861120
SPS: 1471
Epoch: 644, global_step=9876480
SPS: 1472
Epoch: 645, global_step=9891840
SPS: 1473
Epoch: 646, global_step=9907200
SPS: 1474
Epoch: 647, global_step=9922560
SPS: 1474
Epoch: 648, global_step=9937920
SPS: 1475
Epoch: 649, global_step=9953280
SPS: 1476
Epoch: 650, global_step=9968640
SPS: 1477
Epoch: 651, global_step=9984000
Evaluating
Evaluated 17280 steps resulting in 96 episodes
[32mEvaluation Metric: success_once[0m | [36mMean: 0.0000[0m
[32mEvaluation Metric: return[0m | [36mMean: 29.6056[0m
[32mEvaluation Metric: episode_len[0m | [36mMean: 180.0000[0m
[32mEvaluation Metric: reward[0m | [36mMean: 0.1645[0m
[32mEvaluation Metric: success_at_end[0m | [36mMean: 0.0000[0m
model saved to checkpoints/ppo_memtasks/rgb_joints/normalized_dense/TakeItBack-v0/ppo-nonbelief-33__33__rgb_joints__20260119_052134/20260119_052134/ckpt_26_651.pt
SPS: 1458
Epoch: 652, global_step=9999360
SPS: 1459
Epoch: 653, global_step=10014720
SPS: 1460
Epoch: 654, global_step=10030080
SPS: 1461
Epoch: 655, global_step=10045440
SPS: 1461
Epoch: 656, global_step=10060800
SPS: 1462
Epoch: 657, global_step=10076160
SPS: 1463
Epoch: 658, global_step=10091520
SPS: 1464
Epoch: 659, global_step=10106880
SPS: 1465
Epoch: 660, global_step=10122240
SPS: 1465
Epoch: 661, global_step=10137600
SPS: 1466
Epoch: 662, global_step=10152960
SPS: 1467
Epoch: 663, global_step=10168320
SPS: 1468
Epoch: 664, global_step=10183680
SPS: 1469
Epoch: 665, global_step=10199040
SPS: 1470
Epoch: 666, global_step=10214400
SPS: 1470
Epoch: 667, global_step=10229760
SPS: 1471
Epoch: 668, global_step=10245120
SPS: 1472
Epoch: 669, global_step=10260480
SPS: 1473
Epoch: 670, global_step=10275840
SPS: 1474
Epoch: 671, global_step=10291200
SPS: 1474
Epoch: 672, global_step=10306560
SPS: 1475
Epoch: 673, global_step=10321920
SPS: 1476
Epoch: 674, global_step=10337280
SPS: 1477
Epoch: 675, global_step=10352640
SPS: 1478
Epoch: 676, global_step=10368000
Evaluating
Evaluated 17280 steps resulting in 96 episodes
[32mEvaluation Metric: success_once[0m | [36mMean: 0.0000[0m
[32mEvaluation Metric: return[0m | [36mMean: 27.4997[0m
[32mEvaluation Metric: episode_len[0m | [36mMean: 180.0000[0m
[32mEvaluation Metric: reward[0m | [36mMean: 0.1528[0m
[32mEvaluation Metric: success_at_end[0m | [36mMean: 0.0000[0m
model saved to checkpoints/ppo_memtasks/rgb_joints/normalized_dense/TakeItBack-v0/ppo-nonbelief-33__33__rgb_joints__20260119_052134/20260119_052134/ckpt_27_676.pt
SPS: 1459
Epoch: 677, global_step=10383360
SPS: 1460
Epoch: 678, global_step=10398720
SPS: 1461
Epoch: 679, global_step=10414080
SPS: 1462
Epoch: 680, global_step=10429440
SPS: 1462
Epoch: 681, global_step=10444800
SPS: 1463
Epoch: 682, global_step=10460160
SPS: 1464
Epoch: 683, global_step=10475520
SPS: 1465
Epoch: 684, global_step=10490880
SPS: 1466
Epoch: 685, global_step=10506240
SPS: 1467
Epoch: 686, global_step=10521600
SPS: 1467
Epoch: 687, global_step=10536960
SPS: 1468
Epoch: 688, global_step=10552320
SPS: 1469
Epoch: 689, global_step=10567680
SPS: 1470
Epoch: 690, global_step=10583040
SPS: 1470
Epoch: 691, global_step=10598400
SPS: 1471
Epoch: 692, global_step=10613760
SPS: 1472
Epoch: 693, global_step=10629120
SPS: 1473
Epoch: 694, global_step=10644480
SPS: 1474
Epoch: 695, global_step=10659840
SPS: 1474
Epoch: 696, global_step=10675200
SPS: 1475
Epoch: 697, global_step=10690560
SPS: 1476
Epoch: 698, global_step=10705920
SPS: 1477
Epoch: 699, global_step=10721280
SPS: 1477
Epoch: 700, global_step=10736640
SPS: 1478
Epoch: 701, global_step=10752000
Evaluating
Evaluated 17280 steps resulting in 96 episodes
[32mEvaluation Metric: success_once[0m | [36mMean: 0.0000[0m
[32mEvaluation Metric: return[0m | [36mMean: 32.8422[0m
[32mEvaluation Metric: episode_len[0m | [36mMean: 180.0000[0m
[32mEvaluation Metric: reward[0m | [36mMean: 0.1825[0m
[32mEvaluation Metric: success_at_end[0m | [36mMean: 0.0000[0m
model saved to checkpoints/ppo_memtasks/rgb_joints/normalized_dense/TakeItBack-v0/ppo-nonbelief-33__33__rgb_joints__20260119_052134/20260119_052134/ckpt_28_701.pt
SPS: 1460
Epoch: 702, global_step=10767360
SPS: 1461
Epoch: 703, global_step=10782720
SPS: 1462
Epoch: 704, global_step=10798080
SPS: 1462
Epoch: 705, global_step=10813440
SPS: 1463
Epoch: 706, global_step=10828800
SPS: 1464
Epoch: 707, global_step=10844160
SPS: 1465
Epoch: 708, global_step=10859520
SPS: 1465
Epoch: 709, global_step=10874880
SPS: 1466
Epoch: 710, global_step=10890240
SPS: 1467
Epoch: 711, global_step=10905600
SPS: 1468
Epoch: 712, global_step=10920960
SPS: 1468
Epoch: 713, global_step=10936320
SPS: 1469
Epoch: 714, global_step=10951680
SPS: 1470
Epoch: 715, global_step=10967040
SPS: 1471
Epoch: 716, global_step=10982400
SPS: 1471
Epoch: 717, global_step=10997760
SPS: 1472
Epoch: 718, global_step=11013120
SPS: 1473
Epoch: 719, global_step=11028480
SPS: 1474
Epoch: 720, global_step=11043840
SPS: 1475
Epoch: 721, global_step=11059200
SPS: 1475
Epoch: 722, global_step=11074560
SPS: 1476
Epoch: 723, global_step=11089920
SPS: 1477
Epoch: 724, global_step=11105280
SPS: 1478
Epoch: 725, global_step=11120640
SPS: 1478
Epoch: 726, global_step=11136000
Evaluating
Evaluated 17280 steps resulting in 96 episodes
[32mEvaluation Metric: success_once[0m | [36mMean: 0.0000[0m
[32mEvaluation Metric: return[0m | [36mMean: 35.6826[0m
[32mEvaluation Metric: episode_len[0m | [36mMean: 180.0000[0m
[32mEvaluation Metric: reward[0m | [36mMean: 0.1982[0m
[32mEvaluation Metric: success_at_end[0m | [36mMean: 0.0000[0m
model saved to checkpoints/ppo_memtasks/rgb_joints/normalized_dense/TakeItBack-v0/ppo-nonbelief-33__33__rgb_joints__20260119_052134/20260119_052134/ckpt_29_726.pt
SPS: 1461
Epoch: 727, global_step=11151360
SPS: 1462
Epoch: 728, global_step=11166720
SPS: 1462
Epoch: 729, global_step=11182080
SPS: 1463
Epoch: 730, global_step=11197440
SPS: 1464
Epoch: 731, global_step=11212800
SPS: 1465
Epoch: 732, global_step=11228160
SPS: 1465
Epoch: 733, global_step=11243520
SPS: 1466
Epoch: 734, global_step=11258880
SPS: 1467
Epoch: 735, global_step=11274240
SPS: 1468
Epoch: 736, global_step=11289600
SPS: 1468
Epoch: 737, global_step=11304960
SPS: 1469
Epoch: 738, global_step=11320320
SPS: 1470
Epoch: 739, global_step=11335680
SPS: 1471
Epoch: 740, global_step=11351040
SPS: 1471
Epoch: 741, global_step=11366400
SPS: 1472
Epoch: 742, global_step=11381760
SPS: 1473
Epoch: 743, global_step=11397120
SPS: 1474
Epoch: 744, global_step=11412480
SPS: 1474
Epoch: 745, global_step=11427840
SPS: 1475
Epoch: 746, global_step=11443200
SPS: 1476
Epoch: 747, global_step=11458560
SPS: 1477
Epoch: 748, global_step=11473920
SPS: 1477
Epoch: 749, global_step=11489280
SPS: 1478
Epoch: 750, global_step=11504640
SPS: 1479
Epoch: 751, global_step=11520000
Evaluating
Evaluated 17280 steps resulting in 96 episodes
[32mEvaluation Metric: success_once[0m | [36mMean: 0.0000[0m
[32mEvaluation Metric: return[0m | [36mMean: 34.6125[0m
[32mEvaluation Metric: episode_len[0m | [36mMean: 180.0000[0m
[32mEvaluation Metric: reward[0m | [36mMean: 0.1923[0m
[32mEvaluation Metric: success_at_end[0m | [36mMean: 0.0000[0m
model saved to checkpoints/ppo_memtasks/rgb_joints/normalized_dense/TakeItBack-v0/ppo-nonbelief-33__33__rgb_joints__20260119_052134/20260119_052134/ckpt_30_751.pt
SPS: 1462
Epoch: 752, global_step=11535360
SPS: 1463
Epoch: 753, global_step=11550720
SPS: 1464
Epoch: 754, global_step=11566080
SPS: 1464
Epoch: 755, global_step=11581440
SPS: 1465
Epoch: 756, global_step=11596800
SPS: 1466
Epoch: 757, global_step=11612160
SPS: 1467
Epoch: 758, global_step=11627520
SPS: 1467
Epoch: 759, global_step=11642880
SPS: 1468
Epoch: 760, global_step=11658240
SPS: 1469
Epoch: 761, global_step=11673600
SPS: 1469
Epoch: 762, global_step=11688960
SPS: 1470
Epoch: 763, global_step=11704320
SPS: 1471
Epoch: 764, global_step=11719680
SPS: 1472
Epoch: 765, global_step=11735040
SPS: 1472
Epoch: 766, global_step=11750400
SPS: 1473
Epoch: 767, global_step=11765760
SPS: 1474
Epoch: 768, global_step=11781120
SPS: 1474
Epoch: 769, global_step=11796480
SPS: 1475
Epoch: 770, global_step=11811840
SPS: 1476
Epoch: 771, global_step=11827200
SPS: 1477
Epoch: 772, global_step=11842560
SPS: 1477
Epoch: 773, global_step=11857920
SPS: 1478
Epoch: 774, global_step=11873280
SPS: 1479
Epoch: 775, global_step=11888640
SPS: 1480
Epoch: 776, global_step=11904000
Evaluating
Evaluated 17280 steps resulting in 96 episodes
[32mEvaluation Metric: success_once[0m | [36mMean: 0.0000[0m
[32mEvaluation Metric: return[0m | [36mMean: 33.7636[0m
[32mEvaluation Metric: episode_len[0m | [36mMean: 180.0000[0m
[32mEvaluation Metric: reward[0m | [36mMean: 0.1876[0m
[32mEvaluation Metric: success_at_end[0m | [36mMean: 0.0000[0m
model saved to checkpoints/ppo_memtasks/rgb_joints/normalized_dense/TakeItBack-v0/ppo-nonbelief-33__33__rgb_joints__20260119_052134/20260119_052134/ckpt_31_776.pt
SPS: 1464
Epoch: 777, global_step=11919360
SPS: 1465
Epoch: 778, global_step=11934720
SPS: 1465
Epoch: 779, global_step=11950080
SPS: 1466
Epoch: 780, global_step=11965440
SPS: 1467
Epoch: 781, global_step=11980800
SPS: 1467
Epoch: 782, global_step=11996160
SPS: 1468
Epoch: 783, global_step=12011520
SPS: 1469
Epoch: 784, global_step=12026880
SPS: 1470
Epoch: 785, global_step=12042240
SPS: 1470
Epoch: 786, global_step=12057600
SPS: 1471
Epoch: 787, global_step=12072960
SPS: 1472
Epoch: 788, global_step=12088320
SPS: 1472
Epoch: 789, global_step=12103680
SPS: 1473
Epoch: 790, global_step=12119040
SPS: 1474
Epoch: 791, global_step=12134400
SPS: 1475
Epoch: 792, global_step=12149760
SPS: 1475
Epoch: 793, global_step=12165120
SPS: 1476
Epoch: 794, global_step=12180480
SPS: 1477
Epoch: 795, global_step=12195840
SPS: 1477
Epoch: 796, global_step=12211200
SPS: 1478
Epoch: 797, global_step=12226560
SPS: 1479
Epoch: 798, global_step=12241920
SPS: 1479
Epoch: 799, global_step=12257280
SPS: 1480
Epoch: 800, global_step=12272640
SPS: 1481
Epoch: 801, global_step=12288000
Evaluating
Evaluated 17280 steps resulting in 96 episodes
[32mEvaluation Metric: success_once[0m | [36mMean: 0.0000[0m
[32mEvaluation Metric: return[0m | [36mMean: 35.0864[0m
[32mEvaluation Metric: episode_len[0m | [36mMean: 180.0000[0m
[32mEvaluation Metric: reward[0m | [36mMean: 0.1949[0m
[32mEvaluation Metric: success_at_end[0m | [36mMean: 0.0000[0m
model saved to checkpoints/ppo_memtasks/rgb_joints/normalized_dense/TakeItBack-v0/ppo-nonbelief-33__33__rgb_joints__20260119_052134/20260119_052134/ckpt_32_801.pt
SPS: 1465
Epoch: 802, global_step=12303360
SPS: 1465
Epoch: 803, global_step=12318720
SPS: 1466
Epoch: 804, global_step=12334080
SPS: 1467
Epoch: 805, global_step=12349440
SPS: 1467
Epoch: 806, global_step=12364800
SPS: 1468
Epoch: 807, global_step=12380160
SPS: 1469
Epoch: 808, global_step=12395520
SPS: 1469
Epoch: 809, global_step=12410880
SPS: 1470
Epoch: 810, global_step=12426240
SPS: 1471
Epoch: 811, global_step=12441600
SPS: 1471
Epoch: 812, global_step=12456960
SPS: 1472
Epoch: 813, global_step=12472320
SPS: 1473
Epoch: 814, global_step=12487680
SPS: 1473
Epoch: 815, global_step=12503040
SPS: 1474
Epoch: 816, global_step=12518400
SPS: 1475
Epoch: 817, global_step=12533760
SPS: 1475
Epoch: 818, global_step=12549120
SPS: 1476
Epoch: 819, global_step=12564480
SPS: 1477
Epoch: 820, global_step=12579840
SPS: 1477
Epoch: 821, global_step=12595200
SPS: 1478
Epoch: 822, global_step=12610560
SPS: 1479
Epoch: 823, global_step=12625920
SPS: 1479
Epoch: 824, global_step=12641280
SPS: 1480
Epoch: 825, global_step=12656640
SPS: 1481
Epoch: 826, global_step=12672000
Evaluating
Evaluated 17280 steps resulting in 96 episodes
[32mEvaluation Metric: success_once[0m | [36mMean: 0.0000[0m
[32mEvaluation Metric: return[0m | [36mMean: 32.3560[0m
[32mEvaluation Metric: episode_len[0m | [36mMean: 180.0000[0m
[32mEvaluation Metric: reward[0m | [36mMean: 0.1798[0m
[32mEvaluation Metric: success_at_end[0m | [36mMean: 0.0000[0m
model saved to checkpoints/ppo_memtasks/rgb_joints/normalized_dense/TakeItBack-v0/ppo-nonbelief-33__33__rgb_joints__20260119_052134/20260119_052134/ckpt_33_826.pt
SPS: 1466
Epoch: 827, global_step=12687360
SPS: 1466
Epoch: 828, global_step=12702720
SPS: 1467
Epoch: 829, global_step=12718080
SPS: 1468
Epoch: 830, global_step=12733440
SPS: 1468
Epoch: 831, global_step=12748800
SPS: 1469
Epoch: 832, global_step=12764160
SPS: 1470
Epoch: 833, global_step=12779520
SPS: 1470
Epoch: 834, global_step=12794880
SPS: 1471
Epoch: 835, global_step=12810240
SPS: 1472
Epoch: 836, global_step=12825600
SPS: 1472
Epoch: 837, global_step=12840960
SPS: 1473
Epoch: 838, global_step=12856320
SPS: 1474
Epoch: 839, global_step=12871680
SPS: 1474
Epoch: 840, global_step=12887040
SPS: 1475
Epoch: 841, global_step=12902400
SPS: 1476
Epoch: 842, global_step=12917760
SPS: 1476
Epoch: 843, global_step=12933120
SPS: 1477
Epoch: 844, global_step=12948480
SPS: 1477
Epoch: 845, global_step=12963840
SPS: 1478
Epoch: 846, global_step=12979200
SPS: 1479
Epoch: 847, global_step=12994560
SPS: 1479
Epoch: 848, global_step=13009920
SPS: 1480
Epoch: 849, global_step=13025280
SPS: 1481
Epoch: 850, global_step=13040640
SPS: 1481
Epoch: 851, global_step=13056000
Evaluating
Evaluated 17280 steps resulting in 96 episodes
[32mEvaluation Metric: success_once[0m | [36mMean: 0.0000[0m
[32mEvaluation Metric: return[0m | [36mMean: 36.5859[0m
[32mEvaluation Metric: episode_len[0m | [36mMean: 180.0000[0m
[32mEvaluation Metric: reward[0m | [36mMean: 0.2033[0m
[32mEvaluation Metric: success_at_end[0m | [36mMean: 0.0000[0m
model saved to checkpoints/ppo_memtasks/rgb_joints/normalized_dense/TakeItBack-v0/ppo-nonbelief-33__33__rgb_joints__20260119_052134/20260119_052134/ckpt_34_851.pt
SPS: 1466
Epoch: 852, global_step=13071360
SPS: 1467
Epoch: 853, global_step=13086720
SPS: 1467
Epoch: 854, global_step=13102080
SPS: 1468
Epoch: 855, global_step=13117440
SPS: 1468
Epoch: 856, global_step=13132800
SPS: 1469
Epoch: 857, global_step=13148160
SPS: 1470
Epoch: 858, global_step=13163520
SPS: 1470
Epoch: 859, global_step=13178880
SPS: 1471
Epoch: 860, global_step=13194240
SPS: 1472
Epoch: 861, global_step=13209600
SPS: 1472
Epoch: 862, global_step=13224960
SPS: 1473
Epoch: 863, global_step=13240320
SPS: 1474
Epoch: 864, global_step=13255680
SPS: 1474
Epoch: 865, global_step=13271040
SPS: 1475
Epoch: 866, global_step=13286400
SPS: 1475
Epoch: 867, global_step=13301760
SPS: 1476
Epoch: 868, global_step=13317120
SPS: 1477
Epoch: 869, global_step=13332480
SPS: 1477
Epoch: 870, global_step=13347840
SPS: 1478
Epoch: 871, global_step=13363200
SPS: 1479
Epoch: 872, global_step=13378560
SPS: 1479
Epoch: 873, global_step=13393920
SPS: 1480
Epoch: 874, global_step=13409280
SPS: 1480
Epoch: 875, global_step=13424640
SPS: 1481
Epoch: 876, global_step=13440000
Evaluating
Evaluated 17280 steps resulting in 96 episodes
[32mEvaluation Metric: success_once[0m | [36mMean: 0.0000[0m
[32mEvaluation Metric: return[0m | [36mMean: 31.1092[0m
[32mEvaluation Metric: episode_len[0m | [36mMean: 180.0000[0m
[32mEvaluation Metric: reward[0m | [36mMean: 0.1728[0m
[32mEvaluation Metric: success_at_end[0m | [36mMean: 0.0000[0m
model saved to checkpoints/ppo_memtasks/rgb_joints/normalized_dense/TakeItBack-v0/ppo-nonbelief-33__33__rgb_joints__20260119_052134/20260119_052134/ckpt_35_876.pt
SPS: 1467
Epoch: 877, global_step=13455360
SPS: 1467
Epoch: 878, global_step=13470720
SPS: 1468
Epoch: 879, global_step=13486080
SPS: 1469
Epoch: 880, global_step=13501440
SPS: 1469
Epoch: 881, global_step=13516800
SPS: 1470
Epoch: 882, global_step=13532160
SPS: 1470
Epoch: 883, global_step=13547520
SPS: 1471
Epoch: 884, global_step=13562880
SPS: 1471
Epoch: 885, global_step=13578240
SPS: 1472
Epoch: 886, global_step=13593600
SPS: 1473
Epoch: 887, global_step=13608960
SPS: 1473
Epoch: 888, global_step=13624320
SPS: 1474
Epoch: 889, global_step=13639680
SPS: 1475
Epoch: 890, global_step=13655040
SPS: 1475
Epoch: 891, global_step=13670400
SPS: 1476
Epoch: 892, global_step=13685760
SPS: 1476
Epoch: 893, global_step=13701120
SPS: 1477
Epoch: 894, global_step=13716480
SPS: 1478
Epoch: 895, global_step=13731840
SPS: 1478
Epoch: 896, global_step=13747200
SPS: 1479
Epoch: 897, global_step=13762560
SPS: 1479
Epoch: 898, global_step=13777920
SPS: 1480
Epoch: 899, global_step=13793280
SPS: 1481
Epoch: 900, global_step=13808640
SPS: 1481
Epoch: 901, global_step=13824000
Evaluating
Evaluated 17280 steps resulting in 96 episodes
[32mEvaluation Metric: success_once[0m | [36mMean: 0.0000[0m
[32mEvaluation Metric: return[0m | [36mMean: 30.4268[0m
[32mEvaluation Metric: episode_len[0m | [36mMean: 180.0000[0m
[32mEvaluation Metric: reward[0m | [36mMean: 0.1690[0m
[32mEvaluation Metric: success_at_end[0m | [36mMean: 0.0000[0m
model saved to checkpoints/ppo_memtasks/rgb_joints/normalized_dense/TakeItBack-v0/ppo-nonbelief-33__33__rgb_joints__20260119_052134/20260119_052134/ckpt_36_901.pt
SPS: 1467
Epoch: 902, global_step=13839360
SPS: 1468
Epoch: 903, global_step=13854720
SPS: 1468
Epoch: 904, global_step=13870080
SPS: 1469
Epoch: 905, global_step=13885440
SPS: 1470
Epoch: 906, global_step=13900800
SPS: 1470
Epoch: 907, global_step=13916160
SPS: 1471
Epoch: 908, global_step=13931520
SPS: 1471
Epoch: 909, global_step=13946880
SPS: 1472
Epoch: 910, global_step=13962240
SPS: 1473
Epoch: 911, global_step=13977600
SPS: 1473
Epoch: 912, global_step=13992960
SPS: 1474
Epoch: 913, global_step=14008320
SPS: 1474
Epoch: 914, global_step=14023680
SPS: 1475
Epoch: 915, global_step=14039040
SPS: 1476
Epoch: 916, global_step=14054400
SPS: 1476
Epoch: 917, global_step=14069760
SPS: 1477
Epoch: 918, global_step=14085120
SPS: 1477
Epoch: 919, global_step=14100480
SPS: 1478
Epoch: 920, global_step=14115840
SPS: 1478
Epoch: 921, global_step=14131200
SPS: 1479
Epoch: 922, global_step=14146560
SPS: 1480
Epoch: 923, global_step=14161920
SPS: 1480
Epoch: 924, global_step=14177280
SPS: 1481
Epoch: 925, global_step=14192640
SPS: 1481
Epoch: 926, global_step=14208000
Evaluating
Evaluated 17280 steps resulting in 96 episodes
[32mEvaluation Metric: success_once[0m | [36mMean: 0.0000[0m
[32mEvaluation Metric: return[0m | [36mMean: 33.4339[0m
[32mEvaluation Metric: episode_len[0m | [36mMean: 180.0000[0m
[32mEvaluation Metric: reward[0m | [36mMean: 0.1857[0m
[32mEvaluation Metric: success_at_end[0m | [36mMean: 0.0000[0m
model saved to checkpoints/ppo_memtasks/rgb_joints/normalized_dense/TakeItBack-v0/ppo-nonbelief-33__33__rgb_joints__20260119_052134/20260119_052134/ckpt_37_926.pt
SPS: 1468
Epoch: 927, global_step=14223360
SPS: 1468
Epoch: 928, global_step=14238720
SPS: 1469
Epoch: 929, global_step=14254080
SPS: 1469
Epoch: 930, global_step=14269440
SPS: 1470
Epoch: 931, global_step=14284800
SPS: 1471
Epoch: 932, global_step=14300160
SPS: 1471
Epoch: 933, global_step=14315520
SPS: 1472
Epoch: 934, global_step=14330880
SPS: 1472
Epoch: 935, global_step=14346240
SPS: 1473
Epoch: 936, global_step=14361600
SPS: 1473
Epoch: 937, global_step=14376960
SPS: 1474
Epoch: 938, global_step=14392320
SPS: 1475
Epoch: 939, global_step=14407680
SPS: 1475
Epoch: 940, global_step=14423040
SPS: 1476
Epoch: 941, global_step=14438400
SPS: 1476
Epoch: 942, global_step=14453760
SPS: 1477
Epoch: 943, global_step=14469120
SPS: 1478
Epoch: 944, global_step=14484480
SPS: 1478
Epoch: 945, global_step=14499840
SPS: 1479
Epoch: 946, global_step=14515200
SPS: 1479
Epoch: 947, global_step=14530560
SPS: 1480
Epoch: 948, global_step=14545920
SPS: 1480
Epoch: 949, global_step=14561280
SPS: 1481
Epoch: 950, global_step=14576640
SPS: 1481
Epoch: 951, global_step=14592000
Evaluating
Evaluated 17280 steps resulting in 96 episodes
[32mEvaluation Metric: success_once[0m | [36mMean: 0.0000[0m
[32mEvaluation Metric: return[0m | [36mMean: 31.0450[0m
[32mEvaluation Metric: episode_len[0m | [36mMean: 180.0000[0m
[32mEvaluation Metric: reward[0m | [36mMean: 0.1725[0m
[32mEvaluation Metric: success_at_end[0m | [36mMean: 0.0000[0m
model saved to checkpoints/ppo_memtasks/rgb_joints/normalized_dense/TakeItBack-v0/ppo-nonbelief-33__33__rgb_joints__20260119_052134/20260119_052134/ckpt_38_951.pt
SPS: 1468
Epoch: 952, global_step=14607360
SPS: 1469
Epoch: 953, global_step=14622720
SPS: 1469
Epoch: 954, global_step=14638080
SPS: 1470
Epoch: 955, global_step=14653440
SPS: 1471
Epoch: 956, global_step=14668800
SPS: 1471
Epoch: 957, global_step=14684160
SPS: 1472
Epoch: 958, global_step=14699520
SPS: 1472
Epoch: 959, global_step=14714880
SPS: 1473
Epoch: 960, global_step=14730240
SPS: 1473
Epoch: 961, global_step=14745600
SPS: 1474
Epoch: 962, global_step=14760960
SPS: 1474
Epoch: 963, global_step=14776320
SPS: 1475
Epoch: 964, global_step=14791680
SPS: 1476
Epoch: 965, global_step=14807040
SPS: 1476
Epoch: 966, global_step=14822400
SPS: 1477
Epoch: 967, global_step=14837760
SPS: 1477
Epoch: 968, global_step=14853120
SPS: 1478
Epoch: 969, global_step=14868480
SPS: 1478
Epoch: 970, global_step=14883840
SPS: 1479
Epoch: 971, global_step=14899200
SPS: 1479
Epoch: 972, global_step=14914560
SPS: 1480
Epoch: 973, global_step=14929920
SPS: 1481
Epoch: 974, global_step=14945280
SPS: 1481
Epoch: 975, global_step=14960640
SPS: 1482
Epoch: 976, global_step=14976000
Evaluating
Evaluated 17280 steps resulting in 96 episodes
[32mEvaluation Metric: success_once[0m | [36mMean: 0.0000[0m
[32mEvaluation Metric: return[0m | [36mMean: 26.5987[0m
[32mEvaluation Metric: episode_len[0m | [36mMean: 180.0000[0m
[32mEvaluation Metric: reward[0m | [36mMean: 0.1478[0m
[32mEvaluation Metric: success_at_end[0m | [36mMean: 0.0000[0m
model saved to checkpoints/ppo_memtasks/rgb_joints/normalized_dense/TakeItBack-v0/ppo-nonbelief-33__33__rgb_joints__20260119_052134/20260119_052134/ckpt_39_976.pt
SPS: 1468
Epoch: 977, global_step=14991360
SPS: 1469
Epoch: 978, global_step=15006720
SPS: 1469
Epoch: 979, global_step=15022080
SPS: 1470
Epoch: 980, global_step=15037440
SPS: 1470
Epoch: 981, global_step=15052800
SPS: 1471
Epoch: 982, global_step=15068160
SPS: 1472
Epoch: 983, global_step=15083520
SPS: 1472
Epoch: 984, global_step=15098880
SPS: 1473
Epoch: 985, global_step=15114240
SPS: 1473
Epoch: 986, global_step=15129600
SPS: 1474
Epoch: 987, global_step=15144960
SPS: 1474
Epoch: 988, global_step=15160320
SPS: 1475
Epoch: 989, global_step=15175680
SPS: 1475
Epoch: 990, global_step=15191040
SPS: 1476
Epoch: 991, global_step=15206400
SPS: 1476
Epoch: 992, global_step=15221760
SPS: 1477
Epoch: 993, global_step=15237120
SPS: 1477
Epoch: 994, global_step=15252480
SPS: 1478
Epoch: 995, global_step=15267840
SPS: 1479
Epoch: 996, global_step=15283200
SPS: 1479
Epoch: 997, global_step=15298560
SPS: 1480
Epoch: 998, global_step=15313920
SPS: 1480
Epoch: 999, global_step=15329280
SPS: 1481
Epoch: 1000, global_step=15344640
SPS: 1481
Epoch: 1001, global_step=15360000
Evaluating
Evaluated 17280 steps resulting in 96 episodes
[32mEvaluation Metric: success_once[0m | [36mMean: 0.0000[0m
[32mEvaluation Metric: return[0m | [36mMean: 25.9738[0m
[32mEvaluation Metric: episode_len[0m | [36mMean: 180.0000[0m
[32mEvaluation Metric: reward[0m | [36mMean: 0.1443[0m
[32mEvaluation Metric: success_at_end[0m | [36mMean: 0.0000[0m
model saved to checkpoints/ppo_memtasks/rgb_joints/normalized_dense/TakeItBack-v0/ppo-nonbelief-33__33__rgb_joints__20260119_052134/20260119_052134/ckpt_40_1001.pt
SPS: 1468
Epoch: 1002, global_step=15375360
SPS: 1469
Epoch: 1003, global_step=15390720
SPS: 1470
Epoch: 1004, global_step=15406080
SPS: 1470
Epoch: 1005, global_step=15421440
SPS: 1471
Epoch: 1006, global_step=15436800
SPS: 1471
Epoch: 1007, global_step=15452160
SPS: 1472
Epoch: 1008, global_step=15467520
SPS: 1472
Epoch: 1009, global_step=15482880
SPS: 1473
Epoch: 1010, global_step=15498240
SPS: 1473
Epoch: 1011, global_step=15513600
SPS: 1474
Epoch: 1012, global_step=15528960
SPS: 1474
Epoch: 1013, global_step=15544320
SPS: 1475
Epoch: 1014, global_step=15559680
SPS: 1475
Epoch: 1015, global_step=15575040
SPS: 1476
Epoch: 1016, global_step=15590400
SPS: 1476
Epoch: 1017, global_step=15605760
SPS: 1477
Epoch: 1018, global_step=15621120
SPS: 1477
Epoch: 1019, global_step=15636480
SPS: 1478
Epoch: 1020, global_step=15651840
SPS: 1478
Epoch: 1021, global_step=15667200
SPS: 1479
Epoch: 1022, global_step=15682560
SPS: 1479
Epoch: 1023, global_step=15697920
SPS: 1480
Epoch: 1024, global_step=15713280
SPS: 1480
Epoch: 1025, global_step=15728640
SPS: 1481
Epoch: 1026, global_step=15744000
Evaluating
Evaluated 17280 steps resulting in 96 episodes
[32mEvaluation Metric: success_once[0m | [36mMean: 0.0000[0m
[32mEvaluation Metric: return[0m | [36mMean: 24.6253[0m
[32mEvaluation Metric: episode_len[0m | [36mMean: 180.0000[0m
[32mEvaluation Metric: reward[0m | [36mMean: 0.1368[0m
[32mEvaluation Metric: success_at_end[0m | [36mMean: 0.0000[0m
model saved to checkpoints/ppo_memtasks/rgb_joints/normalized_dense/TakeItBack-v0/ppo-nonbelief-33__33__rgb_joints__20260119_052134/20260119_052134/ckpt_41_1026.pt
SPS: 1469
Epoch: 1027, global_step=15759360
SPS: 1469
Epoch: 1028, global_step=15774720
SPS: 1470
Epoch: 1029, global_step=15790080
SPS: 1470
Epoch: 1030, global_step=15805440
SPS: 1471
Epoch: 1031, global_step=15820800
SPS: 1471
Epoch: 1032, global_step=15836160
SPS: 1472
Epoch: 1033, global_step=15851520
SPS: 1472
Epoch: 1034, global_step=15866880
SPS: 1473
Epoch: 1035, global_step=15882240
SPS: 1473
Epoch: 1036, global_step=15897600
SPS: 1474
Epoch: 1037, global_step=15912960
SPS: 1474
Epoch: 1038, global_step=15928320
SPS: 1475
Epoch: 1039, global_step=15943680
SPS: 1475
Epoch: 1040, global_step=15959040
SPS: 1476
Epoch: 1041, global_step=15974400
SPS: 1476
Epoch: 1042, global_step=15989760
SPS: 1477
Epoch: 1043, global_step=16005120
SPS: 1477
Epoch: 1044, global_step=16020480
SPS: 1478
Epoch: 1045, global_step=16035840
SPS: 1478
Epoch: 1046, global_step=16051200
SPS: 1479
Epoch: 1047, global_step=16066560
SPS: 1479
Epoch: 1048, global_step=16081920
SPS: 1480
Epoch: 1049, global_step=16097280
SPS: 1480
Epoch: 1050, global_step=16112640
SPS: 1481
Epoch: 1051, global_step=16128000
Evaluating
Evaluated 17280 steps resulting in 96 episodes
[32mEvaluation Metric: success_once[0m | [36mMean: 0.0000[0m
[32mEvaluation Metric: return[0m | [36mMean: 27.4737[0m
[32mEvaluation Metric: episode_len[0m | [36mMean: 180.0000[0m
[32mEvaluation Metric: reward[0m | [36mMean: 0.1526[0m
[32mEvaluation Metric: success_at_end[0m | [36mMean: 0.0000[0m
model saved to checkpoints/ppo_memtasks/rgb_joints/normalized_dense/TakeItBack-v0/ppo-nonbelief-33__33__rgb_joints__20260119_052134/20260119_052134/ckpt_42_1051.pt
SPS: 1469
Epoch: 1052, global_step=16143360
SPS: 1469
Epoch: 1053, global_step=16158720
SPS: 1469
Epoch: 1054, global_step=16174080
SPS: 1470
Epoch: 1055, global_step=16189440
SPS: 1471
Epoch: 1056, global_step=16204800
SPS: 1471
Epoch: 1057, global_step=16220160
SPS: 1472
Epoch: 1058, global_step=16235520
SPS: 1472
Epoch: 1059, global_step=16250880
SPS: 1473
Epoch: 1060, global_step=16266240
SPS: 1473
Epoch: 1061, global_step=16281600
SPS: 1474
Epoch: 1062, global_step=16296960
SPS: 1474
Epoch: 1063, global_step=16312320
SPS: 1475
Epoch: 1064, global_step=16327680
SPS: 1475
Epoch: 1065, global_step=16343040
SPS: 1476
Epoch: 1066, global_step=16358400
SPS: 1476
Epoch: 1067, global_step=16373760
SPS: 1477
Epoch: 1068, global_step=16389120
SPS: 1477
Epoch: 1069, global_step=16404480
SPS: 1478
Epoch: 1070, global_step=16419840
SPS: 1478
Epoch: 1071, global_step=16435200
SPS: 1479
Epoch: 1072, global_step=16450560
SPS: 1479
Epoch: 1073, global_step=16465920
SPS: 1480
Epoch: 1074, global_step=16481280
SPS: 1480
Epoch: 1075, global_step=16496640
SPS: 1481
Epoch: 1076, global_step=16512000
Evaluating
Evaluated 17280 steps resulting in 96 episodes
[32mEvaluation Metric: success_once[0m | [36mMean: 0.0000[0m
[32mEvaluation Metric: return[0m | [36mMean: 23.3292[0m
[32mEvaluation Metric: episode_len[0m | [36mMean: 180.0000[0m
[32mEvaluation Metric: reward[0m | [36mMean: 0.1296[0m
[32mEvaluation Metric: success_at_end[0m | [36mMean: 0.0000[0m
model saved to checkpoints/ppo_memtasks/rgb_joints/normalized_dense/TakeItBack-v0/ppo-nonbelief-33__33__rgb_joints__20260119_052134/20260119_052134/ckpt_43_1076.pt
SPS: 1469
Epoch: 1077, global_step=16527360
SPS: 1469
Epoch: 1078, global_step=16542720
SPS: 1470
Epoch: 1079, global_step=16558080
SPS: 1470
Epoch: 1080, global_step=16573440
SPS: 1470
Epoch: 1081, global_step=16588800
SPS: 1471
Epoch: 1082, global_step=16604160
SPS: 1471
Epoch: 1083, global_step=16619520
SPS: 1472
Epoch: 1084, global_step=16634880
SPS: 1472
Epoch: 1085, global_step=16650240
SPS: 1473
Epoch: 1086, global_step=16665600
SPS: 1473
Epoch: 1087, global_step=16680960
SPS: 1474
Epoch: 1088, global_step=16696320
SPS: 1474
Epoch: 1089, global_step=16711680
SPS: 1475
Epoch: 1090, global_step=16727040
SPS: 1475
Epoch: 1091, global_step=16742400
SPS: 1476
Epoch: 1092, global_step=16757760
SPS: 1476
Epoch: 1093, global_step=16773120
SPS: 1477
Epoch: 1094, global_step=16788480
SPS: 1477
Epoch: 1095, global_step=16803840
SPS: 1478
Epoch: 1096, global_step=16819200
SPS: 1478
Epoch: 1097, global_step=16834560
SPS: 1479
Epoch: 1098, global_step=16849920
SPS: 1479
Epoch: 1099, global_step=16865280
SPS: 1480
Epoch: 1100, global_step=16880640
SPS: 1480
Epoch: 1101, global_step=16896000
Evaluating
Evaluated 17280 steps resulting in 96 episodes
[32mEvaluation Metric: success_once[0m | [36mMean: 0.0000[0m
[32mEvaluation Metric: return[0m | [36mMean: 25.4961[0m
[32mEvaluation Metric: episode_len[0m | [36mMean: 180.0000[0m
[32mEvaluation Metric: reward[0m | [36mMean: 0.1416[0m
[32mEvaluation Metric: success_at_end[0m | [36mMean: 0.0000[0m
model saved to checkpoints/ppo_memtasks/rgb_joints/normalized_dense/TakeItBack-v0/ppo-nonbelief-33__33__rgb_joints__20260119_052134/20260119_052134/ckpt_44_1101.pt
SPS: 1469
Epoch: 1102, global_step=16911360
SPS: 1469
Epoch: 1103, global_step=16926720
SPS: 1470
Epoch: 1104, global_step=16942080
SPS: 1470
Epoch: 1105, global_step=16957440
SPS: 1471
Epoch: 1106, global_step=16972800
SPS: 1471
Epoch: 1107, global_step=16988160
SPS: 1472
Epoch: 1108, global_step=17003520
SPS: 1472
Epoch: 1109, global_step=17018880
SPS: 1473
Epoch: 1110, global_step=17034240
SPS: 1473
Epoch: 1111, global_step=17049600
SPS: 1474
Epoch: 1112, global_step=17064960
SPS: 1474
Epoch: 1113, global_step=17080320
SPS: 1474
Epoch: 1114, global_step=17095680
SPS: 1475
Epoch: 1115, global_step=17111040
SPS: 1475
Epoch: 1116, global_step=17126400
SPS: 1476
Epoch: 1117, global_step=17141760
SPS: 1476
Epoch: 1118, global_step=17157120
SPS: 1477
Epoch: 1119, global_step=17172480
SPS: 1477
Epoch: 1120, global_step=17187840
SPS: 1478
Epoch: 1121, global_step=17203200
SPS: 1478
Epoch: 1122, global_step=17218560
SPS: 1479
Epoch: 1123, global_step=17233920
SPS: 1479
Epoch: 1124, global_step=17249280
SPS: 1480
Epoch: 1125, global_step=17264640
SPS: 1480
Epoch: 1126, global_step=17280000
Evaluating
Evaluated 17280 steps resulting in 96 episodes
[32mEvaluation Metric: success_once[0m | [36mMean: 0.0000[0m
[32mEvaluation Metric: return[0m | [36mMean: 28.4666[0m
[32mEvaluation Metric: episode_len[0m | [36mMean: 180.0000[0m
[32mEvaluation Metric: reward[0m | [36mMean: 0.1581[0m
[32mEvaluation Metric: success_at_end[0m | [36mMean: 0.0000[0m
model saved to checkpoints/ppo_memtasks/rgb_joints/normalized_dense/TakeItBack-v0/ppo-nonbelief-33__33__rgb_joints__20260119_052134/20260119_052134/ckpt_45_1126.pt
SPS: 1468
Epoch: 1127, global_step=17295360
SPS: 1469
Epoch: 1128, global_step=17310720
SPS: 1469
Epoch: 1129, global_step=17326080
SPS: 1470
Epoch: 1130, global_step=17341440
SPS: 1470
Epoch: 1131, global_step=17356800
SPS: 1471
Epoch: 1132, global_step=17372160
SPS: 1471
Epoch: 1133, global_step=17387520
SPS: 1472
Epoch: 1134, global_step=17402880
SPS: 1472
Epoch: 1135, global_step=17418240
SPS: 1473
Epoch: 1136, global_step=17433600
SPS: 1473
Epoch: 1137, global_step=17448960
SPS: 1473
Epoch: 1138, global_step=17464320
SPS: 1474
Epoch: 1139, global_step=17479680
SPS: 1474
Epoch: 1140, global_step=17495040
SPS: 1475
Epoch: 1141, global_step=17510400
SPS: 1475
Epoch: 1142, global_step=17525760
SPS: 1476
Epoch: 1143, global_step=17541120
SPS: 1476
Epoch: 1144, global_step=17556480
SPS: 1477
Epoch: 1145, global_step=17571840
SPS: 1477
Epoch: 1146, global_step=17587200
SPS: 1478
Epoch: 1147, global_step=17602560
SPS: 1478
Epoch: 1148, global_step=17617920
SPS: 1479
Epoch: 1149, global_step=17633280
SPS: 1479
Epoch: 1150, global_step=17648640
SPS: 1480
Epoch: 1151, global_step=17664000
Evaluating
Evaluated 17280 steps resulting in 96 episodes
[32mEvaluation Metric: success_once[0m | [36mMean: 0.0000[0m
[32mEvaluation Metric: return[0m | [36mMean: 32.9478[0m
[32mEvaluation Metric: episode_len[0m | [36mMean: 180.0000[0m
[32mEvaluation Metric: reward[0m | [36mMean: 0.1830[0m
[32mEvaluation Metric: success_at_end[0m | [36mMean: 0.0000[0m
model saved to checkpoints/ppo_memtasks/rgb_joints/normalized_dense/TakeItBack-v0/ppo-nonbelief-33__33__rgb_joints__20260119_052134/20260119_052134/ckpt_46_1151.pt
SPS: 1469
Epoch: 1152, global_step=17679360
SPS: 1469
Epoch: 1153, global_step=17694720
SPS: 1470
Epoch: 1154, global_step=17710080
SPS: 1470
Epoch: 1155, global_step=17725440
SPS: 1471
Epoch: 1156, global_step=17740800
SPS: 1471
Epoch: 1157, global_step=17756160
SPS: 1471
Epoch: 1158, global_step=17771520
SPS: 1472
Epoch: 1159, global_step=17786880
SPS: 1472
Epoch: 1160, global_step=17802240
SPS: 1473
Epoch: 1161, global_step=17817600
SPS: 1473
Epoch: 1162, global_step=17832960
SPS: 1474
Epoch: 1163, global_step=17848320
SPS: 1474
Epoch: 1164, global_step=17863680
SPS: 1475
Epoch: 1165, global_step=17879040
SPS: 1475
Epoch: 1166, global_step=17894400
SPS: 1476
Epoch: 1167, global_step=17909760
SPS: 1476
Epoch: 1168, global_step=17925120
SPS: 1477
Epoch: 1169, global_step=17940480
SPS: 1477
Epoch: 1170, global_step=17955840
SPS: 1477
Epoch: 1171, global_step=17971200
SPS: 1478
Epoch: 1172, global_step=17986560
SPS: 1478
Epoch: 1173, global_step=18001920
SPS: 1479
Epoch: 1174, global_step=18017280
SPS: 1479
Epoch: 1175, global_step=18032640
SPS: 1480
Epoch: 1176, global_step=18048000
Evaluating
Evaluated 17280 steps resulting in 96 episodes
[32mEvaluation Metric: success_once[0m | [36mMean: 0.0000[0m
[32mEvaluation Metric: return[0m | [36mMean: 26.8403[0m
[32mEvaluation Metric: episode_len[0m | [36mMean: 180.0000[0m
[32mEvaluation Metric: reward[0m | [36mMean: 0.1491[0m
[32mEvaluation Metric: success_at_end[0m | [36mMean: 0.0000[0m
model saved to checkpoints/ppo_memtasks/rgb_joints/normalized_dense/TakeItBack-v0/ppo-nonbelief-33__33__rgb_joints__20260119_052134/20260119_052134/ckpt_47_1176.pt
SPS: 1468
Epoch: 1177, global_step=18063360
SPS: 1469
Epoch: 1178, global_step=18078720
SPS: 1469
Epoch: 1179, global_step=18094080
SPS: 1470
Epoch: 1180, global_step=18109440
SPS: 1470
Epoch: 1181, global_step=18124800
SPS: 1471
Epoch: 1182, global_step=18140160
SPS: 1471
Epoch: 1183, global_step=18155520
SPS: 1472
Epoch: 1184, global_step=18170880
SPS: 1472
Epoch: 1185, global_step=18186240
SPS: 1472
Epoch: 1186, global_step=18201600
SPS: 1473
Epoch: 1187, global_step=18216960
SPS: 1473
Epoch: 1188, global_step=18232320
SPS: 1474
Epoch: 1189, global_step=18247680
SPS: 1474
Epoch: 1190, global_step=18263040
SPS: 1475
Epoch: 1191, global_step=18278400
SPS: 1475
Epoch: 1192, global_step=18293760
SPS: 1476
Epoch: 1193, global_step=18309120
SPS: 1476
Epoch: 1194, global_step=18324480
SPS: 1477
Epoch: 1195, global_step=18339840
SPS: 1477
Epoch: 1196, global_step=18355200
SPS: 1477
Epoch: 1197, global_step=18370560
SPS: 1478
Epoch: 1198, global_step=18385920
SPS: 1478
Epoch: 1199, global_step=18401280
SPS: 1479
Epoch: 1200, global_step=18416640
SPS: 1479
Epoch: 1201, global_step=18432000
Evaluating
Evaluated 17280 steps resulting in 96 episodes
[32mEvaluation Metric: success_once[0m | [36mMean: 0.0104[0m
[32mEvaluation Metric: return[0m | [36mMean: 25.2305[0m
[32mEvaluation Metric: episode_len[0m | [36mMean: 180.0000[0m
[32mEvaluation Metric: reward[0m | [36mMean: 0.1402[0m
[32mEvaluation Metric: success_at_end[0m | [36mMean: 0.0000[0m
model saved to checkpoints/ppo_memtasks/rgb_joints/normalized_dense/TakeItBack-v0/ppo-nonbelief-33__33__rgb_joints__20260119_052134/20260119_052134/ckpt_48_1201.pt
SPS: 1468
Epoch: 1202, global_step=18447360
SPS: 1469
Epoch: 1203, global_step=18462720
SPS: 1469
Epoch: 1204, global_step=18478080
SPS: 1470
Epoch: 1205, global_step=18493440
SPS: 1470
Epoch: 1206, global_step=18508800
SPS: 1471
Epoch: 1207, global_step=18524160
SPS: 1471
Epoch: 1208, global_step=18539520
SPS: 1471
Epoch: 1209, global_step=18554880
SPS: 1472
Epoch: 1210, global_step=18570240
SPS: 1472
Epoch: 1211, global_step=18585600
SPS: 1473
Epoch: 1212, global_step=18600960
SPS: 1473
Epoch: 1213, global_step=18616320
SPS: 1474
Epoch: 1214, global_step=18631680
SPS: 1474
Epoch: 1215, global_step=18647040
SPS: 1475
Epoch: 1216, global_step=18662400
SPS: 1475
Epoch: 1217, global_step=18677760
SPS: 1475
Epoch: 1218, global_step=18693120
SPS: 1476
Epoch: 1219, global_step=18708480
SPS: 1476
Epoch: 1220, global_step=18723840
SPS: 1477
Epoch: 1221, global_step=18739200
SPS: 1477
Epoch: 1222, global_step=18754560
SPS: 1478
Epoch: 1223, global_step=18769920
SPS: 1478
Epoch: 1224, global_step=18785280
SPS: 1478
Epoch: 1225, global_step=18800640
SPS: 1479
Epoch: 1226, global_step=18816000
Evaluating
Evaluated 17280 steps resulting in 96 episodes
[32mEvaluation Metric: success_once[0m | [36mMean: 0.0000[0m
[32mEvaluation Metric: return[0m | [36mMean: 27.2080[0m
[32mEvaluation Metric: episode_len[0m | [36mMean: 180.0000[0m
[32mEvaluation Metric: reward[0m | [36mMean: 0.1512[0m
[32mEvaluation Metric: success_at_end[0m | [36mMean: 0.0000[0m
model saved to checkpoints/ppo_memtasks/rgb_joints/normalized_dense/TakeItBack-v0/ppo-nonbelief-33__33__rgb_joints__20260119_052134/20260119_052134/ckpt_49_1226.pt
SPS: 1468
Epoch: 1227, global_step=18831360
SPS: 1469
Epoch: 1228, global_step=18846720
SPS: 1469
Epoch: 1229, global_step=18862080
SPS: 1470
Epoch: 1230, global_step=18877440
SPS: 1470
Epoch: 1231, global_step=18892800
SPS: 1471
Epoch: 1232, global_step=18908160
SPS: 1471
Epoch: 1233, global_step=18923520
SPS: 1471
Epoch: 1234, global_step=18938880
SPS: 1472
Epoch: 1235, global_step=18954240
SPS: 1472
Epoch: 1236, global_step=18969600
SPS: 1473
Epoch: 1237, global_step=18984960
SPS: 1473
Epoch: 1238, global_step=19000320
SPS: 1474
Epoch: 1239, global_step=19015680
SPS: 1474
Epoch: 1240, global_step=19031040
SPS: 1475
Epoch: 1241, global_step=19046400
SPS: 1475
Epoch: 1242, global_step=19061760
SPS: 1475
Epoch: 1243, global_step=19077120
SPS: 1476
Epoch: 1244, global_step=19092480
SPS: 1476
Epoch: 1245, global_step=19107840
SPS: 1477
Epoch: 1246, global_step=19123200
SPS: 1477
Epoch: 1247, global_step=19138560
SPS: 1478
Epoch: 1248, global_step=19153920
SPS: 1478
Epoch: 1249, global_step=19169280
SPS: 1478
Epoch: 1250, global_step=19184640
SPS: 1479
Epoch: 1251, global_step=19200000
Evaluating
Evaluated 17280 steps resulting in 96 episodes
[32mEvaluation Metric: success_once[0m | [36mMean: 0.0000[0m
[32mEvaluation Metric: return[0m | [36mMean: 27.8144[0m
[32mEvaluation Metric: episode_len[0m | [36mMean: 180.0000[0m
[32mEvaluation Metric: reward[0m | [36mMean: 0.1545[0m
[32mEvaluation Metric: success_at_end[0m | [36mMean: 0.0000[0m
model saved to checkpoints/ppo_memtasks/rgb_joints/normalized_dense/TakeItBack-v0/ppo-nonbelief-33__33__rgb_joints__20260119_052134/20260119_052134/ckpt_50_1251.pt
SPS: 1469
Epoch: 1252, global_step=19215360
SPS: 1469
Epoch: 1253, global_step=19230720
SPS: 1469
Epoch: 1254, global_step=19246080
SPS: 1470
Epoch: 1255, global_step=19261440
SPS: 1470
Epoch: 1256, global_step=19276800
SPS: 1471
Epoch: 1257, global_step=19292160
SPS: 1471
Epoch: 1258, global_step=19307520
SPS: 1472
Epoch: 1259, global_step=19322880
SPS: 1472
Epoch: 1260, global_step=19338240
SPS: 1472
Epoch: 1261, global_step=19353600
SPS: 1473
Epoch: 1262, global_step=19368960
SPS: 1473
Epoch: 1263, global_step=19384320
SPS: 1474
Epoch: 1264, global_step=19399680
SPS: 1474
Epoch: 1265, global_step=19415040
SPS: 1475
Epoch: 1266, global_step=19430400
SPS: 1475
Epoch: 1267, global_step=19445760
SPS: 1475
Epoch: 1268, global_step=19461120
SPS: 1476
Epoch: 1269, global_step=19476480
SPS: 1476
Epoch: 1270, global_step=19491840
SPS: 1477
Epoch: 1271, global_step=19507200
SPS: 1477
Epoch: 1272, global_step=19522560
SPS: 1478
Epoch: 1273, global_step=19537920
SPS: 1478
Epoch: 1274, global_step=19553280
SPS: 1478
Epoch: 1275, global_step=19568640
SPS: 1479
Epoch: 1276, global_step=19584000
Evaluating
Evaluated 17280 steps resulting in 96 episodes
[32mEvaluation Metric: success_once[0m | [36mMean: 0.0000[0m
[32mEvaluation Metric: return[0m | [36mMean: 31.4656[0m
[32mEvaluation Metric: episode_len[0m | [36mMean: 180.0000[0m
[32mEvaluation Metric: reward[0m | [36mMean: 0.1748[0m
[32mEvaluation Metric: success_at_end[0m | [36mMean: 0.0000[0m
model saved to checkpoints/ppo_memtasks/rgb_joints/normalized_dense/TakeItBack-v0/ppo-nonbelief-33__33__rgb_joints__20260119_052134/20260119_052134/ckpt_51_1276.pt
SPS: 1469
Epoch: 1277, global_step=19599360
SPS: 1469
Epoch: 1278, global_step=19614720
SPS: 1470
Epoch: 1279, global_step=19630080
SPS: 1470
Epoch: 1280, global_step=19645440
SPS: 1471
Epoch: 1281, global_step=19660800
SPS: 1471
Epoch: 1282, global_step=19676160
SPS: 1472
Epoch: 1283, global_step=19691520
SPS: 1472
Epoch: 1284, global_step=19706880
SPS: 1473
Epoch: 1285, global_step=19722240
SPS: 1473
Epoch: 1286, global_step=19737600
SPS: 1473
Epoch: 1287, global_step=19752960
SPS: 1474
Epoch: 1288, global_step=19768320
SPS: 1474
Epoch: 1289, global_step=19783680
SPS: 1475
Epoch: 1290, global_step=19799040
SPS: 1475
Epoch: 1291, global_step=19814400
SPS: 1476
Epoch: 1292, global_step=19829760
SPS: 1476
Epoch: 1293, global_step=19845120
SPS: 1477
Epoch: 1294, global_step=19860480
SPS: 1477
Epoch: 1295, global_step=19875840
SPS: 1477
Epoch: 1296, global_step=19891200
SPS: 1478
Epoch: 1297, global_step=19906560
SPS: 1478
Epoch: 1298, global_step=19921920
SPS: 1479
Epoch: 1299, global_step=19937280
SPS: 1479
Epoch: 1300, global_step=19952640
SPS: 1480
Epoch: 1301, global_step=19968000
Evaluating
Evaluated 17280 steps resulting in 96 episodes
[32mEvaluation Metric: success_once[0m | [36mMean: 0.0000[0m
[32mEvaluation Metric: return[0m | [36mMean: 28.2378[0m
[32mEvaluation Metric: episode_len[0m | [36mMean: 180.0000[0m
[32mEvaluation Metric: reward[0m | [36mMean: 0.1569[0m
[32mEvaluation Metric: success_at_end[0m | [36mMean: 0.0000[0m
model saved to checkpoints/ppo_memtasks/rgb_joints/normalized_dense/TakeItBack-v0/ppo-nonbelief-33__33__rgb_joints__20260119_052134/20260119_052134/ckpt_52_1301.pt
SPS: 1470
Epoch: 1302, global_step=19983360
SPS: 1470
model saved to checkpoints/ppo_memtasks/rgb_joints/normalized_dense/TakeItBack-v0/ppo-nonbelief-33__33__rgb_joints__20260119_052134/20260119_052134/final_ckpt.pt
Running InterceptGrab-Slow, seed 42

===========================================================================
║                        Environment Configuration                        ║
===========================================================================
║ Environment ID: TakeItBack-v0                                           ║
║ Oracle Info:    None                                                    ║
║ Wrappers:                                                               ║
║    ├─ InitialZeroActionWrapper                                         ║
║    │  └─ {'n_initial_steps': 0}                                           ║
║    ├─ RenderStepInfoWrapper                                            ║
║    ├─ RenderRewardInfoWrapper                                          ║
║    ├─ DebugRewardWrapper                                               ║
║-------------------------------------------------------------------------║
║ include_state:       False │ state will not be used                ║
║ include_rgb:         True  │ rgb images will be used               ║
║ include_oracle:      False │ oracle info will not be used          ║
║ include_joints:      True  │ joints will be used                   ║
===========================================================================

MODE='rgb_joints'
prompt_info=None
Saving eval videos to checkpoints/ppo_memtasks/rgb_joints/normalized_dense/TakeItBack-v0/ppo-nonbelief-42__42__rgb_joints__20260119_090830/20260119_090830/videos
======================================================================
Max Episode Steps: 180
======================================================================

Running training

####
args.num_iterations=1302 args.num_envs=256 args.num_eval_envs=16
args.minibatch_size=1920 args.batch_size=15360 args.update_epochs=4
####

sample_obs.keys()=dict_keys(['joints', 'rgb'])
joints: torch.Size([256, 25])
rgb: torch.Size([256, 128, 128, 3])


Epoch: 1, global_step=0
Evaluating
Evaluated 17280 steps resulting in 96 episodes
[32mEvaluation Metric: success_once[0m | [36mMean: 0.0000[0m
[32mEvaluation Metric: return[0m | [36mMean: 1.0614[0m
[32mEvaluation Metric: episode_len[0m | [36mMean: 180.0000[0m
[32mEvaluation Metric: reward[0m | [36mMean: 0.0059[0m
[32mEvaluation Metric: success_at_end[0m | [36mMean: 0.0000[0m
model saved to checkpoints/ppo_memtasks/rgb_joints/normalized_dense/TakeItBack-v0/ppo-nonbelief-42__42__rgb_joints__20260119_090830/20260119_090830/ckpt_0_1.pt
SPS: 190
Epoch: 2, global_step=15360
SPS: 355
Epoch: 3, global_step=30720
SPS: 498
Epoch: 4, global_step=46080
SPS: 626
Epoch: 5, global_step=61440
SPS: 735
Epoch: 6, global_step=76800
SPS: 829
Epoch: 7, global_step=92160
SPS: 919
Epoch: 8, global_step=107520
SPS: 995
Epoch: 9, global_step=122880
SPS: 1062
Epoch: 10, global_step=138240
SPS: 1130
Epoch: 11, global_step=153600
SPS: 1185
Epoch: 12, global_step=168960
SPS: 1235
Epoch: 13, global_step=184320
SPS: 1287
Epoch: 14, global_step=199680
SPS: 1330
Epoch: 15, global_step=215040
SPS: 1369
Epoch: 16, global_step=230400
SPS: 1410
Epoch: 17, global_step=245760
SPS: 1444
Epoch: 18, global_step=261120
SPS: 1476
Epoch: 19, global_step=276480
SPS: 1510
Epoch: 20, global_step=291840
SPS: 1537
Epoch: 21, global_step=307200
SPS: 1563
Epoch: 22, global_step=322560
SPS: 1592
Epoch: 23, global_step=337920
SPS: 1615
Epoch: 24, global_step=353280
SPS: 1637
Epoch: 25, global_step=368640
SPS: 1662
Epoch: 26, global_step=384000
Evaluating
Evaluated 17280 steps resulting in 96 episodes
[32mEvaluation Metric: success_once[0m | [36mMean: 0.0000[0m
[32mEvaluation Metric: return[0m | [36mMean: 6.3730[0m
[32mEvaluation Metric: episode_len[0m | [36mMean: 180.0000[0m
[32mEvaluation Metric: reward[0m | [36mMean: 0.0354[0m
[32mEvaluation Metric: success_at_end[0m | [36mMean: 0.0000[0m
model saved to checkpoints/ppo_memtasks/rgb_joints/normalized_dense/TakeItBack-v0/ppo-nonbelief-42__42__rgb_joints__20260119_090830/20260119_090830/ckpt_1_26.pt
SPS: 1240
Epoch: 27, global_step=399360
SPS: 1262
Epoch: 28, global_step=414720
SPS: 1286
Epoch: 29, global_step=430080
SPS: 1306
Epoch: 30, global_step=445440
SPS: 1325
Epoch: 31, global_step=460800
SPS: 1346
Epoch: 32, global_step=476160
SPS: 1364
Epoch: 33, global_step=491520
SPS: 1382
Epoch: 34, global_step=506880
SPS: 1400
Epoch: 35, global_step=522240
SPS: 1417
Epoch: 36, global_step=537600
SPS: 1433
Epoch: 37, global_step=552960
SPS: 1450
Epoch: 38, global_step=568320
SPS: 1465
Epoch: 39, global_step=583680
SPS: 1479
Epoch: 40, global_step=599040
SPS: 1494
Epoch: 41, global_step=614400
SPS: 1508
Epoch: 42, global_step=629760
SPS: 1522
Epoch: 43, global_step=645120
SPS: 1536
Epoch: 44, global_step=660480
SPS: 1548
Epoch: 45, global_step=675840
SPS: 1561
Epoch: 46, global_step=691200
SPS: 1574
Epoch: 47, global_step=706560
SPS: 1585
Epoch: 48, global_step=721920
SPS: 1596
Epoch: 49, global_step=737280
SPS: 1608
Epoch: 50, global_step=752640
SPS: 1619
Epoch: 51, global_step=768000
Evaluating
Evaluated 17280 steps resulting in 96 episodes
[32mEvaluation Metric: success_once[0m | [36mMean: 0.0000[0m
[32mEvaluation Metric: return[0m | [36mMean: 7.0139[0m
[32mEvaluation Metric: episode_len[0m | [36mMean: 180.0000[0m
[32mEvaluation Metric: reward[0m | [36mMean: 0.0390[0m
[32mEvaluation Metric: success_at_end[0m | [36mMean: 0.0000[0m
model saved to checkpoints/ppo_memtasks/rgb_joints/normalized_dense/TakeItBack-v0/ppo-nonbelief-42__42__rgb_joints__20260119_090830/20260119_090830/ckpt_2_51.pt
SPS: 1386
Epoch: 52, global_step=783360
SPS: 1398
Epoch: 53, global_step=798720
SPS: 1409
Epoch: 54, global_step=814080
SPS: 1420
Epoch: 55, global_step=829440
SPS: 1431
Epoch: 56, global_step=844800
SPS: 1442
Epoch: 57, global_step=860160
SPS: 1452
Epoch: 58, global_step=875520
SPS: 1462
Epoch: 59, global_step=890880
SPS: 1472
Epoch: 60, global_step=906240
SPS: 1482
Epoch: 61, global_step=921600
SPS: 1491
Epoch: 62, global_step=936960
SPS: 1501
Epoch: 63, global_step=952320
SPS: 1510
Epoch: 64, global_step=967680
SPS: 1519
Epoch: 65, global_step=983040
SPS: 1528
Epoch: 66, global_step=998400
SPS: 1536
Epoch: 67, global_step=1013760
SPS: 1545
Epoch: 68, global_step=1029120
SPS: 1553
Epoch: 69, global_step=1044480
SPS: 1561
Epoch: 70, global_step=1059840
SPS: 1570
Epoch: 71, global_step=1075200
SPS: 1577
Epoch: 72, global_step=1090560
SPS: 1585
Epoch: 73, global_step=1105920
SPS: 1593
Epoch: 74, global_step=1121280
SPS: 1600
Epoch: 75, global_step=1136640
SPS: 1608
Epoch: 76, global_step=1152000
Evaluating
Evaluated 17280 steps resulting in 96 episodes
[32mEvaluation Metric: success_once[0m | [36mMean: 0.0000[0m
[32mEvaluation Metric: return[0m | [36mMean: 7.3764[0m
[32mEvaluation Metric: episode_len[0m | [36mMean: 180.0000[0m
[32mEvaluation Metric: reward[0m | [36mMean: 0.0410[0m
[32mEvaluation Metric: success_at_end[0m | [36mMean: 0.0000[0m
model saved to checkpoints/ppo_memtasks/rgb_joints/normalized_dense/TakeItBack-v0/ppo-nonbelief-42__42__rgb_joints__20260119_090830/20260119_090830/ckpt_3_76.pt
SPS: 1448
Epoch: 77, global_step=1167360
SPS: 1456
Epoch: 78, global_step=1182720
SPS: 1463
Epoch: 79, global_step=1198080
SPS: 1471
Epoch: 80, global_step=1213440
SPS: 1478
Epoch: 81, global_step=1228800
SPS: 1485
Epoch: 82, global_step=1244160
SPS: 1493
Epoch: 83, global_step=1259520
SPS: 1500
Epoch: 84, global_step=1274880
SPS: 1506
Epoch: 85, global_step=1290240
SPS: 1514
Epoch: 86, global_step=1305600
SPS: 1520
Epoch: 87, global_step=1320960
SPS: 1527
Epoch: 88, global_step=1336320
SPS: 1533
Epoch: 89, global_step=1351680
SPS: 1540
Epoch: 90, global_step=1367040
SPS: 1546
Epoch: 91, global_step=1382400
SPS: 1553
Epoch: 92, global_step=1397760
SPS: 1559
Epoch: 93, global_step=1413120
SPS: 1565
Epoch: 94, global_step=1428480
SPS: 1571
Epoch: 95, global_step=1443840
SPS: 1577
Epoch: 96, global_step=1459200
SPS: 1582
Epoch: 97, global_step=1474560
SPS: 1588
Epoch: 98, global_step=1489920
SPS: 1594
Epoch: 99, global_step=1505280
SPS: 1599
Epoch: 100, global_step=1520640
SPS: 1605
Epoch: 101, global_step=1536000
Evaluating
Evaluated 17280 steps resulting in 96 episodes
[32mEvaluation Metric: success_once[0m | [36mMean: 0.0000[0m
[32mEvaluation Metric: return[0m | [36mMean: 7.7169[0m
[32mEvaluation Metric: episode_len[0m | [36mMean: 180.0000[0m
[32mEvaluation Metric: reward[0m | [36mMean: 0.0429[0m
[32mEvaluation Metric: success_at_end[0m | [36mMean: 0.0000[0m
model saved to checkpoints/ppo_memtasks/rgb_joints/normalized_dense/TakeItBack-v0/ppo-nonbelief-42__42__rgb_joints__20260119_090830/20260119_090830/ckpt_4_101.pt
SPS: 1478
Epoch: 102, global_step=1551360
SPS: 1484
Epoch: 103, global_step=1566720
SPS: 1490
Epoch: 104, global_step=1582080
SPS: 1495
Epoch: 105, global_step=1597440
SPS: 1501
Epoch: 106, global_step=1612800
SPS: 1506
Epoch: 107, global_step=1628160
SPS: 1512
Epoch: 108, global_step=1643520
SPS: 1517
Epoch: 109, global_step=1658880
SPS: 1522
Epoch: 110, global_step=1674240
SPS: 1528
Epoch: 111, global_step=1689600
SPS: 1533
Epoch: 112, global_step=1704960
SPS: 1538
Epoch: 113, global_step=1720320
SPS: 1543
Epoch: 114, global_step=1735680
SPS: 1548
Epoch: 115, global_step=1751040
SPS: 1553
Epoch: 116, global_step=1766400
SPS: 1558
Epoch: 117, global_step=1781760
SPS: 1563
Epoch: 118, global_step=1797120
SPS: 1568
Epoch: 119, global_step=1812480
SPS: 1573
Epoch: 120, global_step=1827840
SPS: 1577
Epoch: 121, global_step=1843200
SPS: 1582
Epoch: 122, global_step=1858560
SPS: 1586
Epoch: 123, global_step=1873920
SPS: 1591
Epoch: 124, global_step=1889280
SPS: 1595
Epoch: 125, global_step=1904640
SPS: 1600
Epoch: 126, global_step=1920000
Evaluating
Evaluated 17280 steps resulting in 96 episodes
[32mEvaluation Metric: success_once[0m | [36mMean: 0.0000[0m
[32mEvaluation Metric: return[0m | [36mMean: 7.2564[0m
[32mEvaluation Metric: episode_len[0m | [36mMean: 180.0000[0m
[32mEvaluation Metric: reward[0m | [36mMean: 0.0403[0m
[32mEvaluation Metric: success_at_end[0m | [36mMean: 0.0000[0m
model saved to checkpoints/ppo_memtasks/rgb_joints/normalized_dense/TakeItBack-v0/ppo-nonbelief-42__42__rgb_joints__20260119_090830/20260119_090830/ckpt_5_126.pt
SPS: 1500
Epoch: 127, global_step=1935360
SPS: 1505
Epoch: 128, global_step=1950720
SPS: 1509
Epoch: 129, global_step=1966080
SPS: 1514
Epoch: 130, global_step=1981440
SPS: 1518
Epoch: 131, global_step=1996800
SPS: 1523
Epoch: 132, global_step=2012160
SPS: 1527
Epoch: 133, global_step=2027520
SPS: 1532
Epoch: 134, global_step=2042880
SPS: 1536
Epoch: 135, global_step=2058240
SPS: 1540
Epoch: 136, global_step=2073600
SPS: 1544
Epoch: 137, global_step=2088960
SPS: 1549
Epoch: 138, global_step=2104320
SPS: 1553
Epoch: 139, global_step=2119680
SPS: 1557
Epoch: 140, global_step=2135040
SPS: 1561
Epoch: 141, global_step=2150400
SPS: 1565
Epoch: 142, global_step=2165760
SPS: 1569
Epoch: 143, global_step=2181120
SPS: 1573
Epoch: 144, global_step=2196480
SPS: 1577
Epoch: 145, global_step=2211840
SPS: 1582
Epoch: 146, global_step=2227200
SPS: 1585
Epoch: 147, global_step=2242560
SPS: 1589
Epoch: 148, global_step=2257920
SPS: 1593
Epoch: 149, global_step=2273280
SPS: 1597
Epoch: 150, global_step=2288640
SPS: 1601
Epoch: 151, global_step=2304000
Evaluating
Evaluated 17280 steps resulting in 96 episodes
[32mEvaluation Metric: success_once[0m | [36mMean: 0.0000[0m
[32mEvaluation Metric: return[0m | [36mMean: 7.2794[0m
[32mEvaluation Metric: episode_len[0m | [36mMean: 180.0000[0m
[32mEvaluation Metric: reward[0m | [36mMean: 0.0404[0m
[32mEvaluation Metric: success_at_end[0m | [36mMean: 0.0000[0m
model saved to checkpoints/ppo_memtasks/rgb_joints/normalized_dense/TakeItBack-v0/ppo-nonbelief-42__42__rgb_joints__20260119_090830/20260119_090830/ckpt_6_151.pt
SPS: 1520
Epoch: 152, global_step=2319360
SPS: 1524
Epoch: 153, global_step=2334720
SPS: 1527
Epoch: 154, global_step=2350080
SPS: 1531
Epoch: 155, global_step=2365440
SPS: 1535
Epoch: 156, global_step=2380800
SPS: 1539
Epoch: 157, global_step=2396160
SPS: 1543
Epoch: 158, global_step=2411520
SPS: 1546
Epoch: 159, global_step=2426880
SPS: 1550
Epoch: 160, global_step=2442240
SPS: 1554
Epoch: 161, global_step=2457600
SPS: 1557
Epoch: 162, global_step=2472960
SPS: 1561
Epoch: 163, global_step=2488320
SPS: 1564
Epoch: 164, global_step=2503680
SPS: 1568
Epoch: 165, global_step=2519040
SPS: 1571
Epoch: 166, global_step=2534400
SPS: 1575
Epoch: 167, global_step=2549760
SPS: 1578
Epoch: 168, global_step=2565120
SPS: 1581
Epoch: 169, global_step=2580480
SPS: 1585
Epoch: 170, global_step=2595840
SPS: 1588
Epoch: 171, global_step=2611200
SPS: 1591
Epoch: 172, global_step=2626560
SPS: 1595
Epoch: 173, global_step=2641920
SPS: 1598
Epoch: 174, global_step=2657280
SPS: 1601
Epoch: 175, global_step=2672640
SPS: 1604
Epoch: 176, global_step=2688000
Evaluating
Evaluated 17280 steps resulting in 96 episodes
[32mEvaluation Metric: success_once[0m | [36mMean: 0.0000[0m
[32mEvaluation Metric: return[0m | [36mMean: 7.4572[0m
[32mEvaluation Metric: episode_len[0m | [36mMean: 180.0000[0m
[32mEvaluation Metric: reward[0m | [36mMean: 0.0414[0m
[32mEvaluation Metric: success_at_end[0m | [36mMean: 0.0000[0m
model saved to checkpoints/ppo_memtasks/rgb_joints/normalized_dense/TakeItBack-v0/ppo-nonbelief-42__42__rgb_joints__20260119_090830/20260119_090830/ckpt_7_176.pt
SPS: 1530
Epoch: 177, global_step=2703360
SPS: 1533
Epoch: 178, global_step=2718720
SPS: 1536
Epoch: 179, global_step=2734080
SPS: 1539
Epoch: 180, global_step=2749440
SPS: 1543
Epoch: 181, global_step=2764800
SPS: 1546
Epoch: 182, global_step=2780160
SPS: 1549
Epoch: 183, global_step=2795520
SPS: 1552
Epoch: 184, global_step=2810880
SPS: 1556
Epoch: 185, global_step=2826240
SPS: 1559
Epoch: 186, global_step=2841600
SPS: 1562
Epoch: 187, global_step=2856960
SPS: 1565
Epoch: 188, global_step=2872320
SPS: 1568
Epoch: 189, global_step=2887680
SPS: 1571
Epoch: 190, global_step=2903040
SPS: 1574
Epoch: 191, global_step=2918400
SPS: 1577
Epoch: 192, global_step=2933760
SPS: 1580
Epoch: 193, global_step=2949120
SPS: 1583
Epoch: 194, global_step=2964480
SPS: 1586
Epoch: 195, global_step=2979840
SPS: 1589
Epoch: 196, global_step=2995200
SPS: 1592
Epoch: 197, global_step=3010560
SPS: 1595
Epoch: 198, global_step=3025920
SPS: 1598
Epoch: 199, global_step=3041280
SPS: 1601
Epoch: 200, global_step=3056640
SPS: 1604
Epoch: 201, global_step=3072000
Evaluating
Evaluated 17280 steps resulting in 96 episodes
[32mEvaluation Metric: success_once[0m | [36mMean: 0.0000[0m
[32mEvaluation Metric: return[0m | [36mMean: 7.0593[0m
[32mEvaluation Metric: episode_len[0m | [36mMean: 180.0000[0m
[32mEvaluation Metric: reward[0m | [36mMean: 0.0392[0m
[32mEvaluation Metric: success_at_end[0m | [36mMean: 0.0000[0m
model saved to checkpoints/ppo_memtasks/rgb_joints/normalized_dense/TakeItBack-v0/ppo-nonbelief-42__42__rgb_joints__20260119_090830/20260119_090830/ckpt_8_201.pt
SPS: 1538
Epoch: 202, global_step=3087360
SPS: 1541
Epoch: 203, global_step=3102720
SPS: 1544
Epoch: 204, global_step=3118080
SPS: 1546
Epoch: 205, global_step=3133440
SPS: 1549
Epoch: 206, global_step=3148800
SPS: 1552
Epoch: 207, global_step=3164160
SPS: 1555
Epoch: 208, global_step=3179520
SPS: 1558
Epoch: 209, global_step=3194880
SPS: 1560
Epoch: 210, global_step=3210240
SPS: 1563
Epoch: 211, global_step=3225600
SPS: 1566
Epoch: 212, global_step=3240960
SPS: 1569
Epoch: 213, global_step=3256320
SPS: 1571
Epoch: 214, global_step=3271680
SPS: 1574
Epoch: 215, global_step=3287040
SPS: 1577
Epoch: 216, global_step=3302400
SPS: 1579
Epoch: 217, global_step=3317760
SPS: 1582
Epoch: 218, global_step=3333120
SPS: 1584
Epoch: 219, global_step=3348480
SPS: 1587
Epoch: 220, global_step=3363840
SPS: 1590
Epoch: 221, global_step=3379200
SPS: 1592
Epoch: 222, global_step=3394560
SPS: 1595
Epoch: 223, global_step=3409920
SPS: 1597
Epoch: 224, global_step=3425280
SPS: 1600
Epoch: 225, global_step=3440640
SPS: 1602
Epoch: 226, global_step=3456000
Evaluating
Evaluated 17280 steps resulting in 96 episodes
[32mEvaluation Metric: success_once[0m | [36mMean: 0.0000[0m
[32mEvaluation Metric: return[0m | [36mMean: 7.0410[0m
[32mEvaluation Metric: episode_len[0m | [36mMean: 180.0000[0m
[32mEvaluation Metric: reward[0m | [36mMean: 0.0391[0m
[32mEvaluation Metric: success_at_end[0m | [36mMean: 0.0000[0m
model saved to checkpoints/ppo_memtasks/rgb_joints/normalized_dense/TakeItBack-v0/ppo-nonbelief-42__42__rgb_joints__20260119_090830/20260119_090830/ckpt_9_226.pt
SPS: 1546
Epoch: 227, global_step=3471360
SPS: 1549
Epoch: 228, global_step=3486720
SPS: 1551
Epoch: 229, global_step=3502080
SPS: 1554
Epoch: 230, global_step=3517440
SPS: 1556
Epoch: 231, global_step=3532800
SPS: 1559
Epoch: 232, global_step=3548160
SPS: 1561
Epoch: 233, global_step=3563520
SPS: 1564
Epoch: 234, global_step=3578880
SPS: 1566
Epoch: 235, global_step=3594240
SPS: 1569
Epoch: 236, global_step=3609600
SPS: 1571
Epoch: 237, global_step=3624960
SPS: 1573
Epoch: 238, global_step=3640320
SPS: 1576
Epoch: 239, global_step=3655680
SPS: 1578
Epoch: 240, global_step=3671040
SPS: 1581
Epoch: 241, global_step=3686400
SPS: 1583
Epoch: 242, global_step=3701760
SPS: 1585
Epoch: 243, global_step=3717120
SPS: 1587
Epoch: 244, global_step=3732480
SPS: 1590
Epoch: 245, global_step=3747840
SPS: 1592
Epoch: 246, global_step=3763200
SPS: 1594
Epoch: 247, global_step=3778560
SPS: 1597
Epoch: 248, global_step=3793920
SPS: 1599
Epoch: 249, global_step=3809280
SPS: 1601
Epoch: 250, global_step=3824640
SPS: 1603
Epoch: 251, global_step=3840000
Evaluating
Evaluated 17280 steps resulting in 96 episodes
[32mEvaluation Metric: success_once[0m | [36mMean: 0.0000[0m
[32mEvaluation Metric: return[0m | [36mMean: 7.1919[0m
[32mEvaluation Metric: episode_len[0m | [36mMean: 180.0000[0m
[32mEvaluation Metric: reward[0m | [36mMean: 0.0400[0m
[32mEvaluation Metric: success_at_end[0m | [36mMean: 0.0000[0m
model saved to checkpoints/ppo_memtasks/rgb_joints/normalized_dense/TakeItBack-v0/ppo-nonbelief-42__42__rgb_joints__20260119_090830/20260119_090830/ckpt_10_251.pt
SPS: 1551
Epoch: 252, global_step=3855360
SPS: 1553
Epoch: 253, global_step=3870720
SPS: 1555
Epoch: 254, global_step=3886080
SPS: 1557
Epoch: 255, global_step=3901440
SPS: 1560
Epoch: 256, global_step=3916800
SPS: 1562
Epoch: 257, global_step=3932160
SPS: 1564
Epoch: 258, global_step=3947520
SPS: 1566
Epoch: 259, global_step=3962880
SPS: 1569
Epoch: 260, global_step=3978240
SPS: 1571
Epoch: 261, global_step=3993600
SPS: 1573
Epoch: 262, global_step=4008960
SPS: 1575
Epoch: 263, global_step=4024320
SPS: 1577
Epoch: 264, global_step=4039680
SPS: 1579
Epoch: 265, global_step=4055040
SPS: 1582
Epoch: 266, global_step=4070400
SPS: 1584
Epoch: 267, global_step=4085760
SPS: 1586
Epoch: 268, global_step=4101120
SPS: 1588
Epoch: 269, global_step=4116480
SPS: 1590
Epoch: 270, global_step=4131840
SPS: 1592
Epoch: 271, global_step=4147200
SPS: 1594
Epoch: 272, global_step=4162560
SPS: 1596
Epoch: 273, global_step=4177920
SPS: 1598
Epoch: 274, global_step=4193280
SPS: 1600
Epoch: 275, global_step=4208640
SPS: 1602
Epoch: 276, global_step=4224000
Evaluating
Evaluated 17280 steps resulting in 96 episodes
[32mEvaluation Metric: success_once[0m | [36mMean: 0.0000[0m
[32mEvaluation Metric: return[0m | [36mMean: 7.1231[0m
[32mEvaluation Metric: episode_len[0m | [36mMean: 180.0000[0m
[32mEvaluation Metric: reward[0m | [36mMean: 0.0396[0m
[32mEvaluation Metric: success_at_end[0m | [36mMean: 0.0000[0m
model saved to checkpoints/ppo_memtasks/rgb_joints/normalized_dense/TakeItBack-v0/ppo-nonbelief-42__42__rgb_joints__20260119_090830/20260119_090830/ckpt_11_276.pt
SPS: 1555
Epoch: 277, global_step=4239360
SPS: 1557
Epoch: 278, global_step=4254720
SPS: 1559
Epoch: 279, global_step=4270080
SPS: 1561
Epoch: 280, global_step=4285440
SPS: 1564
Epoch: 281, global_step=4300800
SPS: 1566
Epoch: 282, global_step=4316160
SPS: 1568
Epoch: 283, global_step=4331520
SPS: 1570
Epoch: 284, global_step=4346880
SPS: 1572
Epoch: 285, global_step=4362240
SPS: 1574
Epoch: 286, global_step=4377600
SPS: 1576
Epoch: 287, global_step=4392960
SPS: 1577
Epoch: 288, global_step=4408320
SPS: 1579
Epoch: 289, global_step=4423680
SPS: 1581
Epoch: 290, global_step=4439040
SPS: 1583
Epoch: 291, global_step=4454400
SPS: 1585
Epoch: 292, global_step=4469760
SPS: 1587
Epoch: 293, global_step=4485120
SPS: 1589
Epoch: 294, global_step=4500480
SPS: 1591
Epoch: 295, global_step=4515840
SPS: 1593
Epoch: 296, global_step=4531200
SPS: 1595
Epoch: 297, global_step=4546560
SPS: 1597
Epoch: 298, global_step=4561920
SPS: 1599
Epoch: 299, global_step=4577280
SPS: 1601
Epoch: 300, global_step=4592640
SPS: 1602
Epoch: 301, global_step=4608000
Evaluating
Evaluated 17280 steps resulting in 96 episodes
[32mEvaluation Metric: success_once[0m | [36mMean: 0.0000[0m
[32mEvaluation Metric: return[0m | [36mMean: 7.2203[0m
[32mEvaluation Metric: episode_len[0m | [36mMean: 180.0000[0m
[32mEvaluation Metric: reward[0m | [36mMean: 0.0401[0m
[32mEvaluation Metric: success_at_end[0m | [36mMean: 0.0000[0m
model saved to checkpoints/ppo_memtasks/rgb_joints/normalized_dense/TakeItBack-v0/ppo-nonbelief-42__42__rgb_joints__20260119_090830/20260119_090830/ckpt_12_301.pt
SPS: 1560
Epoch: 302, global_step=4623360
SPS: 1562
Epoch: 303, global_step=4638720
SPS: 1564
Epoch: 304, global_step=4654080
SPS: 1566
Epoch: 305, global_step=4669440
SPS: 1568
Epoch: 306, global_step=4684800
SPS: 1570
Epoch: 307, global_step=4700160
SPS: 1572
Epoch: 308, global_step=4715520
SPS: 1573
Epoch: 309, global_step=4730880
SPS: 1575
Epoch: 310, global_step=4746240
SPS: 1577
Epoch: 311, global_step=4761600
SPS: 1579
Epoch: 312, global_step=4776960
SPS: 1581
Epoch: 313, global_step=4792320
SPS: 1583
Epoch: 314, global_step=4807680
SPS: 1584
Epoch: 315, global_step=4823040
SPS: 1586
Epoch: 316, global_step=4838400
SPS: 1588
Epoch: 317, global_step=4853760
SPS: 1590
Epoch: 318, global_step=4869120
SPS: 1591
Epoch: 319, global_step=4884480
SPS: 1593
Epoch: 320, global_step=4899840
SPS: 1595
Epoch: 321, global_step=4915200
SPS: 1597
Epoch: 322, global_step=4930560
SPS: 1599
Epoch: 323, global_step=4945920
SPS: 1600
Epoch: 324, global_step=4961280
SPS: 1602
Epoch: 325, global_step=4976640
SPS: 1604
Epoch: 326, global_step=4992000
Evaluating
Evaluated 17280 steps resulting in 96 episodes
[32mEvaluation Metric: success_once[0m | [36mMean: 0.0000[0m
[32mEvaluation Metric: return[0m | [36mMean: 7.0931[0m
[32mEvaluation Metric: episode_len[0m | [36mMean: 180.0000[0m
[32mEvaluation Metric: reward[0m | [36mMean: 0.0394[0m
[32mEvaluation Metric: success_at_end[0m | [36mMean: 0.0000[0m
model saved to checkpoints/ppo_memtasks/rgb_joints/normalized_dense/TakeItBack-v0/ppo-nonbelief-42__42__rgb_joints__20260119_090830/20260119_090830/ckpt_13_326.pt
SPS: 1564
Epoch: 327, global_step=5007360
SPS: 1566
Epoch: 328, global_step=5022720
SPS: 1567
Epoch: 329, global_step=5038080
SPS: 1569
Epoch: 330, global_step=5053440
SPS: 1571
Epoch: 331, global_step=5068800
SPS: 1572
Epoch: 332, global_step=5084160
SPS: 1574
Epoch: 333, global_step=5099520
SPS: 1576
Epoch: 334, global_step=5114880
SPS: 1578
Epoch: 335, global_step=5130240
SPS: 1579
Epoch: 336, global_step=5145600
SPS: 1581
Epoch: 337, global_step=5160960
SPS: 1583
Epoch: 338, global_step=5176320
SPS: 1584
Epoch: 339, global_step=5191680
SPS: 1586
Epoch: 340, global_step=5207040
SPS: 1588
Epoch: 341, global_step=5222400
SPS: 1589
Epoch: 342, global_step=5237760
SPS: 1591
Epoch: 343, global_step=5253120
SPS: 1593
Epoch: 344, global_step=5268480
SPS: 1594
Epoch: 345, global_step=5283840
SPS: 1596
Epoch: 346, global_step=5299200
SPS: 1597
Epoch: 347, global_step=5314560
SPS: 1599
Epoch: 348, global_step=5329920
SPS: 1601
Epoch: 349, global_step=5345280
SPS: 1602
Epoch: 350, global_step=5360640
SPS: 1604
Epoch: 351, global_step=5376000
Evaluating
Evaluated 17280 steps resulting in 96 episodes
[32mEvaluation Metric: success_once[0m | [36mMean: 0.0000[0m
[32mEvaluation Metric: return[0m | [36mMean: 7.0719[0m
[32mEvaluation Metric: episode_len[0m | [36mMean: 180.0000[0m
[32mEvaluation Metric: reward[0m | [36mMean: 0.0393[0m
[32mEvaluation Metric: success_at_end[0m | [36mMean: 0.0000[0m
model saved to checkpoints/ppo_memtasks/rgb_joints/normalized_dense/TakeItBack-v0/ppo-nonbelief-42__42__rgb_joints__20260119_090830/20260119_090830/ckpt_14_351.pt
SPS: 1567
Epoch: 352, global_step=5391360
SPS: 1569
Epoch: 353, global_step=5406720
SPS: 1570
Epoch: 354, global_step=5422080
SPS: 1572
Epoch: 355, global_step=5437440
SPS: 1574
Epoch: 356, global_step=5452800
SPS: 1575
Epoch: 357, global_step=5468160
SPS: 1577
Epoch: 358, global_step=5483520
SPS: 1578
Epoch: 359, global_step=5498880
SPS: 1580
Epoch: 360, global_step=5514240
SPS: 1581
Epoch: 361, global_step=5529600
SPS: 1583
Epoch: 362, global_step=5544960
SPS: 1584
Epoch: 363, global_step=5560320
SPS: 1586
Epoch: 364, global_step=5575680
SPS: 1588
Epoch: 365, global_step=5591040
SPS: 1589
Epoch: 366, global_step=5606400
SPS: 1591
Epoch: 367, global_step=5621760
SPS: 1592
Epoch: 368, global_step=5637120
SPS: 1594
Epoch: 369, global_step=5652480
SPS: 1595
Epoch: 370, global_step=5667840
SPS: 1597
Epoch: 371, global_step=5683200
SPS: 1598
Epoch: 372, global_step=5698560
SPS: 1600
Epoch: 373, global_step=5713920
SPS: 1601
Epoch: 374, global_step=5729280
SPS: 1603
Epoch: 375, global_step=5744640
SPS: 1604
Epoch: 376, global_step=5760000
Evaluating
Evaluated 17280 steps resulting in 96 episodes
[32mEvaluation Metric: success_once[0m | [36mMean: 0.0000[0m
[32mEvaluation Metric: return[0m | [36mMean: 7.0861[0m
[32mEvaluation Metric: episode_len[0m | [36mMean: 180.0000[0m
[32mEvaluation Metric: reward[0m | [36mMean: 0.0394[0m
[32mEvaluation Metric: success_at_end[0m | [36mMean: 0.0000[0m
model saved to checkpoints/ppo_memtasks/rgb_joints/normalized_dense/TakeItBack-v0/ppo-nonbelief-42__42__rgb_joints__20260119_090830/20260119_090830/ckpt_15_376.pt
SPS: 1571
Epoch: 377, global_step=5775360
SPS: 1572
Epoch: 378, global_step=5790720
SPS: 1574
Epoch: 379, global_step=5806080
SPS: 1575
Epoch: 380, global_step=5821440
SPS: 1577
Epoch: 381, global_step=5836800
SPS: 1578
Epoch: 382, global_step=5852160
SPS: 1580
Epoch: 383, global_step=5867520
SPS: 1581
Epoch: 384, global_step=5882880
SPS: 1583
Epoch: 385, global_step=5898240
SPS: 1584
Epoch: 386, global_step=5913600
SPS: 1586
Epoch: 387, global_step=5928960
SPS: 1587
Epoch: 388, global_step=5944320
SPS: 1589
Epoch: 389, global_step=5959680
SPS: 1590
Epoch: 390, global_step=5975040
SPS: 1591
Epoch: 391, global_step=5990400
SPS: 1593
Epoch: 392, global_step=6005760
SPS: 1594
Epoch: 393, global_step=6021120
SPS: 1596
Epoch: 394, global_step=6036480
SPS: 1597
Epoch: 395, global_step=6051840
SPS: 1598
Epoch: 396, global_step=6067200
SPS: 1600
Epoch: 397, global_step=6082560
SPS: 1601
Epoch: 398, global_step=6097920
SPS: 1603
Epoch: 399, global_step=6113280
SPS: 1604
Epoch: 400, global_step=6128640
SPS: 1605
Epoch: 401, global_step=6144000
Evaluating
Evaluated 17280 steps resulting in 96 episodes
[32mEvaluation Metric: success_once[0m | [36mMean: 0.0000[0m
[32mEvaluation Metric: return[0m | [36mMean: 7.3243[0m
[32mEvaluation Metric: episode_len[0m | [36mMean: 180.0000[0m
[32mEvaluation Metric: reward[0m | [36mMean: 0.0407[0m
[32mEvaluation Metric: success_at_end[0m | [36mMean: 0.0000[0m
model saved to checkpoints/ppo_memtasks/rgb_joints/normalized_dense/TakeItBack-v0/ppo-nonbelief-42__42__rgb_joints__20260119_090830/20260119_090830/ckpt_16_401.pt
SPS: 1572
Epoch: 402, global_step=6159360
SPS: 1574
Epoch: 403, global_step=6174720
SPS: 1575
Epoch: 404, global_step=6190080
SPS: 1577
Epoch: 405, global_step=6205440
SPS: 1578
Epoch: 406, global_step=6220800
SPS: 1579
Epoch: 407, global_step=6236160
SPS: 1581
Epoch: 408, global_step=6251520
SPS: 1582
Epoch: 409, global_step=6266880
SPS: 1584
Epoch: 410, global_step=6282240
SPS: 1585
Epoch: 411, global_step=6297600
SPS: 1586
Epoch: 412, global_step=6312960
SPS: 1588
Epoch: 413, global_step=6328320
SPS: 1589
Epoch: 414, global_step=6343680
SPS: 1590
Epoch: 415, global_step=6359040
SPS: 1592
Epoch: 416, global_step=6374400
SPS: 1593
Epoch: 417, global_step=6389760
SPS: 1594
Epoch: 418, global_step=6405120
SPS: 1596
Epoch: 419, global_step=6420480
SPS: 1597
Epoch: 420, global_step=6435840
SPS: 1598
Epoch: 421, global_step=6451200
SPS: 1599
Epoch: 422, global_step=6466560
SPS: 1601
Epoch: 423, global_step=6481920
SPS: 1602
Epoch: 424, global_step=6497280
SPS: 1603
Epoch: 425, global_step=6512640
SPS: 1605
Epoch: 426, global_step=6528000
Evaluating
Evaluated 17280 steps resulting in 96 episodes
[32mEvaluation Metric: success_once[0m | [36mMean: 0.0000[0m
[32mEvaluation Metric: return[0m | [36mMean: 7.3220[0m
[32mEvaluation Metric: episode_len[0m | [36mMean: 180.0000[0m
[32mEvaluation Metric: reward[0m | [36mMean: 0.0407[0m
[32mEvaluation Metric: success_at_end[0m | [36mMean: 0.0000[0m
model saved to checkpoints/ppo_memtasks/rgb_joints/normalized_dense/TakeItBack-v0/ppo-nonbelief-42__42__rgb_joints__20260119_090830/20260119_090830/ckpt_17_426.pt
SPS: 1574
Epoch: 427, global_step=6543360
SPS: 1576
Epoch: 428, global_step=6558720
SPS: 1577
Epoch: 429, global_step=6574080
SPS: 1578
Epoch: 430, global_step=6589440
SPS: 1580
Epoch: 431, global_step=6604800
SPS: 1581
Epoch: 432, global_step=6620160
SPS: 1582
Epoch: 433, global_step=6635520
SPS: 1584
Epoch: 434, global_step=6650880
SPS: 1585
Epoch: 435, global_step=6666240
SPS: 1586
Epoch: 436, global_step=6681600
SPS: 1587
Epoch: 437, global_step=6696960
SPS: 1589
Epoch: 438, global_step=6712320
SPS: 1590
Epoch: 439, global_step=6727680
SPS: 1591
Epoch: 440, global_step=6743040
SPS: 1592
Epoch: 441, global_step=6758400
SPS: 1594
Epoch: 442, global_step=6773760
SPS: 1595
Epoch: 443, global_step=6789120
SPS: 1596
Epoch: 444, global_step=6804480
SPS: 1597
Epoch: 445, global_step=6819840
SPS: 1599
Epoch: 446, global_step=6835200
SPS: 1600
Epoch: 447, global_step=6850560
SPS: 1601
Epoch: 448, global_step=6865920
SPS: 1602
Epoch: 449, global_step=6881280
SPS: 1604
Epoch: 450, global_step=6896640
SPS: 1605
Epoch: 451, global_step=6912000
Evaluating
Evaluated 17280 steps resulting in 96 episodes
[32mEvaluation Metric: success_once[0m | [36mMean: 0.0000[0m
[32mEvaluation Metric: return[0m | [36mMean: 7.9255[0m
[32mEvaluation Metric: episode_len[0m | [36mMean: 180.0000[0m
[32mEvaluation Metric: reward[0m | [36mMean: 0.0440[0m
[32mEvaluation Metric: success_at_end[0m | [36mMean: 0.0000[0m
model saved to checkpoints/ppo_memtasks/rgb_joints/normalized_dense/TakeItBack-v0/ppo-nonbelief-42__42__rgb_joints__20260119_090830/20260119_090830/ckpt_18_451.pt
SPS: 1575
Epoch: 452, global_step=6927360
SPS: 1576
Epoch: 453, global_step=6942720
SPS: 1577
Epoch: 454, global_step=6958080
SPS: 1578
Epoch: 455, global_step=6973440
SPS: 1580
Epoch: 456, global_step=6988800
SPS: 1581
Epoch: 457, global_step=7004160
SPS: 1582
Epoch: 458, global_step=7019520
SPS: 1583
Epoch: 459, global_step=7034880
SPS: 1584
Epoch: 460, global_step=7050240
SPS: 1586
Epoch: 461, global_step=7065600
SPS: 1587
Epoch: 462, global_step=7080960
SPS: 1588
Epoch: 463, global_step=7096320
SPS: 1589
Epoch: 464, global_step=7111680
SPS: 1590
Epoch: 465, global_step=7127040
SPS: 1592
Epoch: 466, global_step=7142400
SPS: 1593
Epoch: 467, global_step=7157760
SPS: 1594
Epoch: 468, global_step=7173120
SPS: 1595
Epoch: 469, global_step=7188480
SPS: 1596
Epoch: 470, global_step=7203840
SPS: 1598
Epoch: 471, global_step=7219200
SPS: 1599
Epoch: 472, global_step=7234560
SPS: 1600
Epoch: 473, global_step=7249920
SPS: 1601
Epoch: 474, global_step=7265280
SPS: 1602
Epoch: 475, global_step=7280640
SPS: 1603
Epoch: 476, global_step=7296000
Evaluating
Evaluated 17280 steps resulting in 96 episodes
[32mEvaluation Metric: success_once[0m | [36mMean: 0.0000[0m
[32mEvaluation Metric: return[0m | [36mMean: 7.3760[0m
[32mEvaluation Metric: episode_len[0m | [36mMean: 180.0000[0m
[32mEvaluation Metric: reward[0m | [36mMean: 0.0410[0m
[32mEvaluation Metric: success_at_end[0m | [36mMean: 0.0000[0m
model saved to checkpoints/ppo_memtasks/rgb_joints/normalized_dense/TakeItBack-v0/ppo-nonbelief-42__42__rgb_joints__20260119_090830/20260119_090830/ckpt_19_476.pt
SPS: 1576
Epoch: 477, global_step=7311360
SPS: 1577
Epoch: 478, global_step=7326720
SPS: 1578
Epoch: 479, global_step=7342080
SPS: 1579
Epoch: 480, global_step=7357440
SPS: 1580
Epoch: 481, global_step=7372800
SPS: 1582
Epoch: 482, global_step=7388160
SPS: 1583
Epoch: 483, global_step=7403520
SPS: 1584
Epoch: 484, global_step=7418880
SPS: 1585
Epoch: 485, global_step=7434240
SPS: 1586
Epoch: 486, global_step=7449600
SPS: 1587
Epoch: 487, global_step=7464960
SPS: 1588
Epoch: 488, global_step=7480320
SPS: 1590
Epoch: 489, global_step=7495680
SPS: 1591
Epoch: 490, global_step=7511040
SPS: 1592
Epoch: 491, global_step=7526400
SPS: 1593
Epoch: 492, global_step=7541760
SPS: 1594
Epoch: 493, global_step=7557120
SPS: 1595
Epoch: 494, global_step=7572480
SPS: 1596
Epoch: 495, global_step=7587840
SPS: 1597
Epoch: 496, global_step=7603200
SPS: 1599
Epoch: 497, global_step=7618560
SPS: 1600
Epoch: 498, global_step=7633920
SPS: 1601
Epoch: 499, global_step=7649280
SPS: 1602
Epoch: 500, global_step=7664640
SPS: 1603
Epoch: 501, global_step=7680000
Evaluating
Evaluated 17280 steps resulting in 96 episodes
[32mEvaluation Metric: success_once[0m | [36mMean: 0.0000[0m
[32mEvaluation Metric: return[0m | [36mMean: 7.5159[0m
[32mEvaluation Metric: episode_len[0m | [36mMean: 180.0000[0m
[32mEvaluation Metric: reward[0m | [36mMean: 0.0418[0m
[32mEvaluation Metric: success_at_end[0m | [36mMean: 0.0000[0m
model saved to checkpoints/ppo_memtasks/rgb_joints/normalized_dense/TakeItBack-v0/ppo-nonbelief-42__42__rgb_joints__20260119_090830/20260119_090830/ckpt_20_501.pt
SPS: 1576
Epoch: 502, global_step=7695360
SPS: 1577
Epoch: 503, global_step=7710720
SPS: 1578
Epoch: 504, global_step=7726080
SPS: 1579
Epoch: 505, global_step=7741440
SPS: 1580
Epoch: 506, global_step=7756800
SPS: 1581
Epoch: 507, global_step=7772160
SPS: 1583
Epoch: 508, global_step=7787520
SPS: 1584
Epoch: 509, global_step=7802880
SPS: 1585
Epoch: 510, global_step=7818240
SPS: 1586
Epoch: 511, global_step=7833600
SPS: 1587
Epoch: 512, global_step=7848960
SPS: 1588
Epoch: 513, global_step=7864320
SPS: 1589
Epoch: 514, global_step=7879680
SPS: 1590
Epoch: 515, global_step=7895040
SPS: 1591
Epoch: 516, global_step=7910400
SPS: 1593
Epoch: 517, global_step=7925760
SPS: 1594
Epoch: 518, global_step=7941120
SPS: 1595
Epoch: 519, global_step=7956480
SPS: 1596
Epoch: 520, global_step=7971840
SPS: 1597
Epoch: 521, global_step=7987200
SPS: 1598
Epoch: 522, global_step=8002560
SPS: 1599
Epoch: 523, global_step=8017920
SPS: 1600
Epoch: 524, global_step=8033280
SPS: 1601
Epoch: 525, global_step=8048640
SPS: 1602
Epoch: 526, global_step=8064000
Evaluating
Evaluated 17280 steps resulting in 96 episodes
[32mEvaluation Metric: success_once[0m | [36mMean: 0.0000[0m
[32mEvaluation Metric: return[0m | [36mMean: 6.8394[0m
[32mEvaluation Metric: episode_len[0m | [36mMean: 180.0000[0m
[32mEvaluation Metric: reward[0m | [36mMean: 0.0380[0m
[32mEvaluation Metric: success_at_end[0m | [36mMean: 0.0000[0m
model saved to checkpoints/ppo_memtasks/rgb_joints/normalized_dense/TakeItBack-v0/ppo-nonbelief-42__42__rgb_joints__20260119_090830/20260119_090830/ckpt_21_526.pt
SPS: 1577
Epoch: 527, global_step=8079360
SPS: 1578
Epoch: 528, global_step=8094720
SPS: 1579
Epoch: 529, global_step=8110080
SPS: 1581
Epoch: 530, global_step=8125440
SPS: 1582
Epoch: 531, global_step=8140800
SPS: 1583
Epoch: 532, global_step=8156160
SPS: 1584
Epoch: 533, global_step=8171520
SPS: 1585
Epoch: 534, global_step=8186880
SPS: 1586
Epoch: 535, global_step=8202240
SPS: 1587
Epoch: 536, global_step=8217600
SPS: 1588
Epoch: 537, global_step=8232960
SPS: 1589
Epoch: 538, global_step=8248320
SPS: 1590
Epoch: 539, global_step=8263680
SPS: 1591
Epoch: 540, global_step=8279040
SPS: 1592
Epoch: 541, global_step=8294400
SPS: 1593
Epoch: 542, global_step=8309760
SPS: 1594
Epoch: 543, global_step=8325120
SPS: 1595
Epoch: 544, global_step=8340480
SPS: 1596
Epoch: 545, global_step=8355840
SPS: 1597
Epoch: 546, global_step=8371200
SPS: 1598
Epoch: 547, global_step=8386560
SPS: 1599
Epoch: 548, global_step=8401920
SPS: 1600
Epoch: 549, global_step=8417280
SPS: 1601
Epoch: 550, global_step=8432640
SPS: 1602
Epoch: 551, global_step=8448000
Evaluating
Evaluated 17280 steps resulting in 96 episodes
[32mEvaluation Metric: success_once[0m | [36mMean: 0.0000[0m
[32mEvaluation Metric: return[0m | [36mMean: 7.6443[0m
[32mEvaluation Metric: episode_len[0m | [36mMean: 180.0000[0m
[32mEvaluation Metric: reward[0m | [36mMean: 0.0425[0m
[32mEvaluation Metric: success_at_end[0m | [36mMean: 0.0000[0m
model saved to checkpoints/ppo_memtasks/rgb_joints/normalized_dense/TakeItBack-v0/ppo-nonbelief-42__42__rgb_joints__20260119_090830/20260119_090830/ckpt_22_551.pt
SPS: 1578
Epoch: 552, global_step=8463360
SPS: 1579
Epoch: 553, global_step=8478720
SPS: 1580
Epoch: 554, global_step=8494080
SPS: 1581
Epoch: 555, global_step=8509440
SPS: 1582
Epoch: 556, global_step=8524800
SPS: 1583
Epoch: 557, global_step=8540160
SPS: 1584
Epoch: 558, global_step=8555520
SPS: 1585
Epoch: 559, global_step=8570880
SPS: 1586
Epoch: 560, global_step=8586240
SPS: 1587
Epoch: 561, global_step=8601600
SPS: 1588
Epoch: 562, global_step=8616960
SPS: 1589
Epoch: 563, global_step=8632320
SPS: 1590
Epoch: 564, global_step=8647680
SPS: 1591
Epoch: 565, global_step=8663040
SPS: 1592
Epoch: 566, global_step=8678400
SPS: 1593
Epoch: 567, global_step=8693760
SPS: 1594
Epoch: 568, global_step=8709120
SPS: 1595
Epoch: 569, global_step=8724480
SPS: 1596
Epoch: 570, global_step=8739840
SPS: 1597
Epoch: 571, global_step=8755200
SPS: 1598
Epoch: 572, global_step=8770560
SPS: 1599
Epoch: 573, global_step=8785920
SPS: 1600
Epoch: 574, global_step=8801280
SPS: 1601
Epoch: 575, global_step=8816640
SPS: 1602
Epoch: 576, global_step=8832000
Evaluating
Evaluated 17280 steps resulting in 96 episodes
[32mEvaluation Metric: success_once[0m | [36mMean: 0.0000[0m
[32mEvaluation Metric: return[0m | [36mMean: 7.3825[0m
[32mEvaluation Metric: episode_len[0m | [36mMean: 180.0000[0m
[32mEvaluation Metric: reward[0m | [36mMean: 0.0410[0m
[32mEvaluation Metric: success_at_end[0m | [36mMean: 0.0000[0m
model saved to checkpoints/ppo_memtasks/rgb_joints/normalized_dense/TakeItBack-v0/ppo-nonbelief-42__42__rgb_joints__20260119_090830/20260119_090830/ckpt_23_576.pt
SPS: 1578
Epoch: 577, global_step=8847360
SPS: 1579
Epoch: 578, global_step=8862720
SPS: 1580
Epoch: 579, global_step=8878080
SPS: 1581
Epoch: 580, global_step=8893440
SPS: 1582
Epoch: 581, global_step=8908800
SPS: 1583
Epoch: 582, global_step=8924160
SPS: 1584
Epoch: 583, global_step=8939520
SPS: 1585
Epoch: 584, global_step=8954880
SPS: 1586
Epoch: 585, global_step=8970240
SPS: 1587
Epoch: 586, global_step=8985600
SPS: 1588
Epoch: 587, global_step=9000960
SPS: 1589
Epoch: 588, global_step=9016320
SPS: 1590
Epoch: 589, global_step=9031680
SPS: 1591
Epoch: 590, global_step=9047040
SPS: 1592
Epoch: 591, global_step=9062400
SPS: 1593
Epoch: 592, global_step=9077760
SPS: 1594
Epoch: 593, global_step=9093120
SPS: 1594
Epoch: 594, global_step=9108480
SPS: 1595
Epoch: 595, global_step=9123840
SPS: 1596
Epoch: 596, global_step=9139200
SPS: 1597
Epoch: 597, global_step=9154560
SPS: 1598
Epoch: 598, global_step=9169920
SPS: 1599
Epoch: 599, global_step=9185280
SPS: 1600
Epoch: 600, global_step=9200640
SPS: 1601
Epoch: 601, global_step=9216000
Evaluating
Evaluated 17280 steps resulting in 96 episodes
[32mEvaluation Metric: success_once[0m | [36mMean: 0.0000[0m
[32mEvaluation Metric: return[0m | [36mMean: 7.0355[0m
[32mEvaluation Metric: episode_len[0m | [36mMean: 180.0000[0m
[32mEvaluation Metric: reward[0m | [36mMean: 0.0391[0m
[32mEvaluation Metric: success_at_end[0m | [36mMean: 0.0000[0m
model saved to checkpoints/ppo_memtasks/rgb_joints/normalized_dense/TakeItBack-v0/ppo-nonbelief-42__42__rgb_joints__20260119_090830/20260119_090830/ckpt_24_601.pt
SPS: 1579
Epoch: 602, global_step=9231360
SPS: 1580
Epoch: 603, global_step=9246720
SPS: 1581
Epoch: 604, global_step=9262080
SPS: 1582
Epoch: 605, global_step=9277440
SPS: 1583
Epoch: 606, global_step=9292800
SPS: 1584
Epoch: 607, global_step=9308160
SPS: 1585
Epoch: 608, global_step=9323520
SPS: 1586
Epoch: 609, global_step=9338880
SPS: 1587
Epoch: 610, global_step=9354240
SPS: 1588
Epoch: 611, global_step=9369600
SPS: 1589
Epoch: 612, global_step=9384960
SPS: 1590
Epoch: 613, global_step=9400320
SPS: 1591
Epoch: 614, global_step=9415680
SPS: 1591
Epoch: 615, global_step=9431040
SPS: 1592
Epoch: 616, global_step=9446400
SPS: 1593
Epoch: 617, global_step=9461760
SPS: 1594
Epoch: 618, global_step=9477120
SPS: 1595
Epoch: 619, global_step=9492480
SPS: 1596
Epoch: 620, global_step=9507840
SPS: 1597
Epoch: 621, global_step=9523200
SPS: 1598
Epoch: 622, global_step=9538560
SPS: 1599
Epoch: 623, global_step=9553920
SPS: 1599
Epoch: 624, global_step=9569280
SPS: 1600
Epoch: 625, global_step=9584640
SPS: 1601
Epoch: 626, global_step=9600000
Evaluating
Evaluated 17280 steps resulting in 96 episodes
[32mEvaluation Metric: success_once[0m | [36mMean: 0.0000[0m
[32mEvaluation Metric: return[0m | [36mMean: 7.1371[0m
[32mEvaluation Metric: episode_len[0m | [36mMean: 180.0000[0m
[32mEvaluation Metric: reward[0m | [36mMean: 0.0397[0m
[32mEvaluation Metric: success_at_end[0m | [36mMean: 0.0000[0m
model saved to checkpoints/ppo_memtasks/rgb_joints/normalized_dense/TakeItBack-v0/ppo-nonbelief-42__42__rgb_joints__20260119_090830/20260119_090830/ckpt_25_626.pt
SPS: 1581
Epoch: 627, global_step=9615360
SPS: 1581
Epoch: 628, global_step=9630720
SPS: 1582
Epoch: 629, global_step=9646080
SPS: 1583
Epoch: 630, global_step=9661440
SPS: 1584
Epoch: 631, global_step=9676800
SPS: 1585
Epoch: 632, global_step=9692160
SPS: 1586
Epoch: 633, global_step=9707520
SPS: 1587
Epoch: 634, global_step=9722880
SPS: 1588
Epoch: 635, global_step=9738240
SPS: 1589
Epoch: 636, global_step=9753600
SPS: 1589
Epoch: 637, global_step=9768960
SPS: 1590
Epoch: 638, global_step=9784320
SPS: 1591
Epoch: 639, global_step=9799680
SPS: 1592
Epoch: 640, global_step=9815040
SPS: 1593
Epoch: 641, global_step=9830400
SPS: 1594
Epoch: 642, global_step=9845760
SPS: 1595
Epoch: 643, global_step=9861120
SPS: 1596
Epoch: 644, global_step=9876480
SPS: 1596
Epoch: 645, global_step=9891840
SPS: 1597
Epoch: 646, global_step=9907200
SPS: 1598
Epoch: 647, global_step=9922560
SPS: 1599
Epoch: 648, global_step=9937920
SPS: 1600
Epoch: 649, global_step=9953280
SPS: 1601
Epoch: 650, global_step=9968640
SPS: 1601
Epoch: 651, global_step=9984000
Evaluating
Evaluated 17280 steps resulting in 96 episodes
[32mEvaluation Metric: success_once[0m | [36mMean: 0.0000[0m
[32mEvaluation Metric: return[0m | [36mMean: 7.0553[0m
[32mEvaluation Metric: episode_len[0m | [36mMean: 180.0000[0m
[32mEvaluation Metric: reward[0m | [36mMean: 0.0392[0m
[32mEvaluation Metric: success_at_end[0m | [36mMean: 0.0000[0m
model saved to checkpoints/ppo_memtasks/rgb_joints/normalized_dense/TakeItBack-v0/ppo-nonbelief-42__42__rgb_joints__20260119_090830/20260119_090830/ckpt_26_651.pt
SPS: 1581
Epoch: 652, global_step=9999360
SPS: 1582
Epoch: 653, global_step=10014720
SPS: 1582
Epoch: 654, global_step=10030080
SPS: 1583
Epoch: 655, global_step=10045440
SPS: 1584
Epoch: 656, global_step=10060800
SPS: 1585
Epoch: 657, global_step=10076160
SPS: 1586
Epoch: 658, global_step=10091520
SPS: 1587
Epoch: 659, global_step=10106880
SPS: 1587
Epoch: 660, global_step=10122240
SPS: 1588
Epoch: 661, global_step=10137600
SPS: 1589
Epoch: 662, global_step=10152960
SPS: 1590
Epoch: 663, global_step=10168320
SPS: 1591
Epoch: 664, global_step=10183680
SPS: 1592
Epoch: 665, global_step=10199040
SPS: 1592
Epoch: 666, global_step=10214400
SPS: 1593
Epoch: 667, global_step=10229760
SPS: 1594
Epoch: 668, global_step=10245120
SPS: 1595
Epoch: 669, global_step=10260480
SPS: 1596
Epoch: 670, global_step=10275840
SPS: 1597
Epoch: 671, global_step=10291200
SPS: 1597
Epoch: 672, global_step=10306560
SPS: 1598
Epoch: 673, global_step=10321920
SPS: 1599
Epoch: 674, global_step=10337280
SPS: 1600
Epoch: 675, global_step=10352640
SPS: 1601
Epoch: 676, global_step=10368000
Evaluating
Evaluated 17280 steps resulting in 96 episodes
[32mEvaluation Metric: success_once[0m | [36mMean: 0.0000[0m
[32mEvaluation Metric: return[0m | [36mMean: 7.2228[0m
[32mEvaluation Metric: episode_len[0m | [36mMean: 180.0000[0m
[32mEvaluation Metric: reward[0m | [36mMean: 0.0401[0m
[32mEvaluation Metric: success_at_end[0m | [36mMean: 0.0000[0m
model saved to checkpoints/ppo_memtasks/rgb_joints/normalized_dense/TakeItBack-v0/ppo-nonbelief-42__42__rgb_joints__20260119_090830/20260119_090830/ckpt_27_676.pt
SPS: 1581
Epoch: 677, global_step=10383360
SPS: 1582
Epoch: 678, global_step=10398720
SPS: 1583
Epoch: 679, global_step=10414080
SPS: 1583
Epoch: 680, global_step=10429440
SPS: 1584
Epoch: 681, global_step=10444800
SPS: 1585
Epoch: 682, global_step=10460160
SPS: 1586
Epoch: 683, global_step=10475520
SPS: 1587
Epoch: 684, global_step=10490880
SPS: 1588
Epoch: 685, global_step=10506240
SPS: 1588
Epoch: 686, global_step=10521600
SPS: 1589
Epoch: 687, global_step=10536960
SPS: 1590
Epoch: 688, global_step=10552320
SPS: 1591
Epoch: 689, global_step=10567680
SPS: 1592
Epoch: 690, global_step=10583040
SPS: 1592
Epoch: 691, global_step=10598400
SPS: 1593
Epoch: 692, global_step=10613760
SPS: 1594
Epoch: 693, global_step=10629120
SPS: 1595
Epoch: 694, global_step=10644480
SPS: 1596
Epoch: 695, global_step=10659840
SPS: 1596
Epoch: 696, global_step=10675200
SPS: 1597
Epoch: 697, global_step=10690560
SPS: 1598
Epoch: 698, global_step=10705920
SPS: 1599
Epoch: 699, global_step=10721280
SPS: 1600
Epoch: 700, global_step=10736640
SPS: 1600
Epoch: 701, global_step=10752000
Evaluating
Evaluated 17280 steps resulting in 96 episodes
[32mEvaluation Metric: success_once[0m | [36mMean: 0.0000[0m
[32mEvaluation Metric: return[0m | [36mMean: 7.2561[0m
[32mEvaluation Metric: episode_len[0m | [36mMean: 180.0000[0m
[32mEvaluation Metric: reward[0m | [36mMean: 0.0403[0m
[32mEvaluation Metric: success_at_end[0m | [36mMean: 0.0000[0m
model saved to checkpoints/ppo_memtasks/rgb_joints/normalized_dense/TakeItBack-v0/ppo-nonbelief-42__42__rgb_joints__20260119_090830/20260119_090830/ckpt_28_701.pt
SPS: 1581
Epoch: 702, global_step=10767360
SPS: 1582
Epoch: 703, global_step=10782720
SPS: 1583
Epoch: 704, global_step=10798080
SPS: 1583
Epoch: 705, global_step=10813440
SPS: 1584
Epoch: 706, global_step=10828800
SPS: 1585
Epoch: 707, global_step=10844160
SPS: 1586
Epoch: 708, global_step=10859520
SPS: 1587
Epoch: 709, global_step=10874880
SPS: 1587
Epoch: 710, global_step=10890240
SPS: 1588
Epoch: 711, global_step=10905600
SPS: 1589
Epoch: 712, global_step=10920960
SPS: 1590
Epoch: 713, global_step=10936320
SPS: 1591
Epoch: 714, global_step=10951680
SPS: 1591
Epoch: 715, global_step=10967040
SPS: 1592
Epoch: 716, global_step=10982400
SPS: 1593
Epoch: 717, global_step=10997760
SPS: 1594
Epoch: 718, global_step=11013120
SPS: 1594
Epoch: 719, global_step=11028480
SPS: 1595
Epoch: 720, global_step=11043840
SPS: 1596
Epoch: 721, global_step=11059200
SPS: 1597
Epoch: 722, global_step=11074560
SPS: 1598
Epoch: 723, global_step=11089920
SPS: 1598
Epoch: 724, global_step=11105280
SPS: 1599
Epoch: 725, global_step=11120640
SPS: 1600
Epoch: 726, global_step=11136000
Evaluating
Evaluated 17280 steps resulting in 96 episodes
[32mEvaluation Metric: success_once[0m | [36mMean: 0.0000[0m
[32mEvaluation Metric: return[0m | [36mMean: 7.3844[0m
[32mEvaluation Metric: episode_len[0m | [36mMean: 180.0000[0m
[32mEvaluation Metric: reward[0m | [36mMean: 0.0410[0m
[32mEvaluation Metric: success_at_end[0m | [36mMean: 0.0000[0m
model saved to checkpoints/ppo_memtasks/rgb_joints/normalized_dense/TakeItBack-v0/ppo-nonbelief-42__42__rgb_joints__20260119_090830/20260119_090830/ckpt_29_726.pt
SPS: 1581
Epoch: 727, global_step=11151360
SPS: 1582
Epoch: 728, global_step=11166720
SPS: 1583
Epoch: 729, global_step=11182080
SPS: 1584
Epoch: 730, global_step=11197440
SPS: 1585
Epoch: 731, global_step=11212800
SPS: 1585
Epoch: 732, global_step=11228160
SPS: 1586
Epoch: 733, global_step=11243520
SPS: 1587
Epoch: 734, global_step=11258880
SPS: 1588
Epoch: 735, global_step=11274240
SPS: 1588
Epoch: 736, global_step=11289600
SPS: 1589
Epoch: 737, global_step=11304960
SPS: 1590
Epoch: 738, global_step=11320320
SPS: 1590
Epoch: 739, global_step=11335680
SPS: 1591
Epoch: 740, global_step=11351040
SPS: 1592
Epoch: 741, global_step=11366400
SPS: 1593
Epoch: 742, global_step=11381760
SPS: 1593
Epoch: 743, global_step=11397120
SPS: 1594
Epoch: 744, global_step=11412480
SPS: 1595
Epoch: 745, global_step=11427840
SPS: 1596
Epoch: 746, global_step=11443200
SPS: 1596
Epoch: 747, global_step=11458560
SPS: 1597
Epoch: 748, global_step=11473920
SPS: 1598
Epoch: 749, global_step=11489280
SPS: 1599
Epoch: 750, global_step=11504640
SPS: 1599
Epoch: 751, global_step=11520000
Evaluating
Evaluated 17280 steps resulting in 96 episodes
[32mEvaluation Metric: success_once[0m | [36mMean: 0.0000[0m
[32mEvaluation Metric: return[0m | [36mMean: 7.1169[0m
[32mEvaluation Metric: episode_len[0m | [36mMean: 180.0000[0m
[32mEvaluation Metric: reward[0m | [36mMean: 0.0395[0m
[32mEvaluation Metric: success_at_end[0m | [36mMean: 0.0000[0m
model saved to checkpoints/ppo_memtasks/rgb_joints/normalized_dense/TakeItBack-v0/ppo-nonbelief-42__42__rgb_joints__20260119_090830/20260119_090830/ckpt_30_751.pt
SPS: 1582
Epoch: 752, global_step=11535360
SPS: 1582
Epoch: 753, global_step=11550720
SPS: 1583
Epoch: 754, global_step=11566080
SPS: 1584
Epoch: 755, global_step=11581440
SPS: 1585
Epoch: 756, global_step=11596800
SPS: 1585
Epoch: 757, global_step=11612160
SPS: 1586
Epoch: 758, global_step=11627520
SPS: 1587
Epoch: 759, global_step=11642880
SPS: 1588
Epoch: 760, global_step=11658240
SPS: 1588
Epoch: 761, global_step=11673600
SPS: 1589
Epoch: 762, global_step=11688960
SPS: 1590
Epoch: 763, global_step=11704320
SPS: 1591
Epoch: 764, global_step=11719680
SPS: 1591
Epoch: 765, global_step=11735040
SPS: 1592
Epoch: 766, global_step=11750400
SPS: 1593
Epoch: 767, global_step=11765760
SPS: 1594
Epoch: 768, global_step=11781120
SPS: 1594
Epoch: 769, global_step=11796480
SPS: 1595
Epoch: 770, global_step=11811840
SPS: 1596
Epoch: 771, global_step=11827200
SPS: 1597
Epoch: 772, global_step=11842560
SPS: 1597
Epoch: 773, global_step=11857920
SPS: 1598
Epoch: 774, global_step=11873280
SPS: 1599
Epoch: 775, global_step=11888640
SPS: 1599
Epoch: 776, global_step=11904000
Evaluating
Evaluated 17280 steps resulting in 96 episodes
[32mEvaluation Metric: success_once[0m | [36mMean: 0.0000[0m
[32mEvaluation Metric: return[0m | [36mMean: 6.4418[0m
[32mEvaluation Metric: episode_len[0m | [36mMean: 180.0000[0m
[32mEvaluation Metric: reward[0m | [36mMean: 0.0358[0m
[32mEvaluation Metric: success_at_end[0m | [36mMean: 0.0000[0m
model saved to checkpoints/ppo_memtasks/rgb_joints/normalized_dense/TakeItBack-v0/ppo-nonbelief-42__42__rgb_joints__20260119_090830/20260119_090830/ckpt_31_776.pt
SPS: 1583
Epoch: 777, global_step=11919360
SPS: 1584
Epoch: 778, global_step=11934720
SPS: 1584
Epoch: 779, global_step=11950080
SPS: 1585
Epoch: 780, global_step=11965440
SPS: 1586
Epoch: 781, global_step=11980800
SPS: 1587
Epoch: 782, global_step=11996160
SPS: 1587
Epoch: 783, global_step=12011520
SPS: 1588
Epoch: 784, global_step=12026880
SPS: 1589
Epoch: 785, global_step=12042240
SPS: 1590
Epoch: 786, global_step=12057600
SPS: 1590
Epoch: 787, global_step=12072960
SPS: 1591
Epoch: 788, global_step=12088320
SPS: 1592
Epoch: 789, global_step=12103680
SPS: 1593
Epoch: 790, global_step=12119040
SPS: 1593
Epoch: 791, global_step=12134400
SPS: 1594
Epoch: 792, global_step=12149760
SPS: 1595
Epoch: 793, global_step=12165120
SPS: 1595
Epoch: 794, global_step=12180480
SPS: 1596
Epoch: 795, global_step=12195840
SPS: 1597
Epoch: 796, global_step=12211200
SPS: 1598
Epoch: 797, global_step=12226560
SPS: 1598
Epoch: 798, global_step=12241920
SPS: 1599
Epoch: 799, global_step=12257280
SPS: 1600
Epoch: 800, global_step=12272640
SPS: 1600
Epoch: 801, global_step=12288000
Evaluating
Evaluated 17280 steps resulting in 96 episodes
[32mEvaluation Metric: success_once[0m | [36mMean: 0.0000[0m
[32mEvaluation Metric: return[0m | [36mMean: 6.9491[0m
[32mEvaluation Metric: episode_len[0m | [36mMean: 180.0000[0m
[32mEvaluation Metric: reward[0m | [36mMean: 0.0386[0m
[32mEvaluation Metric: success_at_end[0m | [36mMean: 0.0000[0m
model saved to checkpoints/ppo_memtasks/rgb_joints/normalized_dense/TakeItBack-v0/ppo-nonbelief-42__42__rgb_joints__20260119_090830/20260119_090830/ckpt_32_801.pt
SPS: 1584
Epoch: 802, global_step=12303360
SPS: 1585
Epoch: 803, global_step=12318720
SPS: 1586
Epoch: 804, global_step=12334080
SPS: 1586
Epoch: 805, global_step=12349440
SPS: 1587
Epoch: 806, global_step=12364800
SPS: 1588
Epoch: 807, global_step=12380160
SPS: 1589
Epoch: 808, global_step=12395520
SPS: 1589
Epoch: 809, global_step=12410880
SPS: 1590
Epoch: 810, global_step=12426240
SPS: 1591
Epoch: 811, global_step=12441600
SPS: 1591
Epoch: 812, global_step=12456960
SPS: 1592
Epoch: 813, global_step=12472320
SPS: 1593
Epoch: 814, global_step=12487680
SPS: 1593
Epoch: 815, global_step=12503040
SPS: 1594
Epoch: 816, global_step=12518400
SPS: 1595
Epoch: 817, global_step=12533760
SPS: 1596
Epoch: 818, global_step=12549120
SPS: 1596
Epoch: 819, global_step=12564480
SPS: 1597
Epoch: 820, global_step=12579840
SPS: 1597
Epoch: 821, global_step=12595200
SPS: 1598
Epoch: 822, global_step=12610560
SPS: 1599
Epoch: 823, global_step=12625920
SPS: 1600
Epoch: 824, global_step=12641280
SPS: 1600
Epoch: 825, global_step=12656640
SPS: 1601
Epoch: 826, global_step=12672000
Evaluating
Evaluated 17280 steps resulting in 96 episodes
[32mEvaluation Metric: success_once[0m | [36mMean: 0.0000[0m
[32mEvaluation Metric: return[0m | [36mMean: 7.5149[0m
[32mEvaluation Metric: episode_len[0m | [36mMean: 180.0000[0m
[32mEvaluation Metric: reward[0m | [36mMean: 0.0417[0m
[32mEvaluation Metric: success_at_end[0m | [36mMean: 0.0000[0m
model saved to checkpoints/ppo_memtasks/rgb_joints/normalized_dense/TakeItBack-v0/ppo-nonbelief-42__42__rgb_joints__20260119_090830/20260119_090830/ckpt_33_826.pt
SPS: 1585
Epoch: 827, global_step=12687360
SPS: 1585
Epoch: 828, global_step=12702720
SPS: 1586
Epoch: 829, global_step=12718080
SPS: 1587
Epoch: 830, global_step=12733440
SPS: 1587
Epoch: 831, global_step=12748800
SPS: 1588
Epoch: 832, global_step=12764160
SPS: 1589
Epoch: 833, global_step=12779520
SPS: 1589
Epoch: 834, global_step=12794880
SPS: 1590
Epoch: 835, global_step=12810240
SPS: 1591
Epoch: 836, global_step=12825600
SPS: 1591
Epoch: 837, global_step=12840960
SPS: 1592
Epoch: 838, global_step=12856320
SPS: 1593
Epoch: 839, global_step=12871680
SPS: 1593
Epoch: 840, global_step=12887040
SPS: 1594
Epoch: 841, global_step=12902400
SPS: 1595
Epoch: 842, global_step=12917760
SPS: 1595
Epoch: 843, global_step=12933120
SPS: 1596
Epoch: 844, global_step=12948480
SPS: 1597
Epoch: 845, global_step=12963840
SPS: 1597
Epoch: 846, global_step=12979200
SPS: 1598
Epoch: 847, global_step=12994560
SPS: 1599
Epoch: 848, global_step=13009920
SPS: 1599
Epoch: 849, global_step=13025280
SPS: 1600
Epoch: 850, global_step=13040640
SPS: 1601
Epoch: 851, global_step=13056000
Evaluating
Evaluated 17280 steps resulting in 96 episodes
[32mEvaluation Metric: success_once[0m | [36mMean: 0.0000[0m
[32mEvaluation Metric: return[0m | [36mMean: 7.8910[0m
[32mEvaluation Metric: episode_len[0m | [36mMean: 180.0000[0m
[32mEvaluation Metric: reward[0m | [36mMean: 0.0438[0m
[32mEvaluation Metric: success_at_end[0m | [36mMean: 0.0000[0m
model saved to checkpoints/ppo_memtasks/rgb_joints/normalized_dense/TakeItBack-v0/ppo-nonbelief-42__42__rgb_joints__20260119_090830/20260119_090830/ckpt_34_851.pt
SPS: 1585
Epoch: 852, global_step=13071360
SPS: 1585
Epoch: 853, global_step=13086720
SPS: 1586
Epoch: 854, global_step=13102080
SPS: 1587
Epoch: 855, global_step=13117440
SPS: 1587
Epoch: 856, global_step=13132800
SPS: 1588
Epoch: 857, global_step=13148160
SPS: 1588
Epoch: 858, global_step=13163520
SPS: 1589
Epoch: 859, global_step=13178880
SPS: 1590
Epoch: 860, global_step=13194240
SPS: 1590
Epoch: 861, global_step=13209600
SPS: 1591
Epoch: 862, global_step=13224960
SPS: 1592
Epoch: 863, global_step=13240320
SPS: 1592
Epoch: 864, global_step=13255680
SPS: 1593
Epoch: 865, global_step=13271040
SPS: 1594
Epoch: 866, global_step=13286400
SPS: 1594
Epoch: 867, global_step=13301760
SPS: 1595
Epoch: 868, global_step=13317120
SPS: 1596
Epoch: 869, global_step=13332480
SPS: 1596
Epoch: 870, global_step=13347840
SPS: 1597
Epoch: 871, global_step=13363200
SPS: 1597
Epoch: 872, global_step=13378560
SPS: 1598
Epoch: 873, global_step=13393920
SPS: 1599
Epoch: 874, global_step=13409280
SPS: 1599
Epoch: 875, global_step=13424640
SPS: 1600
Epoch: 876, global_step=13440000
Evaluating
Evaluated 17280 steps resulting in 96 episodes
[32mEvaluation Metric: success_once[0m | [36mMean: 0.0000[0m
[32mEvaluation Metric: return[0m | [36mMean: 6.8028[0m
[32mEvaluation Metric: episode_len[0m | [36mMean: 180.0000[0m
[32mEvaluation Metric: reward[0m | [36mMean: 0.0378[0m
[32mEvaluation Metric: success_at_end[0m | [36mMean: 0.0000[0m
model saved to checkpoints/ppo_memtasks/rgb_joints/normalized_dense/TakeItBack-v0/ppo-nonbelief-42__42__rgb_joints__20260119_090830/20260119_090830/ckpt_35_876.pt
SPS: 1585
Epoch: 877, global_step=13455360
SPS: 1586
Epoch: 878, global_step=13470720
SPS: 1586
Epoch: 879, global_step=13486080
SPS: 1587
Epoch: 880, global_step=13501440
SPS: 1588
Epoch: 881, global_step=13516800
SPS: 1588
Epoch: 882, global_step=13532160
SPS: 1589
Epoch: 883, global_step=13547520
SPS: 1589
Epoch: 884, global_step=13562880
SPS: 1590
Epoch: 885, global_step=13578240
SPS: 1591
Epoch: 886, global_step=13593600
SPS: 1591
Epoch: 887, global_step=13608960
SPS: 1592
Epoch: 888, global_step=13624320
SPS: 1592
Epoch: 889, global_step=13639680
SPS: 1593
Epoch: 890, global_step=13655040
SPS: 1594
Epoch: 891, global_step=13670400
SPS: 1594
Epoch: 892, global_step=13685760
SPS: 1595
Epoch: 893, global_step=13701120
SPS: 1596
Epoch: 894, global_step=13716480
SPS: 1596
Epoch: 895, global_step=13731840
SPS: 1597
Epoch: 896, global_step=13747200
SPS: 1597
Epoch: 897, global_step=13762560
SPS: 1598
Epoch: 898, global_step=13777920
SPS: 1599
Epoch: 899, global_step=13793280
SPS: 1599
Epoch: 900, global_step=13808640
SPS: 1600
Epoch: 901, global_step=13824000
Evaluating
Evaluated 17280 steps resulting in 96 episodes
[32mEvaluation Metric: success_once[0m | [36mMean: 0.0000[0m
[32mEvaluation Metric: return[0m | [36mMean: 7.0943[0m
[32mEvaluation Metric: episode_len[0m | [36mMean: 180.0000[0m
[32mEvaluation Metric: reward[0m | [36mMean: 0.0394[0m
[32mEvaluation Metric: success_at_end[0m | [36mMean: 0.0000[0m
model saved to checkpoints/ppo_memtasks/rgb_joints/normalized_dense/TakeItBack-v0/ppo-nonbelief-42__42__rgb_joints__20260119_090830/20260119_090830/ckpt_36_901.pt
SPS: 1585
Epoch: 902, global_step=13839360
SPS: 1585
Epoch: 903, global_step=13854720
SPS: 1586
Epoch: 904, global_step=13870080
SPS: 1587
Epoch: 905, global_step=13885440
SPS: 1587
Epoch: 906, global_step=13900800
SPS: 1588
Epoch: 907, global_step=13916160
SPS: 1588
Epoch: 908, global_step=13931520
SPS: 1589
Epoch: 909, global_step=13946880
SPS: 1590
Epoch: 910, global_step=13962240
SPS: 1590
Epoch: 911, global_step=13977600
SPS: 1591
Epoch: 912, global_step=13992960
SPS: 1591
Epoch: 913, global_step=14008320
SPS: 1592
Epoch: 914, global_step=14023680
SPS: 1593
Epoch: 915, global_step=14039040
SPS: 1593
Epoch: 916, global_step=14054400
SPS: 1594
Epoch: 917, global_step=14069760
SPS: 1594
Epoch: 918, global_step=14085120
SPS: 1595
Epoch: 919, global_step=14100480
SPS: 1596
Epoch: 920, global_step=14115840
SPS: 1596
Epoch: 921, global_step=14131200
SPS: 1597
Epoch: 922, global_step=14146560
SPS: 1597
Epoch: 923, global_step=14161920
SPS: 1598
Epoch: 924, global_step=14177280
SPS: 1599
Epoch: 925, global_step=14192640
SPS: 1599
Epoch: 926, global_step=14208000
Evaluating
Evaluated 17280 steps resulting in 96 episodes
[32mEvaluation Metric: success_once[0m | [36mMean: 0.0000[0m
[32mEvaluation Metric: return[0m | [36mMean: 7.4122[0m
[32mEvaluation Metric: episode_len[0m | [36mMean: 180.0000[0m
[32mEvaluation Metric: reward[0m | [36mMean: 0.0412[0m
[32mEvaluation Metric: success_at_end[0m | [36mMean: 0.0000[0m
model saved to checkpoints/ppo_memtasks/rgb_joints/normalized_dense/TakeItBack-v0/ppo-nonbelief-42__42__rgb_joints__20260119_090830/20260119_090830/ckpt_37_926.pt
SPS: 1584
Epoch: 927, global_step=14223360
SPS: 1585
Epoch: 928, global_step=14238720
SPS: 1586
Epoch: 929, global_step=14254080
SPS: 1586
Epoch: 930, global_step=14269440
SPS: 1587
Epoch: 931, global_step=14284800
SPS: 1587
Epoch: 932, global_step=14300160
SPS: 1588
Epoch: 933, global_step=14315520
SPS: 1589
Epoch: 934, global_step=14330880
SPS: 1589
Epoch: 935, global_step=14346240
SPS: 1590
Epoch: 936, global_step=14361600
SPS: 1590
Epoch: 937, global_step=14376960
SPS: 1591
Epoch: 938, global_step=14392320
SPS: 1591
Epoch: 939, global_step=14407680
SPS: 1592
Epoch: 940, global_step=14423040
SPS: 1593
Epoch: 941, global_step=14438400
SPS: 1593
Epoch: 942, global_step=14453760
SPS: 1594
Epoch: 943, global_step=14469120
SPS: 1594
Epoch: 944, global_step=14484480
SPS: 1595
Epoch: 945, global_step=14499840
SPS: 1596
Epoch: 946, global_step=14515200
SPS: 1596
Epoch: 947, global_step=14530560
SPS: 1597
Epoch: 948, global_step=14545920
SPS: 1597
Epoch: 949, global_step=14561280
SPS: 1598
Epoch: 950, global_step=14576640
SPS: 1598
Epoch: 951, global_step=14592000
Evaluating
Evaluated 17280 steps resulting in 96 episodes
[32mEvaluation Metric: success_once[0m | [36mMean: 0.0000[0m
[32mEvaluation Metric: return[0m | [36mMean: 7.3139[0m
[32mEvaluation Metric: episode_len[0m | [36mMean: 180.0000[0m
[32mEvaluation Metric: reward[0m | [36mMean: 0.0406[0m
[32mEvaluation Metric: success_at_end[0m | [36mMean: 0.0000[0m
model saved to checkpoints/ppo_memtasks/rgb_joints/normalized_dense/TakeItBack-v0/ppo-nonbelief-42__42__rgb_joints__20260119_090830/20260119_090830/ckpt_38_951.pt
SPS: 1584
Epoch: 952, global_step=14607360
SPS: 1585
Epoch: 953, global_step=14622720
SPS: 1586
Epoch: 954, global_step=14638080
SPS: 1586
Epoch: 955, global_step=14653440
SPS: 1587
Epoch: 956, global_step=14668800
SPS: 1587
Epoch: 957, global_step=14684160
SPS: 1588
Epoch: 958, global_step=14699520
SPS: 1589
Epoch: 959, global_step=14714880
SPS: 1589
Epoch: 960, global_step=14730240
SPS: 1590
Epoch: 961, global_step=14745600
SPS: 1590
Epoch: 962, global_step=14760960
SPS: 1591
Epoch: 963, global_step=14776320
SPS: 1591
Epoch: 964, global_step=14791680
SPS: 1592
Epoch: 965, global_step=14807040
SPS: 1593
Epoch: 966, global_step=14822400
SPS: 1593
Epoch: 967, global_step=14837760
SPS: 1594
Epoch: 968, global_step=14853120
SPS: 1594
Epoch: 969, global_step=14868480
SPS: 1595
Epoch: 970, global_step=14883840
SPS: 1595
Epoch: 971, global_step=14899200
SPS: 1596
Epoch: 972, global_step=14914560
SPS: 1597
Epoch: 973, global_step=14929920
SPS: 1597
Epoch: 974, global_step=14945280
SPS: 1598
Epoch: 975, global_step=14960640
SPS: 1598
Epoch: 976, global_step=14976000
Evaluating
Evaluated 17280 steps resulting in 96 episodes
[32mEvaluation Metric: success_once[0m | [36mMean: 0.0000[0m
[32mEvaluation Metric: return[0m | [36mMean: 7.1452[0m
[32mEvaluation Metric: episode_len[0m | [36mMean: 180.0000[0m
[32mEvaluation Metric: reward[0m | [36mMean: 0.0397[0m
[32mEvaluation Metric: success_at_end[0m | [36mMean: 0.0000[0m
model saved to checkpoints/ppo_memtasks/rgb_joints/normalized_dense/TakeItBack-v0/ppo-nonbelief-42__42__rgb_joints__20260119_090830/20260119_090830/ckpt_39_976.pt
SPS: 1585
Epoch: 977, global_step=14991360
SPS: 1585
Epoch: 978, global_step=15006720
SPS: 1586
Epoch: 979, global_step=15022080
SPS: 1586
Epoch: 980, global_step=15037440
SPS: 1587
Epoch: 981, global_step=15052800
SPS: 1588
Epoch: 982, global_step=15068160
SPS: 1588
Epoch: 983, global_step=15083520
SPS: 1589
Epoch: 984, global_step=15098880
SPS: 1589
Epoch: 985, global_step=15114240
SPS: 1590
Epoch: 986, global_step=15129600
SPS: 1590
Epoch: 987, global_step=15144960
SPS: 1591
Epoch: 988, global_step=15160320
SPS: 1592
Epoch: 989, global_step=15175680
SPS: 1592
Epoch: 990, global_step=15191040
SPS: 1593
Epoch: 991, global_step=15206400
SPS: 1593
Epoch: 992, global_step=15221760
SPS: 1594
Epoch: 993, global_step=15237120
SPS: 1595
Epoch: 994, global_step=15252480
SPS: 1595
Epoch: 995, global_step=15267840
SPS: 1596
Epoch: 996, global_step=15283200
SPS: 1596
Epoch: 997, global_step=15298560
SPS: 1597
Epoch: 998, global_step=15313920
SPS: 1597
Epoch: 999, global_step=15329280
SPS: 1598
Epoch: 1000, global_step=15344640
SPS: 1599
Epoch: 1001, global_step=15360000
Evaluating
Evaluated 17280 steps resulting in 96 episodes
[32mEvaluation Metric: success_once[0m | [36mMean: 0.0000[0m
[32mEvaluation Metric: return[0m | [36mMean: 7.1527[0m
[32mEvaluation Metric: episode_len[0m | [36mMean: 180.0000[0m
[32mEvaluation Metric: reward[0m | [36mMean: 0.0397[0m
[32mEvaluation Metric: success_at_end[0m | [36mMean: 0.0000[0m
model saved to checkpoints/ppo_memtasks/rgb_joints/normalized_dense/TakeItBack-v0/ppo-nonbelief-42__42__rgb_joints__20260119_090830/20260119_090830/ckpt_40_1001.pt
SPS: 1586
Epoch: 1002, global_step=15375360
SPS: 1586
Epoch: 1003, global_step=15390720
SPS: 1587
Epoch: 1004, global_step=15406080
SPS: 1588
Epoch: 1005, global_step=15421440
SPS: 1588
Epoch: 1006, global_step=15436800
SPS: 1589
Epoch: 1007, global_step=15452160
SPS: 1589
Epoch: 1008, global_step=15467520
SPS: 1590
Epoch: 1009, global_step=15482880
SPS: 1590
Epoch: 1010, global_step=15498240
SPS: 1591
Epoch: 1011, global_step=15513600
SPS: 1591
Epoch: 1012, global_step=15528960
SPS: 1592
Epoch: 1013, global_step=15544320
SPS: 1592
Epoch: 1014, global_step=15559680
SPS: 1593
Epoch: 1015, global_step=15575040
SPS: 1594
Epoch: 1016, global_step=15590400
SPS: 1594
Epoch: 1017, global_step=15605760
SPS: 1595
Epoch: 1018, global_step=15621120
SPS: 1595
Epoch: 1019, global_step=15636480
SPS: 1596
Epoch: 1020, global_step=15651840
SPS: 1596
Epoch: 1021, global_step=15667200
SPS: 1597
Epoch: 1022, global_step=15682560
SPS: 1597
Epoch: 1023, global_step=15697920
SPS: 1598
Epoch: 1024, global_step=15713280
SPS: 1599
Epoch: 1025, global_step=15728640
SPS: 1599
Epoch: 1026, global_step=15744000
Evaluating
Evaluated 17280 steps resulting in 96 episodes
[32mEvaluation Metric: success_once[0m | [36mMean: 0.0000[0m
[32mEvaluation Metric: return[0m | [36mMean: 7.2059[0m
[32mEvaluation Metric: episode_len[0m | [36mMean: 180.0000[0m
[32mEvaluation Metric: reward[0m | [36mMean: 0.0400[0m
[32mEvaluation Metric: success_at_end[0m | [36mMean: 0.0000[0m
model saved to checkpoints/ppo_memtasks/rgb_joints/normalized_dense/TakeItBack-v0/ppo-nonbelief-42__42__rgb_joints__20260119_090830/20260119_090830/ckpt_41_1026.pt
SPS: 1586
Epoch: 1027, global_step=15759360
SPS: 1587
Epoch: 1028, global_step=15774720
SPS: 1587
Epoch: 1029, global_step=15790080
SPS: 1588
Epoch: 1030, global_step=15805440
SPS: 1589
Epoch: 1031, global_step=15820800
SPS: 1589
Epoch: 1032, global_step=15836160
SPS: 1590
Epoch: 1033, global_step=15851520
SPS: 1590
Epoch: 1034, global_step=15866880
SPS: 1591
Epoch: 1035, global_step=15882240
SPS: 1591
Epoch: 1036, global_step=15897600
SPS: 1592
Epoch: 1037, global_step=15912960
SPS: 1592
Epoch: 1038, global_step=15928320
SPS: 1593
Epoch: 1039, global_step=15943680
SPS: 1593
Epoch: 1040, global_step=15959040
SPS: 1594
Epoch: 1041, global_step=15974400
SPS: 1594
Epoch: 1042, global_step=15989760
SPS: 1595
Epoch: 1043, global_step=16005120
SPS: 1596
Epoch: 1044, global_step=16020480
SPS: 1596
Epoch: 1045, global_step=16035840
SPS: 1597
Epoch: 1046, global_step=16051200
SPS: 1597
Epoch: 1047, global_step=16066560
SPS: 1598
Epoch: 1048, global_step=16081920
SPS: 1598
Epoch: 1049, global_step=16097280
SPS: 1599
Epoch: 1050, global_step=16112640
SPS: 1599
Epoch: 1051, global_step=16128000
Evaluating
Evaluated 17280 steps resulting in 96 episodes
[32mEvaluation Metric: success_once[0m | [36mMean: 0.0000[0m
[32mEvaluation Metric: return[0m | [36mMean: 7.3469[0m
[32mEvaluation Metric: episode_len[0m | [36mMean: 180.0000[0m
[32mEvaluation Metric: reward[0m | [36mMean: 0.0408[0m
[32mEvaluation Metric: success_at_end[0m | [36mMean: 0.0000[0m
model saved to checkpoints/ppo_memtasks/rgb_joints/normalized_dense/TakeItBack-v0/ppo-nonbelief-42__42__rgb_joints__20260119_090830/20260119_090830/ckpt_42_1051.pt
SPS: 1586
Epoch: 1052, global_step=16143360
SPS: 1587
Epoch: 1053, global_step=16158720
SPS: 1587
Epoch: 1054, global_step=16174080
SPS: 1588
Epoch: 1055, global_step=16189440
SPS: 1588
Epoch: 1056, global_step=16204800
SPS: 1589
Epoch: 1057, global_step=16220160
SPS: 1589
Epoch: 1058, global_step=16235520
SPS: 1590
Epoch: 1059, global_step=16250880
SPS: 1590
Epoch: 1060, global_step=16266240
SPS: 1591
Epoch: 1061, global_step=16281600
SPS: 1591
Epoch: 1062, global_step=16296960
SPS: 1592
Epoch: 1063, global_step=16312320
SPS: 1592
Epoch: 1064, global_step=16327680
SPS: 1593
Epoch: 1065, global_step=16343040
SPS: 1593
Epoch: 1066, global_step=16358400
SPS: 1594
Epoch: 1067, global_step=16373760
SPS: 1594
Epoch: 1068, global_step=16389120
SPS: 1595
Epoch: 1069, global_step=16404480
SPS: 1596
Epoch: 1070, global_step=16419840
SPS: 1596
Epoch: 1071, global_step=16435200
SPS: 1597
Epoch: 1072, global_step=16450560
SPS: 1597
Epoch: 1073, global_step=16465920
SPS: 1598
Epoch: 1074, global_step=16481280
SPS: 1598
Epoch: 1075, global_step=16496640
SPS: 1599
Epoch: 1076, global_step=16512000
Evaluating
Evaluated 17280 steps resulting in 96 episodes
[32mEvaluation Metric: success_once[0m | [36mMean: 0.0000[0m
[32mEvaluation Metric: return[0m | [36mMean: 7.0992[0m
[32mEvaluation Metric: episode_len[0m | [36mMean: 180.0000[0m
[32mEvaluation Metric: reward[0m | [36mMean: 0.0394[0m
[32mEvaluation Metric: success_at_end[0m | [36mMean: 0.0000[0m
model saved to checkpoints/ppo_memtasks/rgb_joints/normalized_dense/TakeItBack-v0/ppo-nonbelief-42__42__rgb_joints__20260119_090830/20260119_090830/ckpt_43_1076.pt
SPS: 1586
Epoch: 1077, global_step=16527360
SPS: 1587
Epoch: 1078, global_step=16542720
SPS: 1588
Epoch: 1079, global_step=16558080
SPS: 1588
Epoch: 1080, global_step=16573440
SPS: 1589
Epoch: 1081, global_step=16588800
SPS: 1589
Epoch: 1082, global_step=16604160
SPS: 1590
Epoch: 1083, global_step=16619520
SPS: 1590
Epoch: 1084, global_step=16634880
SPS: 1591
Epoch: 1085, global_step=16650240
SPS: 1591
Epoch: 1086, global_step=16665600
SPS: 1592
Epoch: 1087, global_step=16680960
SPS: 1592
Epoch: 1088, global_step=16696320
SPS: 1593
Epoch: 1089, global_step=16711680
SPS: 1593
Epoch: 1090, global_step=16727040
SPS: 1594
Epoch: 1091, global_step=16742400
SPS: 1594
Epoch: 1092, global_step=16757760
SPS: 1595
Epoch: 1093, global_step=16773120
SPS: 1595
Epoch: 1094, global_step=16788480
SPS: 1596
Epoch: 1095, global_step=16803840
SPS: 1596
Epoch: 1096, global_step=16819200
SPS: 1597
Epoch: 1097, global_step=16834560
SPS: 1597
Epoch: 1098, global_step=16849920
SPS: 1598
Epoch: 1099, global_step=16865280
SPS: 1598
Epoch: 1100, global_step=16880640
SPS: 1599
Epoch: 1101, global_step=16896000
Evaluating
Evaluated 17280 steps resulting in 96 episodes
[32mEvaluation Metric: success_once[0m | [36mMean: 0.0000[0m
[32mEvaluation Metric: return[0m | [36mMean: 6.7454[0m
[32mEvaluation Metric: episode_len[0m | [36mMean: 180.0000[0m
[32mEvaluation Metric: reward[0m | [36mMean: 0.0375[0m
[32mEvaluation Metric: success_at_end[0m | [36mMean: 0.0000[0m
model saved to checkpoints/ppo_memtasks/rgb_joints/normalized_dense/TakeItBack-v0/ppo-nonbelief-42__42__rgb_joints__20260119_090830/20260119_090830/ckpt_44_1101.pt
SPS: 1586
Epoch: 1102, global_step=16911360
SPS: 1587
Epoch: 1103, global_step=16926720
SPS: 1587
Epoch: 1104, global_step=16942080
SPS: 1587
Epoch: 1105, global_step=16957440
SPS: 1588
Epoch: 1106, global_step=16972800
SPS: 1588
Epoch: 1107, global_step=16988160
SPS: 1589
Epoch: 1108, global_step=17003520
SPS: 1590
Epoch: 1109, global_step=17018880
SPS: 1590
Epoch: 1110, global_step=17034240
SPS: 1590
Epoch: 1111, global_step=17049600
SPS: 1591
Epoch: 1112, global_step=17064960
SPS: 1591
Epoch: 1113, global_step=17080320
SPS: 1592
Epoch: 1114, global_step=17095680
SPS: 1592
Epoch: 1115, global_step=17111040
SPS: 1593
Epoch: 1116, global_step=17126400
SPS: 1593
Epoch: 1117, global_step=17141760
SPS: 1594
Epoch: 1118, global_step=17157120
SPS: 1594
Epoch: 1119, global_step=17172480
SPS: 1595
Epoch: 1120, global_step=17187840
SPS: 1595
Epoch: 1121, global_step=17203200
SPS: 1596
Epoch: 1122, global_step=17218560
SPS: 1596
Epoch: 1123, global_step=17233920
SPS: 1597
Epoch: 1124, global_step=17249280
SPS: 1597
Epoch: 1125, global_step=17264640
SPS: 1598
Epoch: 1126, global_step=17280000
Evaluating
Evaluated 17280 steps resulting in 96 episodes
[32mEvaluation Metric: success_once[0m | [36mMean: 0.0000[0m
[32mEvaluation Metric: return[0m | [36mMean: 7.2525[0m
[32mEvaluation Metric: episode_len[0m | [36mMean: 180.0000[0m
[32mEvaluation Metric: reward[0m | [36mMean: 0.0403[0m
[32mEvaluation Metric: success_at_end[0m | [36mMean: 0.0000[0m
model saved to checkpoints/ppo_memtasks/rgb_joints/normalized_dense/TakeItBack-v0/ppo-nonbelief-42__42__rgb_joints__20260119_090830/20260119_090830/ckpt_45_1126.pt
SPS: 1586
Epoch: 1127, global_step=17295360
SPS: 1586
Epoch: 1128, global_step=17310720
SPS: 1587
Epoch: 1129, global_step=17326080
SPS: 1587
Epoch: 1130, global_step=17341440
SPS: 1588
Epoch: 1131, global_step=17356800
SPS: 1588
Epoch: 1132, global_step=17372160
SPS: 1589
Epoch: 1133, global_step=17387520
SPS: 1589
Epoch: 1134, global_step=17402880
SPS: 1590
Epoch: 1135, global_step=17418240
SPS: 1590
Epoch: 1136, global_step=17433600
SPS: 1591
Epoch: 1137, global_step=17448960
SPS: 1591
Epoch: 1138, global_step=17464320
SPS: 1592
Epoch: 1139, global_step=17479680
SPS: 1592
Epoch: 1140, global_step=17495040
SPS: 1593
Epoch: 1141, global_step=17510400
SPS: 1593
Epoch: 1142, global_step=17525760
SPS: 1594
Epoch: 1143, global_step=17541120
SPS: 1594
Epoch: 1144, global_step=17556480
SPS: 1595
Epoch: 1145, global_step=17571840
SPS: 1595
Epoch: 1146, global_step=17587200
SPS: 1595
Epoch: 1147, global_step=17602560
SPS: 1596
Epoch: 1148, global_step=17617920
SPS: 1596
Epoch: 1149, global_step=17633280
SPS: 1597
Epoch: 1150, global_step=17648640
SPS: 1597
Epoch: 1151, global_step=17664000
Evaluating
Evaluated 17280 steps resulting in 96 episodes
[32mEvaluation Metric: success_once[0m | [36mMean: 0.0000[0m
[32mEvaluation Metric: return[0m | [36mMean: 7.2146[0m
[32mEvaluation Metric: episode_len[0m | [36mMean: 180.0000[0m
[32mEvaluation Metric: reward[0m | [36mMean: 0.0401[0m
[32mEvaluation Metric: success_at_end[0m | [36mMean: 0.0000[0m
model saved to checkpoints/ppo_memtasks/rgb_joints/normalized_dense/TakeItBack-v0/ppo-nonbelief-42__42__rgb_joints__20260119_090830/20260119_090830/ckpt_46_1151.pt
SPS: 1586
Epoch: 1152, global_step=17679360
SPS: 1587
Epoch: 1153, global_step=17694720
SPS: 1587
Epoch: 1154, global_step=17710080
SPS: 1588
Epoch: 1155, global_step=17725440
SPS: 1588
Epoch: 1156, global_step=17740800
SPS: 1589
Epoch: 1157, global_step=17756160
SPS: 1589
Epoch: 1158, global_step=17771520
SPS: 1590
Epoch: 1159, global_step=17786880
SPS: 1590
Epoch: 1160, global_step=17802240
SPS: 1591
Epoch: 1161, global_step=17817600
SPS: 1591
Epoch: 1162, global_step=17832960
SPS: 1592
Epoch: 1163, global_step=17848320
SPS: 1592
Epoch: 1164, global_step=17863680
SPS: 1593
Epoch: 1165, global_step=17879040
SPS: 1593
Epoch: 1166, global_step=17894400
SPS: 1594
Epoch: 1167, global_step=17909760
SPS: 1594
Epoch: 1168, global_step=17925120
SPS: 1595
Epoch: 1169, global_step=17940480
SPS: 1595
Epoch: 1170, global_step=17955840
SPS: 1596
Epoch: 1171, global_step=17971200
SPS: 1596
Epoch: 1172, global_step=17986560
SPS: 1597
Epoch: 1173, global_step=18001920
SPS: 1597
Epoch: 1174, global_step=18017280
SPS: 1598
Epoch: 1175, global_step=18032640
SPS: 1598
Epoch: 1176, global_step=18048000
Evaluating
Evaluated 17280 steps resulting in 96 episodes
[32mEvaluation Metric: success_once[0m | [36mMean: 0.0000[0m
[32mEvaluation Metric: return[0m | [36mMean: 6.8730[0m
[32mEvaluation Metric: episode_len[0m | [36mMean: 180.0000[0m
[32mEvaluation Metric: reward[0m | [36mMean: 0.0382[0m
[32mEvaluation Metric: success_at_end[0m | [36mMean: 0.0000[0m
model saved to checkpoints/ppo_memtasks/rgb_joints/normalized_dense/TakeItBack-v0/ppo-nonbelief-42__42__rgb_joints__20260119_090830/20260119_090830/ckpt_47_1176.pt
SPS: 1587
Epoch: 1177, global_step=18063360
SPS: 1588
Epoch: 1178, global_step=18078720
SPS: 1588
Epoch: 1179, global_step=18094080
SPS: 1589
Epoch: 1180, global_step=18109440
SPS: 1589
Epoch: 1181, global_step=18124800
SPS: 1590
Epoch: 1182, global_step=18140160
SPS: 1590
Epoch: 1183, global_step=18155520
SPS: 1591
Epoch: 1184, global_step=18170880
SPS: 1591
Epoch: 1185, global_step=18186240
SPS: 1592
Epoch: 1186, global_step=18201600
SPS: 1592
Epoch: 1187, global_step=18216960
SPS: 1593
Epoch: 1188, global_step=18232320
SPS: 1593
Epoch: 1189, global_step=18247680
SPS: 1594
Epoch: 1190, global_step=18263040
SPS: 1594
Epoch: 1191, global_step=18278400
SPS: 1595
Epoch: 1192, global_step=18293760
SPS: 1595
Epoch: 1193, global_step=18309120
SPS: 1595
Epoch: 1194, global_step=18324480
SPS: 1596
Epoch: 1195, global_step=18339840
SPS: 1596
Epoch: 1196, global_step=18355200
SPS: 1597
Epoch: 1197, global_step=18370560
SPS: 1597
Epoch: 1198, global_step=18385920
SPS: 1598
Epoch: 1199, global_step=18401280
SPS: 1598
Epoch: 1200, global_step=18416640
SPS: 1599
Epoch: 1201, global_step=18432000
Evaluating
Evaluated 17280 steps resulting in 96 episodes
[32mEvaluation Metric: success_once[0m | [36mMean: 0.0000[0m
[32mEvaluation Metric: return[0m | [36mMean: 7.2032[0m
[32mEvaluation Metric: episode_len[0m | [36mMean: 180.0000[0m
[32mEvaluation Metric: reward[0m | [36mMean: 0.0400[0m
[32mEvaluation Metric: success_at_end[0m | [36mMean: 0.0000[0m
model saved to checkpoints/ppo_memtasks/rgb_joints/normalized_dense/TakeItBack-v0/ppo-nonbelief-42__42__rgb_joints__20260119_090830/20260119_090830/ckpt_48_1201.pt
SPS: 1588
Epoch: 1202, global_step=18447360
SPS: 1588
Epoch: 1203, global_step=18462720
SPS: 1589
Epoch: 1204, global_step=18478080
SPS: 1589
Epoch: 1205, global_step=18493440
SPS: 1590
Epoch: 1206, global_step=18508800
SPS: 1590
Epoch: 1207, global_step=18524160
SPS: 1591
Epoch: 1208, global_step=18539520
SPS: 1591
Epoch: 1209, global_step=18554880
SPS: 1592
Epoch: 1210, global_step=18570240
SPS: 1592
Epoch: 1211, global_step=18585600
SPS: 1593
Epoch: 1212, global_step=18600960
SPS: 1593
Epoch: 1213, global_step=18616320
SPS: 1593
Epoch: 1214, global_step=18631680
SPS: 1594
Epoch: 1215, global_step=18647040
SPS: 1594
Epoch: 1216, global_step=18662400
SPS: 1595
Epoch: 1217, global_step=18677760
SPS: 1595
Epoch: 1218, global_step=18693120
SPS: 1596
Epoch: 1219, global_step=18708480
SPS: 1596
Epoch: 1220, global_step=18723840
SPS: 1597
Epoch: 1221, global_step=18739200
SPS: 1597
Epoch: 1222, global_step=18754560
SPS: 1598
Epoch: 1223, global_step=18769920
SPS: 1598
Epoch: 1224, global_step=18785280
SPS: 1598
Epoch: 1225, global_step=18800640
SPS: 1599
Epoch: 1226, global_step=18816000
Evaluating
Evaluated 17280 steps resulting in 96 episodes
[32mEvaluation Metric: success_once[0m | [36mMean: 0.0000[0m
[32mEvaluation Metric: return[0m | [36mMean: 7.8263[0m
[32mEvaluation Metric: episode_len[0m | [36mMean: 180.0000[0m
[32mEvaluation Metric: reward[0m | [36mMean: 0.0435[0m
[32mEvaluation Metric: success_at_end[0m | [36mMean: 0.0000[0m
model saved to checkpoints/ppo_memtasks/rgb_joints/normalized_dense/TakeItBack-v0/ppo-nonbelief-42__42__rgb_joints__20260119_090830/20260119_090830/ckpt_49_1226.pt
SPS: 1588
Epoch: 1227, global_step=18831360
SPS: 1588
Epoch: 1228, global_step=18846720
SPS: 1589
Epoch: 1229, global_step=18862080
SPS: 1589
Epoch: 1230, global_step=18877440
SPS: 1590
Epoch: 1231, global_step=18892800
SPS: 1590
Epoch: 1232, global_step=18908160
SPS: 1590
Epoch: 1233, global_step=18923520
SPS: 1591
Epoch: 1234, global_step=18938880
SPS: 1591
Epoch: 1235, global_step=18954240
SPS: 1592
Epoch: 1236, global_step=18969600
SPS: 1592
Epoch: 1237, global_step=18984960
SPS: 1593
Epoch: 1238, global_step=19000320
SPS: 1593
Epoch: 1239, global_step=19015680
SPS: 1594
Epoch: 1240, global_step=19031040
SPS: 1594
Epoch: 1241, global_step=19046400
SPS: 1595
Epoch: 1242, global_step=19061760
SPS: 1595
Epoch: 1243, global_step=19077120
SPS: 1595
Epoch: 1244, global_step=19092480
SPS: 1596
Epoch: 1245, global_step=19107840
SPS: 1596
Epoch: 1246, global_step=19123200
SPS: 1597
Epoch: 1247, global_step=19138560
SPS: 1597
Epoch: 1248, global_step=19153920
SPS: 1598
Epoch: 1249, global_step=19169280
SPS: 1598
Epoch: 1250, global_step=19184640
SPS: 1599
Epoch: 1251, global_step=19200000
Evaluating
Evaluated 17280 steps resulting in 96 episodes
[32mEvaluation Metric: success_once[0m | [36mMean: 0.0000[0m
[32mEvaluation Metric: return[0m | [36mMean: 7.3276[0m
[32mEvaluation Metric: episode_len[0m | [36mMean: 180.0000[0m
[32mEvaluation Metric: reward[0m | [36mMean: 0.0407[0m
[32mEvaluation Metric: success_at_end[0m | [36mMean: 0.0000[0m
model saved to checkpoints/ppo_memtasks/rgb_joints/normalized_dense/TakeItBack-v0/ppo-nonbelief-42__42__rgb_joints__20260119_090830/20260119_090830/ckpt_50_1251.pt
SPS: 1587
Epoch: 1252, global_step=19215360
SPS: 1588
Epoch: 1253, global_step=19230720
SPS: 1588
Epoch: 1254, global_step=19246080
SPS: 1589
Epoch: 1255, global_step=19261440
SPS: 1589
Epoch: 1256, global_step=19276800
SPS: 1590
Epoch: 1257, global_step=19292160
SPS: 1590
Epoch: 1258, global_step=19307520
SPS: 1591
Epoch: 1259, global_step=19322880
SPS: 1591
Epoch: 1260, global_step=19338240
SPS: 1591
Epoch: 1261, global_step=19353600
SPS: 1592
Epoch: 1262, global_step=19368960
SPS: 1592
Epoch: 1263, global_step=19384320
SPS: 1593
Epoch: 1264, global_step=19399680
SPS: 1593
Epoch: 1265, global_step=19415040
SPS: 1594
Epoch: 1266, global_step=19430400
SPS: 1594
Epoch: 1267, global_step=19445760
SPS: 1594
Epoch: 1268, global_step=19461120
SPS: 1595
Epoch: 1269, global_step=19476480
SPS: 1595
Epoch: 1270, global_step=19491840
SPS: 1596
Epoch: 1271, global_step=19507200
SPS: 1596
Epoch: 1272, global_step=19522560
SPS: 1597
Epoch: 1273, global_step=19537920
SPS: 1597
Epoch: 1274, global_step=19553280
SPS: 1597
Epoch: 1275, global_step=19568640
SPS: 1598
Epoch: 1276, global_step=19584000
Evaluating
Evaluated 17280 steps resulting in 96 episodes
[32mEvaluation Metric: success_once[0m | [36mMean: 0.0000[0m
[32mEvaluation Metric: return[0m | [36mMean: 7.1660[0m
[32mEvaluation Metric: episode_len[0m | [36mMean: 180.0000[0m
[32mEvaluation Metric: reward[0m | [36mMean: 0.0398[0m
[32mEvaluation Metric: success_at_end[0m | [36mMean: 0.0000[0m
model saved to checkpoints/ppo_memtasks/rgb_joints/normalized_dense/TakeItBack-v0/ppo-nonbelief-42__42__rgb_joints__20260119_090830/20260119_090830/ckpt_51_1276.pt
SPS: 1587
Epoch: 1277, global_step=19599360
SPS: 1588
Epoch: 1278, global_step=19614720
SPS: 1588
Epoch: 1279, global_step=19630080
SPS: 1589
Epoch: 1280, global_step=19645440
SPS: 1589
Epoch: 1281, global_step=19660800
SPS: 1590
Epoch: 1282, global_step=19676160
SPS: 1590
Epoch: 1283, global_step=19691520
SPS: 1590
Epoch: 1284, global_step=19706880
SPS: 1591
Epoch: 1285, global_step=19722240
SPS: 1591
Epoch: 1286, global_step=19737600
SPS: 1592
Epoch: 1287, global_step=19752960
SPS: 1592
Epoch: 1288, global_step=19768320
SPS: 1593
Epoch: 1289, global_step=19783680
SPS: 1593
Epoch: 1290, global_step=19799040
SPS: 1593
Epoch: 1291, global_step=19814400
SPS: 1594
Epoch: 1292, global_step=19829760
SPS: 1594
Epoch: 1293, global_step=19845120
SPS: 1595
Epoch: 1294, global_step=19860480
SPS: 1595
Epoch: 1295, global_step=19875840
SPS: 1596
Epoch: 1296, global_step=19891200
SPS: 1596
Epoch: 1297, global_step=19906560
SPS: 1596
Epoch: 1298, global_step=19921920
SPS: 1597
Epoch: 1299, global_step=19937280
SPS: 1597
Epoch: 1300, global_step=19952640
SPS: 1598
Epoch: 1301, global_step=19968000
Evaluating
Evaluated 17280 steps resulting in 96 episodes
[32mEvaluation Metric: success_once[0m | [36mMean: 0.0000[0m
[32mEvaluation Metric: return[0m | [36mMean: 7.2657[0m
[32mEvaluation Metric: episode_len[0m | [36mMean: 180.0000[0m
[32mEvaluation Metric: reward[0m | [36mMean: 0.0404[0m
[32mEvaluation Metric: success_at_end[0m | [36mMean: 0.0000[0m
model saved to checkpoints/ppo_memtasks/rgb_joints/normalized_dense/TakeItBack-v0/ppo-nonbelief-42__42__rgb_joints__20260119_090830/20260119_090830/ckpt_52_1301.pt
SPS: 1587
Epoch: 1302, global_step=19983360
SPS: 1587
model saved to checkpoints/ppo_memtasks/rgb_joints/normalized_dense/TakeItBack-v0/ppo-nonbelief-42__42__rgb_joints__20260119_090830/20260119_090830/final_ckpt.pt
Running InterceptGrab-Slow, seed 99

===========================================================================
║                        Environment Configuration                        ║
===========================================================================
║ Environment ID: TakeItBack-v0                                           ║
║ Oracle Info:    None                                                    ║
║ Wrappers:                                                               ║
║    ├─ InitialZeroActionWrapper                                         ║
║    │  └─ {'n_initial_steps': 0}                                           ║
║    ├─ RenderStepInfoWrapper                                            ║
║    ├─ RenderRewardInfoWrapper                                          ║
║    ├─ DebugRewardWrapper                                               ║
║-------------------------------------------------------------------------║
║ include_state:       False │ state will not be used                ║
║ include_rgb:         True  │ rgb images will be used               ║
║ include_oracle:      False │ oracle info will not be used          ║
║ include_joints:      True  │ joints will be used                   ║
===========================================================================

MODE='rgb_joints'
prompt_info=None
Saving eval videos to checkpoints/ppo_memtasks/rgb_joints/normalized_dense/TakeItBack-v0/ppo-nonbelief-99__99__rgb_joints__20260119_124050/20260119_124050/videos
======================================================================
Max Episode Steps: 180
======================================================================

Running training

####
args.num_iterations=1302 args.num_envs=256 args.num_eval_envs=16
args.minibatch_size=1920 args.batch_size=15360 args.update_epochs=4
####

sample_obs.keys()=dict_keys(['joints', 'rgb'])
joints: torch.Size([256, 25])
rgb: torch.Size([256, 128, 128, 3])


Epoch: 1, global_step=0
Evaluating
Evaluated 17280 steps resulting in 96 episodes
[32mEvaluation Metric: success_once[0m | [36mMean: 0.0000[0m
[32mEvaluation Metric: return[0m | [36mMean: 0.9314[0m
[32mEvaluation Metric: episode_len[0m | [36mMean: 180.0000[0m
[32mEvaluation Metric: reward[0m | [36mMean: 0.0052[0m
[32mEvaluation Metric: success_at_end[0m | [36mMean: 0.0000[0m
model saved to checkpoints/ppo_memtasks/rgb_joints/normalized_dense/TakeItBack-v0/ppo-nonbelief-99__99__rgb_joints__20260119_124050/20260119_124050/ckpt_0_1.pt
SPS: 142
Epoch: 2, global_step=15360
SPS: 270
Epoch: 3, global_step=30720
SPS: 384
Epoch: 4, global_step=46080
SPS: 489
Epoch: 5, global_step=61440
SPS: 582
Epoch: 6, global_step=76800
SPS: 664
Epoch: 7, global_step=92160
SPS: 744
Epoch: 8, global_step=107520
SPS: 814
Epoch: 9, global_step=122880
SPS: 877
Epoch: 10, global_step=138240
SPS: 940
Epoch: 11, global_step=153600
SPS: 994
Epoch: 12, global_step=168960
SPS: 1044
Epoch: 13, global_step=184320
SPS: 1095
Epoch: 14, global_step=199680
SPS: 1138
Epoch: 15, global_step=215040
SPS: 1179
Epoch: 16, global_step=230400
SPS: 1220
Epoch: 17, global_step=245760
SPS: 1256
Epoch: 18, global_step=261120
SPS: 1290
Epoch: 19, global_step=276480
SPS: 1326
Epoch: 20, global_step=291840
SPS: 1356
Epoch: 21, global_step=307200
SPS: 1385
Epoch: 22, global_step=322560
SPS: 1415
Epoch: 23, global_step=337920
SPS: 1441
Epoch: 24, global_step=353280
SPS: 1466
Epoch: 25, global_step=368640
SPS: 1492
Epoch: 26, global_step=384000
Evaluating
Evaluated 17280 steps resulting in 96 episodes
[32mEvaluation Metric: success_once[0m | [36mMean: 0.0000[0m
[32mEvaluation Metric: return[0m | [36mMean: 7.0998[0m
[32mEvaluation Metric: episode_len[0m | [36mMean: 180.0000[0m
[32mEvaluation Metric: reward[0m | [36mMean: 0.0394[0m
[32mEvaluation Metric: success_at_end[0m | [36mMean: 0.0000[0m
model saved to checkpoints/ppo_memtasks/rgb_joints/normalized_dense/TakeItBack-v0/ppo-nonbelief-99__99__rgb_joints__20260119_124050/20260119_124050/ckpt_1_26.pt
SPS: 1149
Epoch: 27, global_step=399360
SPS: 1171
Epoch: 28, global_step=414720
SPS: 1194
Epoch: 29, global_step=430080
SPS: 1215
Epoch: 30, global_step=445440
SPS: 1235
Epoch: 31, global_step=460800
SPS: 1255
Epoch: 32, global_step=476160
SPS: 1274
Epoch: 33, global_step=491520
SPS: 1291
Epoch: 34, global_step=506880
SPS: 1311
Epoch: 35, global_step=522240
SPS: 1327
Epoch: 36, global_step=537600
SPS: 1343
Epoch: 37, global_step=552960
SPS: 1360
Epoch: 38, global_step=568320
SPS: 1375
Epoch: 39, global_step=583680
SPS: 1389
Epoch: 40, global_step=599040
SPS: 1405
Epoch: 41, global_step=614400
SPS: 1418
Epoch: 42, global_step=629760
SPS: 1431
Epoch: 43, global_step=645120
SPS: 1445
Epoch: 44, global_step=660480
SPS: 1457
Epoch: 45, global_step=675840
SPS: 1469
Epoch: 46, global_step=691200
SPS: 1482
Epoch: 47, global_step=706560
SPS: 1494
Epoch: 48, global_step=721920
SPS: 1505
Epoch: 49, global_step=737280
SPS: 1517
Epoch: 50, global_step=752640
SPS: 1527
Epoch: 51, global_step=768000
Evaluating
Evaluated 17280 steps resulting in 96 episodes
[32mEvaluation Metric: success_once[0m | [36mMean: 0.0000[0m
[32mEvaluation Metric: return[0m | [36mMean: 9.1030[0m
[32mEvaluation Metric: episode_len[0m | [36mMean: 180.0000[0m
[32mEvaluation Metric: reward[0m | [36mMean: 0.0506[0m
[32mEvaluation Metric: success_at_end[0m | [36mMean: 0.0000[0m
model saved to checkpoints/ppo_memtasks/rgb_joints/normalized_dense/TakeItBack-v0/ppo-nonbelief-99__99__rgb_joints__20260119_124050/20260119_124050/ckpt_2_51.pt
SPS: 1315
Epoch: 52, global_step=783360
SPS: 1327
Epoch: 53, global_step=798720
SPS: 1338
Epoch: 54, global_step=814080
SPS: 1348
Epoch: 55, global_step=829440
SPS: 1359
Epoch: 56, global_step=844800
SPS: 1370
Epoch: 57, global_step=860160
SPS: 1379
Epoch: 58, global_step=875520
SPS: 1390
Epoch: 59, global_step=890880
SPS: 1399
Epoch: 60, global_step=906240
SPS: 1409
Epoch: 61, global_step=921600
SPS: 1419
Epoch: 62, global_step=936960
SPS: 1428
Epoch: 63, global_step=952320
SPS: 1436
Epoch: 64, global_step=967680
SPS: 1446
Epoch: 65, global_step=983040
SPS: 1454
Epoch: 66, global_step=998400
SPS: 1462
Epoch: 67, global_step=1013760
SPS: 1471
Epoch: 68, global_step=1029120
SPS: 1479
Epoch: 69, global_step=1044480
SPS: 1486
Epoch: 70, global_step=1059840
SPS: 1495
Epoch: 71, global_step=1075200
SPS: 1502
Epoch: 72, global_step=1090560
SPS: 1510
Epoch: 73, global_step=1105920
SPS: 1517
Epoch: 74, global_step=1121280
SPS: 1525
Epoch: 75, global_step=1136640
SPS: 1531
Epoch: 76, global_step=1152000
Evaluating
Evaluated 17280 steps resulting in 96 episodes
[32mEvaluation Metric: success_once[0m | [36mMean: 0.0000[0m
[32mEvaluation Metric: return[0m | [36mMean: 9.6458[0m
[32mEvaluation Metric: episode_len[0m | [36mMean: 180.0000[0m
[32mEvaluation Metric: reward[0m | [36mMean: 0.0536[0m
[32mEvaluation Metric: success_at_end[0m | [36mMean: 0.0000[0m
model saved to checkpoints/ppo_memtasks/rgb_joints/normalized_dense/TakeItBack-v0/ppo-nonbelief-99__99__rgb_joints__20260119_124050/20260119_124050/ckpt_3_76.pt
SPS: 1378
Epoch: 77, global_step=1167360
SPS: 1385
Epoch: 78, global_step=1182720
SPS: 1392
Epoch: 79, global_step=1198080
SPS: 1399
Epoch: 80, global_step=1213440
SPS: 1406
Epoch: 81, global_step=1228800
SPS: 1413
Epoch: 82, global_step=1244160
SPS: 1420
Epoch: 83, global_step=1259520
SPS: 1426
Epoch: 84, global_step=1274880
SPS: 1432
Epoch: 85, global_step=1290240
SPS: 1439
Epoch: 86, global_step=1305600
SPS: 1446
Epoch: 87, global_step=1320960
SPS: 1452
Epoch: 88, global_step=1336320
SPS: 1459
Epoch: 89, global_step=1351680
SPS: 1465
Epoch: 90, global_step=1367040
SPS: 1470
Epoch: 91, global_step=1382400
SPS: 1477
Epoch: 92, global_step=1397760
SPS: 1483
Epoch: 93, global_step=1413120
SPS: 1488
Epoch: 94, global_step=1428480
SPS: 1494
Epoch: 95, global_step=1443840
SPS: 1500
Epoch: 96, global_step=1459200
SPS: 1505
Epoch: 97, global_step=1474560
SPS: 1512
Epoch: 98, global_step=1489920
SPS: 1517
Epoch: 99, global_step=1505280
SPS: 1522
Epoch: 100, global_step=1520640
SPS: 1528
Epoch: 101, global_step=1536000
Evaluating
Evaluated 17280 steps resulting in 96 episodes
[32mEvaluation Metric: success_once[0m | [36mMean: 0.0000[0m
[32mEvaluation Metric: return[0m | [36mMean: 8.9300[0m
[32mEvaluation Metric: episode_len[0m | [36mMean: 180.0000[0m
[32mEvaluation Metric: reward[0m | [36mMean: 0.0496[0m
[32mEvaluation Metric: success_at_end[0m | [36mMean: 0.0000[0m
model saved to checkpoints/ppo_memtasks/rgb_joints/normalized_dense/TakeItBack-v0/ppo-nonbelief-99__99__rgb_joints__20260119_124050/20260119_124050/ckpt_4_101.pt
SPS: 1413
Epoch: 102, global_step=1551360
SPS: 1418
Epoch: 103, global_step=1566720
SPS: 1424
Epoch: 104, global_step=1582080
SPS: 1430
Epoch: 105, global_step=1597440
SPS: 1435
Epoch: 106, global_step=1612800
SPS: 1441
Epoch: 107, global_step=1628160
SPS: 1446
Epoch: 108, global_step=1643520
SPS: 1451
Epoch: 109, global_step=1658880
SPS: 1456
Epoch: 110, global_step=1674240
SPS: 1461
Epoch: 111, global_step=1689600
SPS: 1466
Epoch: 112, global_step=1704960
SPS: 1472
Epoch: 113, global_step=1720320
SPS: 1476
Epoch: 114, global_step=1735680
SPS: 1481
Epoch: 115, global_step=1751040
SPS: 1486
Epoch: 116, global_step=1766400
SPS: 1491
Epoch: 117, global_step=1781760
SPS: 1495
Epoch: 118, global_step=1797120
SPS: 1500
Epoch: 119, global_step=1812480
SPS: 1504
Epoch: 120, global_step=1827840
SPS: 1509
Epoch: 121, global_step=1843200
SPS: 1513
Epoch: 122, global_step=1858560
SPS: 1518
Epoch: 123, global_step=1873920
SPS: 1522
Epoch: 124, global_step=1889280
SPS: 1527
Epoch: 125, global_step=1904640
SPS: 1531
Epoch: 126, global_step=1920000
Evaluating
Evaluated 17280 steps resulting in 96 episodes
[32mEvaluation Metric: success_once[0m | [36mMean: 0.0000[0m
[32mEvaluation Metric: return[0m | [36mMean: 10.0373[0m
[32mEvaluation Metric: episode_len[0m | [36mMean: 180.0000[0m
[32mEvaluation Metric: reward[0m | [36mMean: 0.0558[0m
[32mEvaluation Metric: success_at_end[0m | [36mMean: 0.0000[0m
model saved to checkpoints/ppo_memtasks/rgb_joints/normalized_dense/TakeItBack-v0/ppo-nonbelief-99__99__rgb_joints__20260119_124050/20260119_124050/ckpt_5_126.pt
SPS: 1434
Epoch: 127, global_step=1935360
SPS: 1439
Epoch: 128, global_step=1950720
SPS: 1444
Epoch: 129, global_step=1966080
SPS: 1448
Epoch: 130, global_step=1981440
SPS: 1452
Epoch: 131, global_step=1996800
SPS: 1457
Epoch: 132, global_step=2012160
SPS: 1461
Epoch: 133, global_step=2027520
SPS: 1465
Epoch: 134, global_step=2042880
SPS: 1469
Epoch: 135, global_step=2058240
SPS: 1473
Epoch: 136, global_step=2073600
SPS: 1478
Epoch: 137, global_step=2088960
SPS: 1482
Epoch: 138, global_step=2104320
SPS: 1485
Epoch: 139, global_step=2119680
SPS: 1490
Epoch: 140, global_step=2135040
SPS: 1493
Epoch: 141, global_step=2150400
SPS: 1497
Epoch: 142, global_step=2165760
SPS: 1501
Epoch: 143, global_step=2181120
SPS: 1505
Epoch: 144, global_step=2196480
SPS: 1509
Epoch: 145, global_step=2211840
SPS: 1513
Epoch: 146, global_step=2227200
SPS: 1516
Epoch: 147, global_step=2242560
SPS: 1520
Epoch: 148, global_step=2257920
SPS: 1524
Epoch: 149, global_step=2273280
SPS: 1528
Epoch: 150, global_step=2288640
SPS: 1531
Epoch: 151, global_step=2304000
Evaluating
Evaluated 17280 steps resulting in 96 episodes
[32mEvaluation Metric: success_once[0m | [36mMean: 0.0000[0m
[32mEvaluation Metric: return[0m | [36mMean: 14.8168[0m
[32mEvaluation Metric: episode_len[0m | [36mMean: 180.0000[0m
[32mEvaluation Metric: reward[0m | [36mMean: 0.0823[0m
[32mEvaluation Metric: success_at_end[0m | [36mMean: 0.0000[0m
model saved to checkpoints/ppo_memtasks/rgb_joints/normalized_dense/TakeItBack-v0/ppo-nonbelief-99__99__rgb_joints__20260119_124050/20260119_124050/ckpt_6_151.pt
SPS: 1449
Epoch: 152, global_step=2319360
SPS: 1453
Epoch: 153, global_step=2334720
SPS: 1456
Epoch: 154, global_step=2350080
SPS: 1460
Epoch: 155, global_step=2365440
SPS: 1463
Epoch: 156, global_step=2380800
SPS: 1467
Epoch: 157, global_step=2396160
SPS: 1470
Epoch: 158, global_step=2411520
SPS: 1474
Epoch: 159, global_step=2426880
SPS: 1477
Epoch: 160, global_step=2442240
SPS: 1481
Epoch: 161, global_step=2457600
SPS: 1484
Epoch: 162, global_step=2472960
SPS: 1487
Epoch: 163, global_step=2488320
SPS: 1490
Epoch: 164, global_step=2503680
SPS: 1494
Epoch: 165, global_step=2519040
SPS: 1497
Epoch: 166, global_step=2534400
SPS: 1501
Epoch: 167, global_step=2549760
SPS: 1504
Epoch: 168, global_step=2565120
SPS: 1507
Epoch: 169, global_step=2580480
SPS: 1510
Epoch: 170, global_step=2595840
SPS: 1514
Epoch: 171, global_step=2611200
SPS: 1517
Epoch: 172, global_step=2626560
SPS: 1520
Epoch: 173, global_step=2641920
SPS: 1523
Epoch: 174, global_step=2657280
SPS: 1526
Epoch: 175, global_step=2672640
SPS: 1530
Epoch: 176, global_step=2688000
Evaluating
Evaluated 17280 steps resulting in 96 episodes
[32mEvaluation Metric: success_once[0m | [36mMean: 0.0000[0m
[32mEvaluation Metric: return[0m | [36mMean: 19.6382[0m
[32mEvaluation Metric: episode_len[0m | [36mMean: 180.0000[0m
[32mEvaluation Metric: reward[0m | [36mMean: 0.1091[0m
[32mEvaluation Metric: success_at_end[0m | [36mMean: 0.0000[0m
model saved to checkpoints/ppo_memtasks/rgb_joints/normalized_dense/TakeItBack-v0/ppo-nonbelief-99__99__rgb_joints__20260119_124050/20260119_124050/ckpt_7_176.pt
SPS: 1460
Epoch: 177, global_step=2703360
SPS: 1463
Epoch: 178, global_step=2718720
SPS: 1466
Epoch: 179, global_step=2734080
SPS: 1469
Epoch: 180, global_step=2749440
SPS: 1472
Epoch: 181, global_step=2764800
SPS: 1475
Epoch: 182, global_step=2780160
SPS: 1478
Epoch: 183, global_step=2795520
SPS: 1481
Epoch: 184, global_step=2810880
SPS: 1484
Epoch: 185, global_step=2826240
SPS: 1487
Epoch: 186, global_step=2841600
SPS: 1490
Epoch: 187, global_step=2856960
SPS: 1493
Epoch: 188, global_step=2872320
SPS: 1496
Epoch: 189, global_step=2887680
SPS: 1498
Epoch: 190, global_step=2903040
SPS: 1501
Epoch: 191, global_step=2918400
SPS: 1504
Epoch: 192, global_step=2933760
SPS: 1507
Epoch: 193, global_step=2949120
SPS: 1510
Epoch: 194, global_step=2964480
SPS: 1513
Epoch: 195, global_step=2979840
SPS: 1515
Epoch: 196, global_step=2995200
SPS: 1518
Epoch: 197, global_step=3010560
SPS: 1521
Epoch: 198, global_step=3025920
SPS: 1523
Epoch: 199, global_step=3041280
SPS: 1526
Epoch: 200, global_step=3056640
SPS: 1529
Epoch: 201, global_step=3072000
Evaluating
Evaluated 17280 steps resulting in 96 episodes
[32mEvaluation Metric: success_once[0m | [36mMean: 0.0000[0m
[32mEvaluation Metric: return[0m | [36mMean: 19.0809[0m
[32mEvaluation Metric: episode_len[0m | [36mMean: 180.0000[0m
[32mEvaluation Metric: reward[0m | [36mMean: 0.1060[0m
[32mEvaluation Metric: success_at_end[0m | [36mMean: 0.0000[0m
model saved to checkpoints/ppo_memtasks/rgb_joints/normalized_dense/TakeItBack-v0/ppo-nonbelief-99__99__rgb_joints__20260119_124050/20260119_124050/ckpt_8_201.pt
SPS: 1468
Epoch: 202, global_step=3087360
SPS: 1471
Epoch: 203, global_step=3102720
SPS: 1473
Epoch: 204, global_step=3118080
SPS: 1476
Epoch: 205, global_step=3133440
SPS: 1479
Epoch: 206, global_step=3148800
SPS: 1482
Epoch: 207, global_step=3164160
SPS: 1484
Epoch: 208, global_step=3179520
SPS: 1487
Epoch: 209, global_step=3194880
SPS: 1490
Epoch: 210, global_step=3210240
SPS: 1492
Epoch: 211, global_step=3225600
SPS: 1495
Epoch: 212, global_step=3240960
SPS: 1497
Epoch: 213, global_step=3256320
SPS: 1500
Epoch: 214, global_step=3271680
SPS: 1503
Epoch: 215, global_step=3287040
SPS: 1505
Epoch: 216, global_step=3302400
SPS: 1508
Epoch: 217, global_step=3317760
SPS: 1510
Epoch: 218, global_step=3333120
SPS: 1513
Epoch: 219, global_step=3348480
SPS: 1515
Epoch: 220, global_step=3363840
SPS: 1518
Epoch: 221, global_step=3379200
SPS: 1520
Epoch: 222, global_step=3394560
SPS: 1523
Epoch: 223, global_step=3409920
SPS: 1525
Epoch: 224, global_step=3425280
SPS: 1527
Epoch: 225, global_step=3440640
SPS: 1530
Epoch: 226, global_step=3456000
Evaluating
Evaluated 17280 steps resulting in 96 episodes
[32mEvaluation Metric: success_once[0m | [36mMean: 0.0000[0m
[32mEvaluation Metric: return[0m | [36mMean: 24.3167[0m
[32mEvaluation Metric: episode_len[0m | [36mMean: 180.0000[0m
[32mEvaluation Metric: reward[0m | [36mMean: 0.1351[0m
[32mEvaluation Metric: success_at_end[0m | [36mMean: 0.0000[0m
model saved to checkpoints/ppo_memtasks/rgb_joints/normalized_dense/TakeItBack-v0/ppo-nonbelief-99__99__rgb_joints__20260119_124050/20260119_124050/ckpt_9_226.pt
SPS: 1476
Epoch: 227, global_step=3471360
SPS: 1479
Epoch: 228, global_step=3486720
SPS: 1481
Epoch: 229, global_step=3502080
SPS: 1484
Epoch: 230, global_step=3517440
SPS: 1486
Epoch: 231, global_step=3532800
SPS: 1488
Epoch: 232, global_step=3548160
SPS: 1491
Epoch: 233, global_step=3563520
SPS: 1493
Epoch: 234, global_step=3578880
SPS: 1495
Epoch: 235, global_step=3594240
SPS: 1498
Epoch: 236, global_step=3609600
SPS: 1500
Epoch: 237, global_step=3624960
SPS: 1502
Epoch: 238, global_step=3640320
SPS: 1505
Epoch: 239, global_step=3655680
SPS: 1507
Epoch: 240, global_step=3671040
SPS: 1509
Epoch: 241, global_step=3686400
SPS: 1511
Epoch: 242, global_step=3701760
SPS: 1514
Epoch: 243, global_step=3717120
SPS: 1516
Epoch: 244, global_step=3732480
SPS: 1518
Epoch: 245, global_step=3747840
SPS: 1520
Epoch: 246, global_step=3763200
SPS: 1523
Epoch: 247, global_step=3778560
SPS: 1525
Epoch: 248, global_step=3793920
SPS: 1527
Epoch: 249, global_step=3809280
SPS: 1529
Epoch: 250, global_step=3824640
SPS: 1531
Epoch: 251, global_step=3840000
Evaluating
Evaluated 17280 steps resulting in 96 episodes
[32mEvaluation Metric: success_once[0m | [36mMean: 0.0000[0m
[32mEvaluation Metric: return[0m | [36mMean: 28.9323[0m
[32mEvaluation Metric: episode_len[0m | [36mMean: 180.0000[0m
[32mEvaluation Metric: reward[0m | [36mMean: 0.1607[0m
[32mEvaluation Metric: success_at_end[0m | [36mMean: 0.0000[0m
model saved to checkpoints/ppo_memtasks/rgb_joints/normalized_dense/TakeItBack-v0/ppo-nonbelief-99__99__rgb_joints__20260119_124050/20260119_124050/ckpt_10_251.pt
SPS: 1483
Epoch: 252, global_step=3855360
SPS: 1485
Epoch: 253, global_step=3870720
SPS: 1487
Epoch: 254, global_step=3886080
SPS: 1489
Epoch: 255, global_step=3901440
SPS: 1491
Epoch: 256, global_step=3916800
SPS: 1494
Epoch: 257, global_step=3932160
SPS: 1496
Epoch: 258, global_step=3947520
SPS: 1498
Epoch: 259, global_step=3962880
SPS: 1500
Epoch: 260, global_step=3978240
SPS: 1502
Epoch: 261, global_step=3993600
SPS: 1504
Epoch: 262, global_step=4008960
SPS: 1506
Epoch: 263, global_step=4024320
SPS: 1508
Epoch: 264, global_step=4039680
SPS: 1510
Epoch: 265, global_step=4055040
SPS: 1512
Epoch: 266, global_step=4070400
SPS: 1514
Epoch: 267, global_step=4085760
SPS: 1516
Epoch: 268, global_step=4101120
SPS: 1519
Epoch: 269, global_step=4116480
SPS: 1521
Epoch: 270, global_step=4131840
SPS: 1522
Epoch: 271, global_step=4147200
SPS: 1525
Epoch: 272, global_step=4162560
SPS: 1526
Epoch: 273, global_step=4177920
SPS: 1528
Epoch: 274, global_step=4193280
SPS: 1530
Epoch: 275, global_step=4208640
SPS: 1532
Epoch: 276, global_step=4224000
Evaluating
Evaluated 17280 steps resulting in 96 episodes
[32mEvaluation Metric: success_once[0m | [36mMean: 0.0000[0m
[32mEvaluation Metric: return[0m | [36mMean: 26.8546[0m
[32mEvaluation Metric: episode_len[0m | [36mMean: 180.0000[0m
[32mEvaluation Metric: reward[0m | [36mMean: 0.1492[0m
[32mEvaluation Metric: success_at_end[0m | [36mMean: 0.0000[0m
model saved to checkpoints/ppo_memtasks/rgb_joints/normalized_dense/TakeItBack-v0/ppo-nonbelief-99__99__rgb_joints__20260119_124050/20260119_124050/ckpt_11_276.pt
SPS: 1487
Epoch: 277, global_step=4239360
SPS: 1489
Epoch: 278, global_step=4254720
SPS: 1491
Epoch: 279, global_step=4270080
SPS: 1493
Epoch: 280, global_step=4285440
SPS: 1495
Epoch: 281, global_step=4300800
SPS: 1497
Epoch: 282, global_step=4316160
SPS: 1499
Epoch: 283, global_step=4331520
SPS: 1501
Epoch: 284, global_step=4346880
SPS: 1503
Epoch: 285, global_step=4362240
SPS: 1504
Epoch: 286, global_step=4377600
SPS: 1506
Epoch: 287, global_step=4392960
SPS: 1508
Epoch: 288, global_step=4408320
SPS: 1510
Epoch: 289, global_step=4423680
SPS: 1512
Epoch: 290, global_step=4439040
SPS: 1514
Epoch: 291, global_step=4454400
SPS: 1516
Epoch: 292, global_step=4469760
SPS: 1518
Epoch: 293, global_step=4485120
SPS: 1519
Epoch: 294, global_step=4500480
SPS: 1521
Epoch: 295, global_step=4515840
SPS: 1523
Epoch: 296, global_step=4531200
SPS: 1525
Epoch: 297, global_step=4546560
SPS: 1527
Epoch: 298, global_step=4561920
SPS: 1529
Epoch: 299, global_step=4577280
SPS: 1530
Epoch: 300, global_step=4592640
SPS: 1532
Epoch: 301, global_step=4608000
Evaluating
Evaluated 17280 steps resulting in 96 episodes
[32mEvaluation Metric: success_once[0m | [36mMean: 0.0000[0m
[32mEvaluation Metric: return[0m | [36mMean: 29.7788[0m
[32mEvaluation Metric: episode_len[0m | [36mMean: 180.0000[0m
[32mEvaluation Metric: reward[0m | [36mMean: 0.1654[0m
[32mEvaluation Metric: success_at_end[0m | [36mMean: 0.0000[0m
model saved to checkpoints/ppo_memtasks/rgb_joints/normalized_dense/TakeItBack-v0/ppo-nonbelief-99__99__rgb_joints__20260119_124050/20260119_124050/ckpt_12_301.pt
SPS: 1492
Epoch: 302, global_step=4623360
SPS: 1493
Epoch: 303, global_step=4638720
SPS: 1495
Epoch: 304, global_step=4654080
SPS: 1497
Epoch: 305, global_step=4669440
SPS: 1499
Epoch: 306, global_step=4684800
SPS: 1500
Epoch: 307, global_step=4700160
SPS: 1502
Epoch: 308, global_step=4715520
SPS: 1504
Epoch: 309, global_step=4730880
SPS: 1506
Epoch: 310, global_step=4746240
SPS: 1507
Epoch: 311, global_step=4761600
SPS: 1509
Epoch: 312, global_step=4776960
SPS: 1511
Epoch: 313, global_step=4792320
SPS: 1513
Epoch: 314, global_step=4807680
SPS: 1514
Epoch: 315, global_step=4823040
SPS: 1516
Epoch: 316, global_step=4838400
SPS: 1518
Epoch: 317, global_step=4853760
SPS: 1519
Epoch: 318, global_step=4869120
SPS: 1521
Epoch: 319, global_step=4884480
SPS: 1523
Epoch: 320, global_step=4899840
SPS: 1524
Epoch: 321, global_step=4915200
SPS: 1526
Epoch: 322, global_step=4930560
SPS: 1528
Epoch: 323, global_step=4945920
SPS: 1529
Epoch: 324, global_step=4961280
SPS: 1531
Epoch: 325, global_step=4976640
SPS: 1533
Epoch: 326, global_step=4992000
Evaluating
Evaluated 17280 steps resulting in 96 episodes
[32mEvaluation Metric: success_once[0m | [36mMean: 0.0000[0m
[32mEvaluation Metric: return[0m | [36mMean: 25.1961[0m
[32mEvaluation Metric: episode_len[0m | [36mMean: 180.0000[0m
[32mEvaluation Metric: reward[0m | [36mMean: 0.1400[0m
[32mEvaluation Metric: success_at_end[0m | [36mMean: 0.0000[0m
model saved to checkpoints/ppo_memtasks/rgb_joints/normalized_dense/TakeItBack-v0/ppo-nonbelief-99__99__rgb_joints__20260119_124050/20260119_124050/ckpt_13_326.pt
SPS: 1494
Epoch: 327, global_step=5007360
SPS: 1495
Epoch: 328, global_step=5022720
SPS: 1497
Epoch: 329, global_step=5038080
SPS: 1499
Epoch: 330, global_step=5053440
SPS: 1500
Epoch: 331, global_step=5068800
SPS: 1502
Epoch: 332, global_step=5084160
SPS: 1504
Epoch: 333, global_step=5099520
SPS: 1505
Epoch: 334, global_step=5114880
SPS: 1507
Epoch: 335, global_step=5130240
SPS: 1508
Epoch: 336, global_step=5145600
SPS: 1510
Epoch: 337, global_step=5160960
SPS: 1512
Epoch: 338, global_step=5176320
SPS: 1513
Epoch: 339, global_step=5191680
SPS: 1515
Epoch: 340, global_step=5207040
SPS: 1517
Epoch: 341, global_step=5222400
SPS: 1518
Epoch: 342, global_step=5237760
SPS: 1520
Epoch: 343, global_step=5253120
SPS: 1521
Epoch: 344, global_step=5268480
SPS: 1523
Epoch: 345, global_step=5283840
SPS: 1524
Epoch: 346, global_step=5299200
SPS: 1526
Epoch: 347, global_step=5314560
SPS: 1527
Epoch: 348, global_step=5329920
SPS: 1529
Epoch: 349, global_step=5345280
SPS: 1531
Epoch: 350, global_step=5360640
SPS: 1532
Epoch: 351, global_step=5376000
Evaluating
Evaluated 17280 steps resulting in 96 episodes
[32mEvaluation Metric: success_once[0m | [36mMean: 0.0000[0m
[32mEvaluation Metric: return[0m | [36mMean: 29.5652[0m
[32mEvaluation Metric: episode_len[0m | [36mMean: 180.0000[0m
[32mEvaluation Metric: reward[0m | [36mMean: 0.1643[0m
[32mEvaluation Metric: success_at_end[0m | [36mMean: 0.0000[0m
model saved to checkpoints/ppo_memtasks/rgb_joints/normalized_dense/TakeItBack-v0/ppo-nonbelief-99__99__rgb_joints__20260119_124050/20260119_124050/ckpt_14_351.pt
SPS: 1494
Epoch: 352, global_step=5391360
SPS: 1496
Epoch: 353, global_step=5406720
SPS: 1497
Epoch: 354, global_step=5422080
SPS: 1499
Epoch: 355, global_step=5437440
SPS: 1500
Epoch: 356, global_step=5452800
SPS: 1502
Epoch: 357, global_step=5468160
SPS: 1503
Epoch: 358, global_step=5483520
SPS: 1505
Epoch: 359, global_step=5498880
SPS: 1506
Epoch: 360, global_step=5514240
SPS: 1507
Epoch: 361, global_step=5529600
SPS: 1509
Epoch: 362, global_step=5544960
SPS: 1511
Epoch: 363, global_step=5560320
SPS: 1512
Epoch: 364, global_step=5575680
SPS: 1513
Epoch: 365, global_step=5591040
SPS: 1515
Epoch: 366, global_step=5606400
SPS: 1516
Epoch: 367, global_step=5621760
SPS: 1518
Epoch: 368, global_step=5637120
SPS: 1519
Epoch: 369, global_step=5652480
SPS: 1521
Epoch: 370, global_step=5667840
SPS: 1522
Epoch: 371, global_step=5683200
SPS: 1524
Epoch: 372, global_step=5698560
SPS: 1525
Epoch: 373, global_step=5713920
SPS: 1527
Epoch: 374, global_step=5729280
SPS: 1528
Epoch: 375, global_step=5744640
SPS: 1529
Epoch: 376, global_step=5760000
Evaluating
Evaluated 17280 steps resulting in 96 episodes
[32mEvaluation Metric: success_once[0m | [36mMean: 0.0000[0m
[32mEvaluation Metric: return[0m | [36mMean: 30.7484[0m
[32mEvaluation Metric: episode_len[0m | [36mMean: 180.0000[0m
[32mEvaluation Metric: reward[0m | [36mMean: 0.1708[0m
[32mEvaluation Metric: success_at_end[0m | [36mMean: 0.0000[0m
model saved to checkpoints/ppo_memtasks/rgb_joints/normalized_dense/TakeItBack-v0/ppo-nonbelief-99__99__rgb_joints__20260119_124050/20260119_124050/ckpt_15_376.pt
SPS: 1496
Epoch: 377, global_step=5775360
SPS: 1497
Epoch: 378, global_step=5790720
SPS: 1499
Epoch: 379, global_step=5806080
SPS: 1500
Epoch: 380, global_step=5821440
SPS: 1502
Epoch: 381, global_step=5836800
SPS: 1503
Epoch: 382, global_step=5852160
SPS: 1504
Epoch: 383, global_step=5867520
SPS: 1506
Epoch: 384, global_step=5882880
SPS: 1507
Epoch: 385, global_step=5898240
SPS: 1509
Epoch: 386, global_step=5913600
SPS: 1510
Epoch: 387, global_step=5928960
SPS: 1511
Epoch: 388, global_step=5944320
SPS: 1513
Epoch: 389, global_step=5959680
SPS: 1514
Epoch: 390, global_step=5975040
SPS: 1515
Epoch: 391, global_step=5990400
SPS: 1517
Epoch: 392, global_step=6005760
SPS: 1518
Epoch: 393, global_step=6021120
SPS: 1519
Epoch: 394, global_step=6036480
SPS: 1521
Epoch: 395, global_step=6051840
SPS: 1522
Epoch: 396, global_step=6067200
SPS: 1524
Epoch: 397, global_step=6082560
SPS: 1525
Epoch: 398, global_step=6097920
SPS: 1526
Epoch: 399, global_step=6113280
SPS: 1528
Epoch: 400, global_step=6128640
SPS: 1529
Epoch: 401, global_step=6144000
Evaluating
Evaluated 17280 steps resulting in 96 episodes
[32mEvaluation Metric: success_once[0m | [36mMean: 0.0000[0m
[32mEvaluation Metric: return[0m | [36mMean: 29.1432[0m
[32mEvaluation Metric: episode_len[0m | [36mMean: 180.0000[0m
[32mEvaluation Metric: reward[0m | [36mMean: 0.1619[0m
[32mEvaluation Metric: success_at_end[0m | [36mMean: 0.0000[0m
model saved to checkpoints/ppo_memtasks/rgb_joints/normalized_dense/TakeItBack-v0/ppo-nonbelief-99__99__rgb_joints__20260119_124050/20260119_124050/ckpt_16_401.pt
SPS: 1497
Epoch: 402, global_step=6159360
SPS: 1498
Epoch: 403, global_step=6174720
SPS: 1500
Epoch: 404, global_step=6190080
SPS: 1501
Epoch: 405, global_step=6205440
SPS: 1503
Epoch: 406, global_step=6220800
SPS: 1504
Epoch: 407, global_step=6236160
SPS: 1505
Epoch: 408, global_step=6251520
SPS: 1507
Epoch: 409, global_step=6266880
SPS: 1508
Epoch: 410, global_step=6282240
SPS: 1509
Epoch: 411, global_step=6297600
SPS: 1511
Epoch: 412, global_step=6312960
SPS: 1512
Epoch: 413, global_step=6328320
SPS: 1513
Epoch: 414, global_step=6343680
SPS: 1514
Epoch: 415, global_step=6359040
SPS: 1516
Epoch: 416, global_step=6374400
SPS: 1517
Epoch: 417, global_step=6389760
SPS: 1518
Epoch: 418, global_step=6405120
SPS: 1520
Epoch: 419, global_step=6420480
SPS: 1521
Epoch: 420, global_step=6435840
SPS: 1522
Epoch: 421, global_step=6451200
SPS: 1524
Epoch: 422, global_step=6466560
SPS: 1525
Epoch: 423, global_step=6481920
SPS: 1526
Epoch: 424, global_step=6497280
SPS: 1528
Epoch: 425, global_step=6512640
SPS: 1529
Epoch: 426, global_step=6528000
Evaluating
Evaluated 17280 steps resulting in 96 episodes
[32mEvaluation Metric: success_once[0m | [36mMean: 0.0000[0m
[32mEvaluation Metric: return[0m | [36mMean: 32.9248[0m
[32mEvaluation Metric: episode_len[0m | [36mMean: 180.0000[0m
[32mEvaluation Metric: reward[0m | [36mMean: 0.1829[0m
[32mEvaluation Metric: success_at_end[0m | [36mMean: 0.0000[0m
model saved to checkpoints/ppo_memtasks/rgb_joints/normalized_dense/TakeItBack-v0/ppo-nonbelief-99__99__rgb_joints__20260119_124050/20260119_124050/ckpt_17_426.pt
SPS: 1500
Epoch: 427, global_step=6543360
SPS: 1501
Epoch: 428, global_step=6558720
SPS: 1503
Epoch: 429, global_step=6574080
SPS: 1504
Epoch: 430, global_step=6589440
SPS: 1505
Epoch: 431, global_step=6604800
SPS: 1506
Epoch: 432, global_step=6620160
SPS: 1508
Epoch: 433, global_step=6635520
SPS: 1509
Epoch: 434, global_step=6650880
SPS: 1510
Epoch: 435, global_step=6666240
SPS: 1511
Epoch: 436, global_step=6681600
SPS: 1513
Epoch: 437, global_step=6696960
SPS: 1514
Epoch: 438, global_step=6712320
SPS: 1515
Epoch: 439, global_step=6727680
SPS: 1516
Epoch: 440, global_step=6743040
SPS: 1518
Epoch: 441, global_step=6758400
SPS: 1519
Epoch: 442, global_step=6773760
SPS: 1520
Epoch: 443, global_step=6789120
SPS: 1521
Epoch: 444, global_step=6804480
SPS: 1522
Epoch: 445, global_step=6819840
SPS: 1524
Epoch: 446, global_step=6835200
SPS: 1525
Epoch: 447, global_step=6850560
SPS: 1526
Epoch: 448, global_step=6865920
SPS: 1527
Epoch: 449, global_step=6881280
SPS: 1528
Epoch: 450, global_step=6896640
SPS: 1530
Epoch: 451, global_step=6912000
Evaluating
Evaluated 17280 steps resulting in 96 episodes
[32mEvaluation Metric: success_once[0m | [36mMean: 0.0000[0m
[32mEvaluation Metric: return[0m | [36mMean: 29.5689[0m
[32mEvaluation Metric: episode_len[0m | [36mMean: 180.0000[0m
[32mEvaluation Metric: reward[0m | [36mMean: 0.1643[0m
[32mEvaluation Metric: success_at_end[0m | [36mMean: 0.0000[0m
model saved to checkpoints/ppo_memtasks/rgb_joints/normalized_dense/TakeItBack-v0/ppo-nonbelief-99__99__rgb_joints__20260119_124050/20260119_124050/ckpt_18_451.pt
SPS: 1503
Epoch: 452, global_step=6927360
SPS: 1504
Epoch: 453, global_step=6942720
SPS: 1505
Epoch: 454, global_step=6958080
SPS: 1506
Epoch: 455, global_step=6973440
SPS: 1507
Epoch: 456, global_step=6988800
SPS: 1509
Epoch: 457, global_step=7004160
SPS: 1510
Epoch: 458, global_step=7019520
SPS: 1511
Epoch: 459, global_step=7034880
SPS: 1512
Epoch: 460, global_step=7050240
SPS: 1513
Epoch: 461, global_step=7065600
SPS: 1515
Epoch: 462, global_step=7080960
SPS: 1516
Epoch: 463, global_step=7096320
SPS: 1517
Epoch: 464, global_step=7111680
SPS: 1518
Epoch: 465, global_step=7127040
SPS: 1519
Epoch: 466, global_step=7142400
SPS: 1520
Epoch: 467, global_step=7157760
SPS: 1521
Epoch: 468, global_step=7173120
SPS: 1523
Epoch: 469, global_step=7188480
SPS: 1524
Epoch: 470, global_step=7203840
SPS: 1525
Epoch: 471, global_step=7219200
SPS: 1526
Epoch: 472, global_step=7234560
SPS: 1527
Epoch: 473, global_step=7249920
SPS: 1528
Epoch: 474, global_step=7265280
SPS: 1529
Epoch: 475, global_step=7280640
SPS: 1531
Epoch: 476, global_step=7296000
Evaluating
Evaluated 17280 steps resulting in 96 episodes
[32mEvaluation Metric: success_once[0m | [36mMean: 0.0104[0m
[32mEvaluation Metric: return[0m | [36mMean: 32.3245[0m
[32mEvaluation Metric: episode_len[0m | [36mMean: 180.0000[0m
[32mEvaluation Metric: reward[0m | [36mMean: 0.1796[0m
[32mEvaluation Metric: success_at_end[0m | [36mMean: 0.0000[0m
model saved to checkpoints/ppo_memtasks/rgb_joints/normalized_dense/TakeItBack-v0/ppo-nonbelief-99__99__rgb_joints__20260119_124050/20260119_124050/ckpt_19_476.pt
SPS: 1505
Epoch: 477, global_step=7311360
SPS: 1506
Epoch: 478, global_step=7326720
SPS: 1507
Epoch: 479, global_step=7342080
SPS: 1508
Epoch: 480, global_step=7357440
SPS: 1509
Epoch: 481, global_step=7372800
SPS: 1510
Epoch: 482, global_step=7388160
SPS: 1511
Epoch: 483, global_step=7403520
SPS: 1513
Epoch: 484, global_step=7418880
SPS: 1514
Epoch: 485, global_step=7434240
SPS: 1515
Epoch: 486, global_step=7449600
SPS: 1516
Epoch: 487, global_step=7464960
SPS: 1517
Epoch: 488, global_step=7480320
SPS: 1518
Epoch: 489, global_step=7495680
SPS: 1519
Epoch: 490, global_step=7511040
SPS: 1520
Epoch: 491, global_step=7526400
SPS: 1521
Epoch: 492, global_step=7541760
SPS: 1522
Epoch: 493, global_step=7557120
SPS: 1524
Epoch: 494, global_step=7572480
SPS: 1525
Epoch: 495, global_step=7587840
SPS: 1526
Epoch: 496, global_step=7603200
SPS: 1527
Epoch: 497, global_step=7618560
SPS: 1528
Epoch: 498, global_step=7633920
SPS: 1529
Epoch: 499, global_step=7649280
SPS: 1530
Epoch: 500, global_step=7664640
SPS: 1531
Epoch: 501, global_step=7680000
Evaluating
Evaluated 17280 steps resulting in 96 episodes
[32mEvaluation Metric: success_once[0m | [36mMean: 0.0000[0m
[32mEvaluation Metric: return[0m | [36mMean: 32.4463[0m
[32mEvaluation Metric: episode_len[0m | [36mMean: 180.0000[0m
[32mEvaluation Metric: reward[0m | [36mMean: 0.1803[0m
[32mEvaluation Metric: success_at_end[0m | [36mMean: 0.0000[0m
model saved to checkpoints/ppo_memtasks/rgb_joints/normalized_dense/TakeItBack-v0/ppo-nonbelief-99__99__rgb_joints__20260119_124050/20260119_124050/ckpt_20_501.pt
SPS: 1505
Epoch: 502, global_step=7695360
SPS: 1506
Epoch: 503, global_step=7710720
SPS: 1507
Epoch: 504, global_step=7726080
SPS: 1508
Epoch: 505, global_step=7741440
SPS: 1509
Epoch: 506, global_step=7756800
SPS: 1510
Epoch: 507, global_step=7772160
SPS: 1511
Epoch: 508, global_step=7787520
SPS: 1513
Epoch: 509, global_step=7802880
SPS: 1514
Epoch: 510, global_step=7818240
SPS: 1515
Epoch: 511, global_step=7833600
SPS: 1516
Epoch: 512, global_step=7848960
SPS: 1517
Epoch: 513, global_step=7864320
SPS: 1518
Epoch: 514, global_step=7879680
SPS: 1519
Epoch: 515, global_step=7895040
SPS: 1520
Epoch: 516, global_step=7910400
SPS: 1521
Epoch: 517, global_step=7925760
SPS: 1522
Epoch: 518, global_step=7941120
SPS: 1523
Epoch: 519, global_step=7956480
SPS: 1524
Epoch: 520, global_step=7971840
SPS: 1525
Epoch: 521, global_step=7987200
SPS: 1526
Epoch: 522, global_step=8002560
SPS: 1527
Epoch: 523, global_step=8017920
SPS: 1528
Epoch: 524, global_step=8033280
SPS: 1529
Epoch: 525, global_step=8048640
SPS: 1530
Epoch: 526, global_step=8064000
Evaluating
Evaluated 17280 steps resulting in 96 episodes
[32mEvaluation Metric: success_once[0m | [36mMean: 0.0000[0m
[32mEvaluation Metric: return[0m | [36mMean: 25.2562[0m
[32mEvaluation Metric: episode_len[0m | [36mMean: 180.0000[0m
[32mEvaluation Metric: reward[0m | [36mMean: 0.1403[0m
[32mEvaluation Metric: success_at_end[0m | [36mMean: 0.0000[0m
model saved to checkpoints/ppo_memtasks/rgb_joints/normalized_dense/TakeItBack-v0/ppo-nonbelief-99__99__rgb_joints__20260119_124050/20260119_124050/ckpt_21_526.pt
SPS: 1506
Epoch: 527, global_step=8079360
SPS: 1506
Epoch: 528, global_step=8094720
SPS: 1507
Epoch: 529, global_step=8110080
SPS: 1509
Epoch: 530, global_step=8125440
SPS: 1509
Epoch: 531, global_step=8140800
SPS: 1510
Epoch: 532, global_step=8156160
SPS: 1511
Epoch: 533, global_step=8171520
SPS: 1512
Epoch: 534, global_step=8186880
SPS: 1513
Epoch: 535, global_step=8202240
SPS: 1514
Epoch: 536, global_step=8217600
SPS: 1515
Epoch: 537, global_step=8232960
SPS: 1516
Epoch: 538, global_step=8248320
SPS: 1517
Epoch: 539, global_step=8263680
SPS: 1518
Epoch: 540, global_step=8279040
SPS: 1519
Epoch: 541, global_step=8294400
SPS: 1520
Epoch: 542, global_step=8309760
SPS: 1521
Epoch: 543, global_step=8325120
SPS: 1522
Epoch: 544, global_step=8340480
SPS: 1523
Epoch: 545, global_step=8355840
SPS: 1524
Epoch: 546, global_step=8371200
SPS: 1525
Epoch: 547, global_step=8386560
SPS: 1526
Epoch: 548, global_step=8401920
SPS: 1527
Epoch: 549, global_step=8417280
SPS: 1528
Epoch: 550, global_step=8432640
SPS: 1529
Epoch: 551, global_step=8448000
Evaluating
Evaluated 17280 steps resulting in 96 episodes
[32mEvaluation Metric: success_once[0m | [36mMean: 0.0000[0m
[32mEvaluation Metric: return[0m | [36mMean: 33.0665[0m
[32mEvaluation Metric: episode_len[0m | [36mMean: 180.0000[0m
[32mEvaluation Metric: reward[0m | [36mMean: 0.1837[0m
[32mEvaluation Metric: success_at_end[0m | [36mMean: 0.0000[0m
model saved to checkpoints/ppo_memtasks/rgb_joints/normalized_dense/TakeItBack-v0/ppo-nonbelief-99__99__rgb_joints__20260119_124050/20260119_124050/ckpt_22_551.pt
SPS: 1507
Epoch: 552, global_step=8463360
SPS: 1507
Epoch: 553, global_step=8478720
SPS: 1509
Epoch: 554, global_step=8494080
SPS: 1509
Epoch: 555, global_step=8509440
SPS: 1510
Epoch: 556, global_step=8524800
SPS: 1511
Epoch: 557, global_step=8540160
SPS: 1512
Epoch: 558, global_step=8555520
SPS: 1513
Epoch: 559, global_step=8570880
SPS: 1514
Epoch: 560, global_step=8586240
SPS: 1515
Epoch: 561, global_step=8601600
SPS: 1516
Epoch: 562, global_step=8616960
SPS: 1517
Epoch: 563, global_step=8632320
SPS: 1518
Epoch: 564, global_step=8647680
SPS: 1519
Epoch: 565, global_step=8663040
SPS: 1520
Epoch: 566, global_step=8678400
SPS: 1521
Epoch: 567, global_step=8693760
SPS: 1522
Epoch: 568, global_step=8709120
SPS: 1523
Epoch: 569, global_step=8724480
SPS: 1524
Epoch: 570, global_step=8739840
SPS: 1525
Epoch: 571, global_step=8755200
SPS: 1526
Epoch: 572, global_step=8770560
SPS: 1527
Epoch: 573, global_step=8785920
SPS: 1528
Epoch: 574, global_step=8801280
SPS: 1529
Epoch: 575, global_step=8816640
SPS: 1529
Epoch: 576, global_step=8832000
Evaluating
Evaluated 17280 steps resulting in 96 episodes
[32mEvaluation Metric: success_once[0m | [36mMean: 0.0000[0m
[32mEvaluation Metric: return[0m | [36mMean: 22.0338[0m
[32mEvaluation Metric: episode_len[0m | [36mMean: 180.0000[0m
[32mEvaluation Metric: reward[0m | [36mMean: 0.1224[0m
[32mEvaluation Metric: success_at_end[0m | [36mMean: 0.0000[0m
model saved to checkpoints/ppo_memtasks/rgb_joints/normalized_dense/TakeItBack-v0/ppo-nonbelief-99__99__rgb_joints__20260119_124050/20260119_124050/ckpt_23_576.pt
SPS: 1507
Epoch: 577, global_step=8847360
SPS: 1508
Epoch: 578, global_step=8862720
SPS: 1508
Epoch: 579, global_step=8878080
SPS: 1509
Epoch: 580, global_step=8893440
SPS: 1510
Epoch: 581, global_step=8908800
SPS: 1511
Epoch: 582, global_step=8924160
SPS: 1512
Epoch: 583, global_step=8939520
SPS: 1513
Epoch: 584, global_step=8954880
SPS: 1514
Epoch: 585, global_step=8970240
SPS: 1515
Epoch: 586, global_step=8985600
SPS: 1516
Epoch: 587, global_step=9000960
SPS: 1517
Epoch: 588, global_step=9016320
SPS: 1518
Epoch: 589, global_step=9031680
SPS: 1519
Epoch: 590, global_step=9047040
SPS: 1519
Epoch: 591, global_step=9062400
SPS: 1520
Epoch: 592, global_step=9077760
SPS: 1521
Epoch: 593, global_step=9093120
SPS: 1522
Epoch: 594, global_step=9108480
SPS: 1523
Epoch: 595, global_step=9123840
SPS: 1524
Epoch: 596, global_step=9139200
SPS: 1525
Epoch: 597, global_step=9154560
SPS: 1526
Epoch: 598, global_step=9169920
SPS: 1527
Epoch: 599, global_step=9185280
SPS: 1528
Epoch: 600, global_step=9200640
SPS: 1528
Epoch: 601, global_step=9216000
Evaluating
Evaluated 17280 steps resulting in 96 episodes
[32mEvaluation Metric: success_once[0m | [36mMean: 0.0000[0m
[32mEvaluation Metric: return[0m | [36mMean: 23.8557[0m
[32mEvaluation Metric: episode_len[0m | [36mMean: 180.0000[0m
[32mEvaluation Metric: reward[0m | [36mMean: 0.1325[0m
[32mEvaluation Metric: success_at_end[0m | [36mMean: 0.0000[0m
model saved to checkpoints/ppo_memtasks/rgb_joints/normalized_dense/TakeItBack-v0/ppo-nonbelief-99__99__rgb_joints__20260119_124050/20260119_124050/ckpt_24_601.pt
SPS: 1508
Epoch: 602, global_step=9231360
SPS: 1509
Epoch: 603, global_step=9246720
SPS: 1509
Epoch: 604, global_step=9262080
SPS: 1510
Epoch: 605, global_step=9277440
SPS: 1511
Epoch: 606, global_step=9292800
SPS: 1512
Epoch: 607, global_step=9308160
SPS: 1513
Epoch: 608, global_step=9323520
SPS: 1514
Epoch: 609, global_step=9338880
SPS: 1515
Epoch: 610, global_step=9354240
SPS: 1515
Epoch: 611, global_step=9369600
SPS: 1516
Epoch: 612, global_step=9384960
SPS: 1517
Epoch: 613, global_step=9400320
SPS: 1518
Epoch: 614, global_step=9415680
SPS: 1519
Epoch: 615, global_step=9431040
SPS: 1520
Epoch: 616, global_step=9446400
SPS: 1521
Epoch: 617, global_step=9461760
SPS: 1521
Epoch: 618, global_step=9477120
SPS: 1522
Epoch: 619, global_step=9492480
SPS: 1523
Epoch: 620, global_step=9507840
SPS: 1524
Epoch: 621, global_step=9523200
SPS: 1525
Epoch: 622, global_step=9538560
SPS: 1526
Epoch: 623, global_step=9553920
SPS: 1526
Epoch: 624, global_step=9569280
SPS: 1527
Epoch: 625, global_step=9584640
SPS: 1528
Epoch: 626, global_step=9600000
Evaluating
Evaluated 17280 steps resulting in 96 episodes
[32mEvaluation Metric: success_once[0m | [36mMean: 0.0000[0m
[32mEvaluation Metric: return[0m | [36mMean: 30.9157[0m
[32mEvaluation Metric: episode_len[0m | [36mMean: 180.0000[0m
[32mEvaluation Metric: reward[0m | [36mMean: 0.1718[0m
[32mEvaluation Metric: success_at_end[0m | [36mMean: 0.0000[0m
model saved to checkpoints/ppo_memtasks/rgb_joints/normalized_dense/TakeItBack-v0/ppo-nonbelief-99__99__rgb_joints__20260119_124050/20260119_124050/ckpt_25_626.pt
SPS: 1508
Epoch: 627, global_step=9615360
SPS: 1509
Epoch: 628, global_step=9630720
SPS: 1510
Epoch: 629, global_step=9646080
SPS: 1510
Epoch: 630, global_step=9661440
SPS: 1511
Epoch: 631, global_step=9676800
SPS: 1512
Epoch: 632, global_step=9692160
SPS: 1513
Epoch: 633, global_step=9707520
SPS: 1514
Epoch: 634, global_step=9722880
SPS: 1515
Epoch: 635, global_step=9738240
SPS: 1515
Epoch: 636, global_step=9753600
SPS: 1516
Epoch: 637, global_step=9768960
SPS: 1517
Epoch: 638, global_step=9784320
SPS: 1518
Epoch: 639, global_step=9799680
SPS: 1519
Epoch: 640, global_step=9815040
SPS: 1520
Epoch: 641, global_step=9830400
SPS: 1521
Epoch: 642, global_step=9845760
SPS: 1521
Epoch: 643, global_step=9861120
SPS: 1522
Epoch: 644, global_step=9876480
SPS: 1523
Epoch: 645, global_step=9891840
SPS: 1524
Epoch: 646, global_step=9907200
SPS: 1525
Epoch: 647, global_step=9922560
SPS: 1525
Epoch: 648, global_step=9937920
SPS: 1526
Epoch: 649, global_step=9953280
SPS: 1527
Epoch: 650, global_step=9968640
SPS: 1528
Epoch: 651, global_step=9984000
Evaluating
Evaluated 17280 steps resulting in 96 episodes
[32mEvaluation Metric: success_once[0m | [36mMean: 0.0000[0m
[32mEvaluation Metric: return[0m | [36mMean: 29.6152[0m
[32mEvaluation Metric: episode_len[0m | [36mMean: 180.0000[0m
[32mEvaluation Metric: reward[0m | [36mMean: 0.1645[0m
[32mEvaluation Metric: success_at_end[0m | [36mMean: 0.0000[0m
model saved to checkpoints/ppo_memtasks/rgb_joints/normalized_dense/TakeItBack-v0/ppo-nonbelief-99__99__rgb_joints__20260119_124050/20260119_124050/ckpt_26_651.pt
SPS: 1508
Epoch: 652, global_step=9999360
SPS: 1509
Epoch: 653, global_step=10014720
SPS: 1510
Epoch: 654, global_step=10030080
SPS: 1510
Epoch: 655, global_step=10045440
SPS: 1511
Epoch: 656, global_step=10060800
SPS: 1512
Epoch: 657, global_step=10076160
SPS: 1513
Epoch: 658, global_step=10091520
SPS: 1514
Epoch: 659, global_step=10106880
SPS: 1514
Epoch: 660, global_step=10122240
SPS: 1515
Epoch: 661, global_step=10137600
SPS: 1516
Epoch: 662, global_step=10152960
SPS: 1517
Epoch: 663, global_step=10168320
SPS: 1517
Epoch: 664, global_step=10183680
SPS: 1518
Epoch: 665, global_step=10199040
SPS: 1519
Epoch: 666, global_step=10214400
SPS: 1520
Epoch: 667, global_step=10229760
SPS: 1521
Epoch: 668, global_step=10245120
SPS: 1521
Epoch: 669, global_step=10260480
SPS: 1522
Epoch: 670, global_step=10275840
SPS: 1523
Epoch: 671, global_step=10291200
SPS: 1524
Epoch: 672, global_step=10306560
SPS: 1525
Epoch: 673, global_step=10321920
SPS: 1525
Epoch: 674, global_step=10337280
SPS: 1526
Epoch: 675, global_step=10352640
SPS: 1527
Epoch: 676, global_step=10368000
Evaluating
Evaluated 17280 steps resulting in 96 episodes
[32mEvaluation Metric: success_once[0m | [36mMean: 0.0000[0m
[32mEvaluation Metric: return[0m | [36mMean: 29.9150[0m
[32mEvaluation Metric: episode_len[0m | [36mMean: 180.0000[0m
[32mEvaluation Metric: reward[0m | [36mMean: 0.1662[0m
[32mEvaluation Metric: success_at_end[0m | [36mMean: 0.0000[0m
model saved to checkpoints/ppo_memtasks/rgb_joints/normalized_dense/TakeItBack-v0/ppo-nonbelief-99__99__rgb_joints__20260119_124050/20260119_124050/ckpt_27_676.pt
SPS: 1508
Epoch: 677, global_step=10383360
SPS: 1509
Epoch: 678, global_step=10398720
SPS: 1509
Epoch: 679, global_step=10414080
SPS: 1510
Epoch: 680, global_step=10429440
SPS: 1511
Epoch: 681, global_step=10444800
SPS: 1512
Epoch: 682, global_step=10460160
SPS: 1513
Epoch: 683, global_step=10475520
SPS: 1513
Epoch: 684, global_step=10490880
SPS: 1514
Epoch: 685, global_step=10506240
SPS: 1515
Epoch: 686, global_step=10521600
SPS: 1516
Epoch: 687, global_step=10536960
SPS: 1516
Epoch: 688, global_step=10552320
SPS: 1517
Epoch: 689, global_step=10567680
SPS: 1518
Epoch: 690, global_step=10583040
SPS: 1519
Epoch: 691, global_step=10598400
SPS: 1519
Epoch: 692, global_step=10613760
SPS: 1520
Epoch: 693, global_step=10629120
SPS: 1521
Epoch: 694, global_step=10644480
SPS: 1522
Epoch: 695, global_step=10659840
SPS: 1522
Epoch: 696, global_step=10675200
SPS: 1523
Epoch: 697, global_step=10690560
SPS: 1524
Epoch: 698, global_step=10705920
SPS: 1524
Epoch: 699, global_step=10721280
SPS: 1525
Epoch: 700, global_step=10736640
SPS: 1526
Epoch: 701, global_step=10752000
Evaluating
Evaluated 17280 steps resulting in 96 episodes
[32mEvaluation Metric: success_once[0m | [36mMean: 0.0000[0m
[32mEvaluation Metric: return[0m | [36mMean: 31.6221[0m
[32mEvaluation Metric: episode_len[0m | [36mMean: 180.0000[0m
[32mEvaluation Metric: reward[0m | [36mMean: 0.1757[0m
[32mEvaluation Metric: success_at_end[0m | [36mMean: 0.0000[0m
model saved to checkpoints/ppo_memtasks/rgb_joints/normalized_dense/TakeItBack-v0/ppo-nonbelief-99__99__rgb_joints__20260119_124050/20260119_124050/ckpt_28_701.pt
SPS: 1508
Epoch: 702, global_step=10767360
SPS: 1509
Epoch: 703, global_step=10782720
SPS: 1509
Epoch: 704, global_step=10798080
SPS: 1510
Epoch: 705, global_step=10813440
SPS: 1511
Epoch: 706, global_step=10828800
SPS: 1512
Epoch: 707, global_step=10844160
SPS: 1512
Epoch: 708, global_step=10859520
SPS: 1513
Epoch: 709, global_step=10874880
SPS: 1514
Epoch: 710, global_step=10890240
SPS: 1515
Epoch: 711, global_step=10905600
SPS: 1515
Epoch: 712, global_step=10920960
SPS: 1516
Epoch: 713, global_step=10936320
SPS: 1517
Epoch: 714, global_step=10951680
SPS: 1517
Epoch: 715, global_step=10967040
SPS: 1518
Epoch: 716, global_step=10982400
SPS: 1519
Epoch: 717, global_step=10997760
SPS: 1520
Epoch: 718, global_step=11013120
SPS: 1520
Epoch: 719, global_step=11028480
SPS: 1521
Epoch: 720, global_step=11043840
SPS: 1522
Epoch: 721, global_step=11059200
SPS: 1523
Epoch: 722, global_step=11074560
SPS: 1523
Epoch: 723, global_step=11089920
SPS: 1524
Epoch: 724, global_step=11105280
SPS: 1525
Epoch: 725, global_step=11120640
SPS: 1525
Epoch: 726, global_step=11136000
Evaluating
Evaluated 17280 steps resulting in 96 episodes
[32mEvaluation Metric: success_once[0m | [36mMean: 0.0000[0m
[32mEvaluation Metric: return[0m | [36mMean: 29.4926[0m
[32mEvaluation Metric: episode_len[0m | [36mMean: 180.0000[0m
[32mEvaluation Metric: reward[0m | [36mMean: 0.1638[0m
[32mEvaluation Metric: success_at_end[0m | [36mMean: 0.0000[0m
model saved to checkpoints/ppo_memtasks/rgb_joints/normalized_dense/TakeItBack-v0/ppo-nonbelief-99__99__rgb_joints__20260119_124050/20260119_124050/ckpt_29_726.pt
SPS: 1508
Epoch: 727, global_step=11151360
SPS: 1508
Epoch: 728, global_step=11166720
SPS: 1509
Epoch: 729, global_step=11182080
SPS: 1510
Epoch: 730, global_step=11197440
SPS: 1511
Epoch: 731, global_step=11212800
SPS: 1511
Epoch: 732, global_step=11228160
SPS: 1512
Epoch: 733, global_step=11243520
SPS: 1513
Epoch: 734, global_step=11258880
SPS: 1513
Epoch: 735, global_step=11274240
SPS: 1514
Epoch: 736, global_step=11289600
SPS: 1515
Epoch: 737, global_step=11304960
SPS: 1516
Epoch: 738, global_step=11320320
SPS: 1516
Epoch: 739, global_step=11335680
SPS: 1517
Epoch: 740, global_step=11351040
SPS: 1518
Epoch: 741, global_step=11366400
SPS: 1518
Epoch: 742, global_step=11381760
SPS: 1519
Epoch: 743, global_step=11397120
SPS: 1520
Epoch: 744, global_step=11412480
SPS: 1521
Epoch: 745, global_step=11427840
SPS: 1521
Epoch: 746, global_step=11443200
SPS: 1522
Epoch: 747, global_step=11458560
SPS: 1523
Epoch: 748, global_step=11473920
SPS: 1523
Epoch: 749, global_step=11489280
SPS: 1524
Epoch: 750, global_step=11504640
SPS: 1525
Epoch: 751, global_step=11520000
Evaluating
Evaluated 17280 steps resulting in 96 episodes
[32mEvaluation Metric: success_once[0m | [36mMean: 0.0000[0m
[32mEvaluation Metric: return[0m | [36mMean: 31.7282[0m
[32mEvaluation Metric: episode_len[0m | [36mMean: 180.0000[0m
[32mEvaluation Metric: reward[0m | [36mMean: 0.1763[0m
[32mEvaluation Metric: success_at_end[0m | [36mMean: 0.0000[0m
model saved to checkpoints/ppo_memtasks/rgb_joints/normalized_dense/TakeItBack-v0/ppo-nonbelief-99__99__rgb_joints__20260119_124050/20260119_124050/ckpt_30_751.pt
SPS: 1508
Epoch: 752, global_step=11535360
SPS: 1509
Epoch: 753, global_step=11550720
SPS: 1510
Epoch: 754, global_step=11566080
SPS: 1510
Epoch: 755, global_step=11581440
SPS: 1511
Epoch: 756, global_step=11596800
SPS: 1512
Epoch: 757, global_step=11612160
SPS: 1513
Epoch: 758, global_step=11627520
SPS: 1513
Epoch: 759, global_step=11642880
SPS: 1514
Epoch: 760, global_step=11658240
SPS: 1515
Epoch: 761, global_step=11673600
SPS: 1515
Epoch: 762, global_step=11688960
SPS: 1516
Epoch: 763, global_step=11704320
SPS: 1517
Epoch: 764, global_step=11719680
SPS: 1517
Epoch: 765, global_step=11735040
SPS: 1518
Epoch: 766, global_step=11750400
SPS: 1519
Epoch: 767, global_step=11765760
SPS: 1519
Epoch: 768, global_step=11781120
SPS: 1520
Epoch: 769, global_step=11796480
SPS: 1521
Epoch: 770, global_step=11811840
SPS: 1522
Epoch: 771, global_step=11827200
SPS: 1522
Epoch: 772, global_step=11842560
SPS: 1523
Epoch: 773, global_step=11857920
SPS: 1524
Epoch: 774, global_step=11873280
SPS: 1524
Epoch: 775, global_step=11888640
SPS: 1525
Epoch: 776, global_step=11904000
Evaluating
Evaluated 17280 steps resulting in 96 episodes
[32mEvaluation Metric: success_once[0m | [36mMean: 0.0000[0m
[32mEvaluation Metric: return[0m | [36mMean: 31.1012[0m
[32mEvaluation Metric: episode_len[0m | [36mMean: 180.0000[0m
[32mEvaluation Metric: reward[0m | [36mMean: 0.1728[0m
[32mEvaluation Metric: success_at_end[0m | [36mMean: 0.0000[0m
model saved to checkpoints/ppo_memtasks/rgb_joints/normalized_dense/TakeItBack-v0/ppo-nonbelief-99__99__rgb_joints__20260119_124050/20260119_124050/ckpt_31_776.pt
SPS: 1509
Epoch: 777, global_step=11919360
SPS: 1509
Epoch: 778, global_step=11934720
SPS: 1510
Epoch: 779, global_step=11950080
SPS: 1511
Epoch: 780, global_step=11965440
SPS: 1511
Epoch: 781, global_step=11980800
SPS: 1512
Epoch: 782, global_step=11996160
SPS: 1513
Epoch: 783, global_step=12011520
SPS: 1513
Epoch: 784, global_step=12026880
SPS: 1514
Epoch: 785, global_step=12042240
SPS: 1515
Epoch: 786, global_step=12057600
SPS: 1515
Epoch: 787, global_step=12072960
SPS: 1516
Epoch: 788, global_step=12088320
SPS: 1517
Epoch: 789, global_step=12103680
SPS: 1517
Epoch: 790, global_step=12119040
SPS: 1518
Epoch: 791, global_step=12134400
SPS: 1519
Epoch: 792, global_step=12149760
SPS: 1519
Epoch: 793, global_step=12165120
SPS: 1520
Epoch: 794, global_step=12180480
SPS: 1521
Epoch: 795, global_step=12195840
SPS: 1521
Epoch: 796, global_step=12211200
SPS: 1522
Epoch: 797, global_step=12226560
SPS: 1523
Epoch: 798, global_step=12241920
SPS: 1523
Epoch: 799, global_step=12257280
SPS: 1524
Epoch: 800, global_step=12272640
SPS: 1525
Epoch: 801, global_step=12288000
Evaluating
Evaluated 17280 steps resulting in 96 episodes
[32mEvaluation Metric: success_once[0m | [36mMean: 0.0000[0m
[32mEvaluation Metric: return[0m | [36mMean: 31.1623[0m
[32mEvaluation Metric: episode_len[0m | [36mMean: 180.0000[0m
[32mEvaluation Metric: reward[0m | [36mMean: 0.1731[0m
[32mEvaluation Metric: success_at_end[0m | [36mMean: 0.0000[0m
model saved to checkpoints/ppo_memtasks/rgb_joints/normalized_dense/TakeItBack-v0/ppo-nonbelief-99__99__rgb_joints__20260119_124050/20260119_124050/ckpt_32_801.pt
SPS: 1509
Epoch: 802, global_step=12303360
SPS: 1510
Epoch: 803, global_step=12318720
SPS: 1510
Epoch: 804, global_step=12334080
SPS: 1511
Epoch: 805, global_step=12349440
SPS: 1511
Epoch: 806, global_step=12364800
SPS: 1512
Epoch: 807, global_step=12380160
SPS: 1513
Epoch: 808, global_step=12395520
SPS: 1513
Epoch: 809, global_step=12410880
SPS: 1514
Epoch: 810, global_step=12426240
SPS: 1515
Epoch: 811, global_step=12441600
SPS: 1515
Epoch: 812, global_step=12456960
SPS: 1516
Epoch: 813, global_step=12472320
SPS: 1517
Epoch: 814, global_step=12487680
SPS: 1517
Epoch: 815, global_step=12503040
SPS: 1518
Epoch: 816, global_step=12518400
SPS: 1519
Epoch: 817, global_step=12533760
SPS: 1519
Epoch: 818, global_step=12549120
SPS: 1520
Epoch: 819, global_step=12564480
SPS: 1521
Epoch: 820, global_step=12579840
SPS: 1521
Epoch: 821, global_step=12595200
SPS: 1522
Epoch: 822, global_step=12610560
SPS: 1522
Epoch: 823, global_step=12625920
SPS: 1523
Epoch: 824, global_step=12641280
SPS: 1524
Epoch: 825, global_step=12656640
SPS: 1524
Epoch: 826, global_step=12672000
Evaluating
Evaluated 17280 steps resulting in 96 episodes
[32mEvaluation Metric: success_once[0m | [36mMean: 0.0000[0m
[32mEvaluation Metric: return[0m | [36mMean: 30.5818[0m
[32mEvaluation Metric: episode_len[0m | [36mMean: 180.0000[0m
[32mEvaluation Metric: reward[0m | [36mMean: 0.1699[0m
[32mEvaluation Metric: success_at_end[0m | [36mMean: 0.0000[0m
model saved to checkpoints/ppo_memtasks/rgb_joints/normalized_dense/TakeItBack-v0/ppo-nonbelief-99__99__rgb_joints__20260119_124050/20260119_124050/ckpt_33_826.pt
SPS: 1510
Epoch: 827, global_step=12687360
SPS: 1510
Epoch: 828, global_step=12702720
SPS: 1511
Epoch: 829, global_step=12718080
SPS: 1512
Epoch: 830, global_step=12733440
SPS: 1512
Epoch: 831, global_step=12748800
SPS: 1513
Epoch: 832, global_step=12764160
SPS: 1513
Epoch: 833, global_step=12779520
SPS: 1514
Epoch: 834, global_step=12794880
SPS: 1515
Epoch: 835, global_step=12810240
SPS: 1515
Epoch: 836, global_step=12825600
SPS: 1516
Epoch: 837, global_step=12840960
SPS: 1517
Epoch: 838, global_step=12856320
SPS: 1517
Epoch: 839, global_step=12871680
SPS: 1518
Epoch: 840, global_step=12887040
SPS: 1518
Epoch: 841, global_step=12902400
SPS: 1519
Epoch: 842, global_step=12917760
SPS: 1520
Epoch: 843, global_step=12933120
SPS: 1520
Epoch: 844, global_step=12948480
SPS: 1521
Epoch: 845, global_step=12963840
SPS: 1522
Epoch: 846, global_step=12979200
SPS: 1522
Epoch: 847, global_step=12994560
SPS: 1523
Epoch: 848, global_step=13009920
SPS: 1524
Epoch: 849, global_step=13025280
SPS: 1524
Epoch: 850, global_step=13040640
SPS: 1525
Epoch: 851, global_step=13056000
Evaluating
Evaluated 17280 steps resulting in 96 episodes
[32mEvaluation Metric: success_once[0m | [36mMean: 0.0000[0m
[32mEvaluation Metric: return[0m | [36mMean: 30.3126[0m
[32mEvaluation Metric: episode_len[0m | [36mMean: 180.0000[0m
[32mEvaluation Metric: reward[0m | [36mMean: 0.1684[0m
[32mEvaluation Metric: success_at_end[0m | [36mMean: 0.0000[0m
model saved to checkpoints/ppo_memtasks/rgb_joints/normalized_dense/TakeItBack-v0/ppo-nonbelief-99__99__rgb_joints__20260119_124050/20260119_124050/ckpt_34_851.pt
SPS: 1510
Epoch: 852, global_step=13071360
SPS: 1511
Epoch: 853, global_step=13086720
SPS: 1511
Epoch: 854, global_step=13102080
SPS: 1512
Epoch: 855, global_step=13117440
SPS: 1513
Epoch: 856, global_step=13132800
SPS: 1513
Epoch: 857, global_step=13148160
SPS: 1514
Epoch: 858, global_step=13163520
SPS: 1515
Epoch: 859, global_step=13178880
SPS: 1515
Epoch: 860, global_step=13194240
SPS: 1516
Epoch: 861, global_step=13209600
SPS: 1516
Epoch: 862, global_step=13224960
SPS: 1517
Epoch: 863, global_step=13240320
SPS: 1518
Epoch: 864, global_step=13255680
SPS: 1518
Epoch: 865, global_step=13271040
SPS: 1519
Epoch: 866, global_step=13286400
SPS: 1519
Epoch: 867, global_step=13301760
SPS: 1520
Epoch: 868, global_step=13317120
SPS: 1521
Epoch: 869, global_step=13332480
SPS: 1521
Epoch: 870, global_step=13347840
SPS: 1522
Epoch: 871, global_step=13363200
SPS: 1523
Epoch: 872, global_step=13378560
SPS: 1523
Epoch: 873, global_step=13393920
SPS: 1524
Epoch: 874, global_step=13409280
SPS: 1524
Epoch: 875, global_step=13424640
SPS: 1525
Epoch: 876, global_step=13440000
Evaluating
Evaluated 17280 steps resulting in 96 episodes
[32mEvaluation Metric: success_once[0m | [36mMean: 0.0000[0m
[32mEvaluation Metric: return[0m | [36mMean: 32.8807[0m
[32mEvaluation Metric: episode_len[0m | [36mMean: 180.0000[0m
[32mEvaluation Metric: reward[0m | [36mMean: 0.1827[0m
[32mEvaluation Metric: success_at_end[0m | [36mMean: 0.0000[0m
model saved to checkpoints/ppo_memtasks/rgb_joints/normalized_dense/TakeItBack-v0/ppo-nonbelief-99__99__rgb_joints__20260119_124050/20260119_124050/ckpt_35_876.pt
SPS: 1510
Epoch: 877, global_step=13455360
SPS: 1511
Epoch: 878, global_step=13470720
SPS: 1512
Epoch: 879, global_step=13486080
SPS: 1512
Epoch: 880, global_step=13501440
SPS: 1513
Epoch: 881, global_step=13516800
SPS: 1513
Epoch: 882, global_step=13532160
SPS: 1514
Epoch: 883, global_step=13547520
SPS: 1515
Epoch: 884, global_step=13562880
SPS: 1515
Epoch: 885, global_step=13578240
SPS: 1516
Epoch: 886, global_step=13593600
SPS: 1516
Epoch: 887, global_step=13608960
SPS: 1517
Epoch: 888, global_step=13624320
SPS: 1517
Epoch: 889, global_step=13639680
SPS: 1518
Epoch: 890, global_step=13655040
SPS: 1519
Epoch: 891, global_step=13670400
SPS: 1519
Epoch: 892, global_step=13685760
SPS: 1520
Epoch: 893, global_step=13701120
SPS: 1520
Epoch: 894, global_step=13716480
SPS: 1521
Epoch: 895, global_step=13731840
SPS: 1522
Epoch: 896, global_step=13747200
SPS: 1522
Epoch: 897, global_step=13762560
SPS: 1523
Epoch: 898, global_step=13777920
SPS: 1523
Epoch: 899, global_step=13793280
SPS: 1524
Epoch: 900, global_step=13808640
SPS: 1524
Epoch: 901, global_step=13824000
Evaluating
Evaluated 17280 steps resulting in 96 episodes
[32mEvaluation Metric: success_once[0m | [36mMean: 0.0000[0m
[32mEvaluation Metric: return[0m | [36mMean: 32.0188[0m
[32mEvaluation Metric: episode_len[0m | [36mMean: 180.0000[0m
[32mEvaluation Metric: reward[0m | [36mMean: 0.1779[0m
[32mEvaluation Metric: success_at_end[0m | [36mMean: 0.0000[0m
model saved to checkpoints/ppo_memtasks/rgb_joints/normalized_dense/TakeItBack-v0/ppo-nonbelief-99__99__rgb_joints__20260119_124050/20260119_124050/ckpt_36_901.pt
SPS: 1510
Epoch: 902, global_step=13839360
SPS: 1511
Epoch: 903, global_step=13854720
SPS: 1511
Epoch: 904, global_step=13870080
SPS: 1512
Epoch: 905, global_step=13885440
SPS: 1513
Epoch: 906, global_step=13900800
SPS: 1513
Epoch: 907, global_step=13916160
SPS: 1514
Epoch: 908, global_step=13931520
SPS: 1514
Epoch: 909, global_step=13946880
SPS: 1515
Epoch: 910, global_step=13962240
SPS: 1515
Epoch: 911, global_step=13977600
SPS: 1516
Epoch: 912, global_step=13992960
SPS: 1516
Epoch: 913, global_step=14008320
SPS: 1517
Epoch: 914, global_step=14023680
SPS: 1518
Epoch: 915, global_step=14039040
SPS: 1518
Epoch: 916, global_step=14054400
SPS: 1519
Epoch: 917, global_step=14069760
SPS: 1519
Epoch: 918, global_step=14085120
SPS: 1520
Epoch: 919, global_step=14100480
SPS: 1520
Epoch: 920, global_step=14115840
SPS: 1521
Epoch: 921, global_step=14131200
SPS: 1521
Epoch: 922, global_step=14146560
SPS: 1522
Epoch: 923, global_step=14161920
SPS: 1523
Epoch: 924, global_step=14177280
SPS: 1523
Epoch: 925, global_step=14192640
SPS: 1524
Epoch: 926, global_step=14208000
Evaluating
Evaluated 17280 steps resulting in 96 episodes
[32mEvaluation Metric: success_once[0m | [36mMean: 0.0000[0m
[32mEvaluation Metric: return[0m | [36mMean: 29.9047[0m
[32mEvaluation Metric: episode_len[0m | [36mMean: 180.0000[0m
[32mEvaluation Metric: reward[0m | [36mMean: 0.1661[0m
[32mEvaluation Metric: success_at_end[0m | [36mMean: 0.0000[0m
model saved to checkpoints/ppo_memtasks/rgb_joints/normalized_dense/TakeItBack-v0/ppo-nonbelief-99__99__rgb_joints__20260119_124050/20260119_124050/ckpt_37_926.pt
SPS: 1510
Epoch: 927, global_step=14223360
SPS: 1510
Epoch: 928, global_step=14238720
SPS: 1511
Epoch: 929, global_step=14254080
SPS: 1511
Epoch: 930, global_step=14269440
SPS: 1512
Epoch: 931, global_step=14284800
SPS: 1512
Epoch: 932, global_step=14300160
SPS: 1513
Epoch: 933, global_step=14315520
SPS: 1513
Epoch: 934, global_step=14330880
SPS: 1514
Epoch: 935, global_step=14346240
SPS: 1515
Epoch: 936, global_step=14361600
SPS: 1515
Epoch: 937, global_step=14376960
SPS: 1516
Epoch: 938, global_step=14392320
SPS: 1516
Epoch: 939, global_step=14407680
SPS: 1517
Epoch: 940, global_step=14423040
SPS: 1517
Epoch: 941, global_step=14438400
SPS: 1518
Epoch: 942, global_step=14453760
SPS: 1518
Epoch: 943, global_step=14469120
SPS: 1519
Epoch: 944, global_step=14484480
SPS: 1520
Epoch: 945, global_step=14499840
SPS: 1520
Epoch: 946, global_step=14515200
SPS: 1521
Epoch: 947, global_step=14530560
SPS: 1521
Epoch: 948, global_step=14545920
SPS: 1522
Epoch: 949, global_step=14561280
SPS: 1522
Epoch: 950, global_step=14576640
SPS: 1523
Epoch: 951, global_step=14592000
Evaluating
Evaluated 17280 steps resulting in 96 episodes
[32mEvaluation Metric: success_once[0m | [36mMean: 0.0000[0m
[32mEvaluation Metric: return[0m | [36mMean: 29.8123[0m
[32mEvaluation Metric: episode_len[0m | [36mMean: 180.0000[0m
[32mEvaluation Metric: reward[0m | [36mMean: 0.1656[0m
[32mEvaluation Metric: success_at_end[0m | [36mMean: 0.0000[0m
model saved to checkpoints/ppo_memtasks/rgb_joints/normalized_dense/TakeItBack-v0/ppo-nonbelief-99__99__rgb_joints__20260119_124050/20260119_124050/ckpt_38_951.pt
SPS: 1510
Epoch: 952, global_step=14607360
SPS: 1510
Epoch: 953, global_step=14622720
SPS: 1511
Epoch: 954, global_step=14638080
SPS: 1511
Epoch: 955, global_step=14653440
SPS: 1512
Epoch: 956, global_step=14668800
SPS: 1512
Epoch: 957, global_step=14684160
SPS: 1513
Epoch: 958, global_step=14699520
SPS: 1514
Epoch: 959, global_step=14714880
SPS: 1514
Epoch: 960, global_step=14730240
SPS: 1515
Epoch: 961, global_step=14745600
SPS: 1515
Epoch: 962, global_step=14760960
SPS: 1516
Epoch: 963, global_step=14776320
SPS: 1516
Epoch: 964, global_step=14791680
SPS: 1517
Epoch: 965, global_step=14807040
SPS: 1517
Epoch: 966, global_step=14822400
SPS: 1518
Epoch: 967, global_step=14837760
SPS: 1518
Epoch: 968, global_step=14853120
SPS: 1519
Epoch: 969, global_step=14868480
SPS: 1519
Epoch: 970, global_step=14883840
SPS: 1520
Epoch: 971, global_step=14899200
SPS: 1521
Epoch: 972, global_step=14914560
SPS: 1521
Epoch: 973, global_step=14929920
SPS: 1522
Epoch: 974, global_step=14945280
SPS: 1522
Epoch: 975, global_step=14960640
SPS: 1523
Epoch: 976, global_step=14976000
Evaluating
Evaluated 17280 steps resulting in 96 episodes
[32mEvaluation Metric: success_once[0m | [36mMean: 0.0000[0m
[32mEvaluation Metric: return[0m | [36mMean: 34.8218[0m
[32mEvaluation Metric: episode_len[0m | [36mMean: 180.0000[0m
[32mEvaluation Metric: reward[0m | [36mMean: 0.1935[0m
[32mEvaluation Metric: success_at_end[0m | [36mMean: 0.0000[0m
model saved to checkpoints/ppo_memtasks/rgb_joints/normalized_dense/TakeItBack-v0/ppo-nonbelief-99__99__rgb_joints__20260119_124050/20260119_124050/ckpt_39_976.pt
SPS: 1510
Epoch: 977, global_step=14991360
SPS: 1510
Epoch: 978, global_step=15006720
SPS: 1511
Epoch: 979, global_step=15022080
SPS: 1511
Epoch: 980, global_step=15037440
SPS: 1512
Epoch: 981, global_step=15052800
SPS: 1512
Epoch: 982, global_step=15068160
SPS: 1513
Epoch: 983, global_step=15083520
SPS: 1513
Epoch: 984, global_step=15098880
SPS: 1514
Epoch: 985, global_step=15114240
SPS: 1514
Epoch: 986, global_step=15129600
SPS: 1515
Epoch: 987, global_step=15144960
SPS: 1515
Epoch: 988, global_step=15160320
SPS: 1516
Epoch: 989, global_step=15175680
SPS: 1517
Epoch: 990, global_step=15191040
SPS: 1517
Epoch: 991, global_step=15206400
SPS: 1518
Epoch: 992, global_step=15221760
SPS: 1518
Epoch: 993, global_step=15237120
SPS: 1519
Epoch: 994, global_step=15252480
SPS: 1519
Epoch: 995, global_step=15267840
SPS: 1520
Epoch: 996, global_step=15283200
SPS: 1520
Epoch: 997, global_step=15298560
SPS: 1521
Epoch: 998, global_step=15313920
SPS: 1521
Epoch: 999, global_step=15329280
SPS: 1522
Epoch: 1000, global_step=15344640
SPS: 1522
Epoch: 1001, global_step=15360000
Evaluating
Evaluated 17280 steps resulting in 96 episodes
[32mEvaluation Metric: success_once[0m | [36mMean: 0.0000[0m
[32mEvaluation Metric: return[0m | [36mMean: 34.3226[0m
[32mEvaluation Metric: episode_len[0m | [36mMean: 180.0000[0m
[32mEvaluation Metric: reward[0m | [36mMean: 0.1907[0m
[32mEvaluation Metric: success_at_end[0m | [36mMean: 0.0000[0m
model saved to checkpoints/ppo_memtasks/rgb_joints/normalized_dense/TakeItBack-v0/ppo-nonbelief-99__99__rgb_joints__20260119_124050/20260119_124050/ckpt_40_1001.pt
SPS: 1509
Epoch: 1002, global_step=15375360
SPS: 1510
Epoch: 1003, global_step=15390720
SPS: 1510
Epoch: 1004, global_step=15406080
SPS: 1511
Epoch: 1005, global_step=15421440
SPS: 1511
Epoch: 1006, global_step=15436800
SPS: 1512
Epoch: 1007, global_step=15452160
SPS: 1512
Epoch: 1008, global_step=15467520
SPS: 1513
Epoch: 1009, global_step=15482880
SPS: 1513
Epoch: 1010, global_step=15498240
SPS: 1514
Epoch: 1011, global_step=15513600
SPS: 1514
Epoch: 1012, global_step=15528960
SPS: 1515
Epoch: 1013, global_step=15544320
SPS: 1515
Epoch: 1014, global_step=15559680
SPS: 1516
Epoch: 1015, global_step=15575040
SPS: 1516
Epoch: 1016, global_step=15590400
SPS: 1517
Epoch: 1017, global_step=15605760
SPS: 1517
Epoch: 1018, global_step=15621120
SPS: 1518
Epoch: 1019, global_step=15636480
SPS: 1518
Epoch: 1020, global_step=15651840
SPS: 1519
Epoch: 1021, global_step=15667200
SPS: 1520
Epoch: 1022, global_step=15682560
SPS: 1520
Epoch: 1023, global_step=15697920
SPS: 1520
Epoch: 1024, global_step=15713280
SPS: 1521
Epoch: 1025, global_step=15728640
SPS: 1521
Epoch: 1026, global_step=15744000
Evaluating
Evaluated 17280 steps resulting in 96 episodes
[32mEvaluation Metric: success_once[0m | [36mMean: 0.0104[0m
[32mEvaluation Metric: return[0m | [36mMean: 31.0738[0m
[32mEvaluation Metric: episode_len[0m | [36mMean: 180.0000[0m
[32mEvaluation Metric: reward[0m | [36mMean: 0.1726[0m
[32mEvaluation Metric: success_at_end[0m | [36mMean: 0.0000[0m
model saved to checkpoints/ppo_memtasks/rgb_joints/normalized_dense/TakeItBack-v0/ppo-nonbelief-99__99__rgb_joints__20260119_124050/20260119_124050/ckpt_41_1026.pt
SPS: 1509
Epoch: 1027, global_step=15759360
SPS: 1510
Epoch: 1028, global_step=15774720
SPS: 1510
Epoch: 1029, global_step=15790080
SPS: 1511
Epoch: 1030, global_step=15805440
SPS: 1511
Epoch: 1031, global_step=15820800
SPS: 1512
Epoch: 1032, global_step=15836160
SPS: 1512
Epoch: 1033, global_step=15851520
SPS: 1513
Epoch: 1034, global_step=15866880
SPS: 1513
Epoch: 1035, global_step=15882240
SPS: 1514
Epoch: 1036, global_step=15897600
SPS: 1514
Epoch: 1037, global_step=15912960
SPS: 1515
Epoch: 1038, global_step=15928320
SPS: 1515
Epoch: 1039, global_step=15943680
SPS: 1516
Epoch: 1040, global_step=15959040
SPS: 1516
Epoch: 1041, global_step=15974400
SPS: 1516
Epoch: 1042, global_step=15989760
SPS: 1517
Epoch: 1043, global_step=16005120
SPS: 1518
Epoch: 1044, global_step=16020480
SPS: 1518
Epoch: 1045, global_step=16035840
SPS: 1518
Epoch: 1046, global_step=16051200
SPS: 1519
Epoch: 1047, global_step=16066560
SPS: 1519
Epoch: 1048, global_step=16081920
SPS: 1520
Epoch: 1049, global_step=16097280
SPS: 1520
Epoch: 1050, global_step=16112640
SPS: 1521
Epoch: 1051, global_step=16128000
Evaluating
Evaluated 17280 steps resulting in 96 episodes
[32mEvaluation Metric: success_once[0m | [36mMean: 0.0000[0m
[32mEvaluation Metric: return[0m | [36mMean: 30.4766[0m
[32mEvaluation Metric: episode_len[0m | [36mMean: 180.0000[0m
[32mEvaluation Metric: reward[0m | [36mMean: 0.1693[0m
[32mEvaluation Metric: success_at_end[0m | [36mMean: 0.0000[0m
model saved to checkpoints/ppo_memtasks/rgb_joints/normalized_dense/TakeItBack-v0/ppo-nonbelief-99__99__rgb_joints__20260119_124050/20260119_124050/ckpt_42_1051.pt
SPS: 1509
Epoch: 1052, global_step=16143360
SPS: 1509
Epoch: 1053, global_step=16158720
SPS: 1510
Epoch: 1054, global_step=16174080
SPS: 1510
Epoch: 1055, global_step=16189440
SPS: 1511
Epoch: 1056, global_step=16204800
SPS: 1511
Epoch: 1057, global_step=16220160
SPS: 1512
Epoch: 1058, global_step=16235520
SPS: 1512
Epoch: 1059, global_step=16250880
SPS: 1513
Epoch: 1060, global_step=16266240
SPS: 1513
Epoch: 1061, global_step=16281600
SPS: 1514
Epoch: 1062, global_step=16296960
SPS: 1514
Epoch: 1063, global_step=16312320
SPS: 1515
Epoch: 1064, global_step=16327680
SPS: 1515
Epoch: 1065, global_step=16343040
SPS: 1516
Epoch: 1066, global_step=16358400
SPS: 1516
Epoch: 1067, global_step=16373760
SPS: 1517
Epoch: 1068, global_step=16389120
SPS: 1517
Epoch: 1069, global_step=16404480
SPS: 1518
Epoch: 1070, global_step=16419840
SPS: 1518
Epoch: 1071, global_step=16435200
SPS: 1518
Epoch: 1072, global_step=16450560
SPS: 1519
Epoch: 1073, global_step=16465920
SPS: 1519
Epoch: 1074, global_step=16481280
SPS: 1520
Epoch: 1075, global_step=16496640
SPS: 1520
Epoch: 1076, global_step=16512000
Evaluating
Evaluated 17280 steps resulting in 96 episodes
[32mEvaluation Metric: success_once[0m | [36mMean: 0.0000[0m
[32mEvaluation Metric: return[0m | [36mMean: 22.8720[0m
[32mEvaluation Metric: episode_len[0m | [36mMean: 180.0000[0m
[32mEvaluation Metric: reward[0m | [36mMean: 0.1271[0m
[32mEvaluation Metric: success_at_end[0m | [36mMean: 0.0000[0m
model saved to checkpoints/ppo_memtasks/rgb_joints/normalized_dense/TakeItBack-v0/ppo-nonbelief-99__99__rgb_joints__20260119_124050/20260119_124050/ckpt_43_1076.pt
SPS: 1508
Epoch: 1077, global_step=16527360
SPS: 1509
Epoch: 1078, global_step=16542720
SPS: 1509
Epoch: 1079, global_step=16558080
SPS: 1510
Epoch: 1080, global_step=16573440
SPS: 1510
Epoch: 1081, global_step=16588800
SPS: 1511
Epoch: 1082, global_step=16604160
SPS: 1511
Epoch: 1083, global_step=16619520
SPS: 1512
Epoch: 1084, global_step=16634880
SPS: 1512
Epoch: 1085, global_step=16650240
SPS: 1512
Epoch: 1086, global_step=16665600
SPS: 1513
Epoch: 1087, global_step=16680960
SPS: 1513
Epoch: 1088, global_step=16696320
SPS: 1514
Epoch: 1089, global_step=16711680
SPS: 1514
Epoch: 1090, global_step=16727040
SPS: 1515
Epoch: 1091, global_step=16742400
SPS: 1515
Epoch: 1092, global_step=16757760
SPS: 1516
Epoch: 1093, global_step=16773120
SPS: 1516
Epoch: 1094, global_step=16788480
SPS: 1517
Epoch: 1095, global_step=16803840
SPS: 1517
Epoch: 1096, global_step=16819200
SPS: 1518
Epoch: 1097, global_step=16834560
SPS: 1518
Epoch: 1098, global_step=16849920
SPS: 1519
Epoch: 1099, global_step=16865280
SPS: 1519
Epoch: 1100, global_step=16880640
SPS: 1520
Epoch: 1101, global_step=16896000
Evaluating
Evaluated 17280 steps resulting in 96 episodes
[32mEvaluation Metric: success_once[0m | [36mMean: 0.0000[0m
[32mEvaluation Metric: return[0m | [36mMean: 23.7991[0m
[32mEvaluation Metric: episode_len[0m | [36mMean: 180.0000[0m
[32mEvaluation Metric: reward[0m | [36mMean: 0.1322[0m
[32mEvaluation Metric: success_at_end[0m | [36mMean: 0.0000[0m
model saved to checkpoints/ppo_memtasks/rgb_joints/normalized_dense/TakeItBack-v0/ppo-nonbelief-99__99__rgb_joints__20260119_124050/20260119_124050/ckpt_44_1101.pt
SPS: 1508
Epoch: 1102, global_step=16911360
SPS: 1508
Epoch: 1103, global_step=16926720
SPS: 1509
Epoch: 1104, global_step=16942080
SPS: 1509
Epoch: 1105, global_step=16957440
SPS: 1510
Epoch: 1106, global_step=16972800
SPS: 1510
Epoch: 1107, global_step=16988160
SPS: 1510
Epoch: 1108, global_step=17003520
SPS: 1511
Epoch: 1109, global_step=17018880
SPS: 1511
Epoch: 1110, global_step=17034240
SPS: 1512
Epoch: 1111, global_step=17049600
SPS: 1512
Epoch: 1112, global_step=17064960
SPS: 1513
Epoch: 1113, global_step=17080320
SPS: 1513
Epoch: 1114, global_step=17095680
SPS: 1514
Epoch: 1115, global_step=17111040
SPS: 1514
Epoch: 1116, global_step=17126400
SPS: 1514
Epoch: 1117, global_step=17141760
SPS: 1515
Epoch: 1118, global_step=17157120
SPS: 1515
Epoch: 1119, global_step=17172480
SPS: 1516
Epoch: 1120, global_step=17187840
SPS: 1516
Epoch: 1121, global_step=17203200
SPS: 1517
Epoch: 1122, global_step=17218560
SPS: 1517
Epoch: 1123, global_step=17233920
SPS: 1518
Epoch: 1124, global_step=17249280
SPS: 1518
Epoch: 1125, global_step=17264640
SPS: 1518
Epoch: 1126, global_step=17280000
Evaluating
Evaluated 17280 steps resulting in 96 episodes
[32mEvaluation Metric: success_once[0m | [36mMean: 0.0000[0m
[32mEvaluation Metric: return[0m | [36mMean: 25.2170[0m
[32mEvaluation Metric: episode_len[0m | [36mMean: 180.0000[0m
[32mEvaluation Metric: reward[0m | [36mMean: 0.1401[0m
[32mEvaluation Metric: success_at_end[0m | [36mMean: 0.0000[0m
model saved to checkpoints/ppo_memtasks/rgb_joints/normalized_dense/TakeItBack-v0/ppo-nonbelief-99__99__rgb_joints__20260119_124050/20260119_124050/ckpt_45_1126.pt
SPS: 1507
Epoch: 1127, global_step=17295360
SPS: 1507
Epoch: 1128, global_step=17310720
SPS: 1508
Epoch: 1129, global_step=17326080
SPS: 1508
Epoch: 1130, global_step=17341440
SPS: 1509
Epoch: 1131, global_step=17356800
SPS: 1509
Epoch: 1132, global_step=17372160
SPS: 1510
Epoch: 1133, global_step=17387520
SPS: 1510
Epoch: 1134, global_step=17402880
SPS: 1510
Epoch: 1135, global_step=17418240
SPS: 1511
Epoch: 1136, global_step=17433600
SPS: 1511
Epoch: 1137, global_step=17448960
SPS: 1512
Epoch: 1138, global_step=17464320
SPS: 1512
Epoch: 1139, global_step=17479680
SPS: 1513
Epoch: 1140, global_step=17495040
SPS: 1513
Epoch: 1141, global_step=17510400
SPS: 1514
Epoch: 1142, global_step=17525760
SPS: 1514
Epoch: 1143, global_step=17541120
SPS: 1514
Epoch: 1144, global_step=17556480
SPS: 1515
Epoch: 1145, global_step=17571840
SPS: 1515
Epoch: 1146, global_step=17587200
SPS: 1516
Epoch: 1147, global_step=17602560
SPS: 1516
Epoch: 1148, global_step=17617920
SPS: 1517
Epoch: 1149, global_step=17633280
SPS: 1517
Epoch: 1150, global_step=17648640
SPS: 1518
Epoch: 1151, global_step=17664000
Evaluating
Evaluated 17280 steps resulting in 96 episodes
[32mEvaluation Metric: success_once[0m | [36mMean: 0.0000[0m
[32mEvaluation Metric: return[0m | [36mMean: 21.6605[0m
[32mEvaluation Metric: episode_len[0m | [36mMean: 180.0000[0m
[32mEvaluation Metric: reward[0m | [36mMean: 0.1203[0m
[32mEvaluation Metric: success_at_end[0m | [36mMean: 0.0000[0m
model saved to checkpoints/ppo_memtasks/rgb_joints/normalized_dense/TakeItBack-v0/ppo-nonbelief-99__99__rgb_joints__20260119_124050/20260119_124050/ckpt_46_1151.pt
SPS: 1506
Epoch: 1152, global_step=17679360
SPS: 1506
Epoch: 1153, global_step=17694720
SPS: 1507
Epoch: 1154, global_step=17710080
SPS: 1507
Epoch: 1155, global_step=17725440
SPS: 1508
Epoch: 1156, global_step=17740800
SPS: 1508
Epoch: 1157, global_step=17756160
SPS: 1509
Epoch: 1158, global_step=17771520
SPS: 1509
Epoch: 1159, global_step=17786880
SPS: 1509
Epoch: 1160, global_step=17802240
SPS: 1510
Epoch: 1161, global_step=17817600
SPS: 1510
Epoch: 1162, global_step=17832960
SPS: 1511
Epoch: 1163, global_step=17848320
SPS: 1511
Epoch: 1164, global_step=17863680
SPS: 1512
Epoch: 1165, global_step=17879040
SPS: 1512
Epoch: 1166, global_step=17894400
SPS: 1512
Epoch: 1167, global_step=17909760
SPS: 1513
Epoch: 1168, global_step=17925120
SPS: 1513
Epoch: 1169, global_step=17940480
SPS: 1514
Epoch: 1170, global_step=17955840
SPS: 1514
Epoch: 1171, global_step=17971200
SPS: 1515
Epoch: 1172, global_step=17986560
SPS: 1515
Epoch: 1173, global_step=18001920
SPS: 1515
Epoch: 1174, global_step=18017280
SPS: 1516
Epoch: 1175, global_step=18032640
SPS: 1516
Epoch: 1176, global_step=18048000
Evaluating
Evaluated 17280 steps resulting in 96 episodes
[32mEvaluation Metric: success_once[0m | [36mMean: 0.0000[0m
[32mEvaluation Metric: return[0m | [36mMean: 25.5975[0m
[32mEvaluation Metric: episode_len[0m | [36mMean: 180.0000[0m
[32mEvaluation Metric: reward[0m | [36mMean: 0.1422[0m
[32mEvaluation Metric: success_at_end[0m | [36mMean: 0.0000[0m
model saved to checkpoints/ppo_memtasks/rgb_joints/normalized_dense/TakeItBack-v0/ppo-nonbelief-99__99__rgb_joints__20260119_124050/20260119_124050/ckpt_47_1176.pt
SPS: 1505
Epoch: 1177, global_step=18063360
SPS: 1506
Epoch: 1178, global_step=18078720
SPS: 1506
Epoch: 1179, global_step=18094080
SPS: 1506
Epoch: 1180, global_step=18109440
SPS: 1507
Epoch: 1181, global_step=18124800
SPS: 1507
Epoch: 1182, global_step=18140160
SPS: 1508
Epoch: 1183, global_step=18155520
SPS: 1508
Epoch: 1184, global_step=18170880
SPS: 1509
Epoch: 1185, global_step=18186240
SPS: 1509
Epoch: 1186, global_step=18201600
SPS: 1509
Epoch: 1187, global_step=18216960
SPS: 1510
Epoch: 1188, global_step=18232320
SPS: 1510
Epoch: 1189, global_step=18247680
SPS: 1511
Epoch: 1190, global_step=18263040
SPS: 1511
Epoch: 1191, global_step=18278400
SPS: 1512
Epoch: 1192, global_step=18293760
SPS: 1512
Epoch: 1193, global_step=18309120
SPS: 1512
Epoch: 1194, global_step=18324480
SPS: 1513
Epoch: 1195, global_step=18339840
SPS: 1513
Epoch: 1196, global_step=18355200
SPS: 1514
Epoch: 1197, global_step=18370560
SPS: 1514
Epoch: 1198, global_step=18385920
SPS: 1515
Epoch: 1199, global_step=18401280
SPS: 1515
Epoch: 1200, global_step=18416640
SPS: 1515
Epoch: 1201, global_step=18432000
Evaluating
Evaluated 17280 steps resulting in 96 episodes
[32mEvaluation Metric: success_once[0m | [36mMean: 0.0000[0m
[32mEvaluation Metric: return[0m | [36mMean: 26.6593[0m
[32mEvaluation Metric: episode_len[0m | [36mMean: 180.0000[0m
[32mEvaluation Metric: reward[0m | [36mMean: 0.1481[0m
[32mEvaluation Metric: success_at_end[0m | [36mMean: 0.0000[0m
model saved to checkpoints/ppo_memtasks/rgb_joints/normalized_dense/TakeItBack-v0/ppo-nonbelief-99__99__rgb_joints__20260119_124050/20260119_124050/ckpt_48_1201.pt
SPS: 1505
Epoch: 1202, global_step=18447360
SPS: 1505
Epoch: 1203, global_step=18462720
SPS: 1506
Epoch: 1204, global_step=18478080
SPS: 1506
Epoch: 1205, global_step=18493440
SPS: 1506
Epoch: 1206, global_step=18508800
SPS: 1507
Epoch: 1207, global_step=18524160
SPS: 1507
Epoch: 1208, global_step=18539520
SPS: 1508
Epoch: 1209, global_step=18554880
SPS: 1508
Epoch: 1210, global_step=18570240
SPS: 1509
Epoch: 1211, global_step=18585600
SPS: 1509
Epoch: 1212, global_step=18600960
SPS: 1509
Epoch: 1213, global_step=18616320
SPS: 1510
Epoch: 1214, global_step=18631680
SPS: 1510
Epoch: 1215, global_step=18647040
SPS: 1511
Epoch: 1216, global_step=18662400
SPS: 1511
Epoch: 1217, global_step=18677760
SPS: 1512
Epoch: 1218, global_step=18693120
SPS: 1512
Epoch: 1219, global_step=18708480
SPS: 1512
Epoch: 1220, global_step=18723840
SPS: 1513
Epoch: 1221, global_step=18739200
SPS: 1513
Epoch: 1222, global_step=18754560
SPS: 1514
Epoch: 1223, global_step=18769920
SPS: 1514
Epoch: 1224, global_step=18785280
SPS: 1514
Epoch: 1225, global_step=18800640
SPS: 1515
Epoch: 1226, global_step=18816000
Evaluating
Evaluated 17280 steps resulting in 96 episodes
[32mEvaluation Metric: success_once[0m | [36mMean: 0.0000[0m
[32mEvaluation Metric: return[0m | [36mMean: 24.1882[0m
[32mEvaluation Metric: episode_len[0m | [36mMean: 180.0000[0m
[32mEvaluation Metric: reward[0m | [36mMean: 0.1344[0m
[32mEvaluation Metric: success_at_end[0m | [36mMean: 0.0000[0m
model saved to checkpoints/ppo_memtasks/rgb_joints/normalized_dense/TakeItBack-v0/ppo-nonbelief-99__99__rgb_joints__20260119_124050/20260119_124050/ckpt_49_1226.pt
SPS: 1504
Epoch: 1227, global_step=18831360
SPS: 1505
Epoch: 1228, global_step=18846720
SPS: 1505
Epoch: 1229, global_step=18862080
SPS: 1505
Epoch: 1230, global_step=18877440
SPS: 1506
Epoch: 1231, global_step=18892800
SPS: 1506
Epoch: 1232, global_step=18908160
SPS: 1507
Epoch: 1233, global_step=18923520
SPS: 1507
Epoch: 1234, global_step=18938880
SPS: 1507
Epoch: 1235, global_step=18954240
SPS: 1508
Epoch: 1236, global_step=18969600
SPS: 1508
Epoch: 1237, global_step=18984960
SPS: 1509
Epoch: 1238, global_step=19000320
SPS: 1509
Epoch: 1239, global_step=19015680
SPS: 1509
Epoch: 1240, global_step=19031040
SPS: 1510
Epoch: 1241, global_step=19046400
SPS: 1510
Epoch: 1242, global_step=19061760
SPS: 1511
Epoch: 1243, global_step=19077120
SPS: 1511
Epoch: 1244, global_step=19092480
SPS: 1512
Epoch: 1245, global_step=19107840
SPS: 1512
Epoch: 1246, global_step=19123200
SPS: 1512
Epoch: 1247, global_step=19138560
SPS: 1513
Epoch: 1248, global_step=19153920
SPS: 1513
Epoch: 1249, global_step=19169280
SPS: 1514
Epoch: 1250, global_step=19184640
SPS: 1514
Epoch: 1251, global_step=19200000
Evaluating
Evaluated 17280 steps resulting in 96 episodes
[32mEvaluation Metric: success_once[0m | [36mMean: 0.0000[0m
[32mEvaluation Metric: return[0m | [36mMean: 25.5520[0m
[32mEvaluation Metric: episode_len[0m | [36mMean: 180.0000[0m
[32mEvaluation Metric: reward[0m | [36mMean: 0.1420[0m
[32mEvaluation Metric: success_at_end[0m | [36mMean: 0.0000[0m
model saved to checkpoints/ppo_memtasks/rgb_joints/normalized_dense/TakeItBack-v0/ppo-nonbelief-99__99__rgb_joints__20260119_124050/20260119_124050/ckpt_50_1251.pt
SPS: 1503
Epoch: 1252, global_step=19215360
SPS: 1504
Epoch: 1253, global_step=19230720
SPS: 1504
Epoch: 1254, global_step=19246080
SPS: 1505
Epoch: 1255, global_step=19261440
SPS: 1505
Epoch: 1256, global_step=19276800
SPS: 1505
Epoch: 1257, global_step=19292160
SPS: 1506
Epoch: 1258, global_step=19307520
SPS: 1506
Epoch: 1259, global_step=19322880
SPS: 1507
Epoch: 1260, global_step=19338240
SPS: 1507
Epoch: 1261, global_step=19353600
SPS: 1507
Epoch: 1262, global_step=19368960
SPS: 1508
Epoch: 1263, global_step=19384320
SPS: 1508
Epoch: 1264, global_step=19399680
SPS: 1509
Epoch: 1265, global_step=19415040
SPS: 1509
Epoch: 1266, global_step=19430400
SPS: 1509
Epoch: 1267, global_step=19445760
SPS: 1510
Epoch: 1268, global_step=19461120
SPS: 1510
Epoch: 1269, global_step=19476480
SPS: 1511
Epoch: 1270, global_step=19491840
SPS: 1511
Epoch: 1271, global_step=19507200
SPS: 1511
Epoch: 1272, global_step=19522560
SPS: 1512
Epoch: 1273, global_step=19537920
SPS: 1512
Epoch: 1274, global_step=19553280
SPS: 1513
Epoch: 1275, global_step=19568640
SPS: 1513
Epoch: 1276, global_step=19584000
Evaluating
Evaluated 17280 steps resulting in 96 episodes
[32mEvaluation Metric: success_once[0m | [36mMean: 0.0000[0m
[32mEvaluation Metric: return[0m | [36mMean: 24.0035[0m
[32mEvaluation Metric: episode_len[0m | [36mMean: 180.0000[0m
[32mEvaluation Metric: reward[0m | [36mMean: 0.1334[0m
[32mEvaluation Metric: success_at_end[0m | [36mMean: 0.0000[0m
model saved to checkpoints/ppo_memtasks/rgb_joints/normalized_dense/TakeItBack-v0/ppo-nonbelief-99__99__rgb_joints__20260119_124050/20260119_124050/ckpt_51_1276.pt
SPS: 1503
Epoch: 1277, global_step=19599360
SPS: 1503
Epoch: 1278, global_step=19614720
SPS: 1504
Epoch: 1279, global_step=19630080
SPS: 1504
Epoch: 1280, global_step=19645440
SPS: 1505
Epoch: 1281, global_step=19660800
SPS: 1505
Epoch: 1282, global_step=19676160
SPS: 1505
Epoch: 1283, global_step=19691520
SPS: 1506
Epoch: 1284, global_step=19706880
SPS: 1506
Epoch: 1285, global_step=19722240
SPS: 1507
Epoch: 1286, global_step=19737600
SPS: 1507
Epoch: 1287, global_step=19752960
SPS: 1507
Epoch: 1288, global_step=19768320
SPS: 1508
Epoch: 1289, global_step=19783680
SPS: 1508
Epoch: 1290, global_step=19799040
SPS: 1508
Epoch: 1291, global_step=19814400
SPS: 1509
Epoch: 1292, global_step=19829760
SPS: 1509
Epoch: 1293, global_step=19845120
SPS: 1510
Epoch: 1294, global_step=19860480
SPS: 1510
Epoch: 1295, global_step=19875840
SPS: 1510
Epoch: 1296, global_step=19891200
SPS: 1511
Epoch: 1297, global_step=19906560
SPS: 1511
Epoch: 1298, global_step=19921920
SPS: 1512
Epoch: 1299, global_step=19937280
SPS: 1512
Epoch: 1300, global_step=19952640
SPS: 1512
Epoch: 1301, global_step=19968000
Evaluating
Evaluated 17280 steps resulting in 96 episodes
[32mEvaluation Metric: success_once[0m | [36mMean: 0.0000[0m
[32mEvaluation Metric: return[0m | [36mMean: 27.4716[0m
[32mEvaluation Metric: episode_len[0m | [36mMean: 180.0000[0m
[32mEvaluation Metric: reward[0m | [36mMean: 0.1526[0m
[32mEvaluation Metric: success_at_end[0m | [36mMean: 0.0000[0m
model saved to checkpoints/ppo_memtasks/rgb_joints/normalized_dense/TakeItBack-v0/ppo-nonbelief-99__99__rgb_joints__20260119_124050/20260119_124050/ckpt_52_1301.pt
SPS: 1503
Epoch: 1302, global_step=19983360
SPS: 1503
model saved to checkpoints/ppo_memtasks/rgb_joints/normalized_dense/TakeItBack-v0/ppo-nonbelief-99__99__rgb_joints__20260119_124050/20260119_124050/final_ckpt.pt
