Enabling podman.socket for user: s4176650
Running RememberColor3-v0, seed 33

===========================================================================
║                        Environment Configuration                        ║
===========================================================================
║ Environment ID: RememberColor3-v0                                       ║
║ Oracle Info:    None                                                    ║
║ Wrappers:                                                               ║
║    ├─ InitialZeroActionWrapper                                         ║
║    │  └─ {'n_initial_steps': 0}                                           ║
║    ├─ RememberColorInfoWrapper                                         ║
║    ├─ RenderStepInfoWrapper                                            ║
║    ├─ RenderRewardInfoWrapper                                          ║
║    ├─ DebugRewardWrapper                                               ║
║-------------------------------------------------------------------------║
║ include_state:       False │ state will not be used                ║
║ include_rgb:         True  │ rgb images will be used               ║
║ include_oracle:      False │ oracle info will not be used          ║
║ include_joints:      True  │ joints will be used                   ║
===========================================================================

MODE='rgb_joints'
prompt_info=None
Saving eval videos to checkpoints/ppo_memtasks/rgb_joints/normalized_dense/RememberColor3-v0/ppo-nonbelief-baseline-33__33__rgb_joints__20260117_233414/20260117_233414/videos
======================================================================
Max Episode Steps: 60
======================================================================

Running training

####
args.num_iterations=865 args.num_envs=200 args.num_eval_envs=16
args.minibatch_size=375 args.batch_size=12000 args.update_epochs=4
####

sample_obs.keys()=dict_keys(['joints', 'rgb'])
joints: torch.Size([200, 25])
rgb: torch.Size([200, 128, 128, 3])


Epoch: 1, global_step=0
Evaluating
Evaluated 11520 steps resulting in 192 episodes
[32mEvaluation Metric: success_once[0m | [36mMean: 0.0000[0m
[32mEvaluation Metric: return[0m | [36mMean: 9.8796[0m
[32mEvaluation Metric: episode_len[0m | [36mMean: 60.0000[0m
[32mEvaluation Metric: reward[0m | [36mMean: 0.1647[0m
[32mEvaluation Metric: success_at_end[0m | [36mMean: 0.0000[0m
model saved to checkpoints/ppo_memtasks/rgb_joints/normalized_dense/RememberColor3-v0/ppo-nonbelief-baseline-33__33__rgb_joints__20260117_233414/20260117_233414/ckpt_0_1.pt
SPS: 201
Epoch: 2, global_step=12000
SPS: 370
Epoch: 3, global_step=24000
SPS: 515
Epoch: 4, global_step=36000
SPS: 638
Epoch: 5, global_step=48000
SPS: 744
Epoch: 6, global_step=60000
SPS: 836
Epoch: 7, global_step=72000
SPS: 915
Epoch: 8, global_step=84000
SPS: 985
Epoch: 9, global_step=96000
SPS: 1046
Epoch: 10, global_step=108000
SPS: 1099
Epoch: 11, global_step=120000
SPS: 1148
Epoch: 12, global_step=132000
SPS: 1191
Epoch: 13, global_step=144000
SPS: 1229
Epoch: 14, global_step=156000
SPS: 1264
Epoch: 15, global_step=168000
SPS: 1296
Epoch: 16, global_step=180000
SPS: 1326
Epoch: 17, global_step=192000
SPS: 1353
Epoch: 18, global_step=204000
SPS: 1377
Epoch: 19, global_step=216000
SPS: 1400
Epoch: 20, global_step=228000
SPS: 1422
Epoch: 21, global_step=240000
SPS: 1441
Epoch: 22, global_step=252000
SPS: 1460
Epoch: 23, global_step=264000
SPS: 1477
Epoch: 24, global_step=276000
SPS: 1493
Epoch: 25, global_step=288000
SPS: 1508
Epoch: 26, global_step=300000
SPS: 1522
Epoch: 27, global_step=312000
SPS: 1536
Epoch: 28, global_step=324000
SPS: 1548
Epoch: 29, global_step=336000
SPS: 1561
Epoch: 30, global_step=348000
SPS: 1572
Epoch: 31, global_step=360000
SPS: 1583
Epoch: 32, global_step=372000
SPS: 1593
Epoch: 33, global_step=384000
SPS: 1603
Epoch: 34, global_step=396000
SPS: 1612
Epoch: 35, global_step=408000
SPS: 1621
Epoch: 36, global_step=420000
SPS: 1630
Epoch: 37, global_step=432000
SPS: 1638
Epoch: 38, global_step=444000
SPS: 1646
Epoch: 39, global_step=456000
SPS: 1653
Epoch: 40, global_step=468000
SPS: 1660
Epoch: 41, global_step=480000
SPS: 1667
Epoch: 42, global_step=492000
SPS: 1674
Epoch: 43, global_step=504000
SPS: 1680
Epoch: 44, global_step=516000
SPS: 1686
Epoch: 45, global_step=528000
SPS: 1692
Epoch: 46, global_step=540000
SPS: 1697
Epoch: 47, global_step=552000
SPS: 1703
Epoch: 48, global_step=564000
SPS: 1708
Epoch: 49, global_step=576000
Evaluating
Evaluated 11520 steps resulting in 192 episodes
[32mEvaluation Metric: success_once[0m | [36mMean: 0.2969[0m
[32mEvaluation Metric: return[0m | [36mMean: 18.0167[0m
[32mEvaluation Metric: episode_len[0m | [36mMean: 60.0000[0m
[32mEvaluation Metric: reward[0m | [36mMean: 0.3003[0m
[32mEvaluation Metric: success_at_end[0m | [36mMean: 0.2917[0m
model saved to checkpoints/ppo_memtasks/rgb_joints/normalized_dense/RememberColor3-v0/ppo-nonbelief-baseline-33__33__rgb_joints__20260117_233414/20260117_233414/ckpt_1_49.pt
SPS: 1448
Epoch: 50, global_step=588000
SPS: 1457
Epoch: 51, global_step=600000
SPS: 1464
Epoch: 52, global_step=612000
SPS: 1472
Epoch: 53, global_step=624000
SPS: 1479
Epoch: 54, global_step=636000
SPS: 1486
Epoch: 55, global_step=648000
SPS: 1493
Epoch: 56, global_step=660000
SPS: 1500
Epoch: 57, global_step=672000
SPS: 1506
Epoch: 58, global_step=684000
SPS: 1513
Epoch: 59, global_step=696000
SPS: 1519
Epoch: 60, global_step=708000
SPS: 1525
Epoch: 61, global_step=720000
SPS: 1531
Epoch: 62, global_step=732000
SPS: 1536
Epoch: 63, global_step=744000
SPS: 1542
Epoch: 64, global_step=756000
SPS: 1547
Epoch: 65, global_step=768000
SPS: 1553
Epoch: 66, global_step=780000
SPS: 1558
Epoch: 67, global_step=792000
SPS: 1563
Epoch: 68, global_step=804000
SPS: 1568
Epoch: 69, global_step=816000
SPS: 1573
Epoch: 70, global_step=828000
SPS: 1578
Epoch: 71, global_step=840000
SPS: 1582
Epoch: 72, global_step=852000
SPS: 1587
Epoch: 73, global_step=864000
SPS: 1591
Epoch: 74, global_step=876000
SPS: 1596
Epoch: 75, global_step=888000
SPS: 1600
Epoch: 76, global_step=900000
SPS: 1604
Epoch: 77, global_step=912000
SPS: 1608
Epoch: 78, global_step=924000
SPS: 1612
Epoch: 79, global_step=936000
SPS: 1616
Epoch: 80, global_step=948000
SPS: 1620
Epoch: 81, global_step=960000
SPS: 1623
Epoch: 82, global_step=972000
SPS: 1627
Epoch: 83, global_step=984000
SPS: 1631
Epoch: 84, global_step=996000
SPS: 1634
Epoch: 85, global_step=1008000
SPS: 1638
Epoch: 86, global_step=1020000
SPS: 1641
Epoch: 87, global_step=1032000
SPS: 1645
Epoch: 88, global_step=1044000
SPS: 1648
Epoch: 89, global_step=1056000
SPS: 1651
Epoch: 90, global_step=1068000
SPS: 1654
Epoch: 91, global_step=1080000
SPS: 1657
Epoch: 92, global_step=1092000
SPS: 1660
Epoch: 93, global_step=1104000
SPS: 1664
Epoch: 94, global_step=1116000
SPS: 1667
Epoch: 95, global_step=1128000
SPS: 1670
Epoch: 96, global_step=1140000
SPS: 1673
Epoch: 97, global_step=1152000
Evaluating
Evaluated 11520 steps resulting in 192 episodes
[32mEvaluation Metric: success_once[0m | [36mMean: 0.4010[0m
[32mEvaluation Metric: return[0m | [36mMean: 15.7541[0m
[32mEvaluation Metric: episode_len[0m | [36mMean: 60.0000[0m
[32mEvaluation Metric: reward[0m | [36mMean: 0.2626[0m
[32mEvaluation Metric: success_at_end[0m | [36mMean: 0.1823[0m
model saved to checkpoints/ppo_memtasks/rgb_joints/normalized_dense/RememberColor3-v0/ppo-nonbelief-baseline-33__33__rgb_joints__20260117_233414/20260117_233414/ckpt_2_97.pt
SPS: 1538
Epoch: 98, global_step=1164000
SPS: 1542
Epoch: 99, global_step=1176000
SPS: 1546
Epoch: 100, global_step=1188000
SPS: 1549
Epoch: 101, global_step=1200000
SPS: 1553
Epoch: 102, global_step=1212000
SPS: 1556
Epoch: 103, global_step=1224000
SPS: 1560
Epoch: 104, global_step=1236000
SPS: 1563
Epoch: 105, global_step=1248000
SPS: 1566
Epoch: 106, global_step=1260000
SPS: 1569
Epoch: 107, global_step=1272000
SPS: 1572
Epoch: 108, global_step=1284000
SPS: 1575
Epoch: 109, global_step=1296000
SPS: 1578
Epoch: 110, global_step=1308000
SPS: 1581
Epoch: 111, global_step=1320000
SPS: 1584
Epoch: 112, global_step=1332000
SPS: 1587
Epoch: 113, global_step=1344000
SPS: 1590
Epoch: 114, global_step=1356000
SPS: 1593
Epoch: 115, global_step=1368000
SPS: 1596
Epoch: 116, global_step=1380000
SPS: 1598
Epoch: 117, global_step=1392000
SPS: 1601
Epoch: 118, global_step=1404000
SPS: 1604
Epoch: 119, global_step=1416000
SPS: 1606
Epoch: 120, global_step=1428000
SPS: 1609
Epoch: 121, global_step=1440000
SPS: 1611
Epoch: 122, global_step=1452000
SPS: 1614
Epoch: 123, global_step=1464000
SPS: 1617
Epoch: 124, global_step=1476000
SPS: 1619
Epoch: 125, global_step=1488000
SPS: 1622
Epoch: 126, global_step=1500000
SPS: 1624
Epoch: 127, global_step=1512000
SPS: 1627
Epoch: 128, global_step=1524000
SPS: 1629
Epoch: 129, global_step=1536000
SPS: 1631
Epoch: 130, global_step=1548000
SPS: 1634
Epoch: 131, global_step=1560000
SPS: 1636
Epoch: 132, global_step=1572000
SPS: 1638
Epoch: 133, global_step=1584000
SPS: 1640
Epoch: 134, global_step=1596000
SPS: 1642
Epoch: 135, global_step=1608000
SPS: 1645
Epoch: 136, global_step=1620000
SPS: 1647
Epoch: 137, global_step=1632000
SPS: 1650
Epoch: 138, global_step=1644000
SPS: 1652
Epoch: 139, global_step=1656000
SPS: 1654
Epoch: 140, global_step=1668000
SPS: 1656
Epoch: 141, global_step=1680000
SPS: 1658
Epoch: 142, global_step=1692000
SPS: 1660
Epoch: 143, global_step=1704000
SPS: 1662
Epoch: 144, global_step=1716000
SPS: 1664
Epoch: 145, global_step=1728000
Evaluating
Evaluated 11520 steps resulting in 192 episodes
[32mEvaluation Metric: success_once[0m | [36mMean: 0.5052[0m
[32mEvaluation Metric: return[0m | [36mMean: 16.1849[0m
[32mEvaluation Metric: episode_len[0m | [36mMean: 60.0000[0m
[32mEvaluation Metric: reward[0m | [36mMean: 0.2697[0m
[32mEvaluation Metric: success_at_end[0m | [36mMean: 0.2188[0m
model saved to checkpoints/ppo_memtasks/rgb_joints/normalized_dense/RememberColor3-v0/ppo-nonbelief-baseline-33__33__rgb_joints__20260117_233414/20260117_233414/ckpt_3_145.pt
SPS: 1570
Epoch: 146, global_step=1740000
SPS: 1573
Epoch: 147, global_step=1752000
SPS: 1575
Epoch: 148, global_step=1764000
SPS: 1577
Epoch: 149, global_step=1776000
SPS: 1579
Epoch: 150, global_step=1788000
SPS: 1582
Epoch: 151, global_step=1800000
SPS: 1584
Epoch: 152, global_step=1812000
SPS: 1586
Epoch: 153, global_step=1824000
SPS: 1588
Epoch: 154, global_step=1836000
SPS: 1591
Epoch: 155, global_step=1848000
SPS: 1594
Epoch: 156, global_step=1860000
SPS: 1596
Epoch: 157, global_step=1872000
SPS: 1598
Epoch: 158, global_step=1884000
SPS: 1600
Epoch: 159, global_step=1896000
SPS: 1602
Epoch: 160, global_step=1908000
SPS: 1604
Epoch: 161, global_step=1920000
SPS: 1607
Epoch: 162, global_step=1932000
SPS: 1609
Epoch: 163, global_step=1944000
SPS: 1611
Epoch: 164, global_step=1956000
SPS: 1614
Epoch: 165, global_step=1968000
SPS: 1616
Epoch: 166, global_step=1980000
SPS: 1617
Epoch: 167, global_step=1992000
SPS: 1619
Epoch: 168, global_step=2004000
SPS: 1621
Epoch: 169, global_step=2016000
SPS: 1623
Epoch: 170, global_step=2028000
SPS: 1626
Epoch: 171, global_step=2040000
SPS: 1627
Epoch: 172, global_step=2052000
SPS: 1629
Epoch: 173, global_step=2064000
SPS: 1631
Epoch: 174, global_step=2076000
SPS: 1632
Epoch: 175, global_step=2088000
SPS: 1634
Epoch: 176, global_step=2100000
SPS: 1636
Epoch: 177, global_step=2112000
SPS: 1638
Epoch: 178, global_step=2124000
SPS: 1639
Epoch: 179, global_step=2136000
SPS: 1641
Epoch: 180, global_step=2148000
SPS: 1643
Epoch: 181, global_step=2160000
SPS: 1645
Epoch: 182, global_step=2172000
SPS: 1646
Epoch: 183, global_step=2184000
SPS: 1648
Epoch: 184, global_step=2196000
SPS: 1649
Epoch: 185, global_step=2208000
SPS: 1651
Epoch: 186, global_step=2220000
SPS: 1653
Epoch: 187, global_step=2232000
SPS: 1654
Epoch: 188, global_step=2244000
SPS: 1656
Epoch: 189, global_step=2256000
SPS: 1657
Epoch: 190, global_step=2268000
SPS: 1659
Epoch: 191, global_step=2280000
SPS: 1660
Epoch: 192, global_step=2292000
SPS: 1662
Epoch: 193, global_step=2304000
Evaluating
Evaluated 11520 steps resulting in 192 episodes
[32mEvaluation Metric: success_once[0m | [36mMean: 0.4062[0m
[32mEvaluation Metric: return[0m | [36mMean: 13.0079[0m
[32mEvaluation Metric: episode_len[0m | [36mMean: 60.0000[0m
[32mEvaluation Metric: reward[0m | [36mMean: 0.2168[0m
[32mEvaluation Metric: success_at_end[0m | [36mMean: 0.2083[0m
model saved to checkpoints/ppo_memtasks/rgb_joints/normalized_dense/RememberColor3-v0/ppo-nonbelief-baseline-33__33__rgb_joints__20260117_233414/20260117_233414/ckpt_4_193.pt
SPS: 1591
Epoch: 194, global_step=2316000
SPS: 1592
Epoch: 195, global_step=2328000
SPS: 1594
Epoch: 196, global_step=2340000
SPS: 1596
Epoch: 197, global_step=2352000
SPS: 1598
Epoch: 198, global_step=2364000
SPS: 1600
Epoch: 199, global_step=2376000
SPS: 1602
Epoch: 200, global_step=2388000
SPS: 1604
Epoch: 201, global_step=2400000
SPS: 1606
Epoch: 202, global_step=2412000
SPS: 1607
Epoch: 203, global_step=2424000
SPS: 1609
Epoch: 204, global_step=2436000
SPS: 1611
Epoch: 205, global_step=2448000
SPS: 1613
Epoch: 206, global_step=2460000
SPS: 1614
Epoch: 207, global_step=2472000
SPS: 1616
Epoch: 208, global_step=2484000
SPS: 1618
Epoch: 209, global_step=2496000
SPS: 1620
Epoch: 210, global_step=2508000
SPS: 1622
Epoch: 211, global_step=2520000
SPS: 1623
Epoch: 212, global_step=2532000
SPS: 1625
Epoch: 213, global_step=2544000
SPS: 1626
Epoch: 214, global_step=2556000
SPS: 1628
Epoch: 215, global_step=2568000
SPS: 1630
Epoch: 216, global_step=2580000
SPS: 1631
Epoch: 217, global_step=2592000
SPS: 1633
Epoch: 218, global_step=2604000
SPS: 1634
Epoch: 219, global_step=2616000
SPS: 1636
Epoch: 220, global_step=2628000
SPS: 1638
Epoch: 221, global_step=2640000
SPS: 1639
Epoch: 222, global_step=2652000
SPS: 1641
Epoch: 223, global_step=2664000
SPS: 1642
Epoch: 224, global_step=2676000
SPS: 1644
Epoch: 225, global_step=2688000
SPS: 1645
Epoch: 226, global_step=2700000
SPS: 1647
Epoch: 227, global_step=2712000
SPS: 1649
Epoch: 228, global_step=2724000
SPS: 1651
Epoch: 229, global_step=2736000
SPS: 1652
Epoch: 230, global_step=2748000
SPS: 1653
Epoch: 231, global_step=2760000
SPS: 1655
Epoch: 232, global_step=2772000
SPS: 1657
Epoch: 233, global_step=2784000
SPS: 1658
Epoch: 234, global_step=2796000
SPS: 1659
Epoch: 235, global_step=2808000
SPS: 1661
Epoch: 236, global_step=2820000
SPS: 1662
Epoch: 237, global_step=2832000
SPS: 1664
Epoch: 238, global_step=2844000
SPS: 1665
Epoch: 239, global_step=2856000
SPS: 1666
Epoch: 240, global_step=2868000
SPS: 1668
Epoch: 241, global_step=2880000
Evaluating
Evaluated 11520 steps resulting in 192 episodes
[32mEvaluation Metric: success_once[0m | [36mMean: 0.4375[0m
[32mEvaluation Metric: return[0m | [36mMean: 15.1562[0m
[32mEvaluation Metric: episode_len[0m | [36mMean: 60.0000[0m
[32mEvaluation Metric: reward[0m | [36mMean: 0.2526[0m
[32mEvaluation Metric: success_at_end[0m | [36mMean: 0.1979[0m
model saved to checkpoints/ppo_memtasks/rgb_joints/normalized_dense/RememberColor3-v0/ppo-nonbelief-baseline-33__33__rgb_joints__20260117_233414/20260117_233414/ckpt_5_241.pt
SPS: 1610
Epoch: 242, global_step=2892000
SPS: 1612
Epoch: 243, global_step=2904000
SPS: 1613
Epoch: 244, global_step=2916000
SPS: 1614
Epoch: 245, global_step=2928000
SPS: 1616
Epoch: 246, global_step=2940000
SPS: 1617
Epoch: 247, global_step=2952000
SPS: 1618
Epoch: 248, global_step=2964000
SPS: 1620
Epoch: 249, global_step=2976000
SPS: 1621
Epoch: 250, global_step=2988000
SPS: 1623
Epoch: 251, global_step=3000000
SPS: 1624
Epoch: 252, global_step=3012000
SPS: 1626
Epoch: 253, global_step=3024000
SPS: 1627
Epoch: 254, global_step=3036000
SPS: 1629
Epoch: 255, global_step=3048000
SPS: 1630
Epoch: 256, global_step=3060000
SPS: 1631
Epoch: 257, global_step=3072000
SPS: 1633
Epoch: 258, global_step=3084000
SPS: 1634
Epoch: 259, global_step=3096000
SPS: 1635
Epoch: 260, global_step=3108000
SPS: 1636
Epoch: 261, global_step=3120000
SPS: 1638
Epoch: 262, global_step=3132000
SPS: 1639
Epoch: 263, global_step=3144000
SPS: 1640
Epoch: 264, global_step=3156000
SPS: 1642
Epoch: 265, global_step=3168000
SPS: 1643
Epoch: 266, global_step=3180000
SPS: 1644
Epoch: 267, global_step=3192000
SPS: 1645
Epoch: 268, global_step=3204000
SPS: 1646
Epoch: 269, global_step=3216000
SPS: 1648
Epoch: 270, global_step=3228000
SPS: 1649
Epoch: 271, global_step=3240000
SPS: 1650
Epoch: 272, global_step=3252000
SPS: 1652
Epoch: 273, global_step=3264000
SPS: 1653
Epoch: 274, global_step=3276000
SPS: 1654
Epoch: 275, global_step=3288000
SPS: 1655
Epoch: 276, global_step=3300000
SPS: 1657
Epoch: 277, global_step=3312000
SPS: 1658
Epoch: 278, global_step=3324000
SPS: 1659
Epoch: 279, global_step=3336000
SPS: 1660
Epoch: 280, global_step=3348000
SPS: 1661
Epoch: 281, global_step=3360000
SPS: 1663
Epoch: 282, global_step=3372000
SPS: 1664
Epoch: 283, global_step=3384000
SPS: 1665
Epoch: 284, global_step=3396000
SPS: 1667
Epoch: 285, global_step=3408000
SPS: 1667
Epoch: 286, global_step=3420000
SPS: 1669
Epoch: 287, global_step=3432000
SPS: 1670
Epoch: 288, global_step=3444000
SPS: 1671
Epoch: 289, global_step=3456000
Evaluating
Evaluated 11520 steps resulting in 192 episodes
[32mEvaluation Metric: success_once[0m | [36mMean: 0.4115[0m
[32mEvaluation Metric: return[0m | [36mMean: 18.2891[0m
[32mEvaluation Metric: episode_len[0m | [36mMean: 60.0000[0m
[32mEvaluation Metric: reward[0m | [36mMean: 0.3048[0m
[32mEvaluation Metric: success_at_end[0m | [36mMean: 0.3125[0m
model saved to checkpoints/ppo_memtasks/rgb_joints/normalized_dense/RememberColor3-v0/ppo-nonbelief-baseline-33__33__rgb_joints__20260117_233414/20260117_233414/ckpt_6_289.pt
SPS: 1616
Epoch: 290, global_step=3468000
SPS: 1617
Epoch: 291, global_step=3480000
SPS: 1618
Epoch: 292, global_step=3492000
SPS: 1619
Epoch: 293, global_step=3504000
SPS: 1620
Epoch: 294, global_step=3516000
SPS: 1621
Epoch: 295, global_step=3528000
SPS: 1623
Epoch: 296, global_step=3540000
SPS: 1624
Epoch: 297, global_step=3552000
SPS: 1625
Epoch: 298, global_step=3564000
SPS: 1626
Epoch: 299, global_step=3576000
SPS: 1627
Epoch: 300, global_step=3588000
SPS: 1628
Epoch: 301, global_step=3600000
SPS: 1629
Epoch: 302, global_step=3612000
SPS: 1630
Epoch: 303, global_step=3624000
SPS: 1632
Epoch: 304, global_step=3636000
SPS: 1633
Epoch: 305, global_step=3648000
SPS: 1634
Epoch: 306, global_step=3660000
SPS: 1634
Epoch: 307, global_step=3672000
SPS: 1635
Epoch: 308, global_step=3684000
SPS: 1636
Epoch: 309, global_step=3696000
SPS: 1637
Epoch: 310, global_step=3708000
SPS: 1638
Epoch: 311, global_step=3720000
SPS: 1639
Epoch: 312, global_step=3732000
SPS: 1640
Epoch: 313, global_step=3744000
SPS: 1641
Epoch: 314, global_step=3756000
SPS: 1642
Epoch: 315, global_step=3768000
SPS: 1643
Epoch: 316, global_step=3780000
SPS: 1644
Epoch: 317, global_step=3792000
SPS: 1645
Epoch: 318, global_step=3804000
SPS: 1646
Epoch: 319, global_step=3816000
SPS: 1647
Epoch: 320, global_step=3828000
SPS: 1648
Epoch: 321, global_step=3840000
SPS: 1649
Epoch: 322, global_step=3852000
SPS: 1650
Epoch: 323, global_step=3864000
SPS: 1651
Epoch: 324, global_step=3876000
SPS: 1652
Epoch: 325, global_step=3888000
SPS: 1654
Epoch: 326, global_step=3900000
SPS: 1655
Epoch: 327, global_step=3912000
SPS: 1656
Epoch: 328, global_step=3924000
SPS: 1657
Epoch: 329, global_step=3936000
SPS: 1658
Epoch: 330, global_step=3948000
SPS: 1659
Epoch: 331, global_step=3960000
SPS: 1660
Epoch: 332, global_step=3972000
SPS: 1661
Epoch: 333, global_step=3984000
SPS: 1662
Epoch: 334, global_step=3996000
SPS: 1663
Epoch: 335, global_step=4008000
SPS: 1664
Epoch: 336, global_step=4020000
SPS: 1665
Epoch: 337, global_step=4032000
Evaluating
Evaluated 11520 steps resulting in 192 episodes
[32mEvaluation Metric: success_once[0m | [36mMean: 0.3542[0m
[32mEvaluation Metric: return[0m | [36mMean: 18.7065[0m
[32mEvaluation Metric: episode_len[0m | [36mMean: 60.0000[0m
[32mEvaluation Metric: reward[0m | [36mMean: 0.3118[0m
[32mEvaluation Metric: success_at_end[0m | [36mMean: 0.2917[0m
model saved to checkpoints/ppo_memtasks/rgb_joints/normalized_dense/RememberColor3-v0/ppo-nonbelief-baseline-33__33__rgb_joints__20260117_233414/20260117_233414/ckpt_7_337.pt
SPS: 1612
Epoch: 338, global_step=4044000
SPS: 1614
Epoch: 339, global_step=4056000
SPS: 1615
Epoch: 340, global_step=4068000
SPS: 1616
Epoch: 341, global_step=4080000
SPS: 1617
Epoch: 342, global_step=4092000
SPS: 1618
Epoch: 343, global_step=4104000
SPS: 1619
Epoch: 344, global_step=4116000
SPS: 1620
Epoch: 345, global_step=4128000
SPS: 1621
Epoch: 346, global_step=4140000
SPS: 1622
Epoch: 347, global_step=4152000
SPS: 1623
Epoch: 348, global_step=4164000
SPS: 1624
Epoch: 349, global_step=4176000
SPS: 1625
Epoch: 350, global_step=4188000
SPS: 1626
Epoch: 351, global_step=4200000
SPS: 1627
Epoch: 352, global_step=4212000
SPS: 1628
Epoch: 353, global_step=4224000
SPS: 1629
Epoch: 354, global_step=4236000
SPS: 1630
Epoch: 355, global_step=4248000
SPS: 1631
Epoch: 356, global_step=4260000
SPS: 1632
Epoch: 357, global_step=4272000
SPS: 1633
Epoch: 358, global_step=4284000
SPS: 1634
Epoch: 359, global_step=4296000
SPS: 1635
Epoch: 360, global_step=4308000
SPS: 1636
Epoch: 361, global_step=4320000
SPS: 1637
Epoch: 362, global_step=4332000
SPS: 1638
Epoch: 363, global_step=4344000
SPS: 1639
Epoch: 364, global_step=4356000
SPS: 1640
Epoch: 365, global_step=4368000
SPS: 1641
Epoch: 366, global_step=4380000
SPS: 1642
Epoch: 367, global_step=4392000
SPS: 1642
Epoch: 368, global_step=4404000
SPS: 1643
Epoch: 369, global_step=4416000
SPS: 1644
Epoch: 370, global_step=4428000
SPS: 1645
Epoch: 371, global_step=4440000
SPS: 1646
Epoch: 372, global_step=4452000
SPS: 1647
Epoch: 373, global_step=4464000
SPS: 1648
Epoch: 374, global_step=4476000
SPS: 1649
Epoch: 375, global_step=4488000
SPS: 1650
Epoch: 376, global_step=4500000
SPS: 1651
Epoch: 377, global_step=4512000
SPS: 1652
Epoch: 378, global_step=4524000
SPS: 1653
Epoch: 379, global_step=4536000
SPS: 1654
Epoch: 380, global_step=4548000
SPS: 1655
Epoch: 381, global_step=4560000
SPS: 1656
Epoch: 382, global_step=4572000
SPS: 1657
Epoch: 383, global_step=4584000
SPS: 1658
Epoch: 384, global_step=4596000
SPS: 1659
Epoch: 385, global_step=4608000
Evaluating
Evaluated 11520 steps resulting in 192 episodes
[32mEvaluation Metric: success_once[0m | [36mMean: 0.4167[0m
[32mEvaluation Metric: return[0m | [36mMean: 22.3135[0m
[32mEvaluation Metric: episode_len[0m | [36mMean: 60.0000[0m
[32mEvaluation Metric: reward[0m | [36mMean: 0.3719[0m
[32mEvaluation Metric: success_at_end[0m | [36mMean: 0.4115[0m
model saved to checkpoints/ppo_memtasks/rgb_joints/normalized_dense/RememberColor3-v0/ppo-nonbelief-baseline-33__33__rgb_joints__20260117_233414/20260117_233414/ckpt_8_385.pt
SPS: 1614
Epoch: 386, global_step=4620000
SPS: 1615
Epoch: 387, global_step=4632000
SPS: 1615
Epoch: 388, global_step=4644000
SPS: 1616
Epoch: 389, global_step=4656000
SPS: 1617
Epoch: 390, global_step=4668000
SPS: 1618
Epoch: 391, global_step=4680000
SPS: 1619
Epoch: 392, global_step=4692000
SPS: 1620
Epoch: 393, global_step=4704000
SPS: 1621
Epoch: 394, global_step=4716000
SPS: 1622
Epoch: 395, global_step=4728000
SPS: 1623
Epoch: 396, global_step=4740000
SPS: 1624
Epoch: 397, global_step=4752000
SPS: 1625
Epoch: 398, global_step=4764000
SPS: 1626
Epoch: 399, global_step=4776000
SPS: 1627
Epoch: 400, global_step=4788000
SPS: 1628
Epoch: 401, global_step=4800000
SPS: 1629
Epoch: 402, global_step=4812000
SPS: 1629
Epoch: 403, global_step=4824000
SPS: 1631
Epoch: 404, global_step=4836000
SPS: 1631
Epoch: 405, global_step=4848000
SPS: 1632
Epoch: 406, global_step=4860000
SPS: 1633
Epoch: 407, global_step=4872000
SPS: 1634
Epoch: 408, global_step=4884000
SPS: 1634
Epoch: 409, global_step=4896000
SPS: 1635
Epoch: 410, global_step=4908000
SPS: 1636
Epoch: 411, global_step=4920000
SPS: 1637
Epoch: 412, global_step=4932000
SPS: 1638
Epoch: 413, global_step=4944000
SPS: 1639
Epoch: 414, global_step=4956000
SPS: 1640
Epoch: 415, global_step=4968000
SPS: 1641
Epoch: 416, global_step=4980000
SPS: 1642
Epoch: 417, global_step=4992000
SPS: 1642
Epoch: 418, global_step=5004000
SPS: 1643
Epoch: 419, global_step=5016000
SPS: 1644
Epoch: 420, global_step=5028000
SPS: 1645
Epoch: 421, global_step=5040000
SPS: 1646
Epoch: 422, global_step=5052000
SPS: 1647
Epoch: 423, global_step=5064000
SPS: 1648
Epoch: 424, global_step=5076000
SPS: 1648
Epoch: 425, global_step=5088000
SPS: 1649
Epoch: 426, global_step=5100000
SPS: 1650
Epoch: 427, global_step=5112000
SPS: 1651
Epoch: 428, global_step=5124000
SPS: 1652
Epoch: 429, global_step=5136000
SPS: 1652
Epoch: 430, global_step=5148000
SPS: 1653
Epoch: 431, global_step=5160000
SPS: 1654
Epoch: 432, global_step=5172000
SPS: 1655
Epoch: 433, global_step=5184000
Evaluating
Evaluated 11520 steps resulting in 192 episodes
[32mEvaluation Metric: success_once[0m | [36mMean: 0.4635[0m
[32mEvaluation Metric: return[0m | [36mMean: 23.1541[0m
[32mEvaluation Metric: episode_len[0m | [36mMean: 60.0000[0m
[32mEvaluation Metric: reward[0m | [36mMean: 0.3859[0m
[32mEvaluation Metric: success_at_end[0m | [36mMean: 0.4167[0m
model saved to checkpoints/ppo_memtasks/rgb_joints/normalized_dense/RememberColor3-v0/ppo-nonbelief-baseline-33__33__rgb_joints__20260117_233414/20260117_233414/ckpt_9_433.pt
SPS: 1620
Epoch: 434, global_step=5196000
SPS: 1620
Epoch: 435, global_step=5208000
SPS: 1621
Epoch: 436, global_step=5220000
SPS: 1622
Epoch: 437, global_step=5232000
SPS: 1622
Epoch: 438, global_step=5244000
SPS: 1623
Epoch: 439, global_step=5256000
SPS: 1624
Epoch: 440, global_step=5268000
SPS: 1625
Epoch: 441, global_step=5280000
SPS: 1626
Epoch: 442, global_step=5292000
SPS: 1627
Epoch: 443, global_step=5304000
SPS: 1627
Epoch: 444, global_step=5316000
SPS: 1628
Epoch: 445, global_step=5328000
SPS: 1629
Epoch: 446, global_step=5340000
SPS: 1630
Epoch: 447, global_step=5352000
SPS: 1631
Epoch: 448, global_step=5364000
SPS: 1631
Epoch: 449, global_step=5376000
SPS: 1632
Epoch: 450, global_step=5388000
SPS: 1633
Epoch: 451, global_step=5400000
SPS: 1633
Epoch: 452, global_step=5412000
SPS: 1634
Epoch: 453, global_step=5424000
SPS: 1635
Epoch: 454, global_step=5436000
SPS: 1636
Epoch: 455, global_step=5448000
SPS: 1637
Epoch: 456, global_step=5460000
SPS: 1638
Epoch: 457, global_step=5472000
SPS: 1639
Epoch: 458, global_step=5484000
SPS: 1639
Epoch: 459, global_step=5496000
SPS: 1640
Epoch: 460, global_step=5508000
SPS: 1641
Epoch: 461, global_step=5520000
SPS: 1642
Epoch: 462, global_step=5532000
SPS: 1642
Epoch: 463, global_step=5544000
SPS: 1643
Epoch: 464, global_step=5556000
SPS: 1644
Epoch: 465, global_step=5568000
SPS: 1644
Epoch: 466, global_step=5580000
SPS: 1645
Epoch: 467, global_step=5592000
SPS: 1646
Epoch: 468, global_step=5604000
SPS: 1647
Epoch: 469, global_step=5616000
SPS: 1648
Epoch: 470, global_step=5628000
SPS: 1648
Epoch: 471, global_step=5640000
SPS: 1649
Epoch: 472, global_step=5652000
SPS: 1650
Epoch: 473, global_step=5664000
SPS: 1651
Epoch: 474, global_step=5676000
SPS: 1651
Epoch: 475, global_step=5688000
SPS: 1652
Epoch: 476, global_step=5700000
SPS: 1652
Epoch: 477, global_step=5712000
SPS: 1653
Epoch: 478, global_step=5724000
SPS: 1654
Epoch: 479, global_step=5736000
SPS: 1655
Epoch: 480, global_step=5748000
SPS: 1655
Epoch: 481, global_step=5760000
Evaluating
Evaluated 11520 steps resulting in 192 episodes
[32mEvaluation Metric: success_once[0m | [36mMean: 0.5625[0m
[32mEvaluation Metric: return[0m | [36mMean: 26.9891[0m
[32mEvaluation Metric: episode_len[0m | [36mMean: 60.0000[0m
[32mEvaluation Metric: reward[0m | [36mMean: 0.4498[0m
[32mEvaluation Metric: success_at_end[0m | [36mMean: 0.5312[0m
model saved to checkpoints/ppo_memtasks/rgb_joints/normalized_dense/RememberColor3-v0/ppo-nonbelief-baseline-33__33__rgb_joints__20260117_233414/20260117_233414/ckpt_10_481.pt
SPS: 1622
Epoch: 482, global_step=5772000
SPS: 1623
Epoch: 483, global_step=5784000
SPS: 1623
Epoch: 484, global_step=5796000
SPS: 1624
Epoch: 485, global_step=5808000
SPS: 1625
Epoch: 486, global_step=5820000
SPS: 1626
Epoch: 487, global_step=5832000
SPS: 1626
Epoch: 488, global_step=5844000
SPS: 1627
Epoch: 489, global_step=5856000
SPS: 1628
Epoch: 490, global_step=5868000
SPS: 1629
Epoch: 491, global_step=5880000
SPS: 1630
Epoch: 492, global_step=5892000
SPS: 1630
Epoch: 493, global_step=5904000
SPS: 1631
Epoch: 494, global_step=5916000
SPS: 1632
Epoch: 495, global_step=5928000
SPS: 1632
Epoch: 496, global_step=5940000
SPS: 1633
Epoch: 497, global_step=5952000
SPS: 1633
Epoch: 498, global_step=5964000
SPS: 1634
Epoch: 499, global_step=5976000
SPS: 1635
Epoch: 500, global_step=5988000
SPS: 1635
Epoch: 501, global_step=6000000
SPS: 1636
Epoch: 502, global_step=6012000
SPS: 1637
Epoch: 503, global_step=6024000
SPS: 1638
Epoch: 504, global_step=6036000
SPS: 1638
Epoch: 505, global_step=6048000
SPS: 1638
Epoch: 506, global_step=6060000
SPS: 1639
Epoch: 507, global_step=6072000
SPS: 1640
Epoch: 508, global_step=6084000
SPS: 1641
Epoch: 509, global_step=6096000
SPS: 1642
Epoch: 510, global_step=6108000
SPS: 1642
Epoch: 511, global_step=6120000
SPS: 1643
Epoch: 512, global_step=6132000
SPS: 1644
Epoch: 513, global_step=6144000
SPS: 1644
Epoch: 514, global_step=6156000
SPS: 1645
Epoch: 515, global_step=6168000
SPS: 1646
Epoch: 516, global_step=6180000
SPS: 1647
Epoch: 517, global_step=6192000
SPS: 1647
Epoch: 518, global_step=6204000
SPS: 1648
Epoch: 519, global_step=6216000
SPS: 1649
Epoch: 520, global_step=6228000
SPS: 1649
Epoch: 521, global_step=6240000
SPS: 1650
Epoch: 522, global_step=6252000
SPS: 1650
Epoch: 523, global_step=6264000
SPS: 1651
Epoch: 524, global_step=6276000
SPS: 1652
Epoch: 525, global_step=6288000
SPS: 1652
Epoch: 526, global_step=6300000
SPS: 1653
Epoch: 527, global_step=6312000
SPS: 1653
Epoch: 528, global_step=6324000
SPS: 1654
Epoch: 529, global_step=6336000
Evaluating
Evaluated 11520 steps resulting in 192 episodes
[32mEvaluation Metric: success_once[0m | [36mMean: 0.5677[0m
[32mEvaluation Metric: return[0m | [36mMean: 27.4731[0m
[32mEvaluation Metric: episode_len[0m | [36mMean: 60.0000[0m
[32mEvaluation Metric: reward[0m | [36mMean: 0.4579[0m
[32mEvaluation Metric: success_at_end[0m | [36mMean: 0.5260[0m
model saved to checkpoints/ppo_memtasks/rgb_joints/normalized_dense/RememberColor3-v0/ppo-nonbelief-baseline-33__33__rgb_joints__20260117_233414/20260117_233414/ckpt_11_529.pt
SPS: 1620
Epoch: 530, global_step=6348000
SPS: 1621
Epoch: 531, global_step=6360000
SPS: 1622
Epoch: 532, global_step=6372000
SPS: 1623
Epoch: 533, global_step=6384000
SPS: 1623
Epoch: 534, global_step=6396000
SPS: 1624
Epoch: 535, global_step=6408000
SPS: 1625
Epoch: 536, global_step=6420000
SPS: 1625
Epoch: 537, global_step=6432000
SPS: 1626
Epoch: 538, global_step=6444000
SPS: 1626
Epoch: 539, global_step=6456000
SPS: 1627
Epoch: 540, global_step=6468000
SPS: 1628
Epoch: 541, global_step=6480000
SPS: 1628
Epoch: 542, global_step=6492000
SPS: 1629
Epoch: 543, global_step=6504000
SPS: 1629
Epoch: 544, global_step=6516000
SPS: 1630
Epoch: 545, global_step=6528000
SPS: 1631
Epoch: 546, global_step=6540000
SPS: 1631
Epoch: 547, global_step=6552000
SPS: 1632
Epoch: 548, global_step=6564000
SPS: 1632
Epoch: 549, global_step=6576000
SPS: 1633
Epoch: 550, global_step=6588000
SPS: 1634
Epoch: 551, global_step=6600000
SPS: 1634
Epoch: 552, global_step=6612000
SPS: 1635
Epoch: 553, global_step=6624000
SPS: 1636
Epoch: 554, global_step=6636000
SPS: 1636
Epoch: 555, global_step=6648000
SPS: 1637
Epoch: 556, global_step=6660000
SPS: 1637
Epoch: 557, global_step=6672000
SPS: 1638
Epoch: 558, global_step=6684000
SPS: 1638
Epoch: 559, global_step=6696000
SPS: 1639
Epoch: 560, global_step=6708000
SPS: 1640
Epoch: 561, global_step=6720000
SPS: 1640
Epoch: 562, global_step=6732000
SPS: 1641
Epoch: 563, global_step=6744000
SPS: 1642
Epoch: 564, global_step=6756000
SPS: 1642
Epoch: 565, global_step=6768000
SPS: 1643
Epoch: 566, global_step=6780000
SPS: 1644
Epoch: 567, global_step=6792000
SPS: 1644
Epoch: 568, global_step=6804000
SPS: 1645
Epoch: 569, global_step=6816000
SPS: 1645
Epoch: 570, global_step=6828000
SPS: 1646
Epoch: 571, global_step=6840000
SPS: 1647
Epoch: 572, global_step=6852000
SPS: 1647
Epoch: 573, global_step=6864000
SPS: 1648
Epoch: 574, global_step=6876000
SPS: 1648
Epoch: 575, global_step=6888000
SPS: 1649
Epoch: 576, global_step=6900000
SPS: 1649
Epoch: 577, global_step=6912000
Evaluating
Evaluated 11520 steps resulting in 192 episodes
[32mEvaluation Metric: success_once[0m | [36mMean: 0.6042[0m
[32mEvaluation Metric: return[0m | [36mMean: 29.3831[0m
[32mEvaluation Metric: episode_len[0m | [36mMean: 60.0000[0m
[32mEvaluation Metric: reward[0m | [36mMean: 0.4897[0m
[32mEvaluation Metric: success_at_end[0m | [36mMean: 0.5833[0m
model saved to checkpoints/ppo_memtasks/rgb_joints/normalized_dense/RememberColor3-v0/ppo-nonbelief-baseline-33__33__rgb_joints__20260117_233414/20260117_233414/ckpt_12_577.pt
SPS: 1622
Epoch: 578, global_step=6924000
SPS: 1623
Epoch: 579, global_step=6936000
SPS: 1624
Epoch: 580, global_step=6948000
SPS: 1624
Epoch: 581, global_step=6960000
SPS: 1625
Epoch: 582, global_step=6972000
SPS: 1626
Epoch: 583, global_step=6984000
SPS: 1626
Epoch: 584, global_step=6996000
SPS: 1627
Epoch: 585, global_step=7008000
SPS: 1627
Epoch: 586, global_step=7020000
SPS: 1628
Epoch: 587, global_step=7032000
SPS: 1629
Epoch: 588, global_step=7044000
SPS: 1629
Epoch: 589, global_step=7056000
SPS: 1630
Epoch: 590, global_step=7068000
SPS: 1630
Epoch: 591, global_step=7080000
SPS: 1631
Epoch: 592, global_step=7092000
SPS: 1632
Epoch: 593, global_step=7104000
SPS: 1632
Epoch: 594, global_step=7116000
SPS: 1633
Epoch: 595, global_step=7128000
SPS: 1633
Epoch: 596, global_step=7140000
SPS: 1634
Epoch: 597, global_step=7152000
SPS: 1634
Epoch: 598, global_step=7164000
SPS: 1635
Epoch: 599, global_step=7176000
SPS: 1636
Epoch: 600, global_step=7188000
SPS: 1636
Epoch: 601, global_step=7200000
SPS: 1637
Epoch: 602, global_step=7212000
SPS: 1638
Epoch: 603, global_step=7224000
SPS: 1638
Epoch: 604, global_step=7236000
SPS: 1639
Epoch: 605, global_step=7248000
SPS: 1639
Epoch: 606, global_step=7260000
SPS: 1640
Epoch: 607, global_step=7272000
SPS: 1641
Epoch: 608, global_step=7284000
SPS: 1641
Epoch: 609, global_step=7296000
SPS: 1642
Epoch: 610, global_step=7308000
SPS: 1642
Epoch: 611, global_step=7320000
SPS: 1643
Epoch: 612, global_step=7332000
SPS: 1644
Epoch: 613, global_step=7344000
SPS: 1644
Epoch: 614, global_step=7356000
SPS: 1645
Epoch: 615, global_step=7368000
SPS: 1645
Epoch: 616, global_step=7380000
SPS: 1646
Epoch: 617, global_step=7392000
SPS: 1646
Epoch: 618, global_step=7404000
SPS: 1647
Epoch: 619, global_step=7416000
SPS: 1648
Epoch: 620, global_step=7428000
SPS: 1648
Epoch: 621, global_step=7440000
SPS: 1649
Epoch: 622, global_step=7452000
SPS: 1649
Epoch: 623, global_step=7464000
SPS: 1650
Epoch: 624, global_step=7476000
SPS: 1651
Epoch: 625, global_step=7488000
Evaluating
Evaluated 11520 steps resulting in 192 episodes
[32mEvaluation Metric: success_once[0m | [36mMean: 0.5052[0m
[32mEvaluation Metric: return[0m | [36mMean: 26.2309[0m
[32mEvaluation Metric: episode_len[0m | [36mMean: 60.0000[0m
[32mEvaluation Metric: reward[0m | [36mMean: 0.4372[0m
[32mEvaluation Metric: success_at_end[0m | [36mMean: 0.4792[0m
model saved to checkpoints/ppo_memtasks/rgb_joints/normalized_dense/RememberColor3-v0/ppo-nonbelief-baseline-33__33__rgb_joints__20260117_233414/20260117_233414/ckpt_13_625.pt
SPS: 1627
Epoch: 626, global_step=7500000
SPS: 1627
Epoch: 627, global_step=7512000
SPS: 1628
Epoch: 628, global_step=7524000
SPS: 1628
Epoch: 629, global_step=7536000
SPS: 1629
Epoch: 630, global_step=7548000
SPS: 1629
Epoch: 631, global_step=7560000
SPS: 1630
Epoch: 632, global_step=7572000
SPS: 1630
Epoch: 633, global_step=7584000
SPS: 1631
Epoch: 634, global_step=7596000
SPS: 1632
Epoch: 635, global_step=7608000
SPS: 1632
Epoch: 636, global_step=7620000
SPS: 1633
Epoch: 637, global_step=7632000
SPS: 1633
Epoch: 638, global_step=7644000
SPS: 1634
Epoch: 639, global_step=7656000
SPS: 1634
Epoch: 640, global_step=7668000
SPS: 1635
Epoch: 641, global_step=7680000
SPS: 1636
Epoch: 642, global_step=7692000
SPS: 1636
Epoch: 643, global_step=7704000
SPS: 1637
Epoch: 644, global_step=7716000
SPS: 1637
Epoch: 645, global_step=7728000
SPS: 1638
Epoch: 646, global_step=7740000
SPS: 1638
Epoch: 647, global_step=7752000
SPS: 1639
Epoch: 648, global_step=7764000
SPS: 1639
Epoch: 649, global_step=7776000
SPS: 1640
Epoch: 650, global_step=7788000
SPS: 1640
Epoch: 651, global_step=7800000
SPS: 1641
Epoch: 652, global_step=7812000
SPS: 1642
Epoch: 653, global_step=7824000
SPS: 1642
Epoch: 654, global_step=7836000
SPS: 1643
Epoch: 655, global_step=7848000
SPS: 1643
Epoch: 656, global_step=7860000
SPS: 1644
Epoch: 657, global_step=7872000
SPS: 1644
Epoch: 658, global_step=7884000
SPS: 1645
Epoch: 659, global_step=7896000
SPS: 1645
Epoch: 660, global_step=7908000
SPS: 1646
Epoch: 661, global_step=7920000
SPS: 1646
Epoch: 662, global_step=7932000
SPS: 1647
Epoch: 663, global_step=7944000
SPS: 1647
Epoch: 664, global_step=7956000
SPS: 1648
Epoch: 665, global_step=7968000
SPS: 1649
Epoch: 666, global_step=7980000
SPS: 1649
Epoch: 667, global_step=7992000
SPS: 1650
Epoch: 668, global_step=8004000
SPS: 1650
Epoch: 669, global_step=8016000
SPS: 1651
Epoch: 670, global_step=8028000
SPS: 1651
Epoch: 671, global_step=8040000
SPS: 1652
Epoch: 672, global_step=8052000
SPS: 1652
Epoch: 673, global_step=8064000
Evaluating
Evaluated 11520 steps resulting in 192 episodes
[32mEvaluation Metric: success_once[0m | [36mMean: 0.4635[0m
[32mEvaluation Metric: return[0m | [36mMean: 22.4251[0m
[32mEvaluation Metric: episode_len[0m | [36mMean: 60.0000[0m
[32mEvaluation Metric: reward[0m | [36mMean: 0.3738[0m
[32mEvaluation Metric: success_at_end[0m | [36mMean: 0.4479[0m
model saved to checkpoints/ppo_memtasks/rgb_joints/normalized_dense/RememberColor3-v0/ppo-nonbelief-baseline-33__33__rgb_joints__20260117_233414/20260117_233414/ckpt_14_673.pt
SPS: 1629
Epoch: 674, global_step=8076000
SPS: 1629
Epoch: 675, global_step=8088000
SPS: 1630
Epoch: 676, global_step=8100000
SPS: 1631
Epoch: 677, global_step=8112000
SPS: 1631
Epoch: 678, global_step=8124000
SPS: 1631
Epoch: 679, global_step=8136000
SPS: 1632
Epoch: 680, global_step=8148000
SPS: 1633
Epoch: 681, global_step=8160000
SPS: 1633
Epoch: 682, global_step=8172000
SPS: 1634
Epoch: 683, global_step=8184000
SPS: 1634
Epoch: 684, global_step=8196000
SPS: 1634
Epoch: 685, global_step=8208000
SPS: 1635
Epoch: 686, global_step=8220000
SPS: 1636
Epoch: 687, global_step=8232000
SPS: 1636
Epoch: 688, global_step=8244000
SPS: 1637
Epoch: 689, global_step=8256000
SPS: 1637
Epoch: 690, global_step=8268000
SPS: 1638
Epoch: 691, global_step=8280000
SPS: 1638
Epoch: 692, global_step=8292000
SPS: 1639
Epoch: 693, global_step=8304000
SPS: 1639
Epoch: 694, global_step=8316000
SPS: 1640
Epoch: 695, global_step=8328000
SPS: 1641
Epoch: 696, global_step=8340000
SPS: 1641
Epoch: 697, global_step=8352000
SPS: 1641
Epoch: 698, global_step=8364000
SPS: 1642
Epoch: 699, global_step=8376000
SPS: 1642
Epoch: 700, global_step=8388000
SPS: 1643
Epoch: 701, global_step=8400000
SPS: 1643
Epoch: 702, global_step=8412000
SPS: 1644
Epoch: 703, global_step=8424000
SPS: 1644
Epoch: 704, global_step=8436000
SPS: 1645
Epoch: 705, global_step=8448000
SPS: 1645
Epoch: 706, global_step=8460000
SPS: 1646
Epoch: 707, global_step=8472000
SPS: 1646
Epoch: 708, global_step=8484000
SPS: 1647
Epoch: 709, global_step=8496000
SPS: 1647
Epoch: 710, global_step=8508000
SPS: 1648
Epoch: 711, global_step=8520000
SPS: 1648
Epoch: 712, global_step=8532000
SPS: 1649
Epoch: 713, global_step=8544000
SPS: 1649
Epoch: 714, global_step=8556000
SPS: 1650
Epoch: 715, global_step=8568000
SPS: 1651
Epoch: 716, global_step=8580000
SPS: 1651
Epoch: 717, global_step=8592000
SPS: 1651
Epoch: 718, global_step=8604000
SPS: 1652
Epoch: 719, global_step=8616000
SPS: 1652
Epoch: 720, global_step=8628000
SPS: 1653
Epoch: 721, global_step=8640000
Evaluating
Evaluated 11520 steps resulting in 192 episodes
[32mEvaluation Metric: success_once[0m | [36mMean: 0.5938[0m
[32mEvaluation Metric: return[0m | [36mMean: 28.7029[0m
[32mEvaluation Metric: episode_len[0m | [36mMean: 60.0000[0m
[32mEvaluation Metric: reward[0m | [36mMean: 0.4784[0m
[32mEvaluation Metric: success_at_end[0m | [36mMean: 0.5781[0m
model saved to checkpoints/ppo_memtasks/rgb_joints/normalized_dense/RememberColor3-v0/ppo-nonbelief-baseline-33__33__rgb_joints__20260117_233414/20260117_233414/ckpt_15_721.pt
SPS: 1631
Epoch: 722, global_step=8652000
SPS: 1632
Epoch: 723, global_step=8664000
SPS: 1632
Epoch: 724, global_step=8676000
SPS: 1633
Epoch: 725, global_step=8688000
SPS: 1633
Epoch: 726, global_step=8700000
SPS: 1634
Epoch: 727, global_step=8712000
SPS: 1634
Epoch: 728, global_step=8724000
SPS: 1635
Epoch: 729, global_step=8736000
SPS: 1635
Epoch: 730, global_step=8748000
SPS: 1636
Epoch: 731, global_step=8760000
SPS: 1636
Epoch: 732, global_step=8772000
SPS: 1637
Epoch: 733, global_step=8784000
SPS: 1637
Epoch: 734, global_step=8796000
SPS: 1638
Epoch: 735, global_step=8808000
SPS: 1638
Epoch: 736, global_step=8820000
SPS: 1639
Epoch: 737, global_step=8832000
SPS: 1639
Epoch: 738, global_step=8844000
SPS: 1640
Epoch: 739, global_step=8856000
SPS: 1640
Epoch: 740, global_step=8868000
SPS: 1641
Epoch: 741, global_step=8880000
SPS: 1641
Epoch: 742, global_step=8892000
SPS: 1642
Epoch: 743, global_step=8904000
SPS: 1643
Epoch: 744, global_step=8916000
SPS: 1643
Epoch: 745, global_step=8928000
SPS: 1644
Epoch: 746, global_step=8940000
SPS: 1644
Epoch: 747, global_step=8952000
SPS: 1645
Epoch: 748, global_step=8964000
SPS: 1645
Epoch: 749, global_step=8976000
SPS: 1646
Epoch: 750, global_step=8988000
SPS: 1646
Epoch: 751, global_step=9000000
SPS: 1647
Epoch: 752, global_step=9012000
SPS: 1647
Epoch: 753, global_step=9024000
SPS: 1648
Epoch: 754, global_step=9036000
SPS: 1649
Epoch: 755, global_step=9048000
SPS: 1649
Epoch: 756, global_step=9060000
SPS: 1650
Epoch: 757, global_step=9072000
SPS: 1650
Epoch: 758, global_step=9084000
SPS: 1651
Epoch: 759, global_step=9096000
SPS: 1651
Epoch: 760, global_step=9108000
SPS: 1652
Epoch: 761, global_step=9120000
SPS: 1652
Epoch: 762, global_step=9132000
SPS: 1653
Epoch: 763, global_step=9144000
SPS: 1653
Epoch: 764, global_step=9156000
SPS: 1654
Epoch: 765, global_step=9168000
SPS: 1654
Epoch: 766, global_step=9180000
SPS: 1655
Epoch: 767, global_step=9192000
SPS: 1655
Epoch: 768, global_step=9204000
SPS: 1656
Epoch: 769, global_step=9216000
Evaluating
Evaluated 11520 steps resulting in 192 episodes
[32mEvaluation Metric: success_once[0m | [36mMean: 0.4635[0m
[32mEvaluation Metric: return[0m | [36mMean: 23.2559[0m
[32mEvaluation Metric: episode_len[0m | [36mMean: 60.0000[0m
[32mEvaluation Metric: reward[0m | [36mMean: 0.3876[0m
[32mEvaluation Metric: success_at_end[0m | [36mMean: 0.4323[0m
model saved to checkpoints/ppo_memtasks/rgb_joints/normalized_dense/RememberColor3-v0/ppo-nonbelief-baseline-33__33__rgb_joints__20260117_233414/20260117_233414/ckpt_16_769.pt
SPS: 1638
Epoch: 770, global_step=9228000
SPS: 1639
Epoch: 771, global_step=9240000
SPS: 1639
Epoch: 772, global_step=9252000
SPS: 1640
Epoch: 773, global_step=9264000
SPS: 1640
Epoch: 774, global_step=9276000
SPS: 1641
Epoch: 775, global_step=9288000
SPS: 1641
Epoch: 776, global_step=9300000
SPS: 1642
Epoch: 777, global_step=9312000
SPS: 1642
Epoch: 778, global_step=9324000
SPS: 1643
Epoch: 779, global_step=9336000
SPS: 1643
Epoch: 780, global_step=9348000
SPS: 1643
Epoch: 781, global_step=9360000
SPS: 1644
Epoch: 782, global_step=9372000
SPS: 1645
Epoch: 783, global_step=9384000
SPS: 1645
Epoch: 784, global_step=9396000
SPS: 1646
Epoch: 785, global_step=9408000
SPS: 1646
Epoch: 786, global_step=9420000
SPS: 1647
Epoch: 787, global_step=9432000
SPS: 1647
Epoch: 788, global_step=9444000
SPS: 1647
Epoch: 789, global_step=9456000
SPS: 1648
Epoch: 790, global_step=9468000
SPS: 1649
Epoch: 791, global_step=9480000
SPS: 1649
Epoch: 792, global_step=9492000
SPS: 1650
Epoch: 793, global_step=9504000
SPS: 1650
Epoch: 794, global_step=9516000
SPS: 1651
Epoch: 795, global_step=9528000
SPS: 1651
Epoch: 796, global_step=9540000
SPS: 1652
Epoch: 797, global_step=9552000
SPS: 1652
Epoch: 798, global_step=9564000
SPS: 1653
Epoch: 799, global_step=9576000
SPS: 1653
Epoch: 800, global_step=9588000
SPS: 1653
Epoch: 801, global_step=9600000
SPS: 1654
Epoch: 802, global_step=9612000
SPS: 1654
Epoch: 803, global_step=9624000
SPS: 1655
Epoch: 804, global_step=9636000
SPS: 1655
Epoch: 805, global_step=9648000
SPS: 1656
Epoch: 806, global_step=9660000
SPS: 1656
Epoch: 807, global_step=9672000
SPS: 1657
Epoch: 808, global_step=9684000
SPS: 1658
Epoch: 809, global_step=9696000
SPS: 1658
Epoch: 810, global_step=9708000
SPS: 1659
Epoch: 811, global_step=9720000
SPS: 1659
Epoch: 812, global_step=9732000
SPS: 1659
Epoch: 813, global_step=9744000
SPS: 1660
Epoch: 814, global_step=9756000
SPS: 1660
Epoch: 815, global_step=9768000
SPS: 1661
Epoch: 816, global_step=9780000
SPS: 1661
Epoch: 817, global_step=9792000
Evaluating
Evaluated 11520 steps resulting in 192 episodes
[32mEvaluation Metric: success_once[0m | [36mMean: 0.4844[0m
[32mEvaluation Metric: return[0m | [36mMean: 24.0901[0m
[32mEvaluation Metric: episode_len[0m | [36mMean: 60.0000[0m
[32mEvaluation Metric: reward[0m | [36mMean: 0.4015[0m
[32mEvaluation Metric: success_at_end[0m | [36mMean: 0.4583[0m
model saved to checkpoints/ppo_memtasks/rgb_joints/normalized_dense/RememberColor3-v0/ppo-nonbelief-baseline-33__33__rgb_joints__20260117_233414/20260117_233414/ckpt_17_817.pt
SPS: 1644
Epoch: 818, global_step=9804000
SPS: 1645
Epoch: 819, global_step=9816000
SPS: 1645
Epoch: 820, global_step=9828000
SPS: 1646
Epoch: 821, global_step=9840000
SPS: 1646
Epoch: 822, global_step=9852000
SPS: 1646
Epoch: 823, global_step=9864000
SPS: 1647
Epoch: 824, global_step=9876000
SPS: 1647
Epoch: 825, global_step=9888000
SPS: 1648
Epoch: 826, global_step=9900000
SPS: 1648
Epoch: 827, global_step=9912000
SPS: 1649
Epoch: 828, global_step=9924000
SPS: 1649
Epoch: 829, global_step=9936000
SPS: 1650
Epoch: 830, global_step=9948000
SPS: 1650
Epoch: 831, global_step=9960000
SPS: 1650
Epoch: 832, global_step=9972000
SPS: 1651
Epoch: 833, global_step=9984000
SPS: 1651
Epoch: 834, global_step=9996000
SPS: 1652
Epoch: 835, global_step=10008000
SPS: 1652
Epoch: 836, global_step=10020000
SPS: 1653
Epoch: 837, global_step=10032000
SPS: 1653
Epoch: 838, global_step=10044000
SPS: 1654
Epoch: 839, global_step=10056000
SPS: 1654
Epoch: 840, global_step=10068000
SPS: 1654
Epoch: 841, global_step=10080000
SPS: 1655
Epoch: 842, global_step=10092000
SPS: 1656
Epoch: 843, global_step=10104000
SPS: 1656
Epoch: 844, global_step=10116000
SPS: 1656
Epoch: 845, global_step=10128000
SPS: 1657
Epoch: 846, global_step=10140000
SPS: 1657
Epoch: 847, global_step=10152000
SPS: 1657
Epoch: 848, global_step=10164000
SPS: 1658
Epoch: 849, global_step=10176000
SPS: 1658
Epoch: 850, global_step=10188000
SPS: 1659
Epoch: 851, global_step=10200000
SPS: 1659
Epoch: 852, global_step=10212000
SPS: 1660
Epoch: 853, global_step=10224000
SPS: 1660
Epoch: 854, global_step=10236000
SPS: 1660
Epoch: 855, global_step=10248000
SPS: 1661
Epoch: 856, global_step=10260000
SPS: 1661
Epoch: 857, global_step=10272000
SPS: 1662
Epoch: 858, global_step=10284000
SPS: 1662
Epoch: 859, global_step=10296000
SPS: 1662
Epoch: 860, global_step=10308000
SPS: 1663
Epoch: 861, global_step=10320000
SPS: 1663
Epoch: 862, global_step=10332000
SPS: 1664
Epoch: 863, global_step=10344000
SPS: 1664
Epoch: 864, global_step=10356000
SPS: 1665
Epoch: 865, global_step=10368000
Evaluating
Evaluated 11520 steps resulting in 192 episodes
[32mEvaluation Metric: success_once[0m | [36mMean: 0.6042[0m
[32mEvaluation Metric: return[0m | [36mMean: 28.1066[0m
[32mEvaluation Metric: episode_len[0m | [36mMean: 60.0000[0m
[32mEvaluation Metric: reward[0m | [36mMean: 0.4684[0m
[32mEvaluation Metric: success_at_end[0m | [36mMean: 0.5677[0m
model saved to checkpoints/ppo_memtasks/rgb_joints/normalized_dense/RememberColor3-v0/ppo-nonbelief-baseline-33__33__rgb_joints__20260117_233414/20260117_233414/ckpt_18_865.pt
SPS: 1648
model saved to checkpoints/ppo_memtasks/rgb_joints/normalized_dense/RememberColor3-v0/ppo-nonbelief-baseline-33__33__rgb_joints__20260117_233414/20260117_233414/final_ckpt.pt
Running RememberColor3-v0, seed 42

===========================================================================
║                        Environment Configuration                        ║
===========================================================================
║ Environment ID: RememberColor3-v0                                       ║
║ Oracle Info:    None                                                    ║
║ Wrappers:                                                               ║
║    ├─ InitialZeroActionWrapper                                         ║
║    │  └─ {'n_initial_steps': 0}                                           ║
║    ├─ RememberColorInfoWrapper                                         ║
║    ├─ RenderStepInfoWrapper                                            ║
║    ├─ RenderRewardInfoWrapper                                          ║
║    ├─ DebugRewardWrapper                                               ║
║-------------------------------------------------------------------------║
║ include_state:       False │ state will not be used                ║
║ include_rgb:         True  │ rgb images will be used               ║
║ include_oracle:      False │ oracle info will not be used          ║
║ include_joints:      True  │ joints will be used                   ║
===========================================================================

MODE='rgb_joints'
prompt_info=None
Saving eval videos to checkpoints/ppo_memtasks/rgb_joints/normalized_dense/RememberColor3-v0/ppo-nonbelief-baseline-42__42__rgb_joints__20260118_012114/20260118_012114/videos
======================================================================
Max Episode Steps: 60
======================================================================

Running training

####
args.num_iterations=865 args.num_envs=200 args.num_eval_envs=16
args.minibatch_size=375 args.batch_size=12000 args.update_epochs=4
####

sample_obs.keys()=dict_keys(['joints', 'rgb'])
joints: torch.Size([200, 25])
rgb: torch.Size([200, 128, 128, 3])


Epoch: 1, global_step=0
Evaluating
Evaluated 11520 steps resulting in 192 episodes
[32mEvaluation Metric: success_once[0m | [36mMean: 0.0000[0m
[32mEvaluation Metric: return[0m | [36mMean: 9.9776[0m
[32mEvaluation Metric: episode_len[0m | [36mMean: 60.0000[0m
[32mEvaluation Metric: reward[0m | [36mMean: 0.1663[0m
[32mEvaluation Metric: success_at_end[0m | [36mMean: 0.0000[0m
model saved to checkpoints/ppo_memtasks/rgb_joints/normalized_dense/RememberColor3-v0/ppo-nonbelief-baseline-42__42__rgb_joints__20260118_012114/20260118_012114/ckpt_0_1.pt
SPS: 140
Epoch: 2, global_step=12000
SPS: 265
Epoch: 3, global_step=24000
SPS: 376
Epoch: 4, global_step=36000
SPS: 475
Epoch: 5, global_step=48000
SPS: 564
Epoch: 6, global_step=60000
SPS: 644
Epoch: 7, global_step=72000
SPS: 715
Epoch: 8, global_step=84000
SPS: 780
Epoch: 9, global_step=96000
SPS: 839
Epoch: 10, global_step=108000
SPS: 892
Epoch: 11, global_step=120000
SPS: 940
Epoch: 12, global_step=132000
SPS: 985
Epoch: 13, global_step=144000
SPS: 1025
Epoch: 14, global_step=156000
SPS: 1063
Epoch: 15, global_step=168000
SPS: 1097
Epoch: 16, global_step=180000
SPS: 1129
Epoch: 17, global_step=192000
SPS: 1159
Epoch: 18, global_step=204000
SPS: 1187
Epoch: 19, global_step=216000
SPS: 1213
Epoch: 20, global_step=228000
SPS: 1237
Epoch: 21, global_step=240000
SPS: 1260
Epoch: 22, global_step=252000
SPS: 1281
Epoch: 23, global_step=264000
SPS: 1302
Epoch: 24, global_step=276000
SPS: 1321
Epoch: 25, global_step=288000
SPS: 1339
Epoch: 26, global_step=300000
SPS: 1356
Epoch: 27, global_step=312000
SPS: 1372
Epoch: 28, global_step=324000
SPS: 1388
Epoch: 29, global_step=336000
SPS: 1402
Epoch: 30, global_step=348000
SPS: 1416
Epoch: 31, global_step=360000
SPS: 1430
Epoch: 32, global_step=372000
SPS: 1443
Epoch: 33, global_step=384000
SPS: 1455
Epoch: 34, global_step=396000
SPS: 1467
Epoch: 35, global_step=408000
SPS: 1478
Epoch: 36, global_step=420000
SPS: 1488
Epoch: 37, global_step=432000
SPS: 1499
Epoch: 38, global_step=444000
SPS: 1509
Epoch: 39, global_step=456000
SPS: 1518
Epoch: 40, global_step=468000
SPS: 1527
Epoch: 41, global_step=480000
SPS: 1536
Epoch: 42, global_step=492000
SPS: 1545
Epoch: 43, global_step=504000
SPS: 1553
Epoch: 44, global_step=516000
SPS: 1561
Epoch: 45, global_step=528000
SPS: 1568
Epoch: 46, global_step=540000
SPS: 1576
Epoch: 47, global_step=552000
SPS: 1583
Epoch: 48, global_step=564000
SPS: 1590
Epoch: 49, global_step=576000
Evaluating
Evaluated 11520 steps resulting in 192 episodes
[32mEvaluation Metric: success_once[0m | [36mMean: 0.3438[0m
[32mEvaluation Metric: return[0m | [36mMean: 20.0071[0m
[32mEvaluation Metric: episode_len[0m | [36mMean: 60.0000[0m
[32mEvaluation Metric: reward[0m | [36mMean: 0.3335[0m
[32mEvaluation Metric: success_at_end[0m | [36mMean: 0.3333[0m
model saved to checkpoints/ppo_memtasks/rgb_joints/normalized_dense/RememberColor3-v0/ppo-nonbelief-baseline-42__42__rgb_joints__20260118_012114/20260118_012114/ckpt_1_49.pt
SPS: 1365
Epoch: 50, global_step=588000
SPS: 1374
Epoch: 51, global_step=600000
SPS: 1383
Epoch: 52, global_step=612000
SPS: 1391
Epoch: 53, global_step=624000
SPS: 1399
Epoch: 54, global_step=636000
SPS: 1407
Epoch: 55, global_step=648000
SPS: 1414
Epoch: 56, global_step=660000
SPS: 1421
Epoch: 57, global_step=672000
SPS: 1428
Epoch: 58, global_step=684000
SPS: 1435
Epoch: 59, global_step=696000
SPS: 1442
Epoch: 60, global_step=708000
SPS: 1449
Epoch: 61, global_step=720000
SPS: 1455
Epoch: 62, global_step=732000
SPS: 1461
Epoch: 63, global_step=744000
SPS: 1468
Epoch: 64, global_step=756000
SPS: 1474
Epoch: 65, global_step=768000
SPS: 1480
Epoch: 66, global_step=780000
SPS: 1485
Epoch: 67, global_step=792000
SPS: 1491
Epoch: 68, global_step=804000
SPS: 1497
Epoch: 69, global_step=816000
SPS: 1502
Epoch: 70, global_step=828000
SPS: 1507
Epoch: 71, global_step=840000
SPS: 1512
Epoch: 72, global_step=852000
SPS: 1517
Epoch: 73, global_step=864000
SPS: 1522
Epoch: 74, global_step=876000
SPS: 1527
Epoch: 75, global_step=888000
SPS: 1532
Epoch: 76, global_step=900000
SPS: 1536
Epoch: 77, global_step=912000
SPS: 1541
Epoch: 78, global_step=924000
SPS: 1545
Epoch: 79, global_step=936000
SPS: 1550
Epoch: 80, global_step=948000
SPS: 1554
Epoch: 81, global_step=960000
SPS: 1558
Epoch: 82, global_step=972000
SPS: 1562
Epoch: 83, global_step=984000
SPS: 1566
Epoch: 84, global_step=996000
SPS: 1570
Epoch: 85, global_step=1008000
SPS: 1574
Epoch: 86, global_step=1020000
SPS: 1578
Epoch: 87, global_step=1032000
SPS: 1581
Epoch: 88, global_step=1044000
SPS: 1585
Epoch: 89, global_step=1056000
SPS: 1589
Epoch: 90, global_step=1068000
SPS: 1592
Epoch: 91, global_step=1080000
SPS: 1596
Epoch: 92, global_step=1092000
SPS: 1599
Epoch: 93, global_step=1104000
SPS: 1602
Epoch: 94, global_step=1116000
SPS: 1606
Epoch: 95, global_step=1128000
SPS: 1609
Epoch: 96, global_step=1140000
SPS: 1612
Epoch: 97, global_step=1152000
Evaluating
Evaluated 11520 steps resulting in 192 episodes
[32mEvaluation Metric: success_once[0m | [36mMean: 0.3073[0m
[32mEvaluation Metric: return[0m | [36mMean: 19.3510[0m
[32mEvaluation Metric: episode_len[0m | [36mMean: 60.0000[0m
[32mEvaluation Metric: reward[0m | [36mMean: 0.3225[0m
[32mEvaluation Metric: success_at_end[0m | [36mMean: 0.3073[0m
model saved to checkpoints/ppo_memtasks/rgb_joints/normalized_dense/RememberColor3-v0/ppo-nonbelief-baseline-42__42__rgb_joints__20260118_012114/20260118_012114/ckpt_2_97.pt
SPS: 1483
Epoch: 98, global_step=1164000
SPS: 1487
Epoch: 99, global_step=1176000
SPS: 1491
Epoch: 100, global_step=1188000
SPS: 1495
Epoch: 101, global_step=1200000
SPS: 1499
Epoch: 102, global_step=1212000
SPS: 1502
Epoch: 103, global_step=1224000
SPS: 1506
Epoch: 104, global_step=1236000
SPS: 1509
Epoch: 105, global_step=1248000
SPS: 1513
Epoch: 106, global_step=1260000
SPS: 1516
Epoch: 107, global_step=1272000
SPS: 1520
Epoch: 108, global_step=1284000
SPS: 1523
Epoch: 109, global_step=1296000
SPS: 1526
Epoch: 110, global_step=1308000
SPS: 1529
Epoch: 111, global_step=1320000
SPS: 1533
Epoch: 112, global_step=1332000
SPS: 1536
Epoch: 113, global_step=1344000
SPS: 1539
Epoch: 114, global_step=1356000
SPS: 1542
Epoch: 115, global_step=1368000
SPS: 1545
Epoch: 116, global_step=1380000
SPS: 1548
Epoch: 117, global_step=1392000
SPS: 1551
Epoch: 118, global_step=1404000
SPS: 1554
Epoch: 119, global_step=1416000
SPS: 1557
Epoch: 120, global_step=1428000
SPS: 1559
Epoch: 121, global_step=1440000
SPS: 1562
Epoch: 122, global_step=1452000
SPS: 1565
Epoch: 123, global_step=1464000
SPS: 1568
Epoch: 124, global_step=1476000
SPS: 1570
Epoch: 125, global_step=1488000
SPS: 1573
Epoch: 126, global_step=1500000
SPS: 1576
Epoch: 127, global_step=1512000
SPS: 1578
Epoch: 128, global_step=1524000
SPS: 1581
Epoch: 129, global_step=1536000
SPS: 1583
Epoch: 130, global_step=1548000
SPS: 1586
Epoch: 131, global_step=1560000
SPS: 1588
Epoch: 132, global_step=1572000
SPS: 1591
Epoch: 133, global_step=1584000
SPS: 1593
Epoch: 134, global_step=1596000
SPS: 1595
Epoch: 135, global_step=1608000
SPS: 1598
Epoch: 136, global_step=1620000
SPS: 1600
Epoch: 137, global_step=1632000
SPS: 1602
Epoch: 138, global_step=1644000
SPS: 1604
Epoch: 139, global_step=1656000
SPS: 1607
Epoch: 140, global_step=1668000
SPS: 1609
Epoch: 141, global_step=1680000
SPS: 1611
Epoch: 142, global_step=1692000
SPS: 1613
Epoch: 143, global_step=1704000
SPS: 1615
Epoch: 144, global_step=1716000
SPS: 1617
Epoch: 145, global_step=1728000
Evaluating
Evaluated 11520 steps resulting in 192 episodes
[32mEvaluation Metric: success_once[0m | [36mMean: 0.3177[0m
[32mEvaluation Metric: return[0m | [36mMean: 20.3248[0m
[32mEvaluation Metric: episode_len[0m | [36mMean: 60.0000[0m
[32mEvaluation Metric: reward[0m | [36mMean: 0.3387[0m
[32mEvaluation Metric: success_at_end[0m | [36mMean: 0.3177[0m
model saved to checkpoints/ppo_memtasks/rgb_joints/normalized_dense/RememberColor3-v0/ppo-nonbelief-baseline-42__42__rgb_joints__20260118_012114/20260118_012114/ckpt_3_145.pt
SPS: 1528
Epoch: 146, global_step=1740000
SPS: 1530
Epoch: 147, global_step=1752000
SPS: 1533
Epoch: 148, global_step=1764000
SPS: 1535
Epoch: 149, global_step=1776000
SPS: 1537
Epoch: 150, global_step=1788000
SPS: 1540
Epoch: 151, global_step=1800000
SPS: 1542
Epoch: 152, global_step=1812000
SPS: 1544
Epoch: 153, global_step=1824000
SPS: 1546
Epoch: 154, global_step=1836000
SPS: 1549
Epoch: 155, global_step=1848000
SPS: 1551
Epoch: 156, global_step=1860000
SPS: 1553
Epoch: 157, global_step=1872000
SPS: 1555
Epoch: 158, global_step=1884000
SPS: 1557
Epoch: 159, global_step=1896000
SPS: 1559
Epoch: 160, global_step=1908000
SPS: 1562
Epoch: 161, global_step=1920000
SPS: 1564
Epoch: 162, global_step=1932000
SPS: 1566
Epoch: 163, global_step=1944000
SPS: 1568
Epoch: 164, global_step=1956000
SPS: 1570
Epoch: 165, global_step=1968000
SPS: 1572
Epoch: 166, global_step=1980000
SPS: 1574
Epoch: 167, global_step=1992000
SPS: 1576
Epoch: 168, global_step=2004000
SPS: 1578
Epoch: 169, global_step=2016000
SPS: 1580
Epoch: 170, global_step=2028000
SPS: 1582
Epoch: 171, global_step=2040000
SPS: 1584
Epoch: 172, global_step=2052000
SPS: 1586
Epoch: 173, global_step=2064000
SPS: 1588
Epoch: 174, global_step=2076000
SPS: 1590
Epoch: 175, global_step=2088000
SPS: 1591
Epoch: 176, global_step=2100000
SPS: 1593
Epoch: 177, global_step=2112000
SPS: 1595
Epoch: 178, global_step=2124000
SPS: 1597
Epoch: 179, global_step=2136000
SPS: 1599
Epoch: 180, global_step=2148000
SPS: 1601
Epoch: 181, global_step=2160000
SPS: 1602
Epoch: 182, global_step=2172000
SPS: 1604
Epoch: 183, global_step=2184000
SPS: 1606
Epoch: 184, global_step=2196000
SPS: 1608
Epoch: 185, global_step=2208000
SPS: 1609
Epoch: 186, global_step=2220000
SPS: 1611
Epoch: 187, global_step=2232000
SPS: 1613
Epoch: 188, global_step=2244000
SPS: 1615
Epoch: 189, global_step=2256000
SPS: 1616
Epoch: 190, global_step=2268000
SPS: 1618
Epoch: 191, global_step=2280000
SPS: 1620
Epoch: 192, global_step=2292000
SPS: 1621
Epoch: 193, global_step=2304000
Evaluating
Evaluated 11520 steps resulting in 192 episodes
[32mEvaluation Metric: success_once[0m | [36mMean: 0.4115[0m
[32mEvaluation Metric: return[0m | [36mMean: 23.9157[0m
[32mEvaluation Metric: episode_len[0m | [36mMean: 60.0000[0m
[32mEvaluation Metric: reward[0m | [36mMean: 0.3986[0m
[32mEvaluation Metric: success_at_end[0m | [36mMean: 0.4115[0m
model saved to checkpoints/ppo_memtasks/rgb_joints/normalized_dense/RememberColor3-v0/ppo-nonbelief-baseline-42__42__rgb_joints__20260118_012114/20260118_012114/ckpt_4_193.pt
SPS: 1554
Epoch: 194, global_step=2316000
SPS: 1556
Epoch: 195, global_step=2328000
SPS: 1558
Epoch: 196, global_step=2340000
SPS: 1560
Epoch: 197, global_step=2352000
SPS: 1562
Epoch: 198, global_step=2364000
SPS: 1564
Epoch: 199, global_step=2376000
SPS: 1565
Epoch: 200, global_step=2388000
SPS: 1567
Epoch: 201, global_step=2400000
SPS: 1569
Epoch: 202, global_step=2412000
SPS: 1570
Epoch: 203, global_step=2424000
SPS: 1572
Epoch: 204, global_step=2436000
SPS: 1574
Epoch: 205, global_step=2448000
SPS: 1575
Epoch: 206, global_step=2460000
SPS: 1577
Epoch: 207, global_step=2472000
SPS: 1579
Epoch: 208, global_step=2484000
SPS: 1580
Epoch: 209, global_step=2496000
SPS: 1582
Epoch: 210, global_step=2508000
SPS: 1584
Epoch: 211, global_step=2520000
SPS: 1585
Epoch: 212, global_step=2532000
SPS: 1587
Epoch: 213, global_step=2544000
SPS: 1588
Epoch: 214, global_step=2556000
SPS: 1590
Epoch: 215, global_step=2568000
SPS: 1592
Epoch: 216, global_step=2580000
SPS: 1593
Epoch: 217, global_step=2592000
SPS: 1595
Epoch: 218, global_step=2604000
SPS: 1596
Epoch: 219, global_step=2616000
SPS: 1598
Epoch: 220, global_step=2628000
SPS: 1599
Epoch: 221, global_step=2640000
SPS: 1601
Epoch: 222, global_step=2652000
SPS: 1602
Epoch: 223, global_step=2664000
SPS: 1604
Epoch: 224, global_step=2676000
SPS: 1605
Epoch: 225, global_step=2688000
SPS: 1607
Epoch: 226, global_step=2700000
SPS: 1608
Epoch: 227, global_step=2712000
SPS: 1610
Epoch: 228, global_step=2724000
SPS: 1611
Epoch: 229, global_step=2736000
SPS: 1612
Epoch: 230, global_step=2748000
SPS: 1614
Epoch: 231, global_step=2760000
SPS: 1615
Epoch: 232, global_step=2772000
SPS: 1617
Epoch: 233, global_step=2784000
SPS: 1618
Epoch: 234, global_step=2796000
SPS: 1619
Epoch: 235, global_step=2808000
SPS: 1621
Epoch: 236, global_step=2820000
SPS: 1622
Epoch: 237, global_step=2832000
SPS: 1623
Epoch: 238, global_step=2844000
SPS: 1625
Epoch: 239, global_step=2856000
SPS: 1626
Epoch: 240, global_step=2868000
SPS: 1627
Epoch: 241, global_step=2880000
Evaluating
Evaluated 11520 steps resulting in 192 episodes
[32mEvaluation Metric: success_once[0m | [36mMean: 0.3698[0m
[32mEvaluation Metric: return[0m | [36mMean: 22.2849[0m
[32mEvaluation Metric: episode_len[0m | [36mMean: 60.0000[0m
[32mEvaluation Metric: reward[0m | [36mMean: 0.3714[0m
[32mEvaluation Metric: success_at_end[0m | [36mMean: 0.3698[0m
model saved to checkpoints/ppo_memtasks/rgb_joints/normalized_dense/RememberColor3-v0/ppo-nonbelief-baseline-42__42__rgb_joints__20260118_012114/20260118_012114/ckpt_5_241.pt
SPS: 1573
Epoch: 242, global_step=2892000
SPS: 1575
Epoch: 243, global_step=2904000
SPS: 1576
Epoch: 244, global_step=2916000
SPS: 1578
Epoch: 245, global_step=2928000
SPS: 1579
Epoch: 246, global_step=2940000
SPS: 1580
Epoch: 247, global_step=2952000
SPS: 1582
Epoch: 248, global_step=2964000
SPS: 1583
Epoch: 249, global_step=2976000
SPS: 1584
Epoch: 250, global_step=2988000
SPS: 1586
Epoch: 251, global_step=3000000
SPS: 1587
Epoch: 252, global_step=3012000
SPS: 1589
Epoch: 253, global_step=3024000
SPS: 1590
Epoch: 254, global_step=3036000
SPS: 1591
Epoch: 255, global_step=3048000
SPS: 1592
Epoch: 256, global_step=3060000
SPS: 1594
Epoch: 257, global_step=3072000
SPS: 1595
Epoch: 258, global_step=3084000
SPS: 1596
Epoch: 259, global_step=3096000
SPS: 1598
Epoch: 260, global_step=3108000
SPS: 1599
Epoch: 261, global_step=3120000
SPS: 1600
Epoch: 262, global_step=3132000
SPS: 1602
Epoch: 263, global_step=3144000
SPS: 1603
Epoch: 264, global_step=3156000
SPS: 1604
Epoch: 265, global_step=3168000
SPS: 1605
Epoch: 266, global_step=3180000
SPS: 1607
Epoch: 267, global_step=3192000
SPS: 1608
Epoch: 268, global_step=3204000
SPS: 1609
Epoch: 269, global_step=3216000
SPS: 1610
Epoch: 270, global_step=3228000
SPS: 1611
Epoch: 271, global_step=3240000
SPS: 1613
Epoch: 272, global_step=3252000
SPS: 1614
Epoch: 273, global_step=3264000
SPS: 1615
Epoch: 274, global_step=3276000
SPS: 1616
Epoch: 275, global_step=3288000
SPS: 1617
Epoch: 276, global_step=3300000
SPS: 1619
Epoch: 277, global_step=3312000
SPS: 1620
Epoch: 278, global_step=3324000
SPS: 1621
Epoch: 279, global_step=3336000
SPS: 1622
Epoch: 280, global_step=3348000
SPS: 1623
Epoch: 281, global_step=3360000
SPS: 1624
Epoch: 282, global_step=3372000
SPS: 1625
Epoch: 283, global_step=3384000
SPS: 1626
Epoch: 284, global_step=3396000
SPS: 1628
Epoch: 285, global_step=3408000
SPS: 1629
Epoch: 286, global_step=3420000
SPS: 1630
Epoch: 287, global_step=3432000
SPS: 1631
Epoch: 288, global_step=3444000
SPS: 1632
Epoch: 289, global_step=3456000
Evaluating
Evaluated 11520 steps resulting in 192 episodes
[32mEvaluation Metric: success_once[0m | [36mMean: 0.3073[0m
[32mEvaluation Metric: return[0m | [36mMean: 20.5985[0m
[32mEvaluation Metric: episode_len[0m | [36mMean: 60.0000[0m
[32mEvaluation Metric: reward[0m | [36mMean: 0.3433[0m
[32mEvaluation Metric: success_at_end[0m | [36mMean: 0.3073[0m
model saved to checkpoints/ppo_memtasks/rgb_joints/normalized_dense/RememberColor3-v0/ppo-nonbelief-baseline-42__42__rgb_joints__20260118_012114/20260118_012114/ckpt_6_289.pt
SPS: 1584
Epoch: 290, global_step=3468000
SPS: 1585
Epoch: 291, global_step=3480000
SPS: 1586
Epoch: 292, global_step=3492000
SPS: 1588
Epoch: 293, global_step=3504000
SPS: 1589
Epoch: 294, global_step=3516000
SPS: 1590
Epoch: 295, global_step=3528000
SPS: 1591
Epoch: 296, global_step=3540000
SPS: 1592
Epoch: 297, global_step=3552000
SPS: 1593
Epoch: 298, global_step=3564000
SPS: 1594
Epoch: 299, global_step=3576000
SPS: 1596
Epoch: 300, global_step=3588000
SPS: 1597
Epoch: 301, global_step=3600000
SPS: 1598
Epoch: 302, global_step=3612000
SPS: 1599
Epoch: 303, global_step=3624000
SPS: 1600
Epoch: 304, global_step=3636000
SPS: 1601
Epoch: 305, global_step=3648000
SPS: 1602
Epoch: 306, global_step=3660000
SPS: 1603
Epoch: 307, global_step=3672000
SPS: 1604
Epoch: 308, global_step=3684000
SPS: 1605
Epoch: 309, global_step=3696000
SPS: 1607
Epoch: 310, global_step=3708000
SPS: 1608
Epoch: 311, global_step=3720000
SPS: 1609
Epoch: 312, global_step=3732000
SPS: 1610
Epoch: 313, global_step=3744000
SPS: 1611
Epoch: 314, global_step=3756000
SPS: 1612
Epoch: 315, global_step=3768000
SPS: 1613
Epoch: 316, global_step=3780000
SPS: 1614
Epoch: 317, global_step=3792000
SPS: 1615
Epoch: 318, global_step=3804000
SPS: 1616
Epoch: 319, global_step=3816000
SPS: 1617
Epoch: 320, global_step=3828000
SPS: 1618
Epoch: 321, global_step=3840000
SPS: 1619
Epoch: 322, global_step=3852000
SPS: 1620
Epoch: 323, global_step=3864000
SPS: 1621
Epoch: 324, global_step=3876000
SPS: 1622
Epoch: 325, global_step=3888000
SPS: 1623
Epoch: 326, global_step=3900000
SPS: 1624
Epoch: 327, global_step=3912000
SPS: 1625
Epoch: 328, global_step=3924000
SPS: 1626
Epoch: 329, global_step=3936000
SPS: 1627
Epoch: 330, global_step=3948000
SPS: 1628
Epoch: 331, global_step=3960000
SPS: 1629
Epoch: 332, global_step=3972000
SPS: 1630
Epoch: 333, global_step=3984000
SPS: 1631
Epoch: 334, global_step=3996000
SPS: 1632
Epoch: 335, global_step=4008000
SPS: 1632
Epoch: 336, global_step=4020000
SPS: 1633
Epoch: 337, global_step=4032000
Evaluating
Evaluated 11520 steps resulting in 192 episodes
[32mEvaluation Metric: success_once[0m | [36mMean: 0.3438[0m
[32mEvaluation Metric: return[0m | [36mMean: 22.1153[0m
[32mEvaluation Metric: episode_len[0m | [36mMean: 60.0000[0m
[32mEvaluation Metric: reward[0m | [36mMean: 0.3686[0m
[32mEvaluation Metric: success_at_end[0m | [36mMean: 0.3438[0m
model saved to checkpoints/ppo_memtasks/rgb_joints/normalized_dense/RememberColor3-v0/ppo-nonbelief-baseline-42__42__rgb_joints__20260118_012114/20260118_012114/ckpt_7_337.pt
SPS: 1594
Epoch: 338, global_step=4044000
SPS: 1595
Epoch: 339, global_step=4056000
SPS: 1596
Epoch: 340, global_step=4068000
SPS: 1597
Epoch: 341, global_step=4080000
SPS: 1598
Epoch: 342, global_step=4092000
SPS: 1599
Epoch: 343, global_step=4104000
SPS: 1600
Epoch: 344, global_step=4116000
SPS: 1601
Epoch: 345, global_step=4128000
SPS: 1602
Epoch: 346, global_step=4140000
SPS: 1603
Epoch: 347, global_step=4152000
SPS: 1603
Epoch: 348, global_step=4164000
SPS: 1604
Epoch: 349, global_step=4176000
SPS: 1605
Epoch: 350, global_step=4188000
SPS: 1606
Epoch: 351, global_step=4200000
SPS: 1607
Epoch: 352, global_step=4212000
SPS: 1608
Epoch: 353, global_step=4224000
SPS: 1609
Epoch: 354, global_step=4236000
SPS: 1610
Epoch: 355, global_step=4248000
SPS: 1611
Epoch: 356, global_step=4260000
SPS: 1612
Epoch: 357, global_step=4272000
SPS: 1613
Epoch: 358, global_step=4284000
SPS: 1614
Epoch: 359, global_step=4296000
SPS: 1615
Epoch: 360, global_step=4308000
SPS: 1616
Epoch: 361, global_step=4320000
SPS: 1617
Epoch: 362, global_step=4332000
SPS: 1617
Epoch: 363, global_step=4344000
SPS: 1618
Epoch: 364, global_step=4356000
SPS: 1619
Epoch: 365, global_step=4368000
SPS: 1620
Epoch: 366, global_step=4380000
SPS: 1621
Epoch: 367, global_step=4392000
SPS: 1622
Epoch: 368, global_step=4404000
SPS: 1623
Epoch: 369, global_step=4416000
SPS: 1624
Epoch: 370, global_step=4428000
SPS: 1625
Epoch: 371, global_step=4440000
SPS: 1625
Epoch: 372, global_step=4452000
SPS: 1626
Epoch: 373, global_step=4464000
SPS: 1627
Epoch: 374, global_step=4476000
SPS: 1628
Epoch: 375, global_step=4488000
SPS: 1629
Epoch: 376, global_step=4500000
SPS: 1630
Epoch: 377, global_step=4512000
SPS: 1630
Epoch: 378, global_step=4524000
SPS: 1631
Epoch: 379, global_step=4536000
SPS: 1632
Epoch: 380, global_step=4548000
SPS: 1633
Epoch: 381, global_step=4560000
SPS: 1634
Epoch: 382, global_step=4572000
SPS: 1635
Epoch: 383, global_step=4584000
SPS: 1635
Epoch: 384, global_step=4596000
SPS: 1636
Epoch: 385, global_step=4608000
Evaluating
Evaluated 11520 steps resulting in 192 episodes
[32mEvaluation Metric: success_once[0m | [36mMean: 0.3281[0m
[32mEvaluation Metric: return[0m | [36mMean: 21.5526[0m
[32mEvaluation Metric: episode_len[0m | [36mMean: 60.0000[0m
[32mEvaluation Metric: reward[0m | [36mMean: 0.3592[0m
[32mEvaluation Metric: success_at_end[0m | [36mMean: 0.3281[0m
model saved to checkpoints/ppo_memtasks/rgb_joints/normalized_dense/RememberColor3-v0/ppo-nonbelief-baseline-42__42__rgb_joints__20260118_012114/20260118_012114/ckpt_8_385.pt
SPS: 1601
Epoch: 386, global_step=4620000
SPS: 1602
Epoch: 387, global_step=4632000
SPS: 1603
Epoch: 388, global_step=4644000
SPS: 1604
Epoch: 389, global_step=4656000
SPS: 1605
Epoch: 390, global_step=4668000
SPS: 1606
Epoch: 391, global_step=4680000
SPS: 1607
Epoch: 392, global_step=4692000
SPS: 1608
Epoch: 393, global_step=4704000
SPS: 1608
Epoch: 394, global_step=4716000
SPS: 1609
Epoch: 395, global_step=4728000
SPS: 1610
Epoch: 396, global_step=4740000
SPS: 1611
Epoch: 397, global_step=4752000
SPS: 1612
Epoch: 398, global_step=4764000
SPS: 1613
Epoch: 399, global_step=4776000
SPS: 1613
Epoch: 400, global_step=4788000
SPS: 1614
Epoch: 401, global_step=4800000
SPS: 1615
Epoch: 402, global_step=4812000
SPS: 1616
Epoch: 403, global_step=4824000
SPS: 1617
Epoch: 404, global_step=4836000
SPS: 1617
Epoch: 405, global_step=4848000
SPS: 1618
Epoch: 406, global_step=4860000
SPS: 1619
Epoch: 407, global_step=4872000
SPS: 1620
Epoch: 408, global_step=4884000
SPS: 1621
Epoch: 409, global_step=4896000
SPS: 1621
Epoch: 410, global_step=4908000
SPS: 1622
Epoch: 411, global_step=4920000
SPS: 1623
Epoch: 412, global_step=4932000
SPS: 1624
Epoch: 413, global_step=4944000
SPS: 1624
Epoch: 414, global_step=4956000
SPS: 1625
Epoch: 415, global_step=4968000
SPS: 1626
Epoch: 416, global_step=4980000
SPS: 1627
Epoch: 417, global_step=4992000
SPS: 1628
Epoch: 418, global_step=5004000
SPS: 1628
Epoch: 419, global_step=5016000
SPS: 1629
Epoch: 420, global_step=5028000
SPS: 1630
Epoch: 421, global_step=5040000
SPS: 1630
Epoch: 422, global_step=5052000
SPS: 1631
Epoch: 423, global_step=5064000
SPS: 1632
Epoch: 424, global_step=5076000
SPS: 1633
Epoch: 425, global_step=5088000
SPS: 1633
Epoch: 426, global_step=5100000
SPS: 1634
Epoch: 427, global_step=5112000
SPS: 1635
Epoch: 428, global_step=5124000
SPS: 1636
Epoch: 429, global_step=5136000
SPS: 1636
Epoch: 430, global_step=5148000
SPS: 1637
Epoch: 431, global_step=5160000
SPS: 1638
Epoch: 432, global_step=5172000
SPS: 1638
Epoch: 433, global_step=5184000
Evaluating
Evaluated 11520 steps resulting in 192 episodes
[32mEvaluation Metric: success_once[0m | [36mMean: 0.2604[0m
[32mEvaluation Metric: return[0m | [36mMean: 18.8595[0m
[32mEvaluation Metric: episode_len[0m | [36mMean: 60.0000[0m
[32mEvaluation Metric: reward[0m | [36mMean: 0.3143[0m
[32mEvaluation Metric: success_at_end[0m | [36mMean: 0.2552[0m
model saved to checkpoints/ppo_memtasks/rgb_joints/normalized_dense/RememberColor3-v0/ppo-nonbelief-baseline-42__42__rgb_joints__20260118_012114/20260118_012114/ckpt_9_433.pt
SPS: 1607
Epoch: 434, global_step=5196000
SPS: 1608
Epoch: 435, global_step=5208000
SPS: 1608
Epoch: 436, global_step=5220000
SPS: 1609
Epoch: 437, global_step=5232000
SPS: 1610
Epoch: 438, global_step=5244000
SPS: 1611
Epoch: 439, global_step=5256000
SPS: 1611
Epoch: 440, global_step=5268000
SPS: 1612
Epoch: 441, global_step=5280000
SPS: 1613
Epoch: 442, global_step=5292000
SPS: 1614
Epoch: 443, global_step=5304000
SPS: 1614
Epoch: 444, global_step=5316000
SPS: 1615
Epoch: 445, global_step=5328000
SPS: 1616
Epoch: 446, global_step=5340000
SPS: 1616
Epoch: 447, global_step=5352000
SPS: 1617
Epoch: 448, global_step=5364000
SPS: 1618
Epoch: 449, global_step=5376000
SPS: 1619
Epoch: 450, global_step=5388000
SPS: 1619
Epoch: 451, global_step=5400000
SPS: 1620
Epoch: 452, global_step=5412000
SPS: 1621
Epoch: 453, global_step=5424000
SPS: 1621
Epoch: 454, global_step=5436000
SPS: 1622
Epoch: 455, global_step=5448000
SPS: 1623
Epoch: 456, global_step=5460000
SPS: 1624
Epoch: 457, global_step=5472000
SPS: 1624
Epoch: 458, global_step=5484000
SPS: 1625
Epoch: 459, global_step=5496000
SPS: 1626
Epoch: 460, global_step=5508000
SPS: 1626
Epoch: 461, global_step=5520000
SPS: 1627
Epoch: 462, global_step=5532000
SPS: 1628
Epoch: 463, global_step=5544000
SPS: 1628
Epoch: 464, global_step=5556000
SPS: 1629
Epoch: 465, global_step=5568000
SPS: 1630
Epoch: 466, global_step=5580000
SPS: 1630
Epoch: 467, global_step=5592000
SPS: 1631
Epoch: 468, global_step=5604000
SPS: 1632
Epoch: 469, global_step=5616000
SPS: 1632
Epoch: 470, global_step=5628000
SPS: 1633
Epoch: 471, global_step=5640000
SPS: 1634
Epoch: 472, global_step=5652000
SPS: 1634
Epoch: 473, global_step=5664000
SPS: 1635
Epoch: 474, global_step=5676000
SPS: 1636
Epoch: 475, global_step=5688000
SPS: 1636
Epoch: 476, global_step=5700000
SPS: 1637
Epoch: 477, global_step=5712000
SPS: 1638
Epoch: 478, global_step=5724000
SPS: 1638
Epoch: 479, global_step=5736000
SPS: 1639
Epoch: 480, global_step=5748000
SPS: 1639
Epoch: 481, global_step=5760000
Evaluating
Evaluated 11520 steps resulting in 192 episodes
[32mEvaluation Metric: success_once[0m | [36mMean: 0.3073[0m
[32mEvaluation Metric: return[0m | [36mMean: 20.2215[0m
[32mEvaluation Metric: episode_len[0m | [36mMean: 60.0000[0m
[32mEvaluation Metric: reward[0m | [36mMean: 0.3370[0m
[32mEvaluation Metric: success_at_end[0m | [36mMean: 0.2969[0m
model saved to checkpoints/ppo_memtasks/rgb_joints/normalized_dense/RememberColor3-v0/ppo-nonbelief-baseline-42__42__rgb_joints__20260118_012114/20260118_012114/ckpt_10_481.pt
SPS: 1612
Epoch: 482, global_step=5772000
SPS: 1612
Epoch: 483, global_step=5784000
SPS: 1613
Epoch: 484, global_step=5796000
SPS: 1614
Epoch: 485, global_step=5808000
SPS: 1614
Epoch: 486, global_step=5820000
SPS: 1615
Epoch: 487, global_step=5832000
SPS: 1616
Epoch: 488, global_step=5844000
SPS: 1616
Epoch: 489, global_step=5856000
SPS: 1617
Epoch: 490, global_step=5868000
SPS: 1617
Epoch: 491, global_step=5880000
SPS: 1618
Epoch: 492, global_step=5892000
SPS: 1619
Epoch: 493, global_step=5904000
SPS: 1619
Epoch: 494, global_step=5916000
SPS: 1620
Epoch: 495, global_step=5928000
SPS: 1621
Epoch: 496, global_step=5940000
SPS: 1621
Epoch: 497, global_step=5952000
SPS: 1622
Epoch: 498, global_step=5964000
SPS: 1623
Epoch: 499, global_step=5976000
SPS: 1623
Epoch: 500, global_step=5988000
SPS: 1624
Epoch: 501, global_step=6000000
SPS: 1624
Epoch: 502, global_step=6012000
SPS: 1625
Epoch: 503, global_step=6024000
SPS: 1626
Epoch: 504, global_step=6036000
SPS: 1626
Epoch: 505, global_step=6048000
SPS: 1627
Epoch: 506, global_step=6060000
SPS: 1627
Epoch: 507, global_step=6072000
SPS: 1628
Epoch: 508, global_step=6084000
SPS: 1629
Epoch: 509, global_step=6096000
SPS: 1629
Epoch: 510, global_step=6108000
SPS: 1630
Epoch: 511, global_step=6120000
SPS: 1630
Epoch: 512, global_step=6132000
SPS: 1631
Epoch: 513, global_step=6144000
SPS: 1632
Epoch: 514, global_step=6156000
SPS: 1632
Epoch: 515, global_step=6168000
SPS: 1633
Epoch: 516, global_step=6180000
SPS: 1633
Epoch: 517, global_step=6192000
SPS: 1634
Epoch: 518, global_step=6204000
SPS: 1635
Epoch: 519, global_step=6216000
SPS: 1635
Epoch: 520, global_step=6228000
SPS: 1636
Epoch: 521, global_step=6240000
SPS: 1636
Epoch: 522, global_step=6252000
SPS: 1637
Epoch: 523, global_step=6264000
SPS: 1638
Epoch: 524, global_step=6276000
SPS: 1638
Epoch: 525, global_step=6288000
SPS: 1639
Epoch: 526, global_step=6300000
SPS: 1639
Epoch: 527, global_step=6312000
SPS: 1640
Epoch: 528, global_step=6324000
SPS: 1640
Epoch: 529, global_step=6336000
Evaluating
Evaluated 11520 steps resulting in 192 episodes
[32mEvaluation Metric: success_once[0m | [36mMean: 0.3125[0m
[32mEvaluation Metric: return[0m | [36mMean: 20.8897[0m
[32mEvaluation Metric: episode_len[0m | [36mMean: 60.0000[0m
[32mEvaluation Metric: reward[0m | [36mMean: 0.3482[0m
[32mEvaluation Metric: success_at_end[0m | [36mMean: 0.3125[0m
model saved to checkpoints/ppo_memtasks/rgb_joints/normalized_dense/RememberColor3-v0/ppo-nonbelief-baseline-42__42__rgb_joints__20260118_012114/20260118_012114/ckpt_11_529.pt
SPS: 1615
Epoch: 530, global_step=6348000
SPS: 1616
Epoch: 531, global_step=6360000
SPS: 1617
Epoch: 532, global_step=6372000
SPS: 1617
Epoch: 533, global_step=6384000
SPS: 1618
Epoch: 534, global_step=6396000
SPS: 1618
Epoch: 535, global_step=6408000
SPS: 1619
Epoch: 536, global_step=6420000
SPS: 1620
Epoch: 537, global_step=6432000
SPS: 1620
Epoch: 538, global_step=6444000
SPS: 1621
Epoch: 539, global_step=6456000
SPS: 1621
Epoch: 540, global_step=6468000
SPS: 1622
Epoch: 541, global_step=6480000
SPS: 1623
Epoch: 542, global_step=6492000
SPS: 1623
Epoch: 543, global_step=6504000
SPS: 1624
Epoch: 544, global_step=6516000
SPS: 1624
Epoch: 545, global_step=6528000
SPS: 1625
Epoch: 546, global_step=6540000
SPS: 1625
Epoch: 547, global_step=6552000
SPS: 1626
Epoch: 548, global_step=6564000
SPS: 1627
Epoch: 549, global_step=6576000
SPS: 1627
Epoch: 550, global_step=6588000
SPS: 1628
Epoch: 551, global_step=6600000
SPS: 1628
Epoch: 552, global_step=6612000
SPS: 1629
Epoch: 553, global_step=6624000
SPS: 1629
Epoch: 554, global_step=6636000
SPS: 1630
Epoch: 555, global_step=6648000
SPS: 1631
Epoch: 556, global_step=6660000
SPS: 1631
Epoch: 557, global_step=6672000
SPS: 1632
Epoch: 558, global_step=6684000
SPS: 1632
Epoch: 559, global_step=6696000
SPS: 1633
Epoch: 560, global_step=6708000
SPS: 1633
Epoch: 561, global_step=6720000
SPS: 1634
Epoch: 562, global_step=6732000
SPS: 1634
Epoch: 563, global_step=6744000
SPS: 1635
Epoch: 564, global_step=6756000
SPS: 1635
Epoch: 565, global_step=6768000
SPS: 1636
Epoch: 566, global_step=6780000
SPS: 1637
Epoch: 567, global_step=6792000
SPS: 1637
Epoch: 568, global_step=6804000
SPS: 1638
Epoch: 569, global_step=6816000
SPS: 1638
Epoch: 570, global_step=6828000
SPS: 1639
Epoch: 571, global_step=6840000
SPS: 1639
Epoch: 572, global_step=6852000
SPS: 1640
Epoch: 573, global_step=6864000
SPS: 1640
Epoch: 574, global_step=6876000
SPS: 1641
Epoch: 575, global_step=6888000
SPS: 1641
Epoch: 576, global_step=6900000
SPS: 1642
Epoch: 577, global_step=6912000
Evaluating
Evaluated 11520 steps resulting in 192 episodes
[32mEvaluation Metric: success_once[0m | [36mMean: 0.3750[0m
[32mEvaluation Metric: return[0m | [36mMean: 22.5932[0m
[32mEvaluation Metric: episode_len[0m | [36mMean: 60.0000[0m
[32mEvaluation Metric: reward[0m | [36mMean: 0.3766[0m
[32mEvaluation Metric: success_at_end[0m | [36mMean: 0.3646[0m
model saved to checkpoints/ppo_memtasks/rgb_joints/normalized_dense/RememberColor3-v0/ppo-nonbelief-baseline-42__42__rgb_joints__20260118_012114/20260118_012114/ckpt_12_577.pt
SPS: 1619
Epoch: 578, global_step=6924000
SPS: 1620
Epoch: 579, global_step=6936000
SPS: 1620
Epoch: 580, global_step=6948000
SPS: 1621
Epoch: 581, global_step=6960000
SPS: 1621
Epoch: 582, global_step=6972000
SPS: 1622
Epoch: 583, global_step=6984000
SPS: 1622
Epoch: 584, global_step=6996000
SPS: 1623
Epoch: 585, global_step=7008000
SPS: 1623
Epoch: 586, global_step=7020000
SPS: 1624
Epoch: 587, global_step=7032000
SPS: 1624
Epoch: 588, global_step=7044000
SPS: 1625
Epoch: 589, global_step=7056000
SPS: 1626
Epoch: 590, global_step=7068000
SPS: 1626
Epoch: 591, global_step=7080000
SPS: 1627
Epoch: 592, global_step=7092000
SPS: 1627
Epoch: 593, global_step=7104000
SPS: 1628
Epoch: 594, global_step=7116000
SPS: 1628
Epoch: 595, global_step=7128000
SPS: 1629
Epoch: 596, global_step=7140000
SPS: 1629
Epoch: 597, global_step=7152000
SPS: 1630
Epoch: 598, global_step=7164000
SPS: 1630
Epoch: 599, global_step=7176000
SPS: 1631
Epoch: 600, global_step=7188000
SPS: 1631
Epoch: 601, global_step=7200000
SPS: 1632
Epoch: 602, global_step=7212000
SPS: 1632
Epoch: 603, global_step=7224000
SPS: 1633
Epoch: 604, global_step=7236000
SPS: 1633
Epoch: 605, global_step=7248000
SPS: 1634
Epoch: 606, global_step=7260000
SPS: 1634
Epoch: 607, global_step=7272000
SPS: 1635
Epoch: 608, global_step=7284000
SPS: 1635
Epoch: 609, global_step=7296000
SPS: 1636
Epoch: 610, global_step=7308000
SPS: 1636
Epoch: 611, global_step=7320000
SPS: 1637
Epoch: 612, global_step=7332000
SPS: 1637
Epoch: 613, global_step=7344000
SPS: 1638
Epoch: 614, global_step=7356000
SPS: 1638
Epoch: 615, global_step=7368000
SPS: 1639
Epoch: 616, global_step=7380000
SPS: 1639
Epoch: 617, global_step=7392000
SPS: 1640
Epoch: 618, global_step=7404000
SPS: 1640
Epoch: 619, global_step=7416000
SPS: 1641
Epoch: 620, global_step=7428000
SPS: 1641
Epoch: 621, global_step=7440000
SPS: 1642
Epoch: 622, global_step=7452000
SPS: 1642
Epoch: 623, global_step=7464000
SPS: 1643
Epoch: 624, global_step=7476000
SPS: 1643
Epoch: 625, global_step=7488000
Evaluating
Evaluated 11520 steps resulting in 192 episodes
[32mEvaluation Metric: success_once[0m | [36mMean: 0.3177[0m
[32mEvaluation Metric: return[0m | [36mMean: 20.7986[0m
[32mEvaluation Metric: episode_len[0m | [36mMean: 60.0000[0m
[32mEvaluation Metric: reward[0m | [36mMean: 0.3466[0m
[32mEvaluation Metric: success_at_end[0m | [36mMean: 0.3125[0m
model saved to checkpoints/ppo_memtasks/rgb_joints/normalized_dense/RememberColor3-v0/ppo-nonbelief-baseline-42__42__rgb_joints__20260118_012114/20260118_012114/ckpt_13_625.pt
SPS: 1621
Epoch: 626, global_step=7500000
SPS: 1622
Epoch: 627, global_step=7512000
SPS: 1622
Epoch: 628, global_step=7524000
SPS: 1623
Epoch: 629, global_step=7536000
SPS: 1623
Epoch: 630, global_step=7548000
SPS: 1624
Epoch: 631, global_step=7560000
SPS: 1624
Epoch: 632, global_step=7572000
SPS: 1625
Epoch: 633, global_step=7584000
SPS: 1625
Epoch: 634, global_step=7596000
SPS: 1626
Epoch: 635, global_step=7608000
SPS: 1626
Epoch: 636, global_step=7620000
SPS: 1627
Epoch: 637, global_step=7632000
SPS: 1627
Epoch: 638, global_step=7644000
SPS: 1628
Epoch: 639, global_step=7656000
SPS: 1628
Epoch: 640, global_step=7668000
SPS: 1629
Epoch: 641, global_step=7680000
SPS: 1629
Epoch: 642, global_step=7692000
SPS: 1630
Epoch: 643, global_step=7704000
SPS: 1630
Epoch: 644, global_step=7716000
SPS: 1631
Epoch: 645, global_step=7728000
SPS: 1631
Epoch: 646, global_step=7740000
SPS: 1632
Epoch: 647, global_step=7752000
SPS: 1632
Epoch: 648, global_step=7764000
SPS: 1633
Epoch: 649, global_step=7776000
SPS: 1633
Epoch: 650, global_step=7788000
SPS: 1634
Epoch: 651, global_step=7800000
SPS: 1634
Epoch: 652, global_step=7812000
SPS: 1635
Epoch: 653, global_step=7824000
SPS: 1635
Epoch: 654, global_step=7836000
SPS: 1635
Epoch: 655, global_step=7848000
SPS: 1636
Epoch: 656, global_step=7860000
SPS: 1636
Epoch: 657, global_step=7872000
SPS: 1637
Epoch: 658, global_step=7884000
SPS: 1637
Epoch: 659, global_step=7896000
SPS: 1638
Epoch: 660, global_step=7908000
SPS: 1638
Epoch: 661, global_step=7920000
SPS: 1639
Epoch: 662, global_step=7932000
SPS: 1639
Epoch: 663, global_step=7944000
SPS: 1640
Epoch: 664, global_step=7956000
SPS: 1640
Epoch: 665, global_step=7968000
SPS: 1641
Epoch: 666, global_step=7980000
SPS: 1641
Epoch: 667, global_step=7992000
SPS: 1642
Epoch: 668, global_step=8004000
SPS: 1642
Epoch: 669, global_step=8016000
SPS: 1642
Epoch: 670, global_step=8028000
SPS: 1643
Epoch: 671, global_step=8040000
SPS: 1643
Epoch: 672, global_step=8052000
SPS: 1644
Epoch: 673, global_step=8064000
Evaluating
Evaluated 11520 steps resulting in 192 episodes
[32mEvaluation Metric: success_once[0m | [36mMean: 0.3281[0m
[32mEvaluation Metric: return[0m | [36mMean: 21.2246[0m
[32mEvaluation Metric: episode_len[0m | [36mMean: 60.0000[0m
[32mEvaluation Metric: reward[0m | [36mMean: 0.3537[0m
[32mEvaluation Metric: success_at_end[0m | [36mMean: 0.3281[0m
model saved to checkpoints/ppo_memtasks/rgb_joints/normalized_dense/RememberColor3-v0/ppo-nonbelief-baseline-42__42__rgb_joints__20260118_012114/20260118_012114/ckpt_14_673.pt
SPS: 1624
Epoch: 674, global_step=8076000
SPS: 1624
Epoch: 675, global_step=8088000
SPS: 1625
Epoch: 676, global_step=8100000
SPS: 1625
Epoch: 677, global_step=8112000
SPS: 1626
Epoch: 678, global_step=8124000
SPS: 1626
Epoch: 679, global_step=8136000
SPS: 1627
Epoch: 680, global_step=8148000
SPS: 1627
Epoch: 681, global_step=8160000
SPS: 1628
Epoch: 682, global_step=8172000
SPS: 1628
Epoch: 683, global_step=8184000
SPS: 1628
Epoch: 684, global_step=8196000
SPS: 1629
Epoch: 685, global_step=8208000
SPS: 1629
Epoch: 686, global_step=8220000
SPS: 1630
Epoch: 687, global_step=8232000
SPS: 1630
Epoch: 688, global_step=8244000
SPS: 1631
Epoch: 689, global_step=8256000
SPS: 1631
Epoch: 690, global_step=8268000
SPS: 1632
Epoch: 691, global_step=8280000
SPS: 1632
Epoch: 692, global_step=8292000
SPS: 1633
Epoch: 693, global_step=8304000
SPS: 1633
Epoch: 694, global_step=8316000
SPS: 1634
Epoch: 695, global_step=8328000
SPS: 1634
Epoch: 696, global_step=8340000
SPS: 1635
Epoch: 697, global_step=8352000
SPS: 1635
Epoch: 698, global_step=8364000
SPS: 1636
Epoch: 699, global_step=8376000
SPS: 1636
Epoch: 700, global_step=8388000
SPS: 1636
Epoch: 701, global_step=8400000
SPS: 1637
Epoch: 702, global_step=8412000
SPS: 1637
Epoch: 703, global_step=8424000
SPS: 1638
Epoch: 704, global_step=8436000
SPS: 1638
Epoch: 705, global_step=8448000
SPS: 1639
Epoch: 706, global_step=8460000
SPS: 1639
Epoch: 707, global_step=8472000
SPS: 1639
Epoch: 708, global_step=8484000
SPS: 1640
Epoch: 709, global_step=8496000
SPS: 1640
Epoch: 710, global_step=8508000
SPS: 1641
Epoch: 711, global_step=8520000
SPS: 1641
Epoch: 712, global_step=8532000
SPS: 1642
Epoch: 713, global_step=8544000
SPS: 1642
Epoch: 714, global_step=8556000
SPS: 1643
Epoch: 715, global_step=8568000
SPS: 1643
Epoch: 716, global_step=8580000
SPS: 1644
Epoch: 717, global_step=8592000
SPS: 1644
Epoch: 718, global_step=8604000
SPS: 1645
Epoch: 719, global_step=8616000
SPS: 1645
Epoch: 720, global_step=8628000
SPS: 1645
Epoch: 721, global_step=8640000
Evaluating
Evaluated 11520 steps resulting in 192 episodes
[32mEvaluation Metric: success_once[0m | [36mMean: 0.3438[0m
[32mEvaluation Metric: return[0m | [36mMean: 21.7870[0m
[32mEvaluation Metric: episode_len[0m | [36mMean: 60.0000[0m
[32mEvaluation Metric: reward[0m | [36mMean: 0.3631[0m
[32mEvaluation Metric: success_at_end[0m | [36mMean: 0.3438[0m
model saved to checkpoints/ppo_memtasks/rgb_joints/normalized_dense/RememberColor3-v0/ppo-nonbelief-baseline-42__42__rgb_joints__20260118_012114/20260118_012114/ckpt_15_721.pt
SPS: 1627
Epoch: 722, global_step=8652000
SPS: 1627
Epoch: 723, global_step=8664000
SPS: 1628
Epoch: 724, global_step=8676000
SPS: 1628
Epoch: 725, global_step=8688000
SPS: 1629
Epoch: 726, global_step=8700000
SPS: 1629
Epoch: 727, global_step=8712000
SPS: 1630
Epoch: 728, global_step=8724000
SPS: 1630
Epoch: 729, global_step=8736000
SPS: 1630
Epoch: 730, global_step=8748000
SPS: 1631
Epoch: 731, global_step=8760000
SPS: 1631
Epoch: 732, global_step=8772000
SPS: 1632
Epoch: 733, global_step=8784000
SPS: 1632
Epoch: 734, global_step=8796000
SPS: 1633
Epoch: 735, global_step=8808000
SPS: 1633
Epoch: 736, global_step=8820000
SPS: 1633
Epoch: 737, global_step=8832000
SPS: 1634
Epoch: 738, global_step=8844000
SPS: 1634
Epoch: 739, global_step=8856000
SPS: 1635
Epoch: 740, global_step=8868000
SPS: 1635
Epoch: 741, global_step=8880000
SPS: 1636
Epoch: 742, global_step=8892000
SPS: 1636
Epoch: 743, global_step=8904000
SPS: 1636
Epoch: 744, global_step=8916000
SPS: 1637
Epoch: 745, global_step=8928000
SPS: 1637
Epoch: 746, global_step=8940000
SPS: 1638
Epoch: 747, global_step=8952000
SPS: 1638
Epoch: 748, global_step=8964000
SPS: 1638
Epoch: 749, global_step=8976000
SPS: 1639
Epoch: 750, global_step=8988000
SPS: 1639
Epoch: 751, global_step=9000000
SPS: 1640
Epoch: 752, global_step=9012000
SPS: 1640
Epoch: 753, global_step=9024000
SPS: 1640
Epoch: 754, global_step=9036000
SPS: 1641
Epoch: 755, global_step=9048000
SPS: 1641
Epoch: 756, global_step=9060000
SPS: 1642
Epoch: 757, global_step=9072000
SPS: 1642
Epoch: 758, global_step=9084000
SPS: 1643
Epoch: 759, global_step=9096000
SPS: 1643
Epoch: 760, global_step=9108000
SPS: 1643
Epoch: 761, global_step=9120000
SPS: 1644
Epoch: 762, global_step=9132000
SPS: 1644
Epoch: 763, global_step=9144000
SPS: 1645
Epoch: 764, global_step=9156000
SPS: 1645
Epoch: 765, global_step=9168000
SPS: 1645
Epoch: 766, global_step=9180000
SPS: 1646
Epoch: 767, global_step=9192000
SPS: 1646
Epoch: 768, global_step=9204000
SPS: 1647
Epoch: 769, global_step=9216000
Evaluating
Evaluated 11520 steps resulting in 192 episodes
[32mEvaluation Metric: success_once[0m | [36mMean: 0.3021[0m
[32mEvaluation Metric: return[0m | [36mMean: 20.2822[0m
[32mEvaluation Metric: episode_len[0m | [36mMean: 60.0000[0m
[32mEvaluation Metric: reward[0m | [36mMean: 0.3380[0m
[32mEvaluation Metric: success_at_end[0m | [36mMean: 0.3021[0m
model saved to checkpoints/ppo_memtasks/rgb_joints/normalized_dense/RememberColor3-v0/ppo-nonbelief-baseline-42__42__rgb_joints__20260118_012114/20260118_012114/ckpt_16_769.pt
SPS: 1629
Epoch: 770, global_step=9228000
SPS: 1629
Epoch: 771, global_step=9240000
SPS: 1630
Epoch: 772, global_step=9252000
SPS: 1630
Epoch: 773, global_step=9264000
SPS: 1631
Epoch: 774, global_step=9276000
SPS: 1631
Epoch: 775, global_step=9288000
SPS: 1632
Epoch: 776, global_step=9300000
SPS: 1632
Epoch: 777, global_step=9312000
SPS: 1632
Epoch: 778, global_step=9324000
SPS: 1633
Epoch: 779, global_step=9336000
SPS: 1633
Epoch: 780, global_step=9348000
SPS: 1634
Epoch: 781, global_step=9360000
SPS: 1634
Epoch: 782, global_step=9372000
SPS: 1634
Epoch: 783, global_step=9384000
SPS: 1635
Epoch: 784, global_step=9396000
SPS: 1635
Epoch: 785, global_step=9408000
SPS: 1636
Epoch: 786, global_step=9420000
SPS: 1636
Epoch: 787, global_step=9432000
SPS: 1636
Epoch: 788, global_step=9444000
SPS: 1637
Epoch: 789, global_step=9456000
SPS: 1637
Epoch: 790, global_step=9468000
SPS: 1638
Epoch: 791, global_step=9480000
SPS: 1638
Epoch: 792, global_step=9492000
SPS: 1638
Epoch: 793, global_step=9504000
SPS: 1639
Epoch: 794, global_step=9516000
SPS: 1639
Epoch: 795, global_step=9528000
SPS: 1640
Epoch: 796, global_step=9540000
SPS: 1640
Epoch: 797, global_step=9552000
SPS: 1640
Epoch: 798, global_step=9564000
SPS: 1641
Epoch: 799, global_step=9576000
SPS: 1641
Epoch: 800, global_step=9588000
SPS: 1642
Epoch: 801, global_step=9600000
SPS: 1642
Epoch: 802, global_step=9612000
SPS: 1642
Epoch: 803, global_step=9624000
SPS: 1643
Epoch: 804, global_step=9636000
SPS: 1643
Epoch: 805, global_step=9648000
SPS: 1644
Epoch: 806, global_step=9660000
SPS: 1644
Epoch: 807, global_step=9672000
SPS: 1644
Epoch: 808, global_step=9684000
SPS: 1645
Epoch: 809, global_step=9696000
SPS: 1645
Epoch: 810, global_step=9708000
SPS: 1645
Epoch: 811, global_step=9720000
SPS: 1646
Epoch: 812, global_step=9732000
SPS: 1646
Epoch: 813, global_step=9744000
SPS: 1647
Epoch: 814, global_step=9756000
SPS: 1647
Epoch: 815, global_step=9768000
SPS: 1647
Epoch: 816, global_step=9780000
SPS: 1648
Epoch: 817, global_step=9792000
Evaluating
Evaluated 11520 steps resulting in 192 episodes
[32mEvaluation Metric: success_once[0m | [36mMean: 0.3542[0m
[32mEvaluation Metric: return[0m | [36mMean: 22.1036[0m
[32mEvaluation Metric: episode_len[0m | [36mMean: 60.0000[0m
[32mEvaluation Metric: reward[0m | [36mMean: 0.3684[0m
[32mEvaluation Metric: success_at_end[0m | [36mMean: 0.3542[0m
model saved to checkpoints/ppo_memtasks/rgb_joints/normalized_dense/RememberColor3-v0/ppo-nonbelief-baseline-42__42__rgb_joints__20260118_012114/20260118_012114/ckpt_17_817.pt
SPS: 1631
Epoch: 818, global_step=9804000
SPS: 1632
Epoch: 819, global_step=9816000
SPS: 1632
Epoch: 820, global_step=9828000
SPS: 1632
Epoch: 821, global_step=9840000
SPS: 1633
Epoch: 822, global_step=9852000
SPS: 1633
Epoch: 823, global_step=9864000
SPS: 1634
Epoch: 824, global_step=9876000
SPS: 1634
Epoch: 825, global_step=9888000
SPS: 1634
Epoch: 826, global_step=9900000
SPS: 1635
Epoch: 827, global_step=9912000
SPS: 1635
Epoch: 828, global_step=9924000
SPS: 1635
Epoch: 829, global_step=9936000
SPS: 1636
Epoch: 830, global_step=9948000
SPS: 1636
Epoch: 831, global_step=9960000
SPS: 1637
Epoch: 832, global_step=9972000
SPS: 1637
Epoch: 833, global_step=9984000
SPS: 1637
Epoch: 834, global_step=9996000
SPS: 1638
Epoch: 835, global_step=10008000
SPS: 1638
Epoch: 836, global_step=10020000
SPS: 1638
Epoch: 837, global_step=10032000
SPS: 1639
Epoch: 838, global_step=10044000
SPS: 1639
Epoch: 839, global_step=10056000
SPS: 1640
Epoch: 840, global_step=10068000
SPS: 1640
Epoch: 841, global_step=10080000
SPS: 1640
Epoch: 842, global_step=10092000
SPS: 1641
Epoch: 843, global_step=10104000
SPS: 1641
Epoch: 844, global_step=10116000
SPS: 1642
Epoch: 845, global_step=10128000
SPS: 1642
Epoch: 846, global_step=10140000
SPS: 1642
Epoch: 847, global_step=10152000
SPS: 1643
Epoch: 848, global_step=10164000
SPS: 1643
Epoch: 849, global_step=10176000
SPS: 1643
Epoch: 850, global_step=10188000
SPS: 1644
Epoch: 851, global_step=10200000
SPS: 1644
Epoch: 852, global_step=10212000
SPS: 1644
Epoch: 853, global_step=10224000
SPS: 1645
Epoch: 854, global_step=10236000
SPS: 1645
Epoch: 855, global_step=10248000
SPS: 1646
Epoch: 856, global_step=10260000
SPS: 1646
Epoch: 857, global_step=10272000
SPS: 1646
Epoch: 858, global_step=10284000
SPS: 1647
Epoch: 859, global_step=10296000
SPS: 1647
Epoch: 860, global_step=10308000
SPS: 1647
Epoch: 861, global_step=10320000
SPS: 1648
Epoch: 862, global_step=10332000
SPS: 1648
Epoch: 863, global_step=10344000
SPS: 1648
Epoch: 864, global_step=10356000
SPS: 1649
Epoch: 865, global_step=10368000
Evaluating
Evaluated 11520 steps resulting in 192 episodes
[32mEvaluation Metric: success_once[0m | [36mMean: 0.3229[0m
[32mEvaluation Metric: return[0m | [36mMean: 21.1370[0m
[32mEvaluation Metric: episode_len[0m | [36mMean: 60.0000[0m
[32mEvaluation Metric: reward[0m | [36mMean: 0.3523[0m
[32mEvaluation Metric: success_at_end[0m | [36mMean: 0.3177[0m
model saved to checkpoints/ppo_memtasks/rgb_joints/normalized_dense/RememberColor3-v0/ppo-nonbelief-baseline-42__42__rgb_joints__20260118_012114/20260118_012114/ckpt_18_865.pt
SPS: 1633
model saved to checkpoints/ppo_memtasks/rgb_joints/normalized_dense/RememberColor3-v0/ppo-nonbelief-baseline-42__42__rgb_joints__20260118_012114/20260118_012114/final_ckpt.pt
Running RememberColor3-v0, seed 99

===========================================================================
║                        Environment Configuration                        ║
===========================================================================
║ Environment ID: RememberColor3-v0                                       ║
║ Oracle Info:    None                                                    ║
║ Wrappers:                                                               ║
║    ├─ InitialZeroActionWrapper                                         ║
║    │  └─ {'n_initial_steps': 0}                                           ║
║    ├─ RememberColorInfoWrapper                                         ║
║    ├─ RenderStepInfoWrapper                                            ║
║    ├─ RenderRewardInfoWrapper                                          ║
║    ├─ DebugRewardWrapper                                               ║
║-------------------------------------------------------------------------║
║ include_state:       False │ state will not be used                ║
║ include_rgb:         True  │ rgb images will be used               ║
║ include_oracle:      False │ oracle info will not be used          ║
║ include_joints:      True  │ joints will be used                   ║
===========================================================================

MODE='rgb_joints'
prompt_info=None
Saving eval videos to checkpoints/ppo_memtasks/rgb_joints/normalized_dense/RememberColor3-v0/ppo-nonbelief-baseline-99__99__rgb_joints__20260118_030808/20260118_030808/videos
======================================================================
Max Episode Steps: 60
======================================================================

Running training

####
args.num_iterations=865 args.num_envs=200 args.num_eval_envs=16
args.minibatch_size=375 args.batch_size=12000 args.update_epochs=4
####

sample_obs.keys()=dict_keys(['joints', 'rgb'])
joints: torch.Size([200, 25])
rgb: torch.Size([200, 128, 128, 3])


Epoch: 1, global_step=0
Evaluating
Evaluated 11520 steps resulting in 192 episodes
[32mEvaluation Metric: success_once[0m | [36mMean: 0.0000[0m
[32mEvaluation Metric: return[0m | [36mMean: 9.9524[0m
[32mEvaluation Metric: episode_len[0m | [36mMean: 60.0000[0m
[32mEvaluation Metric: reward[0m | [36mMean: 0.1659[0m
[32mEvaluation Metric: success_at_end[0m | [36mMean: 0.0000[0m
model saved to checkpoints/ppo_memtasks/rgb_joints/normalized_dense/RememberColor3-v0/ppo-nonbelief-baseline-99__99__rgb_joints__20260118_030808/20260118_030808/ckpt_0_1.pt
SPS: 167
Epoch: 2, global_step=12000
SPS: 312
Epoch: 3, global_step=24000
SPS: 438
Epoch: 4, global_step=36000
SPS: 549
Epoch: 5, global_step=48000
SPS: 646
Epoch: 6, global_step=60000
SPS: 731
Epoch: 7, global_step=72000
SPS: 807
Epoch: 8, global_step=84000
SPS: 871
Epoch: 9, global_step=96000
SPS: 932
Epoch: 10, global_step=108000
SPS: 986
Epoch: 11, global_step=120000
SPS: 1035
Epoch: 12, global_step=132000
SPS: 1079
Epoch: 13, global_step=144000
SPS: 1120
Epoch: 14, global_step=156000
SPS: 1157
Epoch: 15, global_step=168000
SPS: 1190
Epoch: 16, global_step=180000
SPS: 1222
Epoch: 17, global_step=192000
SPS: 1250
Epoch: 18, global_step=204000
SPS: 1277
Epoch: 19, global_step=216000
SPS: 1300
Epoch: 20, global_step=228000
SPS: 1323
Epoch: 21, global_step=240000
SPS: 1345
Epoch: 22, global_step=252000
SPS: 1365
Epoch: 23, global_step=264000
SPS: 1384
Epoch: 24, global_step=276000
SPS: 1402
Epoch: 25, global_step=288000
SPS: 1419
Epoch: 26, global_step=300000
SPS: 1435
Epoch: 27, global_step=312000
SPS: 1450
Epoch: 28, global_step=324000
SPS: 1465
Epoch: 29, global_step=336000
SPS: 1478
Epoch: 30, global_step=348000
SPS: 1491
Epoch: 31, global_step=360000
SPS: 1503
Epoch: 32, global_step=372000
SPS: 1515
Epoch: 33, global_step=384000
SPS: 1526
Epoch: 34, global_step=396000
SPS: 1536
Epoch: 35, global_step=408000
SPS: 1546
Epoch: 36, global_step=420000
SPS: 1556
Epoch: 37, global_step=432000
SPS: 1565
Epoch: 38, global_step=444000
SPS: 1574
Epoch: 39, global_step=456000
SPS: 1583
Epoch: 40, global_step=468000
SPS: 1591
Epoch: 41, global_step=480000
SPS: 1599
Epoch: 42, global_step=492000
SPS: 1607
Epoch: 43, global_step=504000
SPS: 1614
Epoch: 44, global_step=516000
SPS: 1621
Epoch: 45, global_step=528000
SPS: 1628
Epoch: 46, global_step=540000
SPS: 1634
Epoch: 47, global_step=552000
SPS: 1640
Epoch: 48, global_step=564000
SPS: 1646
Epoch: 49, global_step=576000
Evaluating
Evaluated 11520 steps resulting in 192 episodes
[32mEvaluation Metric: success_once[0m | [36mMean: 0.3281[0m
[32mEvaluation Metric: return[0m | [36mMean: 15.2227[0m
[32mEvaluation Metric: episode_len[0m | [36mMean: 60.0000[0m
[32mEvaluation Metric: reward[0m | [36mMean: 0.2537[0m
[32mEvaluation Metric: success_at_end[0m | [36mMean: 0.3021[0m
model saved to checkpoints/ppo_memtasks/rgb_joints/normalized_dense/RememberColor3-v0/ppo-nonbelief-baseline-99__99__rgb_joints__20260118_030808/20260118_030808/ckpt_1_49.pt
SPS: 1400
Epoch: 50, global_step=588000
SPS: 1408
Epoch: 51, global_step=600000
SPS: 1415
Epoch: 52, global_step=612000
SPS: 1423
Epoch: 53, global_step=624000
SPS: 1430
Epoch: 54, global_step=636000
SPS: 1438
Epoch: 55, global_step=648000
SPS: 1445
Epoch: 56, global_step=660000
SPS: 1452
Epoch: 57, global_step=672000
SPS: 1459
Epoch: 58, global_step=684000
SPS: 1466
Epoch: 59, global_step=696000
SPS: 1472
Epoch: 60, global_step=708000
SPS: 1479
Epoch: 61, global_step=720000
SPS: 1485
Epoch: 62, global_step=732000
SPS: 1491
Epoch: 63, global_step=744000
SPS: 1497
Epoch: 64, global_step=756000
SPS: 1503
Epoch: 65, global_step=768000
SPS: 1508
Epoch: 66, global_step=780000
SPS: 1514
Epoch: 67, global_step=792000
SPS: 1519
Epoch: 68, global_step=804000
SPS: 1524
Epoch: 69, global_step=816000
SPS: 1530
Epoch: 70, global_step=828000
SPS: 1535
Epoch: 71, global_step=840000
SPS: 1540
Epoch: 72, global_step=852000
SPS: 1545
Epoch: 73, global_step=864000
SPS: 1549
Epoch: 74, global_step=876000
SPS: 1554
Epoch: 75, global_step=888000
SPS: 1559
Epoch: 76, global_step=900000
SPS: 1563
Epoch: 77, global_step=912000
SPS: 1567
Epoch: 78, global_step=924000
SPS: 1572
Epoch: 79, global_step=936000
SPS: 1576
Epoch: 80, global_step=948000
SPS: 1580
Epoch: 81, global_step=960000
SPS: 1584
Epoch: 82, global_step=972000
SPS: 1588
Epoch: 83, global_step=984000
SPS: 1592
Epoch: 84, global_step=996000
SPS: 1595
Epoch: 85, global_step=1008000
SPS: 1599
Epoch: 86, global_step=1020000
SPS: 1603
Epoch: 87, global_step=1032000
SPS: 1606
Epoch: 88, global_step=1044000
SPS: 1610
Epoch: 89, global_step=1056000
SPS: 1613
Epoch: 90, global_step=1068000
SPS: 1617
Epoch: 91, global_step=1080000
SPS: 1620
Epoch: 92, global_step=1092000
SPS: 1624
Epoch: 93, global_step=1104000
SPS: 1627
Epoch: 94, global_step=1116000
SPS: 1630
Epoch: 95, global_step=1128000
SPS: 1633
Epoch: 96, global_step=1140000
SPS: 1636
Epoch: 97, global_step=1152000
Evaluating
Evaluated 11520 steps resulting in 192 episodes
[32mEvaluation Metric: success_once[0m | [36mMean: 0.2969[0m
[32mEvaluation Metric: return[0m | [36mMean: 18.5320[0m
[32mEvaluation Metric: episode_len[0m | [36mMean: 60.0000[0m
[32mEvaluation Metric: reward[0m | [36mMean: 0.3089[0m
[32mEvaluation Metric: success_at_end[0m | [36mMean: 0.2969[0m
model saved to checkpoints/ppo_memtasks/rgb_joints/normalized_dense/RememberColor3-v0/ppo-nonbelief-baseline-99__99__rgb_joints__20260118_030808/20260118_030808/ckpt_2_97.pt
SPS: 1508
Epoch: 98, global_step=1164000
SPS: 1512
Epoch: 99, global_step=1176000
SPS: 1515
Epoch: 100, global_step=1188000
SPS: 1519
Epoch: 101, global_step=1200000
SPS: 1523
Epoch: 102, global_step=1212000
SPS: 1526
Epoch: 103, global_step=1224000
SPS: 1530
Epoch: 104, global_step=1236000
SPS: 1533
Epoch: 105, global_step=1248000
SPS: 1536
Epoch: 106, global_step=1260000
SPS: 1540
Epoch: 107, global_step=1272000
SPS: 1543
Epoch: 108, global_step=1284000
SPS: 1546
Epoch: 109, global_step=1296000
SPS: 1549
Epoch: 110, global_step=1308000
SPS: 1552
Epoch: 111, global_step=1320000
SPS: 1555
Epoch: 112, global_step=1332000
SPS: 1558
Epoch: 113, global_step=1344000
SPS: 1561
Epoch: 114, global_step=1356000
SPS: 1564
Epoch: 115, global_step=1368000
SPS: 1567
Epoch: 116, global_step=1380000
SPS: 1570
Epoch: 117, global_step=1392000
SPS: 1573
Epoch: 118, global_step=1404000
SPS: 1576
Epoch: 119, global_step=1416000
SPS: 1579
Epoch: 120, global_step=1428000
SPS: 1582
Epoch: 121, global_step=1440000
SPS: 1584
Epoch: 122, global_step=1452000
SPS: 1587
Epoch: 123, global_step=1464000
SPS: 1590
Epoch: 124, global_step=1476000
SPS: 1592
Epoch: 125, global_step=1488000
SPS: 1595
Epoch: 126, global_step=1500000
SPS: 1597
Epoch: 127, global_step=1512000
SPS: 1600
Epoch: 128, global_step=1524000
SPS: 1602
Epoch: 129, global_step=1536000
SPS: 1605
Epoch: 130, global_step=1548000
SPS: 1607
Epoch: 131, global_step=1560000
SPS: 1610
Epoch: 132, global_step=1572000
SPS: 1612
Epoch: 133, global_step=1584000
SPS: 1614
Epoch: 134, global_step=1596000
SPS: 1617
Epoch: 135, global_step=1608000
SPS: 1619
Epoch: 136, global_step=1620000
SPS: 1621
Epoch: 137, global_step=1632000
SPS: 1624
Epoch: 138, global_step=1644000
SPS: 1626
Epoch: 139, global_step=1656000
SPS: 1628
Epoch: 140, global_step=1668000
SPS: 1630
Epoch: 141, global_step=1680000
SPS: 1632
Epoch: 142, global_step=1692000
SPS: 1634
Epoch: 143, global_step=1704000
SPS: 1636
Epoch: 144, global_step=1716000
SPS: 1639
Epoch: 145, global_step=1728000
Evaluating
Evaluated 11520 steps resulting in 192 episodes
[32mEvaluation Metric: success_once[0m | [36mMean: 0.3281[0m
[32mEvaluation Metric: return[0m | [36mMean: 20.7209[0m
[32mEvaluation Metric: episode_len[0m | [36mMean: 60.0000[0m
[32mEvaluation Metric: reward[0m | [36mMean: 0.3453[0m
[32mEvaluation Metric: success_at_end[0m | [36mMean: 0.3229[0m
model saved to checkpoints/ppo_memtasks/rgb_joints/normalized_dense/RememberColor3-v0/ppo-nonbelief-baseline-99__99__rgb_joints__20260118_030808/20260118_030808/ckpt_3_145.pt
SPS: 1547
Epoch: 146, global_step=1740000
SPS: 1550
Epoch: 147, global_step=1752000
SPS: 1552
Epoch: 148, global_step=1764000
SPS: 1554
Epoch: 149, global_step=1776000
SPS: 1557
Epoch: 150, global_step=1788000
SPS: 1559
Epoch: 151, global_step=1800000
SPS: 1561
Epoch: 152, global_step=1812000
SPS: 1563
Epoch: 153, global_step=1824000
SPS: 1566
Epoch: 154, global_step=1836000
SPS: 1568
Epoch: 155, global_step=1848000
SPS: 1570
Epoch: 156, global_step=1860000
SPS: 1572
Epoch: 157, global_step=1872000
SPS: 1574
Epoch: 158, global_step=1884000
SPS: 1576
Epoch: 159, global_step=1896000
SPS: 1579
Epoch: 160, global_step=1908000
SPS: 1581
Epoch: 161, global_step=1920000
SPS: 1583
Epoch: 162, global_step=1932000
SPS: 1585
Epoch: 163, global_step=1944000
SPS: 1587
Epoch: 164, global_step=1956000
SPS: 1589
Epoch: 165, global_step=1968000
SPS: 1591
Epoch: 166, global_step=1980000
SPS: 1593
Epoch: 167, global_step=1992000
SPS: 1595
Epoch: 168, global_step=2004000
SPS: 1597
Epoch: 169, global_step=2016000
SPS: 1599
Epoch: 170, global_step=2028000
SPS: 1600
Epoch: 171, global_step=2040000
SPS: 1602
Epoch: 172, global_step=2052000
SPS: 1604
Epoch: 173, global_step=2064000
SPS: 1606
Epoch: 174, global_step=2076000
SPS: 1608
Epoch: 175, global_step=2088000
SPS: 1610
Epoch: 176, global_step=2100000
SPS: 1611
Epoch: 177, global_step=2112000
SPS: 1613
Epoch: 178, global_step=2124000
SPS: 1615
Epoch: 179, global_step=2136000
SPS: 1617
Epoch: 180, global_step=2148000
SPS: 1619
Epoch: 181, global_step=2160000
SPS: 1620
Epoch: 182, global_step=2172000
SPS: 1622
Epoch: 183, global_step=2184000
SPS: 1624
Epoch: 184, global_step=2196000
SPS: 1625
Epoch: 185, global_step=2208000
SPS: 1627
Epoch: 186, global_step=2220000
SPS: 1629
Epoch: 187, global_step=2232000
SPS: 1630
Epoch: 188, global_step=2244000
SPS: 1632
Epoch: 189, global_step=2256000
SPS: 1633
Epoch: 190, global_step=2268000
SPS: 1635
Epoch: 191, global_step=2280000
SPS: 1637
Epoch: 192, global_step=2292000
SPS: 1638
Epoch: 193, global_step=2304000
Evaluating
Evaluated 11520 steps resulting in 192 episodes
[32mEvaluation Metric: success_once[0m | [36mMean: 0.3021[0m
[32mEvaluation Metric: return[0m | [36mMean: 20.4149[0m
[32mEvaluation Metric: episode_len[0m | [36mMean: 60.0000[0m
[32mEvaluation Metric: reward[0m | [36mMean: 0.3402[0m
[32mEvaluation Metric: success_at_end[0m | [36mMean: 0.3021[0m
model saved to checkpoints/ppo_memtasks/rgb_joints/normalized_dense/RememberColor3-v0/ppo-nonbelief-baseline-99__99__rgb_joints__20260118_030808/20260118_030808/ckpt_4_193.pt
SPS: 1567
Epoch: 194, global_step=2316000
SPS: 1569
Epoch: 195, global_step=2328000
SPS: 1571
Epoch: 196, global_step=2340000
SPS: 1573
Epoch: 197, global_step=2352000
SPS: 1574
Epoch: 198, global_step=2364000
SPS: 1576
Epoch: 199, global_step=2376000
SPS: 1578
Epoch: 200, global_step=2388000
SPS: 1579
Epoch: 201, global_step=2400000
SPS: 1581
Epoch: 202, global_step=2412000
SPS: 1583
Epoch: 203, global_step=2424000
SPS: 1584
Epoch: 204, global_step=2436000
SPS: 1586
Epoch: 205, global_step=2448000
SPS: 1588
Epoch: 206, global_step=2460000
SPS: 1589
Epoch: 207, global_step=2472000
SPS: 1591
Epoch: 208, global_step=2484000
SPS: 1592
Epoch: 209, global_step=2496000
SPS: 1594
Epoch: 210, global_step=2508000
SPS: 1595
Epoch: 211, global_step=2520000
SPS: 1597
Epoch: 212, global_step=2532000
SPS: 1598
Epoch: 213, global_step=2544000
SPS: 1600
Epoch: 214, global_step=2556000
SPS: 1601
Epoch: 215, global_step=2568000
SPS: 1603
Epoch: 216, global_step=2580000
SPS: 1604
Epoch: 217, global_step=2592000
SPS: 1606
Epoch: 218, global_step=2604000
SPS: 1607
Epoch: 219, global_step=2616000
SPS: 1609
Epoch: 220, global_step=2628000
SPS: 1610
Epoch: 221, global_step=2640000
SPS: 1612
Epoch: 222, global_step=2652000
SPS: 1613
Epoch: 223, global_step=2664000
SPS: 1614
Epoch: 224, global_step=2676000
SPS: 1616
Epoch: 225, global_step=2688000
SPS: 1617
Epoch: 226, global_step=2700000
SPS: 1619
Epoch: 227, global_step=2712000
SPS: 1620
Epoch: 228, global_step=2724000
SPS: 1621
Epoch: 229, global_step=2736000
SPS: 1623
Epoch: 230, global_step=2748000
SPS: 1624
Epoch: 231, global_step=2760000
SPS: 1625
Epoch: 232, global_step=2772000
SPS: 1627
Epoch: 233, global_step=2784000
SPS: 1628
Epoch: 234, global_step=2796000
SPS: 1629
Epoch: 235, global_step=2808000
SPS: 1631
Epoch: 236, global_step=2820000
SPS: 1632
Epoch: 237, global_step=2832000
SPS: 1633
Epoch: 238, global_step=2844000
SPS: 1635
Epoch: 239, global_step=2856000
SPS: 1636
Epoch: 240, global_step=2868000
SPS: 1637
Epoch: 241, global_step=2880000
Evaluating
Evaluated 11520 steps resulting in 192 episodes
[32mEvaluation Metric: success_once[0m | [36mMean: 0.3438[0m
[32mEvaluation Metric: return[0m | [36mMean: 21.8209[0m
[32mEvaluation Metric: episode_len[0m | [36mMean: 60.0000[0m
[32mEvaluation Metric: reward[0m | [36mMean: 0.3637[0m
[32mEvaluation Metric: success_at_end[0m | [36mMean: 0.3438[0m
model saved to checkpoints/ppo_memtasks/rgb_joints/normalized_dense/RememberColor3-v0/ppo-nonbelief-baseline-99__99__rgb_joints__20260118_030808/20260118_030808/ckpt_5_241.pt
SPS: 1580
Epoch: 242, global_step=2892000
SPS: 1582
Epoch: 243, global_step=2904000
SPS: 1583
Epoch: 244, global_step=2916000
SPS: 1584
Epoch: 245, global_step=2928000
SPS: 1586
Epoch: 246, global_step=2940000
SPS: 1587
Epoch: 247, global_step=2952000
SPS: 1588
Epoch: 248, global_step=2964000
SPS: 1590
Epoch: 249, global_step=2976000
SPS: 1591
Epoch: 250, global_step=2988000
SPS: 1592
Epoch: 251, global_step=3000000
SPS: 1594
Epoch: 252, global_step=3012000
SPS: 1595
Epoch: 253, global_step=3024000
SPS: 1596
Epoch: 254, global_step=3036000
SPS: 1598
Epoch: 255, global_step=3048000
SPS: 1599
Epoch: 256, global_step=3060000
SPS: 1600
Epoch: 257, global_step=3072000
SPS: 1602
Epoch: 258, global_step=3084000
SPS: 1603
Epoch: 259, global_step=3096000
SPS: 1604
Epoch: 260, global_step=3108000
SPS: 1605
Epoch: 261, global_step=3120000
SPS: 1607
Epoch: 262, global_step=3132000
SPS: 1608
Epoch: 263, global_step=3144000
SPS: 1609
Epoch: 264, global_step=3156000
SPS: 1610
Epoch: 265, global_step=3168000
SPS: 1612
Epoch: 266, global_step=3180000
SPS: 1613
Epoch: 267, global_step=3192000
SPS: 1614
Epoch: 268, global_step=3204000
SPS: 1615
Epoch: 269, global_step=3216000
SPS: 1616
Epoch: 270, global_step=3228000
SPS: 1618
Epoch: 271, global_step=3240000
SPS: 1619
Epoch: 272, global_step=3252000
SPS: 1620
Epoch: 273, global_step=3264000
SPS: 1621
Epoch: 274, global_step=3276000
SPS: 1622
Epoch: 275, global_step=3288000
SPS: 1623
Epoch: 276, global_step=3300000
SPS: 1624
Epoch: 277, global_step=3312000
SPS: 1626
Epoch: 278, global_step=3324000
SPS: 1627
Epoch: 279, global_step=3336000
SPS: 1628
Epoch: 280, global_step=3348000
SPS: 1629
Epoch: 281, global_step=3360000
SPS: 1630
Epoch: 282, global_step=3372000
SPS: 1631
Epoch: 283, global_step=3384000
SPS: 1632
Epoch: 284, global_step=3396000
SPS: 1633
Epoch: 285, global_step=3408000
SPS: 1634
Epoch: 286, global_step=3420000
SPS: 1635
Epoch: 287, global_step=3432000
SPS: 1637
Epoch: 288, global_step=3444000
SPS: 1638
Epoch: 289, global_step=3456000
Evaluating
Evaluated 11520 steps resulting in 192 episodes
[32mEvaluation Metric: success_once[0m | [36mMean: 0.3177[0m
[32mEvaluation Metric: return[0m | [36mMean: 20.9673[0m
[32mEvaluation Metric: episode_len[0m | [36mMean: 60.0000[0m
[32mEvaluation Metric: reward[0m | [36mMean: 0.3495[0m
[32mEvaluation Metric: success_at_end[0m | [36mMean: 0.3177[0m
model saved to checkpoints/ppo_memtasks/rgb_joints/normalized_dense/RememberColor3-v0/ppo-nonbelief-baseline-99__99__rgb_joints__20260118_030808/20260118_030808/ckpt_6_289.pt
SPS: 1592
Epoch: 290, global_step=3468000
SPS: 1593
Epoch: 291, global_step=3480000
SPS: 1595
Epoch: 292, global_step=3492000
SPS: 1596
Epoch: 293, global_step=3504000
SPS: 1597
Epoch: 294, global_step=3516000
SPS: 1598
Epoch: 295, global_step=3528000
SPS: 1599
Epoch: 296, global_step=3540000
SPS: 1600
Epoch: 297, global_step=3552000
SPS: 1601
Epoch: 298, global_step=3564000
SPS: 1602
Epoch: 299, global_step=3576000
SPS: 1603
Epoch: 300, global_step=3588000
SPS: 1605
Epoch: 301, global_step=3600000
SPS: 1606
Epoch: 302, global_step=3612000
SPS: 1607
Epoch: 303, global_step=3624000
SPS: 1608
Epoch: 304, global_step=3636000
SPS: 1609
Epoch: 305, global_step=3648000
SPS: 1610
Epoch: 306, global_step=3660000
SPS: 1611
Epoch: 307, global_step=3672000
SPS: 1612
Epoch: 308, global_step=3684000
SPS: 1613
Epoch: 309, global_step=3696000
SPS: 1614
Epoch: 310, global_step=3708000
SPS: 1615
Epoch: 311, global_step=3720000
SPS: 1616
Epoch: 312, global_step=3732000
SPS: 1617
Epoch: 313, global_step=3744000
SPS: 1618
Epoch: 314, global_step=3756000
SPS: 1619
Epoch: 315, global_step=3768000
SPS: 1620
Epoch: 316, global_step=3780000
SPS: 1621
Epoch: 317, global_step=3792000
SPS: 1622
Epoch: 318, global_step=3804000
SPS: 1623
Epoch: 319, global_step=3816000
SPS: 1624
Epoch: 320, global_step=3828000
SPS: 1625
Epoch: 321, global_step=3840000
SPS: 1626
Epoch: 322, global_step=3852000
SPS: 1627
Epoch: 323, global_step=3864000
SPS: 1628
Epoch: 324, global_step=3876000
SPS: 1629
Epoch: 325, global_step=3888000
SPS: 1630
Epoch: 326, global_step=3900000
SPS: 1631
Epoch: 327, global_step=3912000
SPS: 1632
Epoch: 328, global_step=3924000
SPS: 1633
Epoch: 329, global_step=3936000
SPS: 1634
Epoch: 330, global_step=3948000
SPS: 1635
Epoch: 331, global_step=3960000
SPS: 1636
Epoch: 332, global_step=3972000
SPS: 1637
Epoch: 333, global_step=3984000
SPS: 1638
Epoch: 334, global_step=3996000
SPS: 1639
Epoch: 335, global_step=4008000
SPS: 1640
Epoch: 336, global_step=4020000
SPS: 1640
Epoch: 337, global_step=4032000
Evaluating
Evaluated 11520 steps resulting in 192 episodes
[32mEvaluation Metric: success_once[0m | [36mMean: 0.3073[0m
[32mEvaluation Metric: return[0m | [36mMean: 20.5255[0m
[32mEvaluation Metric: episode_len[0m | [36mMean: 60.0000[0m
[32mEvaluation Metric: reward[0m | [36mMean: 0.3421[0m
[32mEvaluation Metric: success_at_end[0m | [36mMean: 0.3073[0m
model saved to checkpoints/ppo_memtasks/rgb_joints/normalized_dense/RememberColor3-v0/ppo-nonbelief-baseline-99__99__rgb_joints__20260118_030808/20260118_030808/ckpt_7_337.pt
SPS: 1601
Epoch: 338, global_step=4044000
SPS: 1602
Epoch: 339, global_step=4056000
SPS: 1603
Epoch: 340, global_step=4068000
SPS: 1604
Epoch: 341, global_step=4080000
SPS: 1605
Epoch: 342, global_step=4092000
SPS: 1605
Epoch: 343, global_step=4104000
SPS: 1606
Epoch: 344, global_step=4116000
SPS: 1607
Epoch: 345, global_step=4128000
SPS: 1608
Epoch: 346, global_step=4140000
SPS: 1609
Epoch: 347, global_step=4152000
SPS: 1610
Epoch: 348, global_step=4164000
SPS: 1611
Epoch: 349, global_step=4176000
SPS: 1612
Epoch: 350, global_step=4188000
SPS: 1613
Epoch: 351, global_step=4200000
SPS: 1613
Epoch: 352, global_step=4212000
SPS: 1614
Epoch: 353, global_step=4224000
SPS: 1615
Epoch: 354, global_step=4236000
SPS: 1616
Epoch: 355, global_step=4248000
SPS: 1617
Epoch: 356, global_step=4260000
SPS: 1618
Epoch: 357, global_step=4272000
SPS: 1619
Epoch: 358, global_step=4284000
SPS: 1620
Epoch: 359, global_step=4296000
SPS: 1620
Epoch: 360, global_step=4308000
SPS: 1621
Epoch: 361, global_step=4320000
SPS: 1622
Epoch: 362, global_step=4332000
SPS: 1623
Epoch: 363, global_step=4344000
SPS: 1624
Epoch: 364, global_step=4356000
SPS: 1625
Epoch: 365, global_step=4368000
SPS: 1626
Epoch: 366, global_step=4380000
SPS: 1626
Epoch: 367, global_step=4392000
SPS: 1627
Epoch: 368, global_step=4404000
SPS: 1628
Epoch: 369, global_step=4416000
SPS: 1629
Epoch: 370, global_step=4428000
SPS: 1630
Epoch: 371, global_step=4440000
SPS: 1630
Epoch: 372, global_step=4452000
SPS: 1631
Epoch: 373, global_step=4464000
SPS: 1632
Epoch: 374, global_step=4476000
SPS: 1633
Epoch: 375, global_step=4488000
SPS: 1634
Epoch: 376, global_step=4500000
SPS: 1634
Epoch: 377, global_step=4512000
SPS: 1635
Epoch: 378, global_step=4524000
SPS: 1636
Epoch: 379, global_step=4536000
SPS: 1637
Epoch: 380, global_step=4548000
SPS: 1637
Epoch: 381, global_step=4560000
SPS: 1638
Epoch: 382, global_step=4572000
SPS: 1639
Epoch: 383, global_step=4584000
SPS: 1640
Epoch: 384, global_step=4596000
SPS: 1641
Epoch: 385, global_step=4608000
Evaluating
Evaluated 11520 steps resulting in 192 episodes
[32mEvaluation Metric: success_once[0m | [36mMean: 0.3125[0m
[32mEvaluation Metric: return[0m | [36mMean: 20.6915[0m
[32mEvaluation Metric: episode_len[0m | [36mMean: 60.0000[0m
[32mEvaluation Metric: reward[0m | [36mMean: 0.3449[0m
[32mEvaluation Metric: success_at_end[0m | [36mMean: 0.3125[0m
model saved to checkpoints/ppo_memtasks/rgb_joints/normalized_dense/RememberColor3-v0/ppo-nonbelief-baseline-99__99__rgb_joints__20260118_030808/20260118_030808/ckpt_8_385.pt
SPS: 1603
Epoch: 386, global_step=4620000
SPS: 1604
Epoch: 387, global_step=4632000
SPS: 1605
Epoch: 388, global_step=4644000
SPS: 1606
Epoch: 389, global_step=4656000
SPS: 1606
Epoch: 390, global_step=4668000
SPS: 1607
Epoch: 391, global_step=4680000
SPS: 1608
Epoch: 392, global_step=4692000
SPS: 1608
Epoch: 393, global_step=4704000
SPS: 1609
Epoch: 394, global_step=4716000
SPS: 1610
Epoch: 395, global_step=4728000
SPS: 1611
Epoch: 396, global_step=4740000
SPS: 1611
Epoch: 397, global_step=4752000
SPS: 1612
Epoch: 398, global_step=4764000
SPS: 1613
Epoch: 399, global_step=4776000
SPS: 1613
Epoch: 400, global_step=4788000
SPS: 1614
Epoch: 401, global_step=4800000
SPS: 1615
Epoch: 402, global_step=4812000
SPS: 1615
Epoch: 403, global_step=4824000
SPS: 1616
Epoch: 404, global_step=4836000
SPS: 1617
Epoch: 405, global_step=4848000
SPS: 1617
Epoch: 406, global_step=4860000
SPS: 1618
Epoch: 407, global_step=4872000
SPS: 1619
Epoch: 408, global_step=4884000
SPS: 1619
Epoch: 409, global_step=4896000
SPS: 1620
Epoch: 410, global_step=4908000
SPS: 1621
Epoch: 411, global_step=4920000
SPS: 1621
Epoch: 412, global_step=4932000
SPS: 1622
Epoch: 413, global_step=4944000
SPS: 1623
Epoch: 414, global_step=4956000
SPS: 1623
Epoch: 415, global_step=4968000
SPS: 1624
Epoch: 416, global_step=4980000
SPS: 1625
Epoch: 417, global_step=4992000
SPS: 1625
Epoch: 418, global_step=5004000
SPS: 1626
Epoch: 419, global_step=5016000
SPS: 1627
Epoch: 420, global_step=5028000
SPS: 1627
Epoch: 421, global_step=5040000
SPS: 1628
Epoch: 422, global_step=5052000
SPS: 1629
Epoch: 423, global_step=5064000
SPS: 1629
Epoch: 424, global_step=5076000
SPS: 1630
Epoch: 425, global_step=5088000
SPS: 1631
Epoch: 426, global_step=5100000
SPS: 1631
Epoch: 427, global_step=5112000
SPS: 1632
Epoch: 428, global_step=5124000
SPS: 1632
Epoch: 429, global_step=5136000
SPS: 1633
Epoch: 430, global_step=5148000
SPS: 1634
Epoch: 431, global_step=5160000
SPS: 1634
Epoch: 432, global_step=5172000
SPS: 1635
Epoch: 433, global_step=5184000
Evaluating
Evaluated 11520 steps resulting in 192 episodes
[32mEvaluation Metric: success_once[0m | [36mMean: 0.4375[0m
[32mEvaluation Metric: return[0m | [36mMean: 25.2655[0m
[32mEvaluation Metric: episode_len[0m | [36mMean: 60.0000[0m
[32mEvaluation Metric: reward[0m | [36mMean: 0.4211[0m
[32mEvaluation Metric: success_at_end[0m | [36mMean: 0.4375[0m
model saved to checkpoints/ppo_memtasks/rgb_joints/normalized_dense/RememberColor3-v0/ppo-nonbelief-baseline-99__99__rgb_joints__20260118_030808/20260118_030808/ckpt_9_433.pt
SPS: 1599
Epoch: 434, global_step=5196000
SPS: 1600
Epoch: 435, global_step=5208000
SPS: 1600
Epoch: 436, global_step=5220000
SPS: 1601
Epoch: 437, global_step=5232000
SPS: 1602
Epoch: 438, global_step=5244000
SPS: 1602
Epoch: 439, global_step=5256000
SPS: 1603
Epoch: 440, global_step=5268000
SPS: 1604
Epoch: 441, global_step=5280000
SPS: 1604
Epoch: 442, global_step=5292000
SPS: 1605
Epoch: 443, global_step=5304000
SPS: 1606
Epoch: 444, global_step=5316000
SPS: 1606
Epoch: 445, global_step=5328000
SPS: 1607
Epoch: 446, global_step=5340000
SPS: 1607
Epoch: 447, global_step=5352000
SPS: 1608
Epoch: 448, global_step=5364000
SPS: 1609
Epoch: 449, global_step=5376000
SPS: 1609
Epoch: 450, global_step=5388000
SPS: 1610
Epoch: 451, global_step=5400000
SPS: 1610
Epoch: 452, global_step=5412000
SPS: 1611
Epoch: 453, global_step=5424000
SPS: 1612
Epoch: 454, global_step=5436000
SPS: 1612
Epoch: 455, global_step=5448000
SPS: 1613
Epoch: 456, global_step=5460000
SPS: 1613
Epoch: 457, global_step=5472000
SPS: 1614
Epoch: 458, global_step=5484000
SPS: 1615
Epoch: 459, global_step=5496000
SPS: 1615
Epoch: 460, global_step=5508000
SPS: 1616
Epoch: 461, global_step=5520000
SPS: 1616
Epoch: 462, global_step=5532000
SPS: 1617
Epoch: 463, global_step=5544000
SPS: 1617
Epoch: 464, global_step=5556000
SPS: 1618
Epoch: 465, global_step=5568000
SPS: 1619
Epoch: 466, global_step=5580000
SPS: 1619
Epoch: 467, global_step=5592000
SPS: 1620
Epoch: 468, global_step=5604000
SPS: 1620
Epoch: 469, global_step=5616000
SPS: 1621
Epoch: 470, global_step=5628000
SPS: 1622
Epoch: 471, global_step=5640000
SPS: 1622
Epoch: 472, global_step=5652000
SPS: 1623
Epoch: 473, global_step=5664000
SPS: 1623
Epoch: 474, global_step=5676000
SPS: 1624
Epoch: 475, global_step=5688000
SPS: 1624
Epoch: 476, global_step=5700000
SPS: 1625
Epoch: 477, global_step=5712000
SPS: 1625
Epoch: 478, global_step=5724000
SPS: 1626
Epoch: 479, global_step=5736000
SPS: 1626
Epoch: 480, global_step=5748000
SPS: 1627
Epoch: 481, global_step=5760000
Evaluating
Evaluated 11520 steps resulting in 192 episodes
[32mEvaluation Metric: success_once[0m | [36mMean: 0.2552[0m
[32mEvaluation Metric: return[0m | [36mMean: 19.0485[0m
[32mEvaluation Metric: episode_len[0m | [36mMean: 60.0000[0m
[32mEvaluation Metric: reward[0m | [36mMean: 0.3175[0m
[32mEvaluation Metric: success_at_end[0m | [36mMean: 0.2552[0m
model saved to checkpoints/ppo_memtasks/rgb_joints/normalized_dense/RememberColor3-v0/ppo-nonbelief-baseline-99__99__rgb_joints__20260118_030808/20260118_030808/ckpt_10_481.pt
SPS: 1596
Epoch: 482, global_step=5772000
SPS: 1597
Epoch: 483, global_step=5784000
SPS: 1597
Epoch: 484, global_step=5796000
SPS: 1598
Epoch: 485, global_step=5808000
SPS: 1599
Epoch: 486, global_step=5820000
SPS: 1599
Epoch: 487, global_step=5832000
SPS: 1600
Epoch: 488, global_step=5844000
SPS: 1600
Epoch: 489, global_step=5856000
SPS: 1601
Epoch: 490, global_step=5868000
SPS: 1601
Epoch: 491, global_step=5880000
SPS: 1602
Epoch: 492, global_step=5892000
SPS: 1603
Epoch: 493, global_step=5904000
SPS: 1603
Epoch: 494, global_step=5916000
SPS: 1604
Epoch: 495, global_step=5928000
SPS: 1604
Epoch: 496, global_step=5940000
SPS: 1605
Epoch: 497, global_step=5952000
SPS: 1606
Epoch: 498, global_step=5964000
SPS: 1606
Epoch: 499, global_step=5976000
SPS: 1607
Epoch: 500, global_step=5988000
SPS: 1607
Epoch: 501, global_step=6000000
SPS: 1608
Epoch: 502, global_step=6012000
SPS: 1608
Epoch: 503, global_step=6024000
SPS: 1609
Epoch: 504, global_step=6036000
SPS: 1609
Epoch: 505, global_step=6048000
SPS: 1610
Epoch: 506, global_step=6060000
SPS: 1610
Epoch: 507, global_step=6072000
SPS: 1611
Epoch: 508, global_step=6084000
SPS: 1611
Epoch: 509, global_step=6096000
SPS: 1612
Epoch: 510, global_step=6108000
SPS: 1612
Epoch: 511, global_step=6120000
SPS: 1613
Epoch: 512, global_step=6132000
SPS: 1614
Epoch: 513, global_step=6144000
SPS: 1614
Epoch: 514, global_step=6156000
SPS: 1615
Epoch: 515, global_step=6168000
SPS: 1615
Epoch: 516, global_step=6180000
SPS: 1616
Epoch: 517, global_step=6192000
SPS: 1616
Epoch: 518, global_step=6204000
SPS: 1617
Epoch: 519, global_step=6216000
SPS: 1617
Epoch: 520, global_step=6228000
SPS: 1618
Epoch: 521, global_step=6240000
SPS: 1619
Epoch: 522, global_step=6252000
SPS: 1619
Epoch: 523, global_step=6264000
SPS: 1620
Epoch: 524, global_step=6276000
SPS: 1620
Epoch: 525, global_step=6288000
SPS: 1621
Epoch: 526, global_step=6300000
SPS: 1621
Epoch: 527, global_step=6312000
SPS: 1622
Epoch: 528, global_step=6324000
SPS: 1622
Epoch: 529, global_step=6336000
Evaluating
Evaluated 11520 steps resulting in 192 episodes
[32mEvaluation Metric: success_once[0m | [36mMean: 0.2760[0m
[32mEvaluation Metric: return[0m | [36mMean: 19.5912[0m
[32mEvaluation Metric: episode_len[0m | [36mMean: 60.0000[0m
[32mEvaluation Metric: reward[0m | [36mMean: 0.3265[0m
[32mEvaluation Metric: success_at_end[0m | [36mMean: 0.2760[0m
model saved to checkpoints/ppo_memtasks/rgb_joints/normalized_dense/RememberColor3-v0/ppo-nonbelief-baseline-99__99__rgb_joints__20260118_030808/20260118_030808/ckpt_11_529.pt
SPS: 1594
Epoch: 530, global_step=6348000
SPS: 1594
Epoch: 531, global_step=6360000
SPS: 1595
Epoch: 532, global_step=6372000
SPS: 1595
Epoch: 533, global_step=6384000
SPS: 1596
Epoch: 534, global_step=6396000
SPS: 1596
Epoch: 535, global_step=6408000
SPS: 1597
Epoch: 536, global_step=6420000
SPS: 1598
Epoch: 537, global_step=6432000
SPS: 1598
Epoch: 538, global_step=6444000
SPS: 1599
Epoch: 539, global_step=6456000
SPS: 1599
Epoch: 540, global_step=6468000
SPS: 1600
Epoch: 541, global_step=6480000
SPS: 1600
Epoch: 542, global_step=6492000
SPS: 1601
Epoch: 543, global_step=6504000
SPS: 1601
Epoch: 544, global_step=6516000
SPS: 1602
Epoch: 545, global_step=6528000
SPS: 1603
Epoch: 546, global_step=6540000
SPS: 1603
Epoch: 547, global_step=6552000
SPS: 1604
Epoch: 548, global_step=6564000
SPS: 1604
Epoch: 549, global_step=6576000
SPS: 1605
Epoch: 550, global_step=6588000
SPS: 1605
Epoch: 551, global_step=6600000
SPS: 1606
Epoch: 552, global_step=6612000
SPS: 1606
Epoch: 553, global_step=6624000
SPS: 1607
Epoch: 554, global_step=6636000
SPS: 1607
Epoch: 555, global_step=6648000
SPS: 1608
Epoch: 556, global_step=6660000
SPS: 1608
Epoch: 557, global_step=6672000
SPS: 1609
Epoch: 558, global_step=6684000
SPS: 1609
Epoch: 559, global_step=6696000
SPS: 1610
Epoch: 560, global_step=6708000
SPS: 1610
Epoch: 561, global_step=6720000
SPS: 1611
Epoch: 562, global_step=6732000
SPS: 1612
Epoch: 563, global_step=6744000
SPS: 1612
Epoch: 564, global_step=6756000
SPS: 1613
Epoch: 565, global_step=6768000
SPS: 1613
Epoch: 566, global_step=6780000
SPS: 1614
Epoch: 567, global_step=6792000
SPS: 1614
Epoch: 568, global_step=6804000
SPS: 1615
Epoch: 569, global_step=6816000
SPS: 1615
Epoch: 570, global_step=6828000
SPS: 1616
Epoch: 571, global_step=6840000
SPS: 1616
Epoch: 572, global_step=6852000
SPS: 1617
Epoch: 573, global_step=6864000
SPS: 1617
Epoch: 574, global_step=6876000
SPS: 1618
Epoch: 575, global_step=6888000
SPS: 1618
Epoch: 576, global_step=6900000
SPS: 1619
Epoch: 577, global_step=6912000
Evaluating
Evaluated 11520 steps resulting in 192 episodes
[32mEvaluation Metric: success_once[0m | [36mMean: 0.2917[0m
[32mEvaluation Metric: return[0m | [36mMean: 20.3797[0m
[32mEvaluation Metric: episode_len[0m | [36mMean: 60.0000[0m
[32mEvaluation Metric: reward[0m | [36mMean: 0.3397[0m
[32mEvaluation Metric: success_at_end[0m | [36mMean: 0.2917[0m
model saved to checkpoints/ppo_memtasks/rgb_joints/normalized_dense/RememberColor3-v0/ppo-nonbelief-baseline-99__99__rgb_joints__20260118_030808/20260118_030808/ckpt_12_577.pt
SPS: 1594
Epoch: 578, global_step=6924000
SPS: 1595
Epoch: 579, global_step=6936000
SPS: 1595
Epoch: 580, global_step=6948000
SPS: 1596
Epoch: 581, global_step=6960000
SPS: 1596
Epoch: 582, global_step=6972000
SPS: 1597
Epoch: 583, global_step=6984000
SPS: 1597
Epoch: 584, global_step=6996000
SPS: 1598
Epoch: 585, global_step=7008000
SPS: 1598
Epoch: 586, global_step=7020000
SPS: 1599
Epoch: 587, global_step=7032000
SPS: 1599
Epoch: 588, global_step=7044000
SPS: 1600
Epoch: 589, global_step=7056000
SPS: 1600
Epoch: 590, global_step=7068000
SPS: 1601
Epoch: 591, global_step=7080000
SPS: 1601
Epoch: 592, global_step=7092000
SPS: 1602
Epoch: 593, global_step=7104000
SPS: 1602
Epoch: 594, global_step=7116000
SPS: 1603
Epoch: 595, global_step=7128000
SPS: 1603
Epoch: 596, global_step=7140000
SPS: 1604
Epoch: 597, global_step=7152000
SPS: 1604
Epoch: 598, global_step=7164000
SPS: 1605
Epoch: 599, global_step=7176000
SPS: 1605
Epoch: 600, global_step=7188000
SPS: 1606
Epoch: 601, global_step=7200000
SPS: 1606
Epoch: 602, global_step=7212000
SPS: 1607
Epoch: 603, global_step=7224000
SPS: 1607
Epoch: 604, global_step=7236000
SPS: 1608
Epoch: 605, global_step=7248000
SPS: 1608
Epoch: 606, global_step=7260000
SPS: 1609
Epoch: 607, global_step=7272000
SPS: 1609
Epoch: 608, global_step=7284000
SPS: 1610
Epoch: 609, global_step=7296000
SPS: 1610
Epoch: 610, global_step=7308000
SPS: 1611
Epoch: 611, global_step=7320000
SPS: 1611
Epoch: 612, global_step=7332000
SPS: 1612
Epoch: 613, global_step=7344000
SPS: 1612
Epoch: 614, global_step=7356000
SPS: 1613
Epoch: 615, global_step=7368000
SPS: 1613
Epoch: 616, global_step=7380000
SPS: 1614
Epoch: 617, global_step=7392000
SPS: 1614
Epoch: 618, global_step=7404000
SPS: 1615
Epoch: 619, global_step=7416000
SPS: 1615
Epoch: 620, global_step=7428000
SPS: 1616
Epoch: 621, global_step=7440000
SPS: 1616
Epoch: 622, global_step=7452000
SPS: 1616
Epoch: 623, global_step=7464000
SPS: 1617
Epoch: 624, global_step=7476000
SPS: 1617
Epoch: 625, global_step=7488000
Evaluating
Evaluated 11520 steps resulting in 192 episodes
[32mEvaluation Metric: success_once[0m | [36mMean: 0.2865[0m
[32mEvaluation Metric: return[0m | [36mMean: 20.2684[0m
[32mEvaluation Metric: episode_len[0m | [36mMean: 60.0000[0m
[32mEvaluation Metric: reward[0m | [36mMean: 0.3378[0m
[32mEvaluation Metric: success_at_end[0m | [36mMean: 0.2865[0m
model saved to checkpoints/ppo_memtasks/rgb_joints/normalized_dense/RememberColor3-v0/ppo-nonbelief-baseline-99__99__rgb_joints__20260118_030808/20260118_030808/ckpt_13_625.pt
SPS: 1595
Epoch: 626, global_step=7500000
SPS: 1595
Epoch: 627, global_step=7512000
SPS: 1596
Epoch: 628, global_step=7524000
SPS: 1596
Epoch: 629, global_step=7536000
SPS: 1597
Epoch: 630, global_step=7548000
SPS: 1597
Epoch: 631, global_step=7560000
SPS: 1598
Epoch: 632, global_step=7572000
SPS: 1598
Epoch: 633, global_step=7584000
SPS: 1599
Epoch: 634, global_step=7596000
SPS: 1599
Epoch: 635, global_step=7608000
SPS: 1600
Epoch: 636, global_step=7620000
SPS: 1600
Epoch: 637, global_step=7632000
SPS: 1601
Epoch: 638, global_step=7644000
SPS: 1601
Epoch: 639, global_step=7656000
SPS: 1602
Epoch: 640, global_step=7668000
SPS: 1602
Epoch: 641, global_step=7680000
SPS: 1603
Epoch: 642, global_step=7692000
SPS: 1603
Epoch: 643, global_step=7704000
SPS: 1604
Epoch: 644, global_step=7716000
SPS: 1604
Epoch: 645, global_step=7728000
SPS: 1605
Epoch: 646, global_step=7740000
SPS: 1605
Epoch: 647, global_step=7752000
SPS: 1605
Epoch: 648, global_step=7764000
SPS: 1606
Epoch: 649, global_step=7776000
SPS: 1606
Epoch: 650, global_step=7788000
SPS: 1607
Epoch: 651, global_step=7800000
SPS: 1607
Epoch: 652, global_step=7812000
SPS: 1608
Epoch: 653, global_step=7824000
SPS: 1608
Epoch: 654, global_step=7836000
SPS: 1609
Epoch: 655, global_step=7848000
SPS: 1609
Epoch: 656, global_step=7860000
SPS: 1609
Epoch: 657, global_step=7872000
SPS: 1610
Epoch: 658, global_step=7884000
SPS: 1610
Epoch: 659, global_step=7896000
SPS: 1611
Epoch: 660, global_step=7908000
SPS: 1611
Epoch: 661, global_step=7920000
SPS: 1612
Epoch: 662, global_step=7932000
SPS: 1612
Epoch: 663, global_step=7944000
SPS: 1613
Epoch: 664, global_step=7956000
SPS: 1613
Epoch: 665, global_step=7968000
SPS: 1613
Epoch: 666, global_step=7980000
SPS: 1614
Epoch: 667, global_step=7992000
SPS: 1614
Epoch: 668, global_step=8004000
SPS: 1615
Epoch: 669, global_step=8016000
SPS: 1615
Epoch: 670, global_step=8028000
SPS: 1616
Epoch: 671, global_step=8040000
SPS: 1616
Epoch: 672, global_step=8052000
SPS: 1617
Epoch: 673, global_step=8064000
Evaluating
Evaluated 11520 steps resulting in 192 episodes
[32mEvaluation Metric: success_once[0m | [36mMean: 0.3333[0m
[32mEvaluation Metric: return[0m | [36mMean: 21.7544[0m
[32mEvaluation Metric: episode_len[0m | [36mMean: 60.0000[0m
[32mEvaluation Metric: reward[0m | [36mMean: 0.3626[0m
[32mEvaluation Metric: success_at_end[0m | [36mMean: 0.3333[0m
model saved to checkpoints/ppo_memtasks/rgb_joints/normalized_dense/RememberColor3-v0/ppo-nonbelief-baseline-99__99__rgb_joints__20260118_030808/20260118_030808/ckpt_14_673.pt
SPS: 1596
Epoch: 674, global_step=8076000
SPS: 1596
Epoch: 675, global_step=8088000
SPS: 1597
Epoch: 676, global_step=8100000
SPS: 1597
Epoch: 677, global_step=8112000
SPS: 1598
Epoch: 678, global_step=8124000
SPS: 1598
Epoch: 679, global_step=8136000
SPS: 1599
Epoch: 680, global_step=8148000
SPS: 1599
Epoch: 681, global_step=8160000
SPS: 1599
Epoch: 682, global_step=8172000
SPS: 1600
Epoch: 683, global_step=8184000
SPS: 1600
Epoch: 684, global_step=8196000
SPS: 1601
Epoch: 685, global_step=8208000
SPS: 1601
Epoch: 686, global_step=8220000
SPS: 1602
Epoch: 687, global_step=8232000
SPS: 1602
Epoch: 688, global_step=8244000
SPS: 1603
Epoch: 689, global_step=8256000
SPS: 1603
Epoch: 690, global_step=8268000
SPS: 1604
Epoch: 691, global_step=8280000
SPS: 1604
Epoch: 692, global_step=8292000
SPS: 1604
Epoch: 693, global_step=8304000
SPS: 1605
Epoch: 694, global_step=8316000
SPS: 1605
Epoch: 695, global_step=8328000
SPS: 1606
Epoch: 696, global_step=8340000
SPS: 1606
Epoch: 697, global_step=8352000
SPS: 1607
Epoch: 698, global_step=8364000
SPS: 1607
Epoch: 699, global_step=8376000
SPS: 1608
Epoch: 700, global_step=8388000
SPS: 1608
Epoch: 701, global_step=8400000
SPS: 1609
Epoch: 702, global_step=8412000
SPS: 1609
Epoch: 703, global_step=8424000
SPS: 1610
Epoch: 704, global_step=8436000
SPS: 1610
Epoch: 705, global_step=8448000
SPS: 1610
Epoch: 706, global_step=8460000
SPS: 1611
Epoch: 707, global_step=8472000
SPS: 1611
Epoch: 708, global_step=8484000
SPS: 1612
Epoch: 709, global_step=8496000
SPS: 1612
Epoch: 710, global_step=8508000
SPS: 1613
Epoch: 711, global_step=8520000
SPS: 1613
Epoch: 712, global_step=8532000
SPS: 1614
Epoch: 713, global_step=8544000
SPS: 1614
Epoch: 714, global_step=8556000
SPS: 1614
Epoch: 715, global_step=8568000
SPS: 1615
Epoch: 716, global_step=8580000
SPS: 1615
Epoch: 717, global_step=8592000
SPS: 1616
Epoch: 718, global_step=8604000
SPS: 1616
Epoch: 719, global_step=8616000
SPS: 1617
Epoch: 720, global_step=8628000
SPS: 1617
Epoch: 721, global_step=8640000
Evaluating
Evaluated 11520 steps resulting in 192 episodes
[32mEvaluation Metric: success_once[0m | [36mMean: 0.3281[0m
[32mEvaluation Metric: return[0m | [36mMean: 21.6987[0m
[32mEvaluation Metric: episode_len[0m | [36mMean: 60.0000[0m
[32mEvaluation Metric: reward[0m | [36mMean: 0.3616[0m
[32mEvaluation Metric: success_at_end[0m | [36mMean: 0.3281[0m
model saved to checkpoints/ppo_memtasks/rgb_joints/normalized_dense/RememberColor3-v0/ppo-nonbelief-baseline-99__99__rgb_joints__20260118_030808/20260118_030808/ckpt_15_721.pt
SPS: 1597
Epoch: 722, global_step=8652000
SPS: 1598
Epoch: 723, global_step=8664000
SPS: 1598
Epoch: 724, global_step=8676000
SPS: 1599
Epoch: 725, global_step=8688000
SPS: 1599
Epoch: 726, global_step=8700000
SPS: 1600
Epoch: 727, global_step=8712000
SPS: 1600
Epoch: 728, global_step=8724000
SPS: 1601
Epoch: 729, global_step=8736000
SPS: 1601
Epoch: 730, global_step=8748000
SPS: 1601
Epoch: 731, global_step=8760000
SPS: 1602
Epoch: 732, global_step=8772000
SPS: 1602
Epoch: 733, global_step=8784000
SPS: 1603
Epoch: 734, global_step=8796000
SPS: 1603
Epoch: 735, global_step=8808000
SPS: 1603
Epoch: 736, global_step=8820000
SPS: 1604
Epoch: 737, global_step=8832000
SPS: 1604
Epoch: 738, global_step=8844000
SPS: 1605
Epoch: 739, global_step=8856000
SPS: 1605
Epoch: 740, global_step=8868000
SPS: 1606
Epoch: 741, global_step=8880000
SPS: 1606
Epoch: 742, global_step=8892000
SPS: 1606
Epoch: 743, global_step=8904000
SPS: 1607
Epoch: 744, global_step=8916000
SPS: 1607
Epoch: 745, global_step=8928000
SPS: 1608
Epoch: 746, global_step=8940000
SPS: 1608
Epoch: 747, global_step=8952000
SPS: 1609
Epoch: 748, global_step=8964000
SPS: 1609
Epoch: 749, global_step=8976000
SPS: 1609
Epoch: 750, global_step=8988000
SPS: 1610
Epoch: 751, global_step=9000000
SPS: 1610
Epoch: 752, global_step=9012000
SPS: 1611
Epoch: 753, global_step=9024000
SPS: 1611
Epoch: 754, global_step=9036000
SPS: 1611
Epoch: 755, global_step=9048000
SPS: 1612
Epoch: 756, global_step=9060000
SPS: 1612
Epoch: 757, global_step=9072000
SPS: 1613
Epoch: 758, global_step=9084000
SPS: 1613
Epoch: 759, global_step=9096000
SPS: 1614
Epoch: 760, global_step=9108000
SPS: 1614
Epoch: 761, global_step=9120000
SPS: 1614
Epoch: 762, global_step=9132000
SPS: 1615
Epoch: 763, global_step=9144000
SPS: 1615
Epoch: 764, global_step=9156000
SPS: 1616
Epoch: 765, global_step=9168000
SPS: 1616
Epoch: 766, global_step=9180000
SPS: 1616
Epoch: 767, global_step=9192000
SPS: 1617
Epoch: 768, global_step=9204000
SPS: 1617
Epoch: 769, global_step=9216000
Evaluating
Evaluated 11520 steps resulting in 192 episodes
[32mEvaluation Metric: success_once[0m | [36mMean: 0.2031[0m
[32mEvaluation Metric: return[0m | [36mMean: 17.2401[0m
[32mEvaluation Metric: episode_len[0m | [36mMean: 60.0000[0m
[32mEvaluation Metric: reward[0m | [36mMean: 0.2873[0m
[32mEvaluation Metric: success_at_end[0m | [36mMean: 0.2031[0m
model saved to checkpoints/ppo_memtasks/rgb_joints/normalized_dense/RememberColor3-v0/ppo-nonbelief-baseline-99__99__rgb_joints__20260118_030808/20260118_030808/ckpt_16_769.pt
SPS: 1598
Epoch: 770, global_step=9228000
SPS: 1599
Epoch: 771, global_step=9240000
SPS: 1599
Epoch: 772, global_step=9252000
SPS: 1599
Epoch: 773, global_step=9264000
SPS: 1600
Epoch: 774, global_step=9276000
SPS: 1600
Epoch: 775, global_step=9288000
SPS: 1601
Epoch: 776, global_step=9300000
SPS: 1601
Epoch: 777, global_step=9312000
SPS: 1602
Epoch: 778, global_step=9324000
SPS: 1602
Epoch: 779, global_step=9336000
SPS: 1603
Epoch: 780, global_step=9348000
SPS: 1603
Epoch: 781, global_step=9360000
SPS: 1603
Epoch: 782, global_step=9372000
SPS: 1604
Epoch: 783, global_step=9384000
SPS: 1604
Epoch: 784, global_step=9396000
SPS: 1605
Epoch: 785, global_step=9408000
SPS: 1605
Epoch: 786, global_step=9420000
SPS: 1605
Epoch: 787, global_step=9432000
SPS: 1606
Epoch: 788, global_step=9444000
SPS: 1606
Epoch: 789, global_step=9456000
SPS: 1606
Epoch: 790, global_step=9468000
SPS: 1607
Epoch: 791, global_step=9480000
SPS: 1607
Epoch: 792, global_step=9492000
SPS: 1607
Epoch: 793, global_step=9504000
SPS: 1608
Epoch: 794, global_step=9516000
SPS: 1608
Epoch: 795, global_step=9528000
SPS: 1609
Epoch: 796, global_step=9540000
SPS: 1609
Epoch: 797, global_step=9552000
SPS: 1609
Epoch: 798, global_step=9564000
SPS: 1610
Epoch: 799, global_step=9576000
SPS: 1610
Epoch: 800, global_step=9588000
SPS: 1610
Epoch: 801, global_step=9600000
SPS: 1611
Epoch: 802, global_step=9612000
SPS: 1611
Epoch: 803, global_step=9624000
SPS: 1612
Epoch: 804, global_step=9636000
SPS: 1612
Epoch: 805, global_step=9648000
SPS: 1612
Epoch: 806, global_step=9660000
SPS: 1613
Epoch: 807, global_step=9672000
SPS: 1613
Epoch: 808, global_step=9684000
SPS: 1614
Epoch: 809, global_step=9696000
SPS: 1614
Epoch: 810, global_step=9708000
SPS: 1614
Epoch: 811, global_step=9720000
SPS: 1615
Epoch: 812, global_step=9732000
SPS: 1615
Epoch: 813, global_step=9744000
SPS: 1616
Epoch: 814, global_step=9756000
SPS: 1616
Epoch: 815, global_step=9768000
SPS: 1616
Epoch: 816, global_step=9780000
SPS: 1617
Epoch: 817, global_step=9792000
Evaluating
Evaluated 11520 steps resulting in 192 episodes
[32mEvaluation Metric: success_once[0m | [36mMean: 0.3125[0m
[32mEvaluation Metric: return[0m | [36mMean: 21.1553[0m
[32mEvaluation Metric: episode_len[0m | [36mMean: 60.0000[0m
[32mEvaluation Metric: reward[0m | [36mMean: 0.3526[0m
[32mEvaluation Metric: success_at_end[0m | [36mMean: 0.3125[0m
model saved to checkpoints/ppo_memtasks/rgb_joints/normalized_dense/RememberColor3-v0/ppo-nonbelief-baseline-99__99__rgb_joints__20260118_030808/20260118_030808/ckpt_17_817.pt
SPS: 1601
Epoch: 818, global_step=9804000
SPS: 1601
Epoch: 819, global_step=9816000
SPS: 1602
Epoch: 820, global_step=9828000
SPS: 1602
Epoch: 821, global_step=9840000
SPS: 1603
Epoch: 822, global_step=9852000
SPS: 1603
Epoch: 823, global_step=9864000
SPS: 1604
Epoch: 824, global_step=9876000
SPS: 1604
Epoch: 825, global_step=9888000
SPS: 1605
Epoch: 826, global_step=9900000
SPS: 1605
Epoch: 827, global_step=9912000
SPS: 1606
Epoch: 828, global_step=9924000
SPS: 1606
Epoch: 829, global_step=9936000
SPS: 1606
Epoch: 830, global_step=9948000
SPS: 1607
Epoch: 831, global_step=9960000
SPS: 1607
Epoch: 832, global_step=9972000
SPS: 1608
Epoch: 833, global_step=9984000
SPS: 1608
Epoch: 834, global_step=9996000
SPS: 1608
Epoch: 835, global_step=10008000
SPS: 1609
Epoch: 836, global_step=10020000
SPS: 1609
Epoch: 837, global_step=10032000
SPS: 1610
Epoch: 838, global_step=10044000
SPS: 1610
Epoch: 839, global_step=10056000
SPS: 1611
Epoch: 840, global_step=10068000
SPS: 1611
Epoch: 841, global_step=10080000
SPS: 1611
Epoch: 842, global_step=10092000
SPS: 1612
Epoch: 843, global_step=10104000
SPS: 1612
Epoch: 844, global_step=10116000
SPS: 1613
Epoch: 845, global_step=10128000
SPS: 1613
Epoch: 846, global_step=10140000
SPS: 1613
Epoch: 847, global_step=10152000
SPS: 1614
Epoch: 848, global_step=10164000
SPS: 1614
Epoch: 849, global_step=10176000
SPS: 1615
Epoch: 850, global_step=10188000
SPS: 1615
Epoch: 851, global_step=10200000
SPS: 1615
Epoch: 852, global_step=10212000
SPS: 1616
Epoch: 853, global_step=10224000
SPS: 1616
Epoch: 854, global_step=10236000
SPS: 1617
Epoch: 855, global_step=10248000
SPS: 1617
Epoch: 856, global_step=10260000
SPS: 1617
Epoch: 857, global_step=10272000
SPS: 1618
Epoch: 858, global_step=10284000
SPS: 1618
Epoch: 859, global_step=10296000
SPS: 1619
Epoch: 860, global_step=10308000
SPS: 1619
Epoch: 861, global_step=10320000
SPS: 1619
Epoch: 862, global_step=10332000
SPS: 1620
Epoch: 863, global_step=10344000
SPS: 1620
Epoch: 864, global_step=10356000
SPS: 1621
Epoch: 865, global_step=10368000
Evaluating
Evaluated 11520 steps resulting in 192 episodes
[32mEvaluation Metric: success_once[0m | [36mMean: 0.3802[0m
[32mEvaluation Metric: return[0m | [36mMean: 23.4974[0m
[32mEvaluation Metric: episode_len[0m | [36mMean: 60.0000[0m
[32mEvaluation Metric: reward[0m | [36mMean: 0.3916[0m
[32mEvaluation Metric: success_at_end[0m | [36mMean: 0.3750[0m
model saved to checkpoints/ppo_memtasks/rgb_joints/normalized_dense/RememberColor3-v0/ppo-nonbelief-baseline-99__99__rgb_joints__20260118_030808/20260118_030808/ckpt_18_865.pt
SPS: 1606
model saved to checkpoints/ppo_memtasks/rgb_joints/normalized_dense/RememberColor3-v0/ppo-nonbelief-baseline-99__99__rgb_joints__20260118_030808/20260118_030808/final_ckpt.pt
