Enabling podman.socket for user: s4176650
Running RememberShapeAndColor3x2-v0 with belief, seed 33

===========================================================================
║                        Environment Configuration                        ║
===========================================================================
║ Environment ID: RotateStrictPos-v0                                      ║
║ Oracle Info:    angle_diff                                              ║
║ Wrappers:                                                               ║
║    ├─ InitialZeroActionWrapper                                         ║
║    │  └─ {'n_initial_steps': 0}                                           ║
║    ├─ RenderStepInfoWrapper                                            ║
║    ├─ RenderRewardInfoWrapper                                          ║
║    ├─ RotateRenderAngleInfoWrapper                                     ║
║    ├─ DebugRewardWrapper                                               ║
║-------------------------------------------------------------------------║
║ include_state:       False │ state will not be used                ║
║ include_rgb:         True  │ rgb images will be used               ║
║ include_oracle:      False │ oracle info will not be used          ║
║ include_joints:      True  │ joints will be used                   ║
===========================================================================

MODE='rgb_joints_belief'
prompt_info='target_angle'
Saving eval videos to checkpoints/ppo_memtasks/rgb_joints_belief/normalized_dense/RotateStrictPos-v0/ppo-last5-cvae-33__33__rgb_joints_belief__20260119_162931/20260119_162931/videos
======================================================================
Max Episode Steps: 90
======================================================================

Loading belief model from /local/s4176650/sphinx/storage_cvae/RotateStrictPos-v0_cvae_mikasa_last5/final_vae_model.pt
  phi_dim=16, latent_dim=32
Belief model loaded successfully. Memory size: 768
Running training

####
args.num_iterations=868 args.num_envs=256 args.num_eval_envs=16
args.minibatch_size=2880 args.batch_size=23040 args.update_epochs=4
####

sample_obs.keys()=dict_keys(['prompt', 'joints', 'rgb'])
prompt: torch.Size([256, 1])
joints: torch.Size([256, 25])
rgb: torch.Size([256, 128, 128, 3])


Epoch: 1, global_step=0
Evaluating
Evaluated 17280 steps resulting in 192 episodes
[32mEvaluation Metric: success_once[0m | [36mMean: 0.0000[0m
[32mEvaluation Metric: return[0m | [36mMean: 0.1748[0m
[32mEvaluation Metric: episode_len[0m | [36mMean: 90.0000[0m
[32mEvaluation Metric: reward[0m | [36mMean: 0.0019[0m
[32mEvaluation Metric: success_at_end[0m | [36mMean: 0.0000[0m
model saved to checkpoints/ppo_memtasks/rgb_joints_belief/normalized_dense/RotateStrictPos-v0/ppo-last5-cvae-33__33__rgb_joints_belief__20260119_162931/20260119_162931/ckpt_0_1.pt
SPS: 218
Epoch: 2, global_step=23040
SPS: 397
Epoch: 3, global_step=46080
SPS: 547
Epoch: 4, global_step=69120
SPS: 674
Epoch: 5, global_step=92160
SPS: 783
Epoch: 6, global_step=115200
SPS: 877
Epoch: 7, global_step=138240
SPS: 960
Epoch: 8, global_step=161280
SPS: 1034
Epoch: 9, global_step=184320
SPS: 1099
Epoch: 10, global_step=207360
SPS: 1157
Epoch: 11, global_step=230400
SPS: 1210
Epoch: 12, global_step=253440
SPS: 1257
Epoch: 13, global_step=276480
SPS: 1298
Epoch: 14, global_step=299520
SPS: 1337
Epoch: 15, global_step=322560
SPS: 1372
Epoch: 16, global_step=345600
SPS: 1404
Epoch: 17, global_step=368640
SPS: 1433
Epoch: 18, global_step=391680
SPS: 1461
Epoch: 19, global_step=414720
SPS: 1486
Epoch: 20, global_step=437760
SPS: 1509
Epoch: 21, global_step=460800
SPS: 1530
Epoch: 22, global_step=483840
SPS: 1552
Epoch: 23, global_step=506880
SPS: 1571
Epoch: 24, global_step=529920
SPS: 1589
Epoch: 25, global_step=552960
SPS: 1605
Epoch: 26, global_step=576000
Evaluating
Evaluated 17280 steps resulting in 192 episodes
[32mEvaluation Metric: success_once[0m | [36mMean: 0.0000[0m
[32mEvaluation Metric: return[0m | [36mMean: 0.4587[0m
[32mEvaluation Metric: episode_len[0m | [36mMean: 90.0000[0m
[32mEvaluation Metric: reward[0m | [36mMean: 0.0051[0m
[32mEvaluation Metric: success_at_end[0m | [36mMean: 0.0000[0m
model saved to checkpoints/ppo_memtasks/rgb_joints_belief/normalized_dense/RotateStrictPos-v0/ppo-last5-cvae-33__33__rgb_joints_belief__20260119_162931/20260119_162931/ckpt_1_26.pt
SPS: 1266
Epoch: 27, global_step=599040
SPS: 1285
Epoch: 28, global_step=622080
SPS: 1302
Epoch: 29, global_step=645120
SPS: 1319
Epoch: 30, global_step=668160
SPS: 1335
Epoch: 31, global_step=691200
SPS: 1351
Epoch: 32, global_step=714240
SPS: 1365
Epoch: 33, global_step=737280
SPS: 1379
Epoch: 34, global_step=760320
SPS: 1392
Epoch: 35, global_step=783360
SPS: 1405
Epoch: 36, global_step=806400
SPS: 1417
Epoch: 37, global_step=829440
SPS: 1429
Epoch: 38, global_step=852480
SPS: 1440
Epoch: 39, global_step=875520
SPS: 1451
Epoch: 40, global_step=898560
SPS: 1461
Epoch: 41, global_step=921600
SPS: 1472
Epoch: 42, global_step=944640
SPS: 1481
Epoch: 43, global_step=967680
SPS: 1491
Epoch: 44, global_step=990720
SPS: 1500
Epoch: 45, global_step=1013760
SPS: 1509
Epoch: 46, global_step=1036800
SPS: 1518
Epoch: 47, global_step=1059840
SPS: 1526
Epoch: 48, global_step=1082880
SPS: 1535
Epoch: 49, global_step=1105920
SPS: 1542
Epoch: 50, global_step=1128960
SPS: 1550
Epoch: 51, global_step=1152000
Evaluating
Evaluated 17280 steps resulting in 192 episodes
[32mEvaluation Metric: success_once[0m | [36mMean: 0.0156[0m
[32mEvaluation Metric: return[0m | [36mMean: 5.7726[0m
[32mEvaluation Metric: episode_len[0m | [36mMean: 90.0000[0m
[32mEvaluation Metric: reward[0m | [36mMean: 0.0641[0m
[32mEvaluation Metric: success_at_end[0m | [36mMean: 0.0156[0m
model saved to checkpoints/ppo_memtasks/rgb_joints_belief/normalized_dense/RotateStrictPos-v0/ppo-last5-cvae-33__33__rgb_joints_belief__20260119_162931/20260119_162931/ckpt_2_51.pt
SPS: 1367
Epoch: 52, global_step=1175040
SPS: 1376
Epoch: 53, global_step=1198080
SPS: 1384
Epoch: 54, global_step=1221120
SPS: 1393
Epoch: 55, global_step=1244160
SPS: 1401
Epoch: 56, global_step=1267200
SPS: 1409
Epoch: 57, global_step=1290240
SPS: 1416
Epoch: 58, global_step=1313280
SPS: 1424
Epoch: 59, global_step=1336320
SPS: 1431
Epoch: 60, global_step=1359360
SPS: 1438
Epoch: 61, global_step=1382400
SPS: 1445
Epoch: 62, global_step=1405440
SPS: 1452
Epoch: 63, global_step=1428480
SPS: 1458
Epoch: 64, global_step=1451520
SPS: 1465
Epoch: 65, global_step=1474560
SPS: 1471
Epoch: 66, global_step=1497600
SPS: 1477
Epoch: 67, global_step=1520640
SPS: 1483
Epoch: 68, global_step=1543680
SPS: 1489
Epoch: 69, global_step=1566720
SPS: 1495
Epoch: 70, global_step=1589760
SPS: 1501
Epoch: 71, global_step=1612800
SPS: 1506
Epoch: 72, global_step=1635840
SPS: 1512
Epoch: 73, global_step=1658880
SPS: 1517
Epoch: 74, global_step=1681920
SPS: 1522
Epoch: 75, global_step=1704960
SPS: 1528
Epoch: 76, global_step=1728000
Evaluating
Evaluated 17280 steps resulting in 192 episodes
[32mEvaluation Metric: success_once[0m | [36mMean: 0.0365[0m
[32mEvaluation Metric: return[0m | [36mMean: 11.4519[0m
[32mEvaluation Metric: episode_len[0m | [36mMean: 90.0000[0m
[32mEvaluation Metric: reward[0m | [36mMean: 0.1272[0m
[32mEvaluation Metric: success_at_end[0m | [36mMean: 0.0208[0m
model saved to checkpoints/ppo_memtasks/rgb_joints_belief/normalized_dense/RotateStrictPos-v0/ppo-last5-cvae-33__33__rgb_joints_belief__20260119_162931/20260119_162931/ckpt_3_76.pt
SPS: 1404
Epoch: 77, global_step=1751040
SPS: 1409
Epoch: 78, global_step=1774080
SPS: 1415
Epoch: 79, global_step=1797120
SPS: 1420
Epoch: 80, global_step=1820160
SPS: 1426
Epoch: 81, global_step=1843200
SPS: 1431
Epoch: 82, global_step=1866240
SPS: 1436
Epoch: 83, global_step=1889280
SPS: 1441
Epoch: 84, global_step=1912320
SPS: 1446
Epoch: 85, global_step=1935360
SPS: 1451
Epoch: 86, global_step=1958400
SPS: 1456
Epoch: 87, global_step=1981440
SPS: 1460
Epoch: 88, global_step=2004480
SPS: 1465
Epoch: 89, global_step=2027520
SPS: 1469
Epoch: 90, global_step=2050560
SPS: 1473
Epoch: 91, global_step=2073600
SPS: 1478
Epoch: 92, global_step=2096640
SPS: 1482
Epoch: 93, global_step=2119680
SPS: 1486
Epoch: 94, global_step=2142720
SPS: 1491
Epoch: 95, global_step=2165760
SPS: 1495
Epoch: 96, global_step=2188800
SPS: 1499
Epoch: 97, global_step=2211840
SPS: 1503
Epoch: 98, global_step=2234880
SPS: 1507
Epoch: 99, global_step=2257920
SPS: 1511
Epoch: 100, global_step=2280960
SPS: 1515
Epoch: 101, global_step=2304000
Evaluating
Evaluated 17280 steps resulting in 192 episodes
[32mEvaluation Metric: success_once[0m | [36mMean: 0.0417[0m
[32mEvaluation Metric: return[0m | [36mMean: 14.6012[0m
[32mEvaluation Metric: episode_len[0m | [36mMean: 90.0000[0m
[32mEvaluation Metric: reward[0m | [36mMean: 0.1622[0m
[32mEvaluation Metric: success_at_end[0m | [36mMean: 0.0208[0m
model saved to checkpoints/ppo_memtasks/rgb_joints_belief/normalized_dense/RotateStrictPos-v0/ppo-last5-cvae-33__33__rgb_joints_belief__20260119_162931/20260119_162931/ckpt_4_101.pt
SPS: 1418
Epoch: 102, global_step=2327040
SPS: 1422
Epoch: 103, global_step=2350080
SPS: 1426
Epoch: 104, global_step=2373120
SPS: 1430
Epoch: 105, global_step=2396160
SPS: 1434
Epoch: 106, global_step=2419200
SPS: 1438
Epoch: 107, global_step=2442240
SPS: 1442
Epoch: 108, global_step=2465280
SPS: 1446
Epoch: 109, global_step=2488320
SPS: 1449
Epoch: 110, global_step=2511360
SPS: 1453
Epoch: 111, global_step=2534400
SPS: 1457
Epoch: 112, global_step=2557440
SPS: 1461
Epoch: 113, global_step=2580480
SPS: 1464
Epoch: 114, global_step=2603520
SPS: 1467
Epoch: 115, global_step=2626560
SPS: 1470
Epoch: 116, global_step=2649600
SPS: 1474
Epoch: 117, global_step=2672640
SPS: 1477
Epoch: 118, global_step=2695680
SPS: 1481
Epoch: 119, global_step=2718720
SPS: 1484
Epoch: 120, global_step=2741760
SPS: 1487
Epoch: 121, global_step=2764800
SPS: 1491
Epoch: 122, global_step=2787840
SPS: 1494
Epoch: 123, global_step=2810880
SPS: 1497
Epoch: 124, global_step=2833920
SPS: 1500
Epoch: 125, global_step=2856960
SPS: 1504
Epoch: 126, global_step=2880000
Evaluating
Evaluated 17280 steps resulting in 192 episodes
[32mEvaluation Metric: success_once[0m | [36mMean: 0.0312[0m
[32mEvaluation Metric: return[0m | [36mMean: 15.9205[0m
[32mEvaluation Metric: episode_len[0m | [36mMean: 90.0000[0m
[32mEvaluation Metric: reward[0m | [36mMean: 0.1769[0m
[32mEvaluation Metric: success_at_end[0m | [36mMean: 0.0208[0m
model saved to checkpoints/ppo_memtasks/rgb_joints_belief/normalized_dense/RotateStrictPos-v0/ppo-last5-cvae-33__33__rgb_joints_belief__20260119_162931/20260119_162931/ckpt_5_126.pt
SPS: 1424
Epoch: 127, global_step=2903040
SPS: 1428
Epoch: 128, global_step=2926080
SPS: 1431
Epoch: 129, global_step=2949120
SPS: 1434
Epoch: 130, global_step=2972160
SPS: 1438
Epoch: 131, global_step=2995200
SPS: 1441
Epoch: 132, global_step=3018240
SPS: 1444
Epoch: 133, global_step=3041280
SPS: 1447
Epoch: 134, global_step=3064320
SPS: 1450
Epoch: 135, global_step=3087360
SPS: 1453
Epoch: 136, global_step=3110400
SPS: 1456
Epoch: 137, global_step=3133440
SPS: 1459
Epoch: 138, global_step=3156480
SPS: 1462
Epoch: 139, global_step=3179520
SPS: 1465
Epoch: 140, global_step=3202560
SPS: 1468
Epoch: 141, global_step=3225600
SPS: 1470
Epoch: 142, global_step=3248640
SPS: 1473
Epoch: 143, global_step=3271680
SPS: 1476
Epoch: 144, global_step=3294720
SPS: 1479
Epoch: 145, global_step=3317760
SPS: 1482
Epoch: 146, global_step=3340800
SPS: 1484
Epoch: 147, global_step=3363840
SPS: 1487
Epoch: 148, global_step=3386880
SPS: 1490
Epoch: 149, global_step=3409920
SPS: 1493
Epoch: 150, global_step=3432960
SPS: 1495
Epoch: 151, global_step=3456000
Evaluating
Evaluated 17280 steps resulting in 192 episodes
[32mEvaluation Metric: success_once[0m | [36mMean: 0.0365[0m
[32mEvaluation Metric: return[0m | [36mMean: 16.1952[0m
[32mEvaluation Metric: episode_len[0m | [36mMean: 90.0000[0m
[32mEvaluation Metric: reward[0m | [36mMean: 0.1799[0m
[32mEvaluation Metric: success_at_end[0m | [36mMean: 0.0208[0m
model saved to checkpoints/ppo_memtasks/rgb_joints_belief/normalized_dense/RotateStrictPos-v0/ppo-last5-cvae-33__33__rgb_joints_belief__20260119_162931/20260119_162931/ckpt_6_151.pt
SPS: 1429
Epoch: 152, global_step=3479040
SPS: 1432
Epoch: 153, global_step=3502080
SPS: 1435
Epoch: 154, global_step=3525120
SPS: 1438
Epoch: 155, global_step=3548160
SPS: 1440
Epoch: 156, global_step=3571200
SPS: 1443
Epoch: 157, global_step=3594240
SPS: 1445
Epoch: 158, global_step=3617280
SPS: 1448
Epoch: 159, global_step=3640320
SPS: 1451
Epoch: 160, global_step=3663360
SPS: 1453
Epoch: 161, global_step=3686400
SPS: 1456
Epoch: 162, global_step=3709440
SPS: 1458
Epoch: 163, global_step=3732480
SPS: 1460
Epoch: 164, global_step=3755520
SPS: 1463
Epoch: 165, global_step=3778560
SPS: 1465
Epoch: 166, global_step=3801600
SPS: 1468
Epoch: 167, global_step=3824640
SPS: 1470
Epoch: 168, global_step=3847680
SPS: 1473
Epoch: 169, global_step=3870720
SPS: 1475
Epoch: 170, global_step=3893760
SPS: 1477
Epoch: 171, global_step=3916800
SPS: 1480
Epoch: 172, global_step=3939840
SPS: 1482
Epoch: 173, global_step=3962880
SPS: 1484
Epoch: 174, global_step=3985920
SPS: 1487
Epoch: 175, global_step=4008960
SPS: 1489
Epoch: 176, global_step=4032000
Evaluating
Evaluated 17280 steps resulting in 192 episodes
[32mEvaluation Metric: success_once[0m | [36mMean: 0.0469[0m
[32mEvaluation Metric: return[0m | [36mMean: 17.9655[0m
[32mEvaluation Metric: episode_len[0m | [36mMean: 90.0000[0m
[32mEvaluation Metric: reward[0m | [36mMean: 0.1996[0m
[32mEvaluation Metric: success_at_end[0m | [36mMean: 0.0260[0m
model saved to checkpoints/ppo_memtasks/rgb_joints_belief/normalized_dense/RotateStrictPos-v0/ppo-last5-cvae-33__33__rgb_joints_belief__20260119_162931/20260119_162931/ckpt_7_176.pt
SPS: 1433
Epoch: 177, global_step=4055040
SPS: 1435
Epoch: 178, global_step=4078080
SPS: 1438
Epoch: 179, global_step=4101120
SPS: 1440
Epoch: 180, global_step=4124160
SPS: 1442
Epoch: 181, global_step=4147200
SPS: 1445
Epoch: 182, global_step=4170240
SPS: 1447
Epoch: 183, global_step=4193280
SPS: 1449
Epoch: 184, global_step=4216320
SPS: 1451
Epoch: 185, global_step=4239360
SPS: 1453
Epoch: 186, global_step=4262400
SPS: 1455
Epoch: 187, global_step=4285440
SPS: 1458
Epoch: 188, global_step=4308480
SPS: 1460
Epoch: 189, global_step=4331520
SPS: 1462
Epoch: 190, global_step=4354560
SPS: 1464
Epoch: 191, global_step=4377600
SPS: 1466
Epoch: 192, global_step=4400640
SPS: 1468
Epoch: 193, global_step=4423680
SPS: 1470
Epoch: 194, global_step=4446720
SPS: 1472
Epoch: 195, global_step=4469760
SPS: 1474
Epoch: 196, global_step=4492800
SPS: 1476
Epoch: 197, global_step=4515840
SPS: 1479
Epoch: 198, global_step=4538880
SPS: 1481
Epoch: 199, global_step=4561920
SPS: 1483
Epoch: 200, global_step=4584960
SPS: 1485
Epoch: 201, global_step=4608000
Evaluating
Evaluated 17280 steps resulting in 192 episodes
[32mEvaluation Metric: success_once[0m | [36mMean: 0.0365[0m
[32mEvaluation Metric: return[0m | [36mMean: 17.9047[0m
[32mEvaluation Metric: episode_len[0m | [36mMean: 90.0000[0m
[32mEvaluation Metric: reward[0m | [36mMean: 0.1989[0m
[32mEvaluation Metric: success_at_end[0m | [36mMean: 0.0312[0m
model saved to checkpoints/ppo_memtasks/rgb_joints_belief/normalized_dense/RotateStrictPos-v0/ppo-last5-cvae-33__33__rgb_joints_belief__20260119_162931/20260119_162931/ckpt_8_201.pt
SPS: 1435
Epoch: 202, global_step=4631040
SPS: 1437
Epoch: 203, global_step=4654080
SPS: 1439
Epoch: 204, global_step=4677120
SPS: 1441
Epoch: 205, global_step=4700160
SPS: 1443
Epoch: 206, global_step=4723200
SPS: 1445
Epoch: 207, global_step=4746240
SPS: 1447
Epoch: 208, global_step=4769280
SPS: 1449
Epoch: 209, global_step=4792320
SPS: 1451
Epoch: 210, global_step=4815360
SPS: 1453
Epoch: 211, global_step=4838400
SPS: 1455
Epoch: 212, global_step=4861440
SPS: 1457
Epoch: 213, global_step=4884480
SPS: 1459
Epoch: 214, global_step=4907520
SPS: 1461
Epoch: 215, global_step=4930560
SPS: 1463
Epoch: 216, global_step=4953600
SPS: 1465
Epoch: 217, global_step=4976640
SPS: 1466
Epoch: 218, global_step=4999680
SPS: 1468
Epoch: 219, global_step=5022720
SPS: 1470
Epoch: 220, global_step=5045760
SPS: 1472
Epoch: 221, global_step=5068800
SPS: 1474
Epoch: 222, global_step=5091840
SPS: 1476
Epoch: 223, global_step=5114880
SPS: 1477
Epoch: 224, global_step=5137920
SPS: 1479
Epoch: 225, global_step=5160960
SPS: 1481
Epoch: 226, global_step=5184000
Evaluating
Evaluated 17280 steps resulting in 192 episodes
[32mEvaluation Metric: success_once[0m | [36mMean: 0.0729[0m
[32mEvaluation Metric: return[0m | [36mMean: 20.2196[0m
[32mEvaluation Metric: episode_len[0m | [36mMean: 90.0000[0m
[32mEvaluation Metric: reward[0m | [36mMean: 0.2247[0m
[32mEvaluation Metric: success_at_end[0m | [36mMean: 0.0521[0m
model saved to checkpoints/ppo_memtasks/rgb_joints_belief/normalized_dense/RotateStrictPos-v0/ppo-last5-cvae-33__33__rgb_joints_belief__20260119_162931/20260119_162931/ckpt_9_226.pt
SPS: 1436
Epoch: 227, global_step=5207040
SPS: 1438
Epoch: 228, global_step=5230080
SPS: 1440
Epoch: 229, global_step=5253120
SPS: 1442
Epoch: 230, global_step=5276160
SPS: 1444
Epoch: 231, global_step=5299200
SPS: 1445
Epoch: 232, global_step=5322240
SPS: 1447
Epoch: 233, global_step=5345280
SPS: 1449
Epoch: 234, global_step=5368320
SPS: 1451
Epoch: 235, global_step=5391360
SPS: 1452
Epoch: 236, global_step=5414400
SPS: 1454
Epoch: 237, global_step=5437440
SPS: 1456
Epoch: 238, global_step=5460480
SPS: 1458
Epoch: 239, global_step=5483520
SPS: 1459
Epoch: 240, global_step=5506560
SPS: 1461
Epoch: 241, global_step=5529600
SPS: 1463
Epoch: 242, global_step=5552640
SPS: 1464
Epoch: 243, global_step=5575680
SPS: 1466
Epoch: 244, global_step=5598720
SPS: 1468
Epoch: 245, global_step=5621760
SPS: 1469
Epoch: 246, global_step=5644800
SPS: 1471
Epoch: 247, global_step=5667840
SPS: 1473
Epoch: 248, global_step=5690880
SPS: 1474
Epoch: 249, global_step=5713920
SPS: 1476
Epoch: 250, global_step=5736960
SPS: 1477
Epoch: 251, global_step=5760000
Evaluating
Evaluated 17280 steps resulting in 192 episodes
[32mEvaluation Metric: success_once[0m | [36mMean: 0.0781[0m
[32mEvaluation Metric: return[0m | [36mMean: 19.2552[0m
[32mEvaluation Metric: episode_len[0m | [36mMean: 90.0000[0m
[32mEvaluation Metric: reward[0m | [36mMean: 0.2139[0m
[32mEvaluation Metric: success_at_end[0m | [36mMean: 0.0417[0m
model saved to checkpoints/ppo_memtasks/rgb_joints_belief/normalized_dense/RotateStrictPos-v0/ppo-last5-cvae-33__33__rgb_joints_belief__20260119_162931/20260119_162931/ckpt_10_251.pt
SPS: 1438
Epoch: 252, global_step=5783040
SPS: 1439
Epoch: 253, global_step=5806080
SPS: 1441
Epoch: 254, global_step=5829120
SPS: 1443
Epoch: 255, global_step=5852160
SPS: 1444
Epoch: 256, global_step=5875200
SPS: 1446
Epoch: 257, global_step=5898240
SPS: 1447
Epoch: 258, global_step=5921280
SPS: 1449
Epoch: 259, global_step=5944320
SPS: 1451
Epoch: 260, global_step=5967360
SPS: 1452
Epoch: 261, global_step=5990400
SPS: 1454
Epoch: 262, global_step=6013440
SPS: 1455
Epoch: 263, global_step=6036480
SPS: 1457
Epoch: 264, global_step=6059520
SPS: 1458
Epoch: 265, global_step=6082560
SPS: 1460
Epoch: 266, global_step=6105600
SPS: 1462
Epoch: 267, global_step=6128640
SPS: 1463
Epoch: 268, global_step=6151680
SPS: 1465
Epoch: 269, global_step=6174720
SPS: 1466
Epoch: 270, global_step=6197760
SPS: 1468
Epoch: 271, global_step=6220800
SPS: 1469
Epoch: 272, global_step=6243840
SPS: 1471
Epoch: 273, global_step=6266880
SPS: 1472
Epoch: 274, global_step=6289920
SPS: 1473
Epoch: 275, global_step=6312960
SPS: 1475
Epoch: 276, global_step=6336000
Evaluating
Evaluated 17280 steps resulting in 192 episodes
[32mEvaluation Metric: success_once[0m | [36mMean: 0.0729[0m
[32mEvaluation Metric: return[0m | [36mMean: 18.8658[0m
[32mEvaluation Metric: episode_len[0m | [36mMean: 90.0000[0m
[32mEvaluation Metric: reward[0m | [36mMean: 0.2096[0m
[32mEvaluation Metric: success_at_end[0m | [36mMean: 0.0469[0m
model saved to checkpoints/ppo_memtasks/rgb_joints_belief/normalized_dense/RotateStrictPos-v0/ppo-last5-cvae-33__33__rgb_joints_belief__20260119_162931/20260119_162931/ckpt_11_276.pt
SPS: 1438
Epoch: 277, global_step=6359040
SPS: 1440
Epoch: 278, global_step=6382080
SPS: 1441
Epoch: 279, global_step=6405120
SPS: 1443
Epoch: 280, global_step=6428160
SPS: 1444
Epoch: 281, global_step=6451200
SPS: 1446
Epoch: 282, global_step=6474240
SPS: 1447
Epoch: 283, global_step=6497280
SPS: 1448
Epoch: 284, global_step=6520320
SPS: 1450
Epoch: 285, global_step=6543360
SPS: 1451
Epoch: 286, global_step=6566400
SPS: 1453
Epoch: 287, global_step=6589440
SPS: 1454
Epoch: 288, global_step=6612480
SPS: 1455
Epoch: 289, global_step=6635520
SPS: 1457
Epoch: 290, global_step=6658560
SPS: 1458
Epoch: 291, global_step=6681600
SPS: 1460
Epoch: 292, global_step=6704640
SPS: 1461
Epoch: 293, global_step=6727680
SPS: 1462
Epoch: 294, global_step=6750720
SPS: 1464
Epoch: 295, global_step=6773760
SPS: 1465
Epoch: 296, global_step=6796800
SPS: 1467
Epoch: 297, global_step=6819840
SPS: 1468
Epoch: 298, global_step=6842880
SPS: 1469
Epoch: 299, global_step=6865920
SPS: 1471
Epoch: 300, global_step=6888960
SPS: 1472
Epoch: 301, global_step=6912000
Evaluating
Evaluated 17280 steps resulting in 192 episodes
[32mEvaluation Metric: success_once[0m | [36mMean: 0.0833[0m
[32mEvaluation Metric: return[0m | [36mMean: 18.9386[0m
[32mEvaluation Metric: episode_len[0m | [36mMean: 90.0000[0m
[32mEvaluation Metric: reward[0m | [36mMean: 0.2104[0m
[32mEvaluation Metric: success_at_end[0m | [36mMean: 0.0469[0m
model saved to checkpoints/ppo_memtasks/rgb_joints_belief/normalized_dense/RotateStrictPos-v0/ppo-last5-cvae-33__33__rgb_joints_belief__20260119_162931/20260119_162931/ckpt_12_301.pt
SPS: 1439
Epoch: 302, global_step=6935040
SPS: 1441
Epoch: 303, global_step=6958080
SPS: 1442
Epoch: 304, global_step=6981120
SPS: 1443
Epoch: 305, global_step=7004160
SPS: 1445
Epoch: 306, global_step=7027200
SPS: 1446
Epoch: 307, global_step=7050240
SPS: 1447
Epoch: 308, global_step=7073280
SPS: 1449
Epoch: 309, global_step=7096320
SPS: 1450
Epoch: 310, global_step=7119360
SPS: 1451
Epoch: 311, global_step=7142400
SPS: 1452
Epoch: 312, global_step=7165440
SPS: 1454
Epoch: 313, global_step=7188480
SPS: 1455
Epoch: 314, global_step=7211520
SPS: 1456
Epoch: 315, global_step=7234560
SPS: 1458
Epoch: 316, global_step=7257600
SPS: 1459
Epoch: 317, global_step=7280640
SPS: 1460
Epoch: 318, global_step=7303680
SPS: 1462
Epoch: 319, global_step=7326720
SPS: 1463
Epoch: 320, global_step=7349760
SPS: 1464
Epoch: 321, global_step=7372800
SPS: 1465
Epoch: 322, global_step=7395840
SPS: 1467
Epoch: 323, global_step=7418880
SPS: 1468
Epoch: 324, global_step=7441920
SPS: 1469
Epoch: 325, global_step=7464960
SPS: 1470
Epoch: 326, global_step=7488000
Evaluating
Evaluated 17280 steps resulting in 192 episodes
[32mEvaluation Metric: success_once[0m | [36mMean: 0.0781[0m
[32mEvaluation Metric: return[0m | [36mMean: 19.3483[0m
[32mEvaluation Metric: episode_len[0m | [36mMean: 90.0000[0m
[32mEvaluation Metric: reward[0m | [36mMean: 0.2150[0m
[32mEvaluation Metric: success_at_end[0m | [36mMean: 0.0625[0m
model saved to checkpoints/ppo_memtasks/rgb_joints_belief/normalized_dense/RotateStrictPos-v0/ppo-last5-cvae-33__33__rgb_joints_belief__20260119_162931/20260119_162931/ckpt_13_326.pt
SPS: 1439
Epoch: 327, global_step=7511040
SPS: 1441
Epoch: 328, global_step=7534080
SPS: 1442
Epoch: 329, global_step=7557120
SPS: 1443
Epoch: 330, global_step=7580160
SPS: 1444
Epoch: 331, global_step=7603200
SPS: 1446
Epoch: 332, global_step=7626240
SPS: 1447
Epoch: 333, global_step=7649280
SPS: 1448
Epoch: 334, global_step=7672320
SPS: 1449
Epoch: 335, global_step=7695360
SPS: 1450
Epoch: 336, global_step=7718400
SPS: 1452
Epoch: 337, global_step=7741440
SPS: 1453
Epoch: 338, global_step=7764480
SPS: 1454
Epoch: 339, global_step=7787520
SPS: 1455
Epoch: 340, global_step=7810560
SPS: 1456
Epoch: 341, global_step=7833600
SPS: 1458
Epoch: 342, global_step=7856640
SPS: 1459
Epoch: 343, global_step=7879680
SPS: 1460
Epoch: 344, global_step=7902720
SPS: 1461
Epoch: 345, global_step=7925760
SPS: 1462
Epoch: 346, global_step=7948800
SPS: 1463
Epoch: 347, global_step=7971840
SPS: 1465
Epoch: 348, global_step=7994880
SPS: 1466
Epoch: 349, global_step=8017920
SPS: 1467
Epoch: 350, global_step=8040960
SPS: 1468
Epoch: 351, global_step=8064000
Evaluating
Evaluated 17280 steps resulting in 192 episodes
[32mEvaluation Metric: success_once[0m | [36mMean: 0.1042[0m
[32mEvaluation Metric: return[0m | [36mMean: 20.6339[0m
[32mEvaluation Metric: episode_len[0m | [36mMean: 90.0000[0m
[32mEvaluation Metric: reward[0m | [36mMean: 0.2293[0m
[32mEvaluation Metric: success_at_end[0m | [36mMean: 0.0833[0m
model saved to checkpoints/ppo_memtasks/rgb_joints_belief/normalized_dense/RotateStrictPos-v0/ppo-last5-cvae-33__33__rgb_joints_belief__20260119_162931/20260119_162931/ckpt_14_351.pt
SPS: 1440
Epoch: 352, global_step=8087040
SPS: 1441
Epoch: 353, global_step=8110080
SPS: 1442
Epoch: 354, global_step=8133120
SPS: 1443
Epoch: 355, global_step=8156160
SPS: 1444
Epoch: 356, global_step=8179200
SPS: 1446
Epoch: 357, global_step=8202240
SPS: 1447
Epoch: 358, global_step=8225280
SPS: 1448
Epoch: 359, global_step=8248320
SPS: 1449
Epoch: 360, global_step=8271360
SPS: 1450
Epoch: 361, global_step=8294400
SPS: 1451
Epoch: 362, global_step=8317440
SPS: 1452
Epoch: 363, global_step=8340480
SPS: 1454
Epoch: 364, global_step=8363520
SPS: 1455
Epoch: 365, global_step=8386560
SPS: 1456
Epoch: 366, global_step=8409600
SPS: 1457
Epoch: 367, global_step=8432640
SPS: 1458
Epoch: 368, global_step=8455680
SPS: 1459
Epoch: 369, global_step=8478720
SPS: 1460
Epoch: 370, global_step=8501760
SPS: 1461
Epoch: 371, global_step=8524800
SPS: 1462
Epoch: 372, global_step=8547840
SPS: 1463
Epoch: 373, global_step=8570880
SPS: 1465
Epoch: 374, global_step=8593920
SPS: 1466
Epoch: 375, global_step=8616960
SPS: 1467
Epoch: 376, global_step=8640000
Evaluating
Evaluated 17280 steps resulting in 192 episodes
[32mEvaluation Metric: success_once[0m | [36mMean: 0.0677[0m
[32mEvaluation Metric: return[0m | [36mMean: 19.2469[0m
[32mEvaluation Metric: episode_len[0m | [36mMean: 90.0000[0m
[32mEvaluation Metric: reward[0m | [36mMean: 0.2139[0m
[32mEvaluation Metric: success_at_end[0m | [36mMean: 0.0312[0m
model saved to checkpoints/ppo_memtasks/rgb_joints_belief/normalized_dense/RotateStrictPos-v0/ppo-last5-cvae-33__33__rgb_joints_belief__20260119_162931/20260119_162931/ckpt_15_376.pt
SPS: 1441
Epoch: 377, global_step=8663040
SPS: 1442
Epoch: 378, global_step=8686080
SPS: 1443
Epoch: 379, global_step=8709120
SPS: 1444
Epoch: 380, global_step=8732160
SPS: 1445
Epoch: 381, global_step=8755200
SPS: 1446
Epoch: 382, global_step=8778240
SPS: 1447
Epoch: 383, global_step=8801280
SPS: 1448
Epoch: 384, global_step=8824320
SPS: 1449
Epoch: 385, global_step=8847360
SPS: 1450
Epoch: 386, global_step=8870400
SPS: 1451
Epoch: 387, global_step=8893440
SPS: 1452
Epoch: 388, global_step=8916480
SPS: 1453
Epoch: 389, global_step=8939520
SPS: 1454
Epoch: 390, global_step=8962560
SPS: 1455
Epoch: 391, global_step=8985600
SPS: 1457
Epoch: 392, global_step=9008640
SPS: 1458
Epoch: 393, global_step=9031680
SPS: 1459
Epoch: 394, global_step=9054720
SPS: 1460
Epoch: 395, global_step=9077760
SPS: 1461
Epoch: 396, global_step=9100800
SPS: 1462
Epoch: 397, global_step=9123840
SPS: 1463
Epoch: 398, global_step=9146880
SPS: 1464
Epoch: 399, global_step=9169920
SPS: 1465
Epoch: 400, global_step=9192960
SPS: 1466
Epoch: 401, global_step=9216000
Evaluating
Evaluated 17280 steps resulting in 192 episodes
[32mEvaluation Metric: success_once[0m | [36mMean: 0.0417[0m
[32mEvaluation Metric: return[0m | [36mMean: 19.3265[0m
[32mEvaluation Metric: episode_len[0m | [36mMean: 90.0000[0m
[32mEvaluation Metric: reward[0m | [36mMean: 0.2147[0m
[32mEvaluation Metric: success_at_end[0m | [36mMean: 0.0260[0m
model saved to checkpoints/ppo_memtasks/rgb_joints_belief/normalized_dense/RotateStrictPos-v0/ppo-last5-cvae-33__33__rgb_joints_belief__20260119_162931/20260119_162931/ckpt_16_401.pt
SPS: 1441
Epoch: 402, global_step=9239040
SPS: 1442
Epoch: 403, global_step=9262080
SPS: 1443
Epoch: 404, global_step=9285120
SPS: 1444
Epoch: 405, global_step=9308160
SPS: 1445
Epoch: 406, global_step=9331200
SPS: 1446
Epoch: 407, global_step=9354240
SPS: 1447
Epoch: 408, global_step=9377280
SPS: 1448
Epoch: 409, global_step=9400320
SPS: 1449
Epoch: 410, global_step=9423360
SPS: 1450
Epoch: 411, global_step=9446400
SPS: 1451
Epoch: 412, global_step=9469440
SPS: 1452
Epoch: 413, global_step=9492480
SPS: 1453
Epoch: 414, global_step=9515520
SPS: 1454
Epoch: 415, global_step=9538560
SPS: 1455
Epoch: 416, global_step=9561600
SPS: 1456
Epoch: 417, global_step=9584640
SPS: 1457
Epoch: 418, global_step=9607680
SPS: 1458
Epoch: 419, global_step=9630720
SPS: 1459
Epoch: 420, global_step=9653760
SPS: 1460
Epoch: 421, global_step=9676800
SPS: 1461
Epoch: 422, global_step=9699840
SPS: 1462
Epoch: 423, global_step=9722880
SPS: 1463
Epoch: 424, global_step=9745920
SPS: 1464
Epoch: 425, global_step=9768960
SPS: 1465
Epoch: 426, global_step=9792000
Evaluating
Evaluated 17280 steps resulting in 192 episodes
[32mEvaluation Metric: success_once[0m | [36mMean: 0.0990[0m
[32mEvaluation Metric: return[0m | [36mMean: 21.2536[0m
[32mEvaluation Metric: episode_len[0m | [36mMean: 90.0000[0m
[32mEvaluation Metric: reward[0m | [36mMean: 0.2362[0m
[32mEvaluation Metric: success_at_end[0m | [36mMean: 0.0729[0m
model saved to checkpoints/ppo_memtasks/rgb_joints_belief/normalized_dense/RotateStrictPos-v0/ppo-last5-cvae-33__33__rgb_joints_belief__20260119_162931/20260119_162931/ckpt_17_426.pt
SPS: 1441
Epoch: 427, global_step=9815040
SPS: 1442
Epoch: 428, global_step=9838080
SPS: 1443
Epoch: 429, global_step=9861120
SPS: 1444
Epoch: 430, global_step=9884160
SPS: 1444
Epoch: 431, global_step=9907200
SPS: 1445
Epoch: 432, global_step=9930240
SPS: 1446
Epoch: 433, global_step=9953280
SPS: 1447
Epoch: 434, global_step=9976320
SPS: 1448
Epoch: 435, global_step=9999360
SPS: 1449
Epoch: 436, global_step=10022400
SPS: 1450
Epoch: 437, global_step=10045440
SPS: 1451
Epoch: 438, global_step=10068480
SPS: 1452
Epoch: 439, global_step=10091520
SPS: 1453
Epoch: 440, global_step=10114560
SPS: 1454
Epoch: 441, global_step=10137600
SPS: 1455
Epoch: 442, global_step=10160640
SPS: 1456
Epoch: 443, global_step=10183680
SPS: 1457
Epoch: 444, global_step=10206720
SPS: 1458
Epoch: 445, global_step=10229760
SPS: 1458
Epoch: 446, global_step=10252800
SPS: 1459
Epoch: 447, global_step=10275840
SPS: 1460
Epoch: 448, global_step=10298880
SPS: 1461
Epoch: 449, global_step=10321920
SPS: 1462
Epoch: 450, global_step=10344960
SPS: 1463
Epoch: 451, global_step=10368000
Evaluating
Evaluated 17280 steps resulting in 192 episodes
[32mEvaluation Metric: success_once[0m | [36mMean: 0.0729[0m
[32mEvaluation Metric: return[0m | [36mMean: 19.6857[0m
[32mEvaluation Metric: episode_len[0m | [36mMean: 90.0000[0m
[32mEvaluation Metric: reward[0m | [36mMean: 0.2187[0m
[32mEvaluation Metric: success_at_end[0m | [36mMean: 0.0625[0m
model saved to checkpoints/ppo_memtasks/rgb_joints_belief/normalized_dense/RotateStrictPos-v0/ppo-last5-cvae-33__33__rgb_joints_belief__20260119_162931/20260119_162931/ckpt_18_451.pt
SPS: 1440
Epoch: 452, global_step=10391040
SPS: 1441
Epoch: 453, global_step=10414080
SPS: 1442
Epoch: 454, global_step=10437120
SPS: 1443
Epoch: 455, global_step=10460160
SPS: 1444
Epoch: 456, global_step=10483200
SPS: 1445
Epoch: 457, global_step=10506240
SPS: 1446
Epoch: 458, global_step=10529280
SPS: 1447
Epoch: 459, global_step=10552320
SPS: 1448
Epoch: 460, global_step=10575360
SPS: 1448
Epoch: 461, global_step=10598400
SPS: 1449
Epoch: 462, global_step=10621440
SPS: 1450
Epoch: 463, global_step=10644480
SPS: 1451
Epoch: 464, global_step=10667520
SPS: 1452
Epoch: 465, global_step=10690560
SPS: 1453
Epoch: 466, global_step=10713600
SPS: 1454
Epoch: 467, global_step=10736640
SPS: 1455
Epoch: 468, global_step=10759680
SPS: 1455
Epoch: 469, global_step=10782720
SPS: 1456
Epoch: 470, global_step=10805760
SPS: 1457
Epoch: 471, global_step=10828800
SPS: 1458
Epoch: 472, global_step=10851840
SPS: 1459
Epoch: 473, global_step=10874880
SPS: 1460
Epoch: 474, global_step=10897920
SPS: 1461
Epoch: 475, global_step=10920960
SPS: 1462
Epoch: 476, global_step=10944000
Evaluating
Evaluated 17280 steps resulting in 192 episodes
[32mEvaluation Metric: success_once[0m | [36mMean: 0.0938[0m
[32mEvaluation Metric: return[0m | [36mMean: 21.7413[0m
[32mEvaluation Metric: episode_len[0m | [36mMean: 90.0000[0m
[32mEvaluation Metric: reward[0m | [36mMean: 0.2416[0m
[32mEvaluation Metric: success_at_end[0m | [36mMean: 0.0729[0m
model saved to checkpoints/ppo_memtasks/rgb_joints_belief/normalized_dense/RotateStrictPos-v0/ppo-last5-cvae-33__33__rgb_joints_belief__20260119_162931/20260119_162931/ckpt_19_476.pt
SPS: 1441
Epoch: 477, global_step=10967040
SPS: 1442
Epoch: 478, global_step=10990080
SPS: 1443
Epoch: 479, global_step=11013120
SPS: 1444
Epoch: 480, global_step=11036160
SPS: 1444
Epoch: 481, global_step=11059200
SPS: 1445
Epoch: 482, global_step=11082240
SPS: 1446
Epoch: 483, global_step=11105280
SPS: 1447
Epoch: 484, global_step=11128320
SPS: 1448
Epoch: 485, global_step=11151360
SPS: 1449
Epoch: 486, global_step=11174400
SPS: 1449
Epoch: 487, global_step=11197440
SPS: 1450
Epoch: 488, global_step=11220480
SPS: 1451
Epoch: 489, global_step=11243520
SPS: 1452
Epoch: 490, global_step=11266560
SPS: 1453
Epoch: 491, global_step=11289600
SPS: 1454
Epoch: 492, global_step=11312640
SPS: 1455
Epoch: 493, global_step=11335680
SPS: 1455
Epoch: 494, global_step=11358720
SPS: 1456
Epoch: 495, global_step=11381760
SPS: 1457
Epoch: 496, global_step=11404800
SPS: 1458
Epoch: 497, global_step=11427840
SPS: 1459
Epoch: 498, global_step=11450880
SPS: 1459
Epoch: 499, global_step=11473920
SPS: 1460
Epoch: 500, global_step=11496960
SPS: 1461
Epoch: 501, global_step=11520000
Evaluating
Evaluated 17280 steps resulting in 192 episodes
[32mEvaluation Metric: success_once[0m | [36mMean: 0.0573[0m
[32mEvaluation Metric: return[0m | [36mMean: 19.8854[0m
[32mEvaluation Metric: episode_len[0m | [36mMean: 90.0000[0m
[32mEvaluation Metric: reward[0m | [36mMean: 0.2209[0m
[32mEvaluation Metric: success_at_end[0m | [36mMean: 0.0365[0m
model saved to checkpoints/ppo_memtasks/rgb_joints_belief/normalized_dense/RotateStrictPos-v0/ppo-last5-cvae-33__33__rgb_joints_belief__20260119_162931/20260119_162931/ckpt_20_501.pt
SPS: 1441
Epoch: 502, global_step=11543040
SPS: 1442
Epoch: 503, global_step=11566080
SPS: 1443
Epoch: 504, global_step=11589120
SPS: 1444
Epoch: 505, global_step=11612160
SPS: 1445
Epoch: 506, global_step=11635200
SPS: 1445
Epoch: 507, global_step=11658240
SPS: 1446
Epoch: 508, global_step=11681280
SPS: 1447
Epoch: 509, global_step=11704320
SPS: 1448
Epoch: 510, global_step=11727360
SPS: 1449
Epoch: 511, global_step=11750400
SPS: 1449
Epoch: 512, global_step=11773440
SPS: 1450
Epoch: 513, global_step=11796480
SPS: 1451
Epoch: 514, global_step=11819520
SPS: 1452
Epoch: 515, global_step=11842560
SPS: 1453
Epoch: 516, global_step=11865600
SPS: 1453
Epoch: 517, global_step=11888640
SPS: 1454
Epoch: 518, global_step=11911680
SPS: 1455
Epoch: 519, global_step=11934720
SPS: 1456
Epoch: 520, global_step=11957760
SPS: 1457
Epoch: 521, global_step=11980800
SPS: 1457
Epoch: 522, global_step=12003840
SPS: 1458
Epoch: 523, global_step=12026880
SPS: 1459
Epoch: 524, global_step=12049920
SPS: 1460
Epoch: 525, global_step=12072960
SPS: 1460
Epoch: 526, global_step=12096000
Evaluating
Evaluated 17280 steps resulting in 192 episodes
[32mEvaluation Metric: success_once[0m | [36mMean: 0.0938[0m
[32mEvaluation Metric: return[0m | [36mMean: 21.5711[0m
[32mEvaluation Metric: episode_len[0m | [36mMean: 90.0000[0m
[32mEvaluation Metric: reward[0m | [36mMean: 0.2397[0m
[32mEvaluation Metric: success_at_end[0m | [36mMean: 0.0677[0m
model saved to checkpoints/ppo_memtasks/rgb_joints_belief/normalized_dense/RotateStrictPos-v0/ppo-last5-cvae-33__33__rgb_joints_belief__20260119_162931/20260119_162931/ckpt_21_526.pt
SPS: 1442
Epoch: 527, global_step=12119040
SPS: 1442
Epoch: 528, global_step=12142080
SPS: 1443
Epoch: 529, global_step=12165120
SPS: 1444
Epoch: 530, global_step=12188160
SPS: 1445
Epoch: 531, global_step=12211200
SPS: 1446
Epoch: 532, global_step=12234240
SPS: 1446
Epoch: 533, global_step=12257280
SPS: 1447
Epoch: 534, global_step=12280320
SPS: 1448
Epoch: 535, global_step=12303360
SPS: 1449
Epoch: 536, global_step=12326400
SPS: 1449
Epoch: 537, global_step=12349440
SPS: 1450
Epoch: 538, global_step=12372480
SPS: 1451
Epoch: 539, global_step=12395520
SPS: 1452
Epoch: 540, global_step=12418560
SPS: 1452
Epoch: 541, global_step=12441600
SPS: 1453
Epoch: 542, global_step=12464640
SPS: 1454
Epoch: 543, global_step=12487680
SPS: 1455
Epoch: 544, global_step=12510720
SPS: 1455
Epoch: 545, global_step=12533760
SPS: 1456
Epoch: 546, global_step=12556800
SPS: 1457
Epoch: 547, global_step=12579840
SPS: 1458
Epoch: 548, global_step=12602880
SPS: 1458
Epoch: 549, global_step=12625920
SPS: 1459
Epoch: 550, global_step=12648960
SPS: 1460
Epoch: 551, global_step=12672000
Evaluating
Evaluated 17280 steps resulting in 192 episodes
[32mEvaluation Metric: success_once[0m | [36mMean: 0.0729[0m
[32mEvaluation Metric: return[0m | [36mMean: 21.4988[0m
[32mEvaluation Metric: episode_len[0m | [36mMean: 90.0000[0m
[32mEvaluation Metric: reward[0m | [36mMean: 0.2389[0m
[32mEvaluation Metric: success_at_end[0m | [36mMean: 0.0521[0m
model saved to checkpoints/ppo_memtasks/rgb_joints_belief/normalized_dense/RotateStrictPos-v0/ppo-last5-cvae-33__33__rgb_joints_belief__20260119_162931/20260119_162931/ckpt_22_551.pt
SPS: 1442
Epoch: 552, global_step=12695040
SPS: 1442
Epoch: 553, global_step=12718080
SPS: 1443
Epoch: 554, global_step=12741120
SPS: 1444
Epoch: 555, global_step=12764160
SPS: 1445
Epoch: 556, global_step=12787200
SPS: 1445
Epoch: 557, global_step=12810240
SPS: 1446
Epoch: 558, global_step=12833280
SPS: 1447
Epoch: 559, global_step=12856320
SPS: 1448
Epoch: 560, global_step=12879360
SPS: 1448
Epoch: 561, global_step=12902400
SPS: 1449
Epoch: 562, global_step=12925440
SPS: 1450
Epoch: 563, global_step=12948480
SPS: 1450
Epoch: 564, global_step=12971520
SPS: 1451
Epoch: 565, global_step=12994560
SPS: 1452
Epoch: 566, global_step=13017600
SPS: 1453
Epoch: 567, global_step=13040640
SPS: 1453
Epoch: 568, global_step=13063680
SPS: 1454
Epoch: 569, global_step=13086720
SPS: 1455
Epoch: 570, global_step=13109760
SPS: 1455
Epoch: 571, global_step=13132800
SPS: 1456
Epoch: 572, global_step=13155840
SPS: 1457
Epoch: 573, global_step=13178880
SPS: 1458
Epoch: 574, global_step=13201920
SPS: 1458
Epoch: 575, global_step=13224960
SPS: 1459
Epoch: 576, global_step=13248000
Evaluating
Evaluated 17280 steps resulting in 192 episodes
[32mEvaluation Metric: success_once[0m | [36mMean: 0.0573[0m
[32mEvaluation Metric: return[0m | [36mMean: 20.4792[0m
[32mEvaluation Metric: episode_len[0m | [36mMean: 90.0000[0m
[32mEvaluation Metric: reward[0m | [36mMean: 0.2275[0m
[32mEvaluation Metric: success_at_end[0m | [36mMean: 0.0365[0m
model saved to checkpoints/ppo_memtasks/rgb_joints_belief/normalized_dense/RotateStrictPos-v0/ppo-last5-cvae-33__33__rgb_joints_belief__20260119_162931/20260119_162931/ckpt_23_576.pt
SPS: 1441
Epoch: 577, global_step=13271040
SPS: 1442
Epoch: 578, global_step=13294080
SPS: 1443
Epoch: 579, global_step=13317120
SPS: 1444
Epoch: 580, global_step=13340160
SPS: 1444
Epoch: 581, global_step=13363200
SPS: 1445
Epoch: 582, global_step=13386240
SPS: 1446
Epoch: 583, global_step=13409280
SPS: 1446
Epoch: 584, global_step=13432320
SPS: 1447
Epoch: 585, global_step=13455360
SPS: 1448
Epoch: 586, global_step=13478400
SPS: 1448
Epoch: 587, global_step=13501440
SPS: 1449
Epoch: 588, global_step=13524480
SPS: 1450
Epoch: 589, global_step=13547520
SPS: 1451
Epoch: 590, global_step=13570560
SPS: 1451
Epoch: 591, global_step=13593600
SPS: 1452
Epoch: 592, global_step=13616640
SPS: 1453
Epoch: 593, global_step=13639680
SPS: 1453
Epoch: 594, global_step=13662720
SPS: 1454
Epoch: 595, global_step=13685760
SPS: 1455
Epoch: 596, global_step=13708800
SPS: 1455
Epoch: 597, global_step=13731840
SPS: 1456
Epoch: 598, global_step=13754880
SPS: 1457
Epoch: 599, global_step=13777920
SPS: 1457
Epoch: 600, global_step=13800960
SPS: 1458
Epoch: 601, global_step=13824000
Evaluating
Evaluated 17280 steps resulting in 192 episodes
[32mEvaluation Metric: success_once[0m | [36mMean: 0.0729[0m
[32mEvaluation Metric: return[0m | [36mMean: 21.2041[0m
[32mEvaluation Metric: episode_len[0m | [36mMean: 90.0000[0m
[32mEvaluation Metric: reward[0m | [36mMean: 0.2356[0m
[32mEvaluation Metric: success_at_end[0m | [36mMean: 0.0729[0m
model saved to checkpoints/ppo_memtasks/rgb_joints_belief/normalized_dense/RotateStrictPos-v0/ppo-last5-cvae-33__33__rgb_joints_belief__20260119_162931/20260119_162931/ckpt_24_601.pt
SPS: 1441
Epoch: 602, global_step=13847040
SPS: 1442
Epoch: 603, global_step=13870080
SPS: 1443
Epoch: 604, global_step=13893120
SPS: 1443
Epoch: 605, global_step=13916160
SPS: 1444
Epoch: 606, global_step=13939200
SPS: 1445
Epoch: 607, global_step=13962240
SPS: 1445
Epoch: 608, global_step=13985280
SPS: 1446
Epoch: 609, global_step=14008320
SPS: 1447
Epoch: 610, global_step=14031360
SPS: 1447
Epoch: 611, global_step=14054400
SPS: 1448
Epoch: 612, global_step=14077440
SPS: 1449
Epoch: 613, global_step=14100480
SPS: 1449
Epoch: 614, global_step=14123520
SPS: 1450
Epoch: 615, global_step=14146560
SPS: 1451
Epoch: 616, global_step=14169600
SPS: 1451
Epoch: 617, global_step=14192640
SPS: 1452
Epoch: 618, global_step=14215680
SPS: 1453
Epoch: 619, global_step=14238720
SPS: 1453
Epoch: 620, global_step=14261760
SPS: 1454
Epoch: 621, global_step=14284800
SPS: 1455
Epoch: 622, global_step=14307840
SPS: 1455
Epoch: 623, global_step=14330880
SPS: 1456
Epoch: 624, global_step=14353920
SPS: 1457
Epoch: 625, global_step=14376960
SPS: 1457
Epoch: 626, global_step=14400000
Evaluating
Evaluated 17280 steps resulting in 192 episodes
[32mEvaluation Metric: success_once[0m | [36mMean: 0.1562[0m
[32mEvaluation Metric: return[0m | [36mMean: 23.1697[0m
[32mEvaluation Metric: episode_len[0m | [36mMean: 90.0000[0m
[32mEvaluation Metric: reward[0m | [36mMean: 0.2574[0m
[32mEvaluation Metric: success_at_end[0m | [36mMean: 0.1094[0m
model saved to checkpoints/ppo_memtasks/rgb_joints_belief/normalized_dense/RotateStrictPos-v0/ppo-last5-cvae-33__33__rgb_joints_belief__20260119_162931/20260119_162931/ckpt_25_626.pt
SPS: 1441
Epoch: 627, global_step=14423040
SPS: 1441
Epoch: 628, global_step=14446080
SPS: 1442
Epoch: 629, global_step=14469120
SPS: 1443
Epoch: 630, global_step=14492160
SPS: 1443
Epoch: 631, global_step=14515200
SPS: 1444
Epoch: 632, global_step=14538240
SPS: 1445
Epoch: 633, global_step=14561280
SPS: 1445
Epoch: 634, global_step=14584320
SPS: 1446
Epoch: 635, global_step=14607360
SPS: 1447
Epoch: 636, global_step=14630400
SPS: 1447
Epoch: 637, global_step=14653440
SPS: 1448
Epoch: 638, global_step=14676480
SPS: 1449
Epoch: 639, global_step=14699520
SPS: 1449
Epoch: 640, global_step=14722560
SPS: 1450
Epoch: 641, global_step=14745600
SPS: 1450
Epoch: 642, global_step=14768640
SPS: 1451
Epoch: 643, global_step=14791680
SPS: 1452
Epoch: 644, global_step=14814720
SPS: 1452
Epoch: 645, global_step=14837760
SPS: 1453
Epoch: 646, global_step=14860800
SPS: 1454
Epoch: 647, global_step=14883840
SPS: 1454
Epoch: 648, global_step=14906880
SPS: 1455
Epoch: 649, global_step=14929920
SPS: 1456
Epoch: 650, global_step=14952960
SPS: 1456
Epoch: 651, global_step=14976000
Evaluating
Evaluated 17280 steps resulting in 192 episodes
[32mEvaluation Metric: success_once[0m | [36mMean: 0.1042[0m
[32mEvaluation Metric: return[0m | [36mMean: 21.2381[0m
[32mEvaluation Metric: episode_len[0m | [36mMean: 90.0000[0m
[32mEvaluation Metric: reward[0m | [36mMean: 0.2360[0m
[32mEvaluation Metric: success_at_end[0m | [36mMean: 0.0677[0m
model saved to checkpoints/ppo_memtasks/rgb_joints_belief/normalized_dense/RotateStrictPos-v0/ppo-last5-cvae-33__33__rgb_joints_belief__20260119_162931/20260119_162931/ckpt_26_651.pt
SPS: 1441
Epoch: 652, global_step=14999040
SPS: 1442
Epoch: 653, global_step=15022080
SPS: 1442
Epoch: 654, global_step=15045120
SPS: 1443
Epoch: 655, global_step=15068160
SPS: 1444
Epoch: 656, global_step=15091200
SPS: 1444
Epoch: 657, global_step=15114240
SPS: 1445
Epoch: 658, global_step=15137280
SPS: 1446
Epoch: 659, global_step=15160320
SPS: 1446
Epoch: 660, global_step=15183360
SPS: 1447
Epoch: 661, global_step=15206400
SPS: 1447
Epoch: 662, global_step=15229440
SPS: 1448
Epoch: 663, global_step=15252480
SPS: 1449
Epoch: 664, global_step=15275520
SPS: 1449
Epoch: 665, global_step=15298560
SPS: 1450
Epoch: 666, global_step=15321600
SPS: 1450
Epoch: 667, global_step=15344640
SPS: 1451
Epoch: 668, global_step=15367680
SPS: 1452
Epoch: 669, global_step=15390720
SPS: 1452
Epoch: 670, global_step=15413760
SPS: 1453
Epoch: 671, global_step=15436800
SPS: 1454
Epoch: 672, global_step=15459840
SPS: 1454
Epoch: 673, global_step=15482880
SPS: 1455
Epoch: 674, global_step=15505920
SPS: 1455
Epoch: 675, global_step=15528960
SPS: 1456
Epoch: 676, global_step=15552000
Evaluating
Evaluated 17280 steps resulting in 192 episodes
[32mEvaluation Metric: success_once[0m | [36mMean: 0.1042[0m
[32mEvaluation Metric: return[0m | [36mMean: 20.7179[0m
[32mEvaluation Metric: episode_len[0m | [36mMean: 90.0000[0m
[32mEvaluation Metric: reward[0m | [36mMean: 0.2302[0m
[32mEvaluation Metric: success_at_end[0m | [36mMean: 0.0781[0m
model saved to checkpoints/ppo_memtasks/rgb_joints_belief/normalized_dense/RotateStrictPos-v0/ppo-last5-cvae-33__33__rgb_joints_belief__20260119_162931/20260119_162931/ckpt_27_676.pt
SPS: 1441
Epoch: 677, global_step=15575040
SPS: 1441
Epoch: 678, global_step=15598080
SPS: 1442
Epoch: 679, global_step=15621120
SPS: 1443
Epoch: 680, global_step=15644160
SPS: 1443
Epoch: 681, global_step=15667200
SPS: 1444
Epoch: 682, global_step=15690240
SPS: 1444
Epoch: 683, global_step=15713280
SPS: 1445
Epoch: 684, global_step=15736320
SPS: 1446
Epoch: 685, global_step=15759360
SPS: 1446
Epoch: 686, global_step=15782400
SPS: 1447
Epoch: 687, global_step=15805440
SPS: 1447
Epoch: 688, global_step=15828480
SPS: 1448
Epoch: 689, global_step=15851520
SPS: 1449
Epoch: 690, global_step=15874560
SPS: 1449
Epoch: 691, global_step=15897600
SPS: 1450
Epoch: 692, global_step=15920640
SPS: 1450
Epoch: 693, global_step=15943680
SPS: 1451
Epoch: 694, global_step=15966720
SPS: 1452
Epoch: 695, global_step=15989760
SPS: 1452
Epoch: 696, global_step=16012800
SPS: 1453
Epoch: 697, global_step=16035840
SPS: 1453
Epoch: 698, global_step=16058880
SPS: 1454
Epoch: 699, global_step=16081920
SPS: 1455
Epoch: 700, global_step=16104960
SPS: 1455
Epoch: 701, global_step=16128000
Evaluating
Evaluated 17280 steps resulting in 192 episodes
[32mEvaluation Metric: success_once[0m | [36mMean: 0.1354[0m
[32mEvaluation Metric: return[0m | [36mMean: 22.2100[0m
[32mEvaluation Metric: episode_len[0m | [36mMean: 90.0000[0m
[32mEvaluation Metric: reward[0m | [36mMean: 0.2468[0m
[32mEvaluation Metric: success_at_end[0m | [36mMean: 0.1198[0m
model saved to checkpoints/ppo_memtasks/rgb_joints_belief/normalized_dense/RotateStrictPos-v0/ppo-last5-cvae-33__33__rgb_joints_belief__20260119_162931/20260119_162931/ckpt_28_701.pt
SPS: 1441
Epoch: 702, global_step=16151040
SPS: 1441
Epoch: 703, global_step=16174080
SPS: 1442
Epoch: 704, global_step=16197120
SPS: 1443
Epoch: 705, global_step=16220160
SPS: 1443
Epoch: 706, global_step=16243200
SPS: 1444
Epoch: 707, global_step=16266240
SPS: 1444
Epoch: 708, global_step=16289280
SPS: 1445
Epoch: 709, global_step=16312320
SPS: 1445
Epoch: 710, global_step=16335360
SPS: 1446
Epoch: 711, global_step=16358400
SPS: 1447
Epoch: 712, global_step=16381440
SPS: 1447
Epoch: 713, global_step=16404480
SPS: 1448
Epoch: 714, global_step=16427520
SPS: 1448
Epoch: 715, global_step=16450560
SPS: 1449
Epoch: 716, global_step=16473600
SPS: 1449
Epoch: 717, global_step=16496640
SPS: 1450
Epoch: 718, global_step=16519680
SPS: 1451
Epoch: 719, global_step=16542720
SPS: 1451
Epoch: 720, global_step=16565760
SPS: 1452
Epoch: 721, global_step=16588800
SPS: 1452
Epoch: 722, global_step=16611840
SPS: 1453
Epoch: 723, global_step=16634880
SPS: 1453
Epoch: 724, global_step=16657920
SPS: 1454
Epoch: 725, global_step=16680960
SPS: 1455
Epoch: 726, global_step=16704000
Evaluating
Evaluated 17280 steps resulting in 192 episodes
[32mEvaluation Metric: success_once[0m | [36mMean: 0.0938[0m
[32mEvaluation Metric: return[0m | [36mMean: 20.5628[0m
[32mEvaluation Metric: episode_len[0m | [36mMean: 90.0000[0m
[32mEvaluation Metric: reward[0m | [36mMean: 0.2285[0m
[32mEvaluation Metric: success_at_end[0m | [36mMean: 0.0417[0m
model saved to checkpoints/ppo_memtasks/rgb_joints_belief/normalized_dense/RotateStrictPos-v0/ppo-last5-cvae-33__33__rgb_joints_belief__20260119_162931/20260119_162931/ckpt_29_726.pt
SPS: 1441
Epoch: 727, global_step=16727040
SPS: 1441
Epoch: 728, global_step=16750080
SPS: 1442
Epoch: 729, global_step=16773120
SPS: 1442
Epoch: 730, global_step=16796160
SPS: 1443
Epoch: 731, global_step=16819200
SPS: 1443
Epoch: 732, global_step=16842240
SPS: 1444
Epoch: 733, global_step=16865280
SPS: 1445
Epoch: 734, global_step=16888320
SPS: 1445
Epoch: 735, global_step=16911360
SPS: 1446
Epoch: 736, global_step=16934400
SPS: 1446
Epoch: 737, global_step=16957440
SPS: 1447
Epoch: 738, global_step=16980480
SPS: 1448
Epoch: 739, global_step=17003520
SPS: 1448
Epoch: 740, global_step=17026560
SPS: 1449
Epoch: 741, global_step=17049600
SPS: 1449
Epoch: 742, global_step=17072640
SPS: 1450
Epoch: 743, global_step=17095680
SPS: 1451
Epoch: 744, global_step=17118720
SPS: 1451
Epoch: 745, global_step=17141760
SPS: 1452
Epoch: 746, global_step=17164800
SPS: 1452
Epoch: 747, global_step=17187840
SPS: 1453
Epoch: 748, global_step=17210880
SPS: 1453
Epoch: 749, global_step=17233920
SPS: 1454
Epoch: 750, global_step=17256960
SPS: 1454
Epoch: 751, global_step=17280000
Evaluating
Evaluated 17280 steps resulting in 192 episodes
[32mEvaluation Metric: success_once[0m | [36mMean: 0.1250[0m
[32mEvaluation Metric: return[0m | [36mMean: 21.4312[0m
[32mEvaluation Metric: episode_len[0m | [36mMean: 90.0000[0m
[32mEvaluation Metric: reward[0m | [36mMean: 0.2381[0m
[32mEvaluation Metric: success_at_end[0m | [36mMean: 0.0469[0m
model saved to checkpoints/ppo_memtasks/rgb_joints_belief/normalized_dense/RotateStrictPos-v0/ppo-last5-cvae-33__33__rgb_joints_belief__20260119_162931/20260119_162931/ckpt_30_751.pt
SPS: 1441
Epoch: 752, global_step=17303040
SPS: 1441
Epoch: 753, global_step=17326080
SPS: 1442
Epoch: 754, global_step=17349120
SPS: 1442
Epoch: 755, global_step=17372160
SPS: 1443
Epoch: 756, global_step=17395200
SPS: 1444
Epoch: 757, global_step=17418240
SPS: 1444
Epoch: 758, global_step=17441280
SPS: 1445
Epoch: 759, global_step=17464320
SPS: 1445
Epoch: 760, global_step=17487360
SPS: 1446
Epoch: 761, global_step=17510400
SPS: 1446
Epoch: 762, global_step=17533440
SPS: 1447
Epoch: 763, global_step=17556480
SPS: 1447
Epoch: 764, global_step=17579520
SPS: 1448
Epoch: 765, global_step=17602560
SPS: 1448
Epoch: 766, global_step=17625600
SPS: 1449
Epoch: 767, global_step=17648640
SPS: 1450
Epoch: 768, global_step=17671680
SPS: 1450
Epoch: 769, global_step=17694720
SPS: 1451
Epoch: 770, global_step=17717760
SPS: 1451
Epoch: 771, global_step=17740800
SPS: 1452
Epoch: 772, global_step=17763840
SPS: 1452
Epoch: 773, global_step=17786880
SPS: 1453
Epoch: 774, global_step=17809920
SPS: 1453
Epoch: 775, global_step=17832960
SPS: 1454
Epoch: 776, global_step=17856000
Evaluating
Evaluated 17280 steps resulting in 192 episodes
[32mEvaluation Metric: success_once[0m | [36mMean: 0.1094[0m
[32mEvaluation Metric: return[0m | [36mMean: 21.2056[0m
[32mEvaluation Metric: episode_len[0m | [36mMean: 90.0000[0m
[32mEvaluation Metric: reward[0m | [36mMean: 0.2356[0m
[32mEvaluation Metric: success_at_end[0m | [36mMean: 0.0677[0m
model saved to checkpoints/ppo_memtasks/rgb_joints_belief/normalized_dense/RotateStrictPos-v0/ppo-last5-cvae-33__33__rgb_joints_belief__20260119_162931/20260119_162931/ckpt_31_776.pt
SPS: 1441
Epoch: 777, global_step=17879040
SPS: 1442
Epoch: 778, global_step=17902080
SPS: 1442
Epoch: 779, global_step=17925120
SPS: 1443
Epoch: 780, global_step=17948160
SPS: 1443
Epoch: 781, global_step=17971200
SPS: 1444
Epoch: 782, global_step=17994240
SPS: 1444
Epoch: 783, global_step=18017280
SPS: 1445
Epoch: 784, global_step=18040320
SPS: 1446
Epoch: 785, global_step=18063360
SPS: 1446
Epoch: 786, global_step=18086400
SPS: 1447
Epoch: 787, global_step=18109440
SPS: 1447
Epoch: 788, global_step=18132480
SPS: 1448
Epoch: 789, global_step=18155520
SPS: 1448
Epoch: 790, global_step=18178560
SPS: 1449
Epoch: 791, global_step=18201600
SPS: 1449
Epoch: 792, global_step=18224640
SPS: 1450
Epoch: 793, global_step=18247680
SPS: 1450
Epoch: 794, global_step=18270720
SPS: 1451
Epoch: 795, global_step=18293760
SPS: 1451
Epoch: 796, global_step=18316800
SPS: 1452
Epoch: 797, global_step=18339840
SPS: 1452
Epoch: 798, global_step=18362880
SPS: 1453
Epoch: 799, global_step=18385920
SPS: 1453
Epoch: 800, global_step=18408960
SPS: 1454
Epoch: 801, global_step=18432000
Evaluating
Evaluated 17280 steps resulting in 192 episodes
[32mEvaluation Metric: success_once[0m | [36mMean: 0.1094[0m
[32mEvaluation Metric: return[0m | [36mMean: 19.5726[0m
[32mEvaluation Metric: episode_len[0m | [36mMean: 90.0000[0m
[32mEvaluation Metric: reward[0m | [36mMean: 0.2175[0m
[32mEvaluation Metric: success_at_end[0m | [36mMean: 0.0625[0m
model saved to checkpoints/ppo_memtasks/rgb_joints_belief/normalized_dense/RotateStrictPos-v0/ppo-last5-cvae-33__33__rgb_joints_belief__20260119_162931/20260119_162931/ckpt_32_801.pt
SPS: 1442
Epoch: 802, global_step=18455040
SPS: 1442
Epoch: 803, global_step=18478080
SPS: 1443
Epoch: 804, global_step=18501120
SPS: 1443
Epoch: 805, global_step=18524160
SPS: 1444
Epoch: 806, global_step=18547200
SPS: 1444
Epoch: 807, global_step=18570240
SPS: 1445
Epoch: 808, global_step=18593280
SPS: 1445
Epoch: 809, global_step=18616320
SPS: 1446
Epoch: 810, global_step=18639360
SPS: 1446
Epoch: 811, global_step=18662400
SPS: 1447
Epoch: 812, global_step=18685440
SPS: 1447
Epoch: 813, global_step=18708480
SPS: 1448
Epoch: 814, global_step=18731520
SPS: 1448
Epoch: 815, global_step=18754560
SPS: 1449
Epoch: 816, global_step=18777600
SPS: 1449
Epoch: 817, global_step=18800640
SPS: 1450
Epoch: 818, global_step=18823680
SPS: 1450
Epoch: 819, global_step=18846720
SPS: 1451
Epoch: 820, global_step=18869760
SPS: 1451
Epoch: 821, global_step=18892800
SPS: 1452
Epoch: 822, global_step=18915840
SPS: 1452
Epoch: 823, global_step=18938880
SPS: 1453
Epoch: 824, global_step=18961920
SPS: 1453
Epoch: 825, global_step=18984960
SPS: 1454
Epoch: 826, global_step=19008000
Evaluating
Evaluated 17280 steps resulting in 192 episodes
[32mEvaluation Metric: success_once[0m | [36mMean: 0.0990[0m
[32mEvaluation Metric: return[0m | [36mMean: 21.8944[0m
[32mEvaluation Metric: episode_len[0m | [36mMean: 90.0000[0m
[32mEvaluation Metric: reward[0m | [36mMean: 0.2433[0m
[32mEvaluation Metric: success_at_end[0m | [36mMean: 0.0677[0m
model saved to checkpoints/ppo_memtasks/rgb_joints_belief/normalized_dense/RotateStrictPos-v0/ppo-last5-cvae-33__33__rgb_joints_belief__20260119_162931/20260119_162931/ckpt_33_826.pt
SPS: 1442
Epoch: 827, global_step=19031040
SPS: 1443
Epoch: 828, global_step=19054080
SPS: 1443
Epoch: 829, global_step=19077120
SPS: 1444
Epoch: 830, global_step=19100160
SPS: 1444
Epoch: 831, global_step=19123200
SPS: 1445
Epoch: 832, global_step=19146240
SPS: 1445
Epoch: 833, global_step=19169280
SPS: 1446
Epoch: 834, global_step=19192320
SPS: 1446
Epoch: 835, global_step=19215360
SPS: 1446
Epoch: 836, global_step=19238400
SPS: 1447
Epoch: 837, global_step=19261440
SPS: 1447
Epoch: 838, global_step=19284480
SPS: 1448
Epoch: 839, global_step=19307520
SPS: 1448
Epoch: 840, global_step=19330560
SPS: 1449
Epoch: 841, global_step=19353600
SPS: 1449
Epoch: 842, global_step=19376640
SPS: 1450
Epoch: 843, global_step=19399680
SPS: 1450
Epoch: 844, global_step=19422720
SPS: 1451
Epoch: 845, global_step=19445760
SPS: 1451
Epoch: 846, global_step=19468800
SPS: 1452
Epoch: 847, global_step=19491840
SPS: 1452
Epoch: 848, global_step=19514880
SPS: 1453
Epoch: 849, global_step=19537920
SPS: 1453
Epoch: 850, global_step=19560960
SPS: 1454
Epoch: 851, global_step=19584000
Evaluating
Evaluated 17280 steps resulting in 192 episodes
[32mEvaluation Metric: success_once[0m | [36mMean: 0.0990[0m
[32mEvaluation Metric: return[0m | [36mMean: 21.6916[0m
[32mEvaluation Metric: episode_len[0m | [36mMean: 90.0000[0m
[32mEvaluation Metric: reward[0m | [36mMean: 0.2410[0m
[32mEvaluation Metric: success_at_end[0m | [36mMean: 0.0573[0m
model saved to checkpoints/ppo_memtasks/rgb_joints_belief/normalized_dense/RotateStrictPos-v0/ppo-last5-cvae-33__33__rgb_joints_belief__20260119_162931/20260119_162931/ckpt_34_851.pt
SPS: 1442
Epoch: 852, global_step=19607040
SPS: 1443
Epoch: 853, global_step=19630080
SPS: 1443
Epoch: 854, global_step=19653120
SPS: 1444
Epoch: 855, global_step=19676160
SPS: 1444
Epoch: 856, global_step=19699200
SPS: 1445
Epoch: 857, global_step=19722240
SPS: 1445
Epoch: 858, global_step=19745280
SPS: 1446
Epoch: 859, global_step=19768320
SPS: 1446
Epoch: 860, global_step=19791360
SPS: 1447
Epoch: 861, global_step=19814400
SPS: 1447
Epoch: 862, global_step=19837440
SPS: 1448
Epoch: 863, global_step=19860480
SPS: 1448
Epoch: 864, global_step=19883520
SPS: 1449
Epoch: 865, global_step=19906560
SPS: 1449
Epoch: 866, global_step=19929600
SPS: 1449
Epoch: 867, global_step=19952640
SPS: 1450
Epoch: 868, global_step=19975680
SPS: 1450
model saved to checkpoints/ppo_memtasks/rgb_joints_belief/normalized_dense/RotateStrictPos-v0/ppo-last5-cvae-33__33__rgb_joints_belief__20260119_162931/20260119_162931/final_ckpt.pt
Running RememberShapeAndColor3x2-v0 with belief, seed 42

===========================================================================
║                        Environment Configuration                        ║
===========================================================================
║ Environment ID: RotateStrictPos-v0                                      ║
║ Oracle Info:    angle_diff                                              ║
║ Wrappers:                                                               ║
║    ├─ InitialZeroActionWrapper                                         ║
║    │  └─ {'n_initial_steps': 0}                                           ║
║    ├─ RenderStepInfoWrapper                                            ║
║    ├─ RenderRewardInfoWrapper                                          ║
║    ├─ RotateRenderAngleInfoWrapper                                     ║
║    ├─ DebugRewardWrapper                                               ║
║-------------------------------------------------------------------------║
║ include_state:       False │ state will not be used                ║
║ include_rgb:         True  │ rgb images will be used               ║
║ include_oracle:      False │ oracle info will not be used          ║
║ include_joints:      True  │ joints will be used                   ║
===========================================================================

MODE='rgb_joints_belief'
prompt_info='target_angle'
Saving eval videos to checkpoints/ppo_memtasks/rgb_joints_belief/normalized_dense/RotateStrictPos-v0/ppo-last5-cvae-42__42__rgb_joints_belief__20260119_201926/20260119_201926/videos
======================================================================
Max Episode Steps: 90
======================================================================

Loading belief model from /local/s4176650/sphinx/storage_cvae/RotateStrictPos-v0_cvae_mikasa_last5/final_vae_model.pt
  phi_dim=16, latent_dim=32
Belief model loaded successfully. Memory size: 768
Running training

####
args.num_iterations=868 args.num_envs=256 args.num_eval_envs=16
args.minibatch_size=2880 args.batch_size=23040 args.update_epochs=4
####

sample_obs.keys()=dict_keys(['prompt', 'joints', 'rgb'])
prompt: torch.Size([256, 1])
joints: torch.Size([256, 25])
rgb: torch.Size([256, 128, 128, 3])


Epoch: 1, global_step=0
Evaluating
Evaluated 17280 steps resulting in 192 episodes
[32mEvaluation Metric: success_once[0m | [36mMean: 0.0000[0m
[32mEvaluation Metric: return[0m | [36mMean: 0.1764[0m
[32mEvaluation Metric: episode_len[0m | [36mMean: 90.0000[0m
[32mEvaluation Metric: reward[0m | [36mMean: 0.0020[0m
[32mEvaluation Metric: success_at_end[0m | [36mMean: 0.0000[0m
model saved to checkpoints/ppo_memtasks/rgb_joints_belief/normalized_dense/RotateStrictPos-v0/ppo-last5-cvae-42__42__rgb_joints_belief__20260119_201926/20260119_201926/ckpt_0_1.pt
SPS: 210
Epoch: 2, global_step=23040
SPS: 385
Epoch: 3, global_step=46080
SPS: 533
Epoch: 4, global_step=69120
SPS: 659
Epoch: 5, global_step=92160
SPS: 768
Epoch: 6, global_step=115200
SPS: 863
Epoch: 7, global_step=138240
SPS: 946
Epoch: 8, global_step=161280
SPS: 1019
Epoch: 9, global_step=184320
SPS: 1084
Epoch: 10, global_step=207360
SPS: 1142
Epoch: 11, global_step=230400
SPS: 1194
Epoch: 12, global_step=253440
SPS: 1241
Epoch: 13, global_step=276480
SPS: 1284
Epoch: 14, global_step=299520
SPS: 1323
Epoch: 15, global_step=322560
SPS: 1359
Epoch: 16, global_step=345600
SPS: 1394
Epoch: 17, global_step=368640
SPS: 1424
Epoch: 18, global_step=391680
SPS: 1454
Epoch: 19, global_step=414720
SPS: 1481
Epoch: 20, global_step=437760
SPS: 1506
Epoch: 21, global_step=460800
SPS: 1530
Epoch: 22, global_step=483840
SPS: 1551
Epoch: 23, global_step=506880
SPS: 1571
Epoch: 24, global_step=529920
SPS: 1590
Epoch: 25, global_step=552960
SPS: 1608
Epoch: 26, global_step=576000
Evaluating
Evaluated 17280 steps resulting in 192 episodes
[32mEvaluation Metric: success_once[0m | [36mMean: 0.0000[0m
[32mEvaluation Metric: return[0m | [36mMean: 0.1790[0m
[32mEvaluation Metric: episode_len[0m | [36mMean: 90.0000[0m
[32mEvaluation Metric: reward[0m | [36mMean: 0.0020[0m
[32mEvaluation Metric: success_at_end[0m | [36mMean: 0.0000[0m
model saved to checkpoints/ppo_memtasks/rgb_joints_belief/normalized_dense/RotateStrictPos-v0/ppo-last5-cvae-42__42__rgb_joints_belief__20260119_201926/20260119_201926/ckpt_1_26.pt
SPS: 1279
Epoch: 27, global_step=599040
SPS: 1299
Epoch: 28, global_step=622080
SPS: 1317
Epoch: 29, global_step=645120
SPS: 1336
Epoch: 30, global_step=668160
SPS: 1353
Epoch: 31, global_step=691200
SPS: 1370
Epoch: 32, global_step=714240
SPS: 1386
Epoch: 33, global_step=737280
SPS: 1401
Epoch: 34, global_step=760320
SPS: 1416
Epoch: 35, global_step=783360
SPS: 1430
Epoch: 36, global_step=806400
SPS: 1444
Epoch: 37, global_step=829440
SPS: 1457
Epoch: 38, global_step=852480
SPS: 1470
Epoch: 39, global_step=875520
SPS: 1482
Epoch: 40, global_step=898560
SPS: 1494
Epoch: 41, global_step=921600
SPS: 1506
Epoch: 42, global_step=944640
SPS: 1517
Epoch: 43, global_step=967680
SPS: 1528
Epoch: 44, global_step=990720
SPS: 1539
Epoch: 45, global_step=1013760
SPS: 1549
Epoch: 46, global_step=1036800
SPS: 1558
Epoch: 47, global_step=1059840
SPS: 1568
Epoch: 48, global_step=1082880
SPS: 1576
Epoch: 49, global_step=1105920
SPS: 1585
Epoch: 50, global_step=1128960
SPS: 1593
Epoch: 51, global_step=1152000
Evaluating
Evaluated 17280 steps resulting in 192 episodes
[32mEvaluation Metric: success_once[0m | [36mMean: 0.0000[0m
[32mEvaluation Metric: return[0m | [36mMean: 0.2846[0m
[32mEvaluation Metric: episode_len[0m | [36mMean: 90.0000[0m
[32mEvaluation Metric: reward[0m | [36mMean: 0.0032[0m
[32mEvaluation Metric: success_at_end[0m | [36mMean: 0.0000[0m
model saved to checkpoints/ppo_memtasks/rgb_joints_belief/normalized_dense/RotateStrictPos-v0/ppo-last5-cvae-42__42__rgb_joints_belief__20260119_201926/20260119_201926/ckpt_2_51.pt
SPS: 1407
Epoch: 52, global_step=1175040
SPS: 1416
Epoch: 53, global_step=1198080
SPS: 1426
Epoch: 54, global_step=1221120
SPS: 1434
Epoch: 55, global_step=1244160
SPS: 1443
Epoch: 56, global_step=1267200
SPS: 1452
Epoch: 57, global_step=1290240
SPS: 1460
Epoch: 58, global_step=1313280
SPS: 1468
Epoch: 59, global_step=1336320
SPS: 1475
Epoch: 60, global_step=1359360
SPS: 1482
Epoch: 61, global_step=1382400
SPS: 1490
Epoch: 62, global_step=1405440
SPS: 1497
Epoch: 63, global_step=1428480
SPS: 1503
Epoch: 64, global_step=1451520
SPS: 1510
Epoch: 65, global_step=1474560
SPS: 1517
Epoch: 66, global_step=1497600
SPS: 1523
Epoch: 67, global_step=1520640
SPS: 1530
Epoch: 68, global_step=1543680
SPS: 1536
Epoch: 69, global_step=1566720
SPS: 1542
Epoch: 70, global_step=1589760
SPS: 1548
Epoch: 71, global_step=1612800
SPS: 1554
Epoch: 72, global_step=1635840
SPS: 1559
Epoch: 73, global_step=1658880
SPS: 1565
Epoch: 74, global_step=1681920
SPS: 1570
Epoch: 75, global_step=1704960
SPS: 1575
Epoch: 76, global_step=1728000
Evaluating
Evaluated 17280 steps resulting in 192 episodes
[32mEvaluation Metric: success_once[0m | [36mMean: 0.0000[0m
[32mEvaluation Metric: return[0m | [36mMean: 0.4431[0m
[32mEvaluation Metric: episode_len[0m | [36mMean: 90.0000[0m
[32mEvaluation Metric: reward[0m | [36mMean: 0.0049[0m
[32mEvaluation Metric: success_at_end[0m | [36mMean: 0.0000[0m
model saved to checkpoints/ppo_memtasks/rgb_joints_belief/normalized_dense/RotateStrictPos-v0/ppo-last5-cvae-42__42__rgb_joints_belief__20260119_201926/20260119_201926/ckpt_3_76.pt
SPS: 1441
Epoch: 77, global_step=1751040
SPS: 1447
Epoch: 78, global_step=1774080
SPS: 1453
Epoch: 79, global_step=1797120
SPS: 1459
Epoch: 80, global_step=1820160
SPS: 1464
Epoch: 81, global_step=1843200
SPS: 1470
Epoch: 82, global_step=1866240
SPS: 1475
Epoch: 83, global_step=1889280
SPS: 1480
Epoch: 84, global_step=1912320
SPS: 1486
Epoch: 85, global_step=1935360
SPS: 1491
Epoch: 86, global_step=1958400
SPS: 1496
Epoch: 87, global_step=1981440
SPS: 1501
Epoch: 88, global_step=2004480
SPS: 1506
Epoch: 89, global_step=2027520
SPS: 1511
Epoch: 90, global_step=2050560
SPS: 1516
Epoch: 91, global_step=2073600
SPS: 1520
Epoch: 92, global_step=2096640
SPS: 1525
Epoch: 93, global_step=2119680
SPS: 1529
Epoch: 94, global_step=2142720
SPS: 1534
Epoch: 95, global_step=2165760
SPS: 1538
Epoch: 96, global_step=2188800
SPS: 1543
Epoch: 97, global_step=2211840
SPS: 1547
Epoch: 98, global_step=2234880
SPS: 1551
Epoch: 99, global_step=2257920
SPS: 1555
Epoch: 100, global_step=2280960
SPS: 1559
Epoch: 101, global_step=2304000
Evaluating
Evaluated 17280 steps resulting in 192 episodes
[32mEvaluation Metric: success_once[0m | [36mMean: 0.0000[0m
[32mEvaluation Metric: return[0m | [36mMean: 0.5511[0m
[32mEvaluation Metric: episode_len[0m | [36mMean: 90.0000[0m
[32mEvaluation Metric: reward[0m | [36mMean: 0.0061[0m
[32mEvaluation Metric: success_at_end[0m | [36mMean: 0.0000[0m
model saved to checkpoints/ppo_memtasks/rgb_joints_belief/normalized_dense/RotateStrictPos-v0/ppo-last5-cvae-42__42__rgb_joints_belief__20260119_201926/20260119_201926/ckpt_4_101.pt
SPS: 1458
Epoch: 102, global_step=2327040
SPS: 1463
Epoch: 103, global_step=2350080
SPS: 1467
Epoch: 104, global_step=2373120
SPS: 1471
Epoch: 105, global_step=2396160
SPS: 1475
Epoch: 106, global_step=2419200
SPS: 1479
Epoch: 107, global_step=2442240
SPS: 1483
Epoch: 108, global_step=2465280
SPS: 1487
Epoch: 109, global_step=2488320
SPS: 1491
Epoch: 110, global_step=2511360
SPS: 1495
Epoch: 111, global_step=2534400
SPS: 1499
Epoch: 112, global_step=2557440
SPS: 1503
Epoch: 113, global_step=2580480
SPS: 1506
Epoch: 114, global_step=2603520
SPS: 1510
Epoch: 115, global_step=2626560
SPS: 1513
Epoch: 116, global_step=2649600
SPS: 1517
Epoch: 117, global_step=2672640
SPS: 1521
Epoch: 118, global_step=2695680
SPS: 1524
Epoch: 119, global_step=2718720
SPS: 1528
Epoch: 120, global_step=2741760
SPS: 1531
Epoch: 121, global_step=2764800
SPS: 1534
Epoch: 122, global_step=2787840
SPS: 1538
Epoch: 123, global_step=2810880
SPS: 1541
Epoch: 124, global_step=2833920
SPS: 1544
Epoch: 125, global_step=2856960
SPS: 1547
Epoch: 126, global_step=2880000
Evaluating
Evaluated 17280 steps resulting in 192 episodes
[32mEvaluation Metric: success_once[0m | [36mMean: 0.0000[0m
[32mEvaluation Metric: return[0m | [36mMean: 0.8448[0m
[32mEvaluation Metric: episode_len[0m | [36mMean: 90.0000[0m
[32mEvaluation Metric: reward[0m | [36mMean: 0.0094[0m
[32mEvaluation Metric: success_at_end[0m | [36mMean: 0.0000[0m
model saved to checkpoints/ppo_memtasks/rgb_joints_belief/normalized_dense/RotateStrictPos-v0/ppo-last5-cvae-42__42__rgb_joints_belief__20260119_201926/20260119_201926/ckpt_5_126.pt
SPS: 1463
Epoch: 127, global_step=2903040
SPS: 1467
Epoch: 128, global_step=2926080
SPS: 1470
Epoch: 129, global_step=2949120
SPS: 1473
Epoch: 130, global_step=2972160
SPS: 1477
Epoch: 131, global_step=2995200
SPS: 1480
Epoch: 132, global_step=3018240
SPS: 1483
Epoch: 133, global_step=3041280
SPS: 1486
Epoch: 134, global_step=3064320
SPS: 1489
Epoch: 135, global_step=3087360
SPS: 1492
Epoch: 136, global_step=3110400
SPS: 1495
Epoch: 137, global_step=3133440
SPS: 1499
Epoch: 138, global_step=3156480
SPS: 1502
Epoch: 139, global_step=3179520
SPS: 1505
Epoch: 140, global_step=3202560
SPS: 1508
Epoch: 141, global_step=3225600
SPS: 1511
Epoch: 142, global_step=3248640
SPS: 1514
Epoch: 143, global_step=3271680
SPS: 1516
Epoch: 144, global_step=3294720
SPS: 1519
Epoch: 145, global_step=3317760
SPS: 1522
Epoch: 146, global_step=3340800
SPS: 1525
Epoch: 147, global_step=3363840
SPS: 1527
Epoch: 148, global_step=3386880
SPS: 1530
Epoch: 149, global_step=3409920
SPS: 1533
Epoch: 150, global_step=3432960
SPS: 1535
Epoch: 151, global_step=3456000
Evaluating
Evaluated 17280 steps resulting in 192 episodes
[32mEvaluation Metric: success_once[0m | [36mMean: 0.0000[0m
[32mEvaluation Metric: return[0m | [36mMean: 0.7993[0m
[32mEvaluation Metric: episode_len[0m | [36mMean: 90.0000[0m
[32mEvaluation Metric: reward[0m | [36mMean: 0.0089[0m
[32mEvaluation Metric: success_at_end[0m | [36mMean: 0.0000[0m
model saved to checkpoints/ppo_memtasks/rgb_joints_belief/normalized_dense/RotateStrictPos-v0/ppo-last5-cvae-42__42__rgb_joints_belief__20260119_201926/20260119_201926/ckpt_6_151.pt
SPS: 1467
Epoch: 152, global_step=3479040
SPS: 1470
Epoch: 153, global_step=3502080
SPS: 1473
Epoch: 154, global_step=3525120
SPS: 1476
Epoch: 155, global_step=3548160
SPS: 1478
Epoch: 156, global_step=3571200
SPS: 1481
Epoch: 157, global_step=3594240
SPS: 1484
Epoch: 158, global_step=3617280
SPS: 1486
Epoch: 159, global_step=3640320
SPS: 1489
Epoch: 160, global_step=3663360
SPS: 1492
Epoch: 161, global_step=3686400
SPS: 1494
Epoch: 162, global_step=3709440
SPS: 1497
Epoch: 163, global_step=3732480
SPS: 1499
Epoch: 164, global_step=3755520
SPS: 1502
Epoch: 165, global_step=3778560
SPS: 1505
Epoch: 166, global_step=3801600
SPS: 1507
Epoch: 167, global_step=3824640
SPS: 1509
Epoch: 168, global_step=3847680
SPS: 1512
Epoch: 169, global_step=3870720
SPS: 1514
Epoch: 170, global_step=3893760
SPS: 1517
Epoch: 171, global_step=3916800
SPS: 1519
Epoch: 172, global_step=3939840
SPS: 1522
Epoch: 173, global_step=3962880
SPS: 1524
Epoch: 174, global_step=3985920
SPS: 1526
Epoch: 175, global_step=4008960
SPS: 1528
Epoch: 176, global_step=4032000
Evaluating
Evaluated 17280 steps resulting in 192 episodes
[32mEvaluation Metric: success_once[0m | [36mMean: 0.0000[0m
[32mEvaluation Metric: return[0m | [36mMean: 1.1770[0m
[32mEvaluation Metric: episode_len[0m | [36mMean: 90.0000[0m
[32mEvaluation Metric: reward[0m | [36mMean: 0.0131[0m
[32mEvaluation Metric: success_at_end[0m | [36mMean: 0.0000[0m
model saved to checkpoints/ppo_memtasks/rgb_joints_belief/normalized_dense/RotateStrictPos-v0/ppo-last5-cvae-42__42__rgb_joints_belief__20260119_201926/20260119_201926/ckpt_7_176.pt
SPS: 1468
Epoch: 177, global_step=4055040
SPS: 1471
Epoch: 178, global_step=4078080
SPS: 1473
Epoch: 179, global_step=4101120
SPS: 1475
Epoch: 180, global_step=4124160
SPS: 1478
Epoch: 181, global_step=4147200
SPS: 1480
Epoch: 182, global_step=4170240
SPS: 1482
Epoch: 183, global_step=4193280
SPS: 1485
Epoch: 184, global_step=4216320
SPS: 1487
Epoch: 185, global_step=4239360
SPS: 1489
Epoch: 186, global_step=4262400
SPS: 1491
Epoch: 187, global_step=4285440
SPS: 1494
Epoch: 188, global_step=4308480
SPS: 1496
Epoch: 189, global_step=4331520
SPS: 1498
Epoch: 190, global_step=4354560
SPS: 1500
Epoch: 191, global_step=4377600
SPS: 1503
Epoch: 192, global_step=4400640
SPS: 1505
Epoch: 193, global_step=4423680
SPS: 1507
Epoch: 194, global_step=4446720
SPS: 1509
Epoch: 195, global_step=4469760
SPS: 1511
Epoch: 196, global_step=4492800
SPS: 1514
Epoch: 197, global_step=4515840
SPS: 1516
Epoch: 198, global_step=4538880
SPS: 1518
Epoch: 199, global_step=4561920
SPS: 1520
Epoch: 200, global_step=4584960
SPS: 1522
Epoch: 201, global_step=4608000
Evaluating
Evaluated 17280 steps resulting in 192 episodes
[32mEvaluation Metric: success_once[0m | [36mMean: 0.0000[0m
[32mEvaluation Metric: return[0m | [36mMean: 1.2328[0m
[32mEvaluation Metric: episode_len[0m | [36mMean: 90.0000[0m
[32mEvaluation Metric: reward[0m | [36mMean: 0.0137[0m
[32mEvaluation Metric: success_at_end[0m | [36mMean: 0.0000[0m
model saved to checkpoints/ppo_memtasks/rgb_joints_belief/normalized_dense/RotateStrictPos-v0/ppo-last5-cvae-42__42__rgb_joints_belief__20260119_201926/20260119_201926/ckpt_8_201.pt
SPS: 1469
Epoch: 202, global_step=4631040
SPS: 1471
Epoch: 203, global_step=4654080
SPS: 1474
Epoch: 204, global_step=4677120
SPS: 1476
Epoch: 205, global_step=4700160
SPS: 1478
Epoch: 206, global_step=4723200
SPS: 1480
Epoch: 207, global_step=4746240
SPS: 1482
Epoch: 208, global_step=4769280
SPS: 1483
Epoch: 209, global_step=4792320
SPS: 1485
Epoch: 210, global_step=4815360
SPS: 1487
Epoch: 211, global_step=4838400
SPS: 1489
Epoch: 212, global_step=4861440
SPS: 1491
Epoch: 213, global_step=4884480
SPS: 1493
Epoch: 214, global_step=4907520
SPS: 1495
Epoch: 215, global_step=4930560
SPS: 1497
Epoch: 216, global_step=4953600
SPS: 1498
Epoch: 217, global_step=4976640
SPS: 1500
Epoch: 218, global_step=4999680
SPS: 1502
Epoch: 219, global_step=5022720
SPS: 1504
Epoch: 220, global_step=5045760
SPS: 1505
Epoch: 221, global_step=5068800
SPS: 1507
Epoch: 222, global_step=5091840
SPS: 1509
Epoch: 223, global_step=5114880
SPS: 1511
Epoch: 224, global_step=5137920
SPS: 1512
Epoch: 225, global_step=5160960
SPS: 1514
Epoch: 226, global_step=5184000
Evaluating
Evaluated 17280 steps resulting in 192 episodes
[32mEvaluation Metric: success_once[0m | [36mMean: 0.0000[0m
[32mEvaluation Metric: return[0m | [36mMean: 1.4909[0m
[32mEvaluation Metric: episode_len[0m | [36mMean: 90.0000[0m
[32mEvaluation Metric: reward[0m | [36mMean: 0.0166[0m
[32mEvaluation Metric: success_at_end[0m | [36mMean: 0.0000[0m
model saved to checkpoints/ppo_memtasks/rgb_joints_belief/normalized_dense/RotateStrictPos-v0/ppo-last5-cvae-42__42__rgb_joints_belief__20260119_201926/20260119_201926/ckpt_9_226.pt
SPS: 1468
Epoch: 227, global_step=5207040
SPS: 1470
Epoch: 228, global_step=5230080
SPS: 1471
Epoch: 229, global_step=5253120
SPS: 1473
Epoch: 230, global_step=5276160
SPS: 1475
Epoch: 231, global_step=5299200
SPS: 1477
Epoch: 232, global_step=5322240
SPS: 1478
Epoch: 233, global_step=5345280
SPS: 1480
Epoch: 234, global_step=5368320
SPS: 1482
Epoch: 235, global_step=5391360
SPS: 1483
Epoch: 236, global_step=5414400
SPS: 1485
Epoch: 237, global_step=5437440
SPS: 1487
Epoch: 238, global_step=5460480
SPS: 1488
Epoch: 239, global_step=5483520
SPS: 1490
Epoch: 240, global_step=5506560
SPS: 1492
Epoch: 241, global_step=5529600
SPS: 1493
Epoch: 242, global_step=5552640
SPS: 1495
Epoch: 243, global_step=5575680
SPS: 1496
Epoch: 244, global_step=5598720
SPS: 1498
Epoch: 245, global_step=5621760
SPS: 1500
Epoch: 246, global_step=5644800
SPS: 1501
Epoch: 247, global_step=5667840
SPS: 1502
Epoch: 248, global_step=5690880
SPS: 1504
Epoch: 249, global_step=5713920
SPS: 1505
Epoch: 250, global_step=5736960
SPS: 1507
Epoch: 251, global_step=5760000
Evaluating
Evaluated 17280 steps resulting in 192 episodes
[32mEvaluation Metric: success_once[0m | [36mMean: 0.0000[0m
[32mEvaluation Metric: return[0m | [36mMean: 1.5799[0m
[32mEvaluation Metric: episode_len[0m | [36mMean: 90.0000[0m
[32mEvaluation Metric: reward[0m | [36mMean: 0.0176[0m
[32mEvaluation Metric: success_at_end[0m | [36mMean: 0.0000[0m
model saved to checkpoints/ppo_memtasks/rgb_joints_belief/normalized_dense/RotateStrictPos-v0/ppo-last5-cvae-42__42__rgb_joints_belief__20260119_201926/20260119_201926/ckpt_10_251.pt
SPS: 1465
Epoch: 252, global_step=5783040
SPS: 1467
Epoch: 253, global_step=5806080
SPS: 1468
Epoch: 254, global_step=5829120
SPS: 1470
Epoch: 255, global_step=5852160
SPS: 1471
Epoch: 256, global_step=5875200
SPS: 1473
Epoch: 257, global_step=5898240
SPS: 1475
Epoch: 258, global_step=5921280
SPS: 1476
Epoch: 259, global_step=5944320
SPS: 1478
Epoch: 260, global_step=5967360
SPS: 1479
Epoch: 261, global_step=5990400
SPS: 1481
Epoch: 262, global_step=6013440
SPS: 1482
Epoch: 263, global_step=6036480
SPS: 1484
Epoch: 264, global_step=6059520
SPS: 1485
Epoch: 265, global_step=6082560
SPS: 1486
Epoch: 266, global_step=6105600
SPS: 1488
Epoch: 267, global_step=6128640
SPS: 1489
Epoch: 268, global_step=6151680
SPS: 1491
Epoch: 269, global_step=6174720
SPS: 1492
Epoch: 270, global_step=6197760
SPS: 1494
Epoch: 271, global_step=6220800
SPS: 1495
Epoch: 272, global_step=6243840
SPS: 1496
Epoch: 273, global_step=6266880
SPS: 1498
Epoch: 274, global_step=6289920
SPS: 1499
Epoch: 275, global_step=6312960
SPS: 1500
Epoch: 276, global_step=6336000
Evaluating
Evaluated 17280 steps resulting in 192 episodes
[32mEvaluation Metric: success_once[0m | [36mMean: 0.0000[0m
[32mEvaluation Metric: return[0m | [36mMean: 1.9235[0m
[32mEvaluation Metric: episode_len[0m | [36mMean: 90.0000[0m
[32mEvaluation Metric: reward[0m | [36mMean: 0.0214[0m
[32mEvaluation Metric: success_at_end[0m | [36mMean: 0.0000[0m
model saved to checkpoints/ppo_memtasks/rgb_joints_belief/normalized_dense/RotateStrictPos-v0/ppo-last5-cvae-42__42__rgb_joints_belief__20260119_201926/20260119_201926/ckpt_11_276.pt
SPS: 1463
Epoch: 277, global_step=6359040
SPS: 1464
Epoch: 278, global_step=6382080
SPS: 1466
Epoch: 279, global_step=6405120
SPS: 1467
Epoch: 280, global_step=6428160
SPS: 1469
Epoch: 281, global_step=6451200
SPS: 1470
Epoch: 282, global_step=6474240
SPS: 1471
Epoch: 283, global_step=6497280
SPS: 1473
Epoch: 284, global_step=6520320
SPS: 1474
Epoch: 285, global_step=6543360
SPS: 1475
Epoch: 286, global_step=6566400
SPS: 1477
Epoch: 287, global_step=6589440
SPS: 1478
Epoch: 288, global_step=6612480
SPS: 1480
Epoch: 289, global_step=6635520
SPS: 1481
Epoch: 290, global_step=6658560
SPS: 1482
Epoch: 291, global_step=6681600
SPS: 1484
Epoch: 292, global_step=6704640
SPS: 1485
Epoch: 293, global_step=6727680
SPS: 1486
Epoch: 294, global_step=6750720
SPS: 1488
Epoch: 295, global_step=6773760
SPS: 1489
Epoch: 296, global_step=6796800
SPS: 1490
Epoch: 297, global_step=6819840
SPS: 1491
Epoch: 298, global_step=6842880
SPS: 1493
Epoch: 299, global_step=6865920
SPS: 1494
Epoch: 300, global_step=6888960
SPS: 1495
Epoch: 301, global_step=6912000
Evaluating
Evaluated 17280 steps resulting in 192 episodes
[32mEvaluation Metric: success_once[0m | [36mMean: 0.0000[0m
[32mEvaluation Metric: return[0m | [36mMean: 3.5275[0m
[32mEvaluation Metric: episode_len[0m | [36mMean: 90.0000[0m
[32mEvaluation Metric: reward[0m | [36mMean: 0.0392[0m
[32mEvaluation Metric: success_at_end[0m | [36mMean: 0.0000[0m
model saved to checkpoints/ppo_memtasks/rgb_joints_belief/normalized_dense/RotateStrictPos-v0/ppo-last5-cvae-42__42__rgb_joints_belief__20260119_201926/20260119_201926/ckpt_12_301.pt
SPS: 1460
Epoch: 302, global_step=6935040
SPS: 1462
Epoch: 303, global_step=6958080
SPS: 1463
Epoch: 304, global_step=6981120
SPS: 1464
Epoch: 305, global_step=7004160
SPS: 1465
Epoch: 306, global_step=7027200
SPS: 1467
Epoch: 307, global_step=7050240
SPS: 1468
Epoch: 308, global_step=7073280
SPS: 1469
Epoch: 309, global_step=7096320
SPS: 1471
Epoch: 310, global_step=7119360
SPS: 1472
Epoch: 311, global_step=7142400
SPS: 1473
Epoch: 312, global_step=7165440
SPS: 1474
Epoch: 313, global_step=7188480
SPS: 1476
Epoch: 314, global_step=7211520
SPS: 1477
Epoch: 315, global_step=7234560
SPS: 1478
Epoch: 316, global_step=7257600
SPS: 1479
Epoch: 317, global_step=7280640
SPS: 1481
Epoch: 318, global_step=7303680
SPS: 1482
Epoch: 319, global_step=7326720
SPS: 1483
Epoch: 320, global_step=7349760
SPS: 1484
Epoch: 321, global_step=7372800
SPS: 1485
Epoch: 322, global_step=7395840
SPS: 1487
Epoch: 323, global_step=7418880
SPS: 1488
Epoch: 324, global_step=7441920
SPS: 1489
Epoch: 325, global_step=7464960
SPS: 1490
Epoch: 326, global_step=7488000
Evaluating
Evaluated 17280 steps resulting in 192 episodes
[32mEvaluation Metric: success_once[0m | [36mMean: 0.0000[0m
[32mEvaluation Metric: return[0m | [36mMean: 2.4326[0m
[32mEvaluation Metric: episode_len[0m | [36mMean: 90.0000[0m
[32mEvaluation Metric: reward[0m | [36mMean: 0.0270[0m
[32mEvaluation Metric: success_at_end[0m | [36mMean: 0.0000[0m
model saved to checkpoints/ppo_memtasks/rgb_joints_belief/normalized_dense/RotateStrictPos-v0/ppo-last5-cvae-42__42__rgb_joints_belief__20260119_201926/20260119_201926/ckpt_13_326.pt
SPS: 1458
Epoch: 327, global_step=7511040
SPS: 1459
Epoch: 328, global_step=7534080
SPS: 1460
Epoch: 329, global_step=7557120
SPS: 1461
Epoch: 330, global_step=7580160
SPS: 1463
Epoch: 331, global_step=7603200
SPS: 1464
Epoch: 332, global_step=7626240
SPS: 1465
Epoch: 333, global_step=7649280
SPS: 1466
Epoch: 334, global_step=7672320
SPS: 1467
Epoch: 335, global_step=7695360
SPS: 1469
Epoch: 336, global_step=7718400
SPS: 1470
Epoch: 337, global_step=7741440
SPS: 1471
Epoch: 338, global_step=7764480
SPS: 1472
Epoch: 339, global_step=7787520
SPS: 1473
Epoch: 340, global_step=7810560
SPS: 1474
Epoch: 341, global_step=7833600
SPS: 1475
Epoch: 342, global_step=7856640
SPS: 1477
Epoch: 343, global_step=7879680
SPS: 1478
Epoch: 344, global_step=7902720
SPS: 1479
Epoch: 345, global_step=7925760
SPS: 1480
Epoch: 346, global_step=7948800
SPS: 1481
Epoch: 347, global_step=7971840
SPS: 1482
Epoch: 348, global_step=7994880
SPS: 1483
Epoch: 349, global_step=8017920
SPS: 1484
Epoch: 350, global_step=8040960
SPS: 1485
Epoch: 351, global_step=8064000
Evaluating
Evaluated 17280 steps resulting in 192 episodes
[32mEvaluation Metric: success_once[0m | [36mMean: 0.0052[0m
[32mEvaluation Metric: return[0m | [36mMean: 2.9108[0m
[32mEvaluation Metric: episode_len[0m | [36mMean: 90.0000[0m
[32mEvaluation Metric: reward[0m | [36mMean: 0.0323[0m
[32mEvaluation Metric: success_at_end[0m | [36mMean: 0.0052[0m
model saved to checkpoints/ppo_memtasks/rgb_joints_belief/normalized_dense/RotateStrictPos-v0/ppo-last5-cvae-42__42__rgb_joints_belief__20260119_201926/20260119_201926/ckpt_14_351.pt
SPS: 1457
Epoch: 352, global_step=8087040
SPS: 1458
Epoch: 353, global_step=8110080
SPS: 1459
Epoch: 354, global_step=8133120
SPS: 1460
Epoch: 355, global_step=8156160
SPS: 1461
Epoch: 356, global_step=8179200
SPS: 1462
Epoch: 357, global_step=8202240
SPS: 1463
Epoch: 358, global_step=8225280
SPS: 1465
Epoch: 359, global_step=8248320
SPS: 1466
Epoch: 360, global_step=8271360
SPS: 1467
Epoch: 361, global_step=8294400
SPS: 1468
Epoch: 362, global_step=8317440
SPS: 1469
Epoch: 363, global_step=8340480
SPS: 1470
Epoch: 364, global_step=8363520
SPS: 1471
Epoch: 365, global_step=8386560
SPS: 1472
Epoch: 366, global_step=8409600
SPS: 1473
Epoch: 367, global_step=8432640
SPS: 1474
Epoch: 368, global_step=8455680
SPS: 1475
Epoch: 369, global_step=8478720
SPS: 1476
Epoch: 370, global_step=8501760
SPS: 1477
Epoch: 371, global_step=8524800
SPS: 1478
Epoch: 372, global_step=8547840
SPS: 1479
Epoch: 373, global_step=8570880
SPS: 1480
Epoch: 374, global_step=8593920
SPS: 1481
Epoch: 375, global_step=8616960
SPS: 1482
Epoch: 376, global_step=8640000
Evaluating
Evaluated 17280 steps resulting in 192 episodes
[32mEvaluation Metric: success_once[0m | [36mMean: 0.0104[0m
[32mEvaluation Metric: return[0m | [36mMean: 3.8099[0m
[32mEvaluation Metric: episode_len[0m | [36mMean: 90.0000[0m
[32mEvaluation Metric: reward[0m | [36mMean: 0.0423[0m
[32mEvaluation Metric: success_at_end[0m | [36mMean: 0.0052[0m
model saved to checkpoints/ppo_memtasks/rgb_joints_belief/normalized_dense/RotateStrictPos-v0/ppo-last5-cvae-42__42__rgb_joints_belief__20260119_201926/20260119_201926/ckpt_15_376.pt
SPS: 1455
Epoch: 377, global_step=8663040
SPS: 1456
Epoch: 378, global_step=8686080
SPS: 1457
Epoch: 379, global_step=8709120
SPS: 1458
Epoch: 380, global_step=8732160
SPS: 1459
Epoch: 381, global_step=8755200
SPS: 1461
Epoch: 382, global_step=8778240
SPS: 1462
Epoch: 383, global_step=8801280
SPS: 1463
Epoch: 384, global_step=8824320
SPS: 1464
Epoch: 385, global_step=8847360
SPS: 1465
Epoch: 386, global_step=8870400
SPS: 1466
Epoch: 387, global_step=8893440
SPS: 1467
Epoch: 388, global_step=8916480
SPS: 1468
Epoch: 389, global_step=8939520
SPS: 1469
Epoch: 390, global_step=8962560
SPS: 1470
Epoch: 391, global_step=8985600
SPS: 1471
Epoch: 392, global_step=9008640
SPS: 1472
Epoch: 393, global_step=9031680
SPS: 1473
Epoch: 394, global_step=9054720
SPS: 1474
Epoch: 395, global_step=9077760
SPS: 1475
Epoch: 396, global_step=9100800
SPS: 1476
Epoch: 397, global_step=9123840
SPS: 1477
Epoch: 398, global_step=9146880
SPS: 1478
Epoch: 399, global_step=9169920
SPS: 1479
Epoch: 400, global_step=9192960
SPS: 1480
Epoch: 401, global_step=9216000
Evaluating
Evaluated 17280 steps resulting in 192 episodes
[32mEvaluation Metric: success_once[0m | [36mMean: 0.0052[0m
[32mEvaluation Metric: return[0m | [36mMean: 3.5531[0m
[32mEvaluation Metric: episode_len[0m | [36mMean: 90.0000[0m
[32mEvaluation Metric: reward[0m | [36mMean: 0.0395[0m
[32mEvaluation Metric: success_at_end[0m | [36mMean: 0.0000[0m
model saved to checkpoints/ppo_memtasks/rgb_joints_belief/normalized_dense/RotateStrictPos-v0/ppo-last5-cvae-42__42__rgb_joints_belief__20260119_201926/20260119_201926/ckpt_16_401.pt
SPS: 1454
Epoch: 402, global_step=9239040
SPS: 1455
Epoch: 403, global_step=9262080
SPS: 1456
Epoch: 404, global_step=9285120
SPS: 1457
Epoch: 405, global_step=9308160
SPS: 1458
Epoch: 406, global_step=9331200
SPS: 1459
Epoch: 407, global_step=9354240
SPS: 1460
Epoch: 408, global_step=9377280
SPS: 1461
Epoch: 409, global_step=9400320
SPS: 1462
Epoch: 410, global_step=9423360
SPS: 1463
Epoch: 411, global_step=9446400
SPS: 1463
Epoch: 412, global_step=9469440
SPS: 1464
Epoch: 413, global_step=9492480
SPS: 1465
Epoch: 414, global_step=9515520
SPS: 1466
Epoch: 415, global_step=9538560
SPS: 1467
Epoch: 416, global_step=9561600
SPS: 1468
Epoch: 417, global_step=9584640
SPS: 1469
Epoch: 418, global_step=9607680
SPS: 1470
Epoch: 419, global_step=9630720
SPS: 1471
Epoch: 420, global_step=9653760
SPS: 1472
Epoch: 421, global_step=9676800
SPS: 1473
Epoch: 422, global_step=9699840
SPS: 1474
Epoch: 423, global_step=9722880
SPS: 1475
Epoch: 424, global_step=9745920
SPS: 1476
Epoch: 425, global_step=9768960
SPS: 1476
Epoch: 426, global_step=9792000
Evaluating
Evaluated 17280 steps resulting in 192 episodes
[32mEvaluation Metric: success_once[0m | [36mMean: 0.0052[0m
[32mEvaluation Metric: return[0m | [36mMean: 3.5883[0m
[32mEvaluation Metric: episode_len[0m | [36mMean: 90.0000[0m
[32mEvaluation Metric: reward[0m | [36mMean: 0.0399[0m
[32mEvaluation Metric: success_at_end[0m | [36mMean: 0.0000[0m
model saved to checkpoints/ppo_memtasks/rgb_joints_belief/normalized_dense/RotateStrictPos-v0/ppo-last5-cvae-42__42__rgb_joints_belief__20260119_201926/20260119_201926/ckpt_17_426.pt
SPS: 1452
Epoch: 427, global_step=9815040
SPS: 1453
Epoch: 428, global_step=9838080
SPS: 1454
Epoch: 429, global_step=9861120
SPS: 1455
Epoch: 430, global_step=9884160
SPS: 1456
Epoch: 431, global_step=9907200
SPS: 1457
Epoch: 432, global_step=9930240
SPS: 1458
Epoch: 433, global_step=9953280
SPS: 1459
Epoch: 434, global_step=9976320
SPS: 1460
Epoch: 435, global_step=9999360
SPS: 1461
Epoch: 436, global_step=10022400
SPS: 1462
Epoch: 437, global_step=10045440
SPS: 1462
Epoch: 438, global_step=10068480
SPS: 1463
Epoch: 439, global_step=10091520
SPS: 1464
Epoch: 440, global_step=10114560
SPS: 1465
Epoch: 441, global_step=10137600
SPS: 1466
Epoch: 442, global_step=10160640
SPS: 1467
Epoch: 443, global_step=10183680
SPS: 1468
Epoch: 444, global_step=10206720
SPS: 1469
Epoch: 445, global_step=10229760
SPS: 1470
Epoch: 446, global_step=10252800
SPS: 1470
Epoch: 447, global_step=10275840
SPS: 1471
Epoch: 448, global_step=10298880
SPS: 1472
Epoch: 449, global_step=10321920
SPS: 1473
Epoch: 450, global_step=10344960
SPS: 1474
Epoch: 451, global_step=10368000
Evaluating
Evaluated 17280 steps resulting in 192 episodes
[32mEvaluation Metric: success_once[0m | [36mMean: 0.0156[0m
[32mEvaluation Metric: return[0m | [36mMean: 4.2128[0m
[32mEvaluation Metric: episode_len[0m | [36mMean: 90.0000[0m
[32mEvaluation Metric: reward[0m | [36mMean: 0.0468[0m
[32mEvaluation Metric: success_at_end[0m | [36mMean: 0.0052[0m
model saved to checkpoints/ppo_memtasks/rgb_joints_belief/normalized_dense/RotateStrictPos-v0/ppo-last5-cvae-42__42__rgb_joints_belief__20260119_201926/20260119_201926/ckpt_18_451.pt
SPS: 1451
Epoch: 452, global_step=10391040
SPS: 1452
Epoch: 453, global_step=10414080
SPS: 1453
Epoch: 454, global_step=10437120
SPS: 1454
Epoch: 455, global_step=10460160
SPS: 1455
Epoch: 456, global_step=10483200
SPS: 1456
Epoch: 457, global_step=10506240
SPS: 1457
Epoch: 458, global_step=10529280
SPS: 1458
Epoch: 459, global_step=10552320
SPS: 1458
Epoch: 460, global_step=10575360
SPS: 1459
Epoch: 461, global_step=10598400
SPS: 1460
Epoch: 462, global_step=10621440
SPS: 1461
Epoch: 463, global_step=10644480
SPS: 1462
Epoch: 464, global_step=10667520
SPS: 1463
Epoch: 465, global_step=10690560
SPS: 1464
Epoch: 466, global_step=10713600
SPS: 1464
Epoch: 467, global_step=10736640
SPS: 1465
Epoch: 468, global_step=10759680
SPS: 1466
Epoch: 469, global_step=10782720
SPS: 1467
Epoch: 470, global_step=10805760
SPS: 1468
Epoch: 471, global_step=10828800
SPS: 1468
Epoch: 472, global_step=10851840
SPS: 1469
Epoch: 473, global_step=10874880
SPS: 1470
Epoch: 474, global_step=10897920
SPS: 1471
Epoch: 475, global_step=10920960
SPS: 1472
Epoch: 476, global_step=10944000
Evaluating
Evaluated 17280 steps resulting in 192 episodes
[32mEvaluation Metric: success_once[0m | [36mMean: 0.0208[0m
[32mEvaluation Metric: return[0m | [36mMean: 4.2169[0m
[32mEvaluation Metric: episode_len[0m | [36mMean: 90.0000[0m
[32mEvaluation Metric: reward[0m | [36mMean: 0.0469[0m
[32mEvaluation Metric: success_at_end[0m | [36mMean: 0.0156[0m
model saved to checkpoints/ppo_memtasks/rgb_joints_belief/normalized_dense/RotateStrictPos-v0/ppo-last5-cvae-42__42__rgb_joints_belief__20260119_201926/20260119_201926/ckpt_19_476.pt
SPS: 1451
Epoch: 477, global_step=10967040
SPS: 1451
Epoch: 478, global_step=10990080
SPS: 1452
Epoch: 479, global_step=11013120
SPS: 1453
Epoch: 480, global_step=11036160
SPS: 1454
Epoch: 481, global_step=11059200
SPS: 1455
Epoch: 482, global_step=11082240
SPS: 1456
Epoch: 483, global_step=11105280
SPS: 1456
Epoch: 484, global_step=11128320
SPS: 1457
Epoch: 485, global_step=11151360
SPS: 1458
Epoch: 486, global_step=11174400
SPS: 1459
Epoch: 487, global_step=11197440
SPS: 1460
Epoch: 488, global_step=11220480
SPS: 1460
Epoch: 489, global_step=11243520
SPS: 1461
Epoch: 490, global_step=11266560
SPS: 1462
Epoch: 491, global_step=11289600
SPS: 1463
Epoch: 492, global_step=11312640
SPS: 1464
Epoch: 493, global_step=11335680
SPS: 1464
Epoch: 494, global_step=11358720
SPS: 1465
Epoch: 495, global_step=11381760
SPS: 1466
Epoch: 496, global_step=11404800
SPS: 1467
Epoch: 497, global_step=11427840
SPS: 1468
Epoch: 498, global_step=11450880
SPS: 1468
Epoch: 499, global_step=11473920
SPS: 1469
Epoch: 500, global_step=11496960
SPS: 1470
Epoch: 501, global_step=11520000
Evaluating
Evaluated 17280 steps resulting in 192 episodes
[32mEvaluation Metric: success_once[0m | [36mMean: 0.0260[0m
[32mEvaluation Metric: return[0m | [36mMean: 4.5084[0m
[32mEvaluation Metric: episode_len[0m | [36mMean: 90.0000[0m
[32mEvaluation Metric: reward[0m | [36mMean: 0.0501[0m
[32mEvaluation Metric: success_at_end[0m | [36mMean: 0.0052[0m
model saved to checkpoints/ppo_memtasks/rgb_joints_belief/normalized_dense/RotateStrictPos-v0/ppo-last5-cvae-42__42__rgb_joints_belief__20260119_201926/20260119_201926/ckpt_20_501.pt
SPS: 1450
Epoch: 502, global_step=11543040
SPS: 1450
Epoch: 503, global_step=11566080
SPS: 1451
Epoch: 504, global_step=11589120
SPS: 1452
Epoch: 505, global_step=11612160
SPS: 1453
Epoch: 506, global_step=11635200
SPS: 1454
Epoch: 507, global_step=11658240
SPS: 1454
Epoch: 508, global_step=11681280
SPS: 1455
Epoch: 509, global_step=11704320
SPS: 1456
Epoch: 510, global_step=11727360
SPS: 1457
Epoch: 511, global_step=11750400
SPS: 1458
Epoch: 512, global_step=11773440
SPS: 1458
Epoch: 513, global_step=11796480
SPS: 1459
Epoch: 514, global_step=11819520
SPS: 1460
Epoch: 515, global_step=11842560
SPS: 1461
Epoch: 516, global_step=11865600
SPS: 1461
Epoch: 517, global_step=11888640
SPS: 1462
Epoch: 518, global_step=11911680
SPS: 1463
Epoch: 519, global_step=11934720
SPS: 1464
Epoch: 520, global_step=11957760
SPS: 1464
Epoch: 521, global_step=11980800
SPS: 1465
Epoch: 522, global_step=12003840
SPS: 1466
Epoch: 523, global_step=12026880
SPS: 1467
Epoch: 524, global_step=12049920
SPS: 1467
Epoch: 525, global_step=12072960
SPS: 1468
Epoch: 526, global_step=12096000
Evaluating
Evaluated 17280 steps resulting in 192 episodes
[32mEvaluation Metric: success_once[0m | [36mMean: 0.0156[0m
[32mEvaluation Metric: return[0m | [36mMean: 3.7320[0m
[32mEvaluation Metric: episode_len[0m | [36mMean: 90.0000[0m
[32mEvaluation Metric: reward[0m | [36mMean: 0.0415[0m
[32mEvaluation Metric: success_at_end[0m | [36mMean: 0.0052[0m
model saved to checkpoints/ppo_memtasks/rgb_joints_belief/normalized_dense/RotateStrictPos-v0/ppo-last5-cvae-42__42__rgb_joints_belief__20260119_201926/20260119_201926/ckpt_21_526.pt
SPS: 1449
Epoch: 527, global_step=12119040
SPS: 1450
Epoch: 528, global_step=12142080
SPS: 1450
Epoch: 529, global_step=12165120
SPS: 1451
Epoch: 530, global_step=12188160
SPS: 1452
Epoch: 531, global_step=12211200
SPS: 1453
Epoch: 532, global_step=12234240
SPS: 1454
Epoch: 533, global_step=12257280
SPS: 1454
Epoch: 534, global_step=12280320
SPS: 1455
Epoch: 535, global_step=12303360
SPS: 1456
Epoch: 536, global_step=12326400
SPS: 1456
Epoch: 537, global_step=12349440
SPS: 1457
Epoch: 538, global_step=12372480
SPS: 1458
Epoch: 539, global_step=12395520
SPS: 1459
Epoch: 540, global_step=12418560
SPS: 1459
Epoch: 541, global_step=12441600
SPS: 1460
Epoch: 542, global_step=12464640
SPS: 1461
Epoch: 543, global_step=12487680
SPS: 1461
Epoch: 544, global_step=12510720
SPS: 1462
Epoch: 545, global_step=12533760
SPS: 1463
Epoch: 546, global_step=12556800
SPS: 1464
Epoch: 547, global_step=12579840
SPS: 1464
Epoch: 548, global_step=12602880
SPS: 1465
Epoch: 549, global_step=12625920
SPS: 1466
Epoch: 550, global_step=12648960
SPS: 1467
Epoch: 551, global_step=12672000
Evaluating
Evaluated 17280 steps resulting in 192 episodes
[32mEvaluation Metric: success_once[0m | [36mMean: 0.0260[0m
[32mEvaluation Metric: return[0m | [36mMean: 3.3939[0m
[32mEvaluation Metric: episode_len[0m | [36mMean: 90.0000[0m
[32mEvaluation Metric: reward[0m | [36mMean: 0.0377[0m
[32mEvaluation Metric: success_at_end[0m | [36mMean: 0.0052[0m
model saved to checkpoints/ppo_memtasks/rgb_joints_belief/normalized_dense/RotateStrictPos-v0/ppo-last5-cvae-42__42__rgb_joints_belief__20260119_201926/20260119_201926/ckpt_22_551.pt
SPS: 1448
Epoch: 552, global_step=12695040
SPS: 1449
Epoch: 553, global_step=12718080
SPS: 1449
Epoch: 554, global_step=12741120
SPS: 1450
Epoch: 555, global_step=12764160
SPS: 1451
Epoch: 556, global_step=12787200
SPS: 1452
Epoch: 557, global_step=12810240
SPS: 1452
Epoch: 558, global_step=12833280
SPS: 1453
Epoch: 559, global_step=12856320
SPS: 1454
Epoch: 560, global_step=12879360
SPS: 1454
Epoch: 561, global_step=12902400
SPS: 1455
Epoch: 562, global_step=12925440
SPS: 1456
Epoch: 563, global_step=12948480
SPS: 1457
Epoch: 564, global_step=12971520
SPS: 1457
Epoch: 565, global_step=12994560
SPS: 1458
Epoch: 566, global_step=13017600
SPS: 1459
Epoch: 567, global_step=13040640
SPS: 1459
Epoch: 568, global_step=13063680
SPS: 1460
Epoch: 569, global_step=13086720
SPS: 1461
Epoch: 570, global_step=13109760
SPS: 1461
Epoch: 571, global_step=13132800
SPS: 1462
Epoch: 572, global_step=13155840
SPS: 1463
Epoch: 573, global_step=13178880
SPS: 1464
Epoch: 574, global_step=13201920
SPS: 1464
Epoch: 575, global_step=13224960
SPS: 1465
Epoch: 576, global_step=13248000
Evaluating
Evaluated 17280 steps resulting in 192 episodes
[32mEvaluation Metric: success_once[0m | [36mMean: 0.0208[0m
[32mEvaluation Metric: return[0m | [36mMean: 3.6668[0m
[32mEvaluation Metric: episode_len[0m | [36mMean: 90.0000[0m
[32mEvaluation Metric: reward[0m | [36mMean: 0.0407[0m
[32mEvaluation Metric: success_at_end[0m | [36mMean: 0.0052[0m
model saved to checkpoints/ppo_memtasks/rgb_joints_belief/normalized_dense/RotateStrictPos-v0/ppo-last5-cvae-42__42__rgb_joints_belief__20260119_201926/20260119_201926/ckpt_23_576.pt
SPS: 1447
Epoch: 577, global_step=13271040
SPS: 1448
Epoch: 578, global_step=13294080
SPS: 1449
Epoch: 579, global_step=13317120
SPS: 1449
Epoch: 580, global_step=13340160
SPS: 1450
Epoch: 581, global_step=13363200
SPS: 1451
Epoch: 582, global_step=13386240
SPS: 1452
Epoch: 583, global_step=13409280
SPS: 1452
Epoch: 584, global_step=13432320
SPS: 1453
Epoch: 585, global_step=13455360
SPS: 1454
Epoch: 586, global_step=13478400
SPS: 1454
Epoch: 587, global_step=13501440
SPS: 1455
Epoch: 588, global_step=13524480
SPS: 1456
Epoch: 589, global_step=13547520
SPS: 1456
Epoch: 590, global_step=13570560
SPS: 1457
Epoch: 591, global_step=13593600
SPS: 1458
Epoch: 592, global_step=13616640
SPS: 1458
Epoch: 593, global_step=13639680
SPS: 1459
Epoch: 594, global_step=13662720
SPS: 1460
Epoch: 595, global_step=13685760
SPS: 1460
Epoch: 596, global_step=13708800
SPS: 1461
Epoch: 597, global_step=13731840
SPS: 1462
Epoch: 598, global_step=13754880
SPS: 1462
Epoch: 599, global_step=13777920
SPS: 1463
Epoch: 600, global_step=13800960
SPS: 1464
Epoch: 601, global_step=13824000
Evaluating
Evaluated 17280 steps resulting in 192 episodes
[32mEvaluation Metric: success_once[0m | [36mMean: 0.0365[0m
[32mEvaluation Metric: return[0m | [36mMean: 4.5952[0m
[32mEvaluation Metric: episode_len[0m | [36mMean: 90.0000[0m
[32mEvaluation Metric: reward[0m | [36mMean: 0.0511[0m
[32mEvaluation Metric: success_at_end[0m | [36mMean: 0.0208[0m
model saved to checkpoints/ppo_memtasks/rgb_joints_belief/normalized_dense/RotateStrictPos-v0/ppo-last5-cvae-42__42__rgb_joints_belief__20260119_201926/20260119_201926/ckpt_24_601.pt
SPS: 1447
Epoch: 602, global_step=13847040
SPS: 1448
Epoch: 603, global_step=13870080
SPS: 1448
Epoch: 604, global_step=13893120
SPS: 1449
Epoch: 605, global_step=13916160
SPS: 1450
Epoch: 606, global_step=13939200
SPS: 1450
Epoch: 607, global_step=13962240
SPS: 1451
Epoch: 608, global_step=13985280
SPS: 1452
Epoch: 609, global_step=14008320
SPS: 1452
Epoch: 610, global_step=14031360
SPS: 1453
Epoch: 611, global_step=14054400
SPS: 1454
Epoch: 612, global_step=14077440
SPS: 1454
Epoch: 613, global_step=14100480
SPS: 1455
Epoch: 614, global_step=14123520
SPS: 1456
Epoch: 615, global_step=14146560
SPS: 1456
Epoch: 616, global_step=14169600
SPS: 1457
Epoch: 617, global_step=14192640
SPS: 1458
Epoch: 618, global_step=14215680
SPS: 1458
Epoch: 619, global_step=14238720
SPS: 1459
Epoch: 620, global_step=14261760
SPS: 1459
Epoch: 621, global_step=14284800
SPS: 1460
Epoch: 622, global_step=14307840
SPS: 1461
Epoch: 623, global_step=14330880
SPS: 1461
Epoch: 624, global_step=14353920
SPS: 1462
Epoch: 625, global_step=14376960
SPS: 1463
Epoch: 626, global_step=14400000
Evaluating
Evaluated 17280 steps resulting in 192 episodes
[32mEvaluation Metric: success_once[0m | [36mMean: 0.0312[0m
[32mEvaluation Metric: return[0m | [36mMean: 3.3715[0m
[32mEvaluation Metric: episode_len[0m | [36mMean: 90.0000[0m
[32mEvaluation Metric: reward[0m | [36mMean: 0.0375[0m
[32mEvaluation Metric: success_at_end[0m | [36mMean: 0.0052[0m
model saved to checkpoints/ppo_memtasks/rgb_joints_belief/normalized_dense/RotateStrictPos-v0/ppo-last5-cvae-42__42__rgb_joints_belief__20260119_201926/20260119_201926/ckpt_25_626.pt
SPS: 1446
Epoch: 627, global_step=14423040
SPS: 1447
Epoch: 628, global_step=14446080
SPS: 1448
Epoch: 629, global_step=14469120
SPS: 1448
Epoch: 630, global_step=14492160
SPS: 1449
Epoch: 631, global_step=14515200
SPS: 1450
Epoch: 632, global_step=14538240
SPS: 1450
Epoch: 633, global_step=14561280
SPS: 1451
Epoch: 634, global_step=14584320
SPS: 1451
Epoch: 635, global_step=14607360
SPS: 1452
Epoch: 636, global_step=14630400
SPS: 1453
Epoch: 637, global_step=14653440
SPS: 1453
Epoch: 638, global_step=14676480
SPS: 1454
Epoch: 639, global_step=14699520
SPS: 1455
Epoch: 640, global_step=14722560
SPS: 1455
Epoch: 641, global_step=14745600
SPS: 1456
Epoch: 642, global_step=14768640
SPS: 1456
Epoch: 643, global_step=14791680
SPS: 1457
Epoch: 644, global_step=14814720
SPS: 1458
Epoch: 645, global_step=14837760
SPS: 1458
Epoch: 646, global_step=14860800
SPS: 1459
Epoch: 647, global_step=14883840
SPS: 1460
Epoch: 648, global_step=14906880
SPS: 1460
Epoch: 649, global_step=14929920
SPS: 1461
Epoch: 650, global_step=14952960
SPS: 1461
Epoch: 651, global_step=14976000
Evaluating
Evaluated 17280 steps resulting in 192 episodes
[32mEvaluation Metric: success_once[0m | [36mMean: 0.0677[0m
[32mEvaluation Metric: return[0m | [36mMean: 5.5042[0m
[32mEvaluation Metric: episode_len[0m | [36mMean: 90.0000[0m
[32mEvaluation Metric: reward[0m | [36mMean: 0.0612[0m
[32mEvaluation Metric: success_at_end[0m | [36mMean: 0.0208[0m
model saved to checkpoints/ppo_memtasks/rgb_joints_belief/normalized_dense/RotateStrictPos-v0/ppo-last5-cvae-42__42__rgb_joints_belief__20260119_201926/20260119_201926/ckpt_26_651.pt
SPS: 1446
Epoch: 652, global_step=14999040
SPS: 1447
Epoch: 653, global_step=15022080
SPS: 1447
Epoch: 654, global_step=15045120
SPS: 1448
Epoch: 655, global_step=15068160
SPS: 1449
Epoch: 656, global_step=15091200
SPS: 1449
Epoch: 657, global_step=15114240
SPS: 1450
Epoch: 658, global_step=15137280
SPS: 1451
Epoch: 659, global_step=15160320
SPS: 1451
Epoch: 660, global_step=15183360
SPS: 1452
Epoch: 661, global_step=15206400
SPS: 1452
Epoch: 662, global_step=15229440
SPS: 1453
Epoch: 663, global_step=15252480
SPS: 1454
Epoch: 664, global_step=15275520
SPS: 1454
Epoch: 665, global_step=15298560
SPS: 1455
Epoch: 666, global_step=15321600
SPS: 1455
Epoch: 667, global_step=15344640
SPS: 1456
Epoch: 668, global_step=15367680
SPS: 1457
Epoch: 669, global_step=15390720
SPS: 1457
Epoch: 670, global_step=15413760
SPS: 1458
Epoch: 671, global_step=15436800
SPS: 1458
Epoch: 672, global_step=15459840
SPS: 1459
Epoch: 673, global_step=15482880
SPS: 1460
Epoch: 674, global_step=15505920
SPS: 1460
Epoch: 675, global_step=15528960
SPS: 1461
Epoch: 676, global_step=15552000
Evaluating
Evaluated 17280 steps resulting in 192 episodes
[32mEvaluation Metric: success_once[0m | [36mMean: 0.0469[0m
[32mEvaluation Metric: return[0m | [36mMean: 4.2269[0m
[32mEvaluation Metric: episode_len[0m | [36mMean: 90.0000[0m
[32mEvaluation Metric: reward[0m | [36mMean: 0.0470[0m
[32mEvaluation Metric: success_at_end[0m | [36mMean: 0.0104[0m
model saved to checkpoints/ppo_memtasks/rgb_joints_belief/normalized_dense/RotateStrictPos-v0/ppo-last5-cvae-42__42__rgb_joints_belief__20260119_201926/20260119_201926/ckpt_27_676.pt
SPS: 1446
Epoch: 677, global_step=15575040
SPS: 1447
Epoch: 678, global_step=15598080
SPS: 1447
Epoch: 679, global_step=15621120
SPS: 1448
Epoch: 680, global_step=15644160
SPS: 1449
Epoch: 681, global_step=15667200
SPS: 1449
Epoch: 682, global_step=15690240
SPS: 1450
Epoch: 683, global_step=15713280
SPS: 1450
Epoch: 684, global_step=15736320
SPS: 1451
Epoch: 685, global_step=15759360
SPS: 1451
Epoch: 686, global_step=15782400
SPS: 1452
Epoch: 687, global_step=15805440
SPS: 1453
Epoch: 688, global_step=15828480
SPS: 1453
Epoch: 689, global_step=15851520
SPS: 1454
Epoch: 690, global_step=15874560
SPS: 1454
Epoch: 691, global_step=15897600
SPS: 1455
Epoch: 692, global_step=15920640
SPS: 1455
Epoch: 693, global_step=15943680
SPS: 1456
Epoch: 694, global_step=15966720
SPS: 1457
Epoch: 695, global_step=15989760
SPS: 1457
Epoch: 696, global_step=16012800
SPS: 1458
Epoch: 697, global_step=16035840
SPS: 1458
Epoch: 698, global_step=16058880
SPS: 1459
Epoch: 699, global_step=16081920
SPS: 1459
Epoch: 700, global_step=16104960
SPS: 1460
Epoch: 701, global_step=16128000
Evaluating
Evaluated 17280 steps resulting in 192 episodes
[32mEvaluation Metric: success_once[0m | [36mMean: 0.0677[0m
[32mEvaluation Metric: return[0m | [36mMean: 4.8644[0m
[32mEvaluation Metric: episode_len[0m | [36mMean: 90.0000[0m
[32mEvaluation Metric: reward[0m | [36mMean: 0.0540[0m
[32mEvaluation Metric: success_at_end[0m | [36mMean: 0.0208[0m
model saved to checkpoints/ppo_memtasks/rgb_joints_belief/normalized_dense/RotateStrictPos-v0/ppo-last5-cvae-42__42__rgb_joints_belief__20260119_201926/20260119_201926/ckpt_28_701.pt
SPS: 1446
Epoch: 702, global_step=16151040
SPS: 1446
Epoch: 703, global_step=16174080
SPS: 1447
Epoch: 704, global_step=16197120
SPS: 1447
Epoch: 705, global_step=16220160
SPS: 1448
Epoch: 706, global_step=16243200
SPS: 1448
Epoch: 707, global_step=16266240
SPS: 1449
Epoch: 708, global_step=16289280
SPS: 1450
Epoch: 709, global_step=16312320
SPS: 1450
Epoch: 710, global_step=16335360
SPS: 1451
Epoch: 711, global_step=16358400
SPS: 1451
Epoch: 712, global_step=16381440
SPS: 1452
Epoch: 713, global_step=16404480
SPS: 1452
Epoch: 714, global_step=16427520
SPS: 1453
Epoch: 715, global_step=16450560
SPS: 1453
Epoch: 716, global_step=16473600
SPS: 1454
Epoch: 717, global_step=16496640
SPS: 1455
Epoch: 718, global_step=16519680
SPS: 1455
Epoch: 719, global_step=16542720
SPS: 1456
Epoch: 720, global_step=16565760
SPS: 1456
Epoch: 721, global_step=16588800
SPS: 1457
Epoch: 722, global_step=16611840
SPS: 1457
Epoch: 723, global_step=16634880
SPS: 1458
Epoch: 724, global_step=16657920
SPS: 1459
Epoch: 725, global_step=16680960
SPS: 1459
Epoch: 726, global_step=16704000
Evaluating
Evaluated 17280 steps resulting in 192 episodes
[32mEvaluation Metric: success_once[0m | [36mMean: 0.0677[0m
[32mEvaluation Metric: return[0m | [36mMean: 4.9572[0m
[32mEvaluation Metric: episode_len[0m | [36mMean: 90.0000[0m
[32mEvaluation Metric: reward[0m | [36mMean: 0.0551[0m
[32mEvaluation Metric: success_at_end[0m | [36mMean: 0.0312[0m
model saved to checkpoints/ppo_memtasks/rgb_joints_belief/normalized_dense/RotateStrictPos-v0/ppo-last5-cvae-42__42__rgb_joints_belief__20260119_201926/20260119_201926/ckpt_29_726.pt
SPS: 1445
Epoch: 727, global_step=16727040
SPS: 1446
Epoch: 728, global_step=16750080
SPS: 1446
Epoch: 729, global_step=16773120
SPS: 1447
Epoch: 730, global_step=16796160
SPS: 1447
Epoch: 731, global_step=16819200
SPS: 1448
Epoch: 732, global_step=16842240
SPS: 1448
Epoch: 733, global_step=16865280
SPS: 1449
Epoch: 734, global_step=16888320
SPS: 1449
Epoch: 735, global_step=16911360
SPS: 1450
Epoch: 736, global_step=16934400
SPS: 1451
Epoch: 737, global_step=16957440
SPS: 1451
Epoch: 738, global_step=16980480
SPS: 1452
Epoch: 739, global_step=17003520
SPS: 1452
Epoch: 740, global_step=17026560
SPS: 1453
Epoch: 741, global_step=17049600
SPS: 1453
Epoch: 742, global_step=17072640
SPS: 1454
Epoch: 743, global_step=17095680
SPS: 1454
Epoch: 744, global_step=17118720
SPS: 1455
Epoch: 745, global_step=17141760
SPS: 1455
Epoch: 746, global_step=17164800
SPS: 1456
Epoch: 747, global_step=17187840
SPS: 1457
Epoch: 748, global_step=17210880
SPS: 1457
Epoch: 749, global_step=17233920
SPS: 1458
Epoch: 750, global_step=17256960
SPS: 1458
Epoch: 751, global_step=17280000
Evaluating
Evaluated 17280 steps resulting in 192 episodes
[32mEvaluation Metric: success_once[0m | [36mMean: 0.0312[0m
[32mEvaluation Metric: return[0m | [36mMean: 4.8079[0m
[32mEvaluation Metric: episode_len[0m | [36mMean: 90.0000[0m
[32mEvaluation Metric: reward[0m | [36mMean: 0.0534[0m
[32mEvaluation Metric: success_at_end[0m | [36mMean: 0.0260[0m
model saved to checkpoints/ppo_memtasks/rgb_joints_belief/normalized_dense/RotateStrictPos-v0/ppo-last5-cvae-42__42__rgb_joints_belief__20260119_201926/20260119_201926/ckpt_30_751.pt
SPS: 1445
Epoch: 752, global_step=17303040
SPS: 1445
Epoch: 753, global_step=17326080
SPS: 1446
Epoch: 754, global_step=17349120
SPS: 1446
Epoch: 755, global_step=17372160
SPS: 1447
Epoch: 756, global_step=17395200
SPS: 1447
Epoch: 757, global_step=17418240
SPS: 1448
Epoch: 758, global_step=17441280
SPS: 1448
Epoch: 759, global_step=17464320
SPS: 1449
Epoch: 760, global_step=17487360
SPS: 1449
Epoch: 761, global_step=17510400
SPS: 1450
Epoch: 762, global_step=17533440
SPS: 1450
Epoch: 763, global_step=17556480
SPS: 1451
Epoch: 764, global_step=17579520
SPS: 1452
Epoch: 765, global_step=17602560
SPS: 1452
Epoch: 766, global_step=17625600
SPS: 1453
Epoch: 767, global_step=17648640
SPS: 1453
Epoch: 768, global_step=17671680
SPS: 1454
Epoch: 769, global_step=17694720
SPS: 1454
Epoch: 770, global_step=17717760
SPS: 1455
Epoch: 771, global_step=17740800
SPS: 1455
Epoch: 772, global_step=17763840
SPS: 1456
Epoch: 773, global_step=17786880
SPS: 1456
Epoch: 774, global_step=17809920
SPS: 1457
Epoch: 775, global_step=17832960
SPS: 1457
Epoch: 776, global_step=17856000
Evaluating
Evaluated 17280 steps resulting in 192 episodes
[32mEvaluation Metric: success_once[0m | [36mMean: 0.0312[0m
[32mEvaluation Metric: return[0m | [36mMean: 4.1736[0m
[32mEvaluation Metric: episode_len[0m | [36mMean: 90.0000[0m
[32mEvaluation Metric: reward[0m | [36mMean: 0.0464[0m
[32mEvaluation Metric: success_at_end[0m | [36mMean: 0.0052[0m
model saved to checkpoints/ppo_memtasks/rgb_joints_belief/normalized_dense/RotateStrictPos-v0/ppo-last5-cvae-42__42__rgb_joints_belief__20260119_201926/20260119_201926/ckpt_31_776.pt
SPS: 1444
Epoch: 777, global_step=17879040
SPS: 1445
Epoch: 778, global_step=17902080
SPS: 1445
Epoch: 779, global_step=17925120
SPS: 1446
Epoch: 780, global_step=17948160
SPS: 1446
Epoch: 781, global_step=17971200
SPS: 1447
Epoch: 782, global_step=17994240
SPS: 1447
Epoch: 783, global_step=18017280
SPS: 1448
Epoch: 784, global_step=18040320
SPS: 1448
Epoch: 785, global_step=18063360
SPS: 1449
Epoch: 786, global_step=18086400
SPS: 1449
Epoch: 787, global_step=18109440
SPS: 1450
Epoch: 788, global_step=18132480
SPS: 1450
Epoch: 789, global_step=18155520
SPS: 1451
Epoch: 790, global_step=18178560
SPS: 1451
Epoch: 791, global_step=18201600
SPS: 1452
Epoch: 792, global_step=18224640
SPS: 1452
Epoch: 793, global_step=18247680
SPS: 1453
Epoch: 794, global_step=18270720
SPS: 1453
Epoch: 795, global_step=18293760
SPS: 1454
Epoch: 796, global_step=18316800
SPS: 1454
Epoch: 797, global_step=18339840
SPS: 1455
Epoch: 798, global_step=18362880
SPS: 1455
Epoch: 799, global_step=18385920
SPS: 1456
Epoch: 800, global_step=18408960
SPS: 1456
Epoch: 801, global_step=18432000
Evaluating
Evaluated 17280 steps resulting in 192 episodes
[32mEvaluation Metric: success_once[0m | [36mMean: 0.0469[0m
[32mEvaluation Metric: return[0m | [36mMean: 4.1941[0m
[32mEvaluation Metric: episode_len[0m | [36mMean: 90.0000[0m
[32mEvaluation Metric: reward[0m | [36mMean: 0.0466[0m
[32mEvaluation Metric: success_at_end[0m | [36mMean: 0.0156[0m
model saved to checkpoints/ppo_memtasks/rgb_joints_belief/normalized_dense/RotateStrictPos-v0/ppo-last5-cvae-42__42__rgb_joints_belief__20260119_201926/20260119_201926/ckpt_32_801.pt
SPS: 1444
Epoch: 802, global_step=18455040
SPS: 1444
Epoch: 803, global_step=18478080
SPS: 1445
Epoch: 804, global_step=18501120
SPS: 1445
Epoch: 805, global_step=18524160
SPS: 1446
Epoch: 806, global_step=18547200
SPS: 1446
Epoch: 807, global_step=18570240
SPS: 1447
Epoch: 808, global_step=18593280
SPS: 1447
Epoch: 809, global_step=18616320
SPS: 1448
Epoch: 810, global_step=18639360
SPS: 1448
Epoch: 811, global_step=18662400
SPS: 1449
Epoch: 812, global_step=18685440
SPS: 1449
Epoch: 813, global_step=18708480
SPS: 1450
Epoch: 814, global_step=18731520
SPS: 1450
Epoch: 815, global_step=18754560
SPS: 1451
Epoch: 816, global_step=18777600
SPS: 1451
Epoch: 817, global_step=18800640
SPS: 1452
Epoch: 818, global_step=18823680
SPS: 1452
Epoch: 819, global_step=18846720
SPS: 1453
Epoch: 820, global_step=18869760
SPS: 1453
Epoch: 821, global_step=18892800
SPS: 1454
Epoch: 822, global_step=18915840
SPS: 1454
Epoch: 823, global_step=18938880
SPS: 1455
Epoch: 824, global_step=18961920
SPS: 1455
Epoch: 825, global_step=18984960
SPS: 1456
Epoch: 826, global_step=19008000
Evaluating
Evaluated 17280 steps resulting in 192 episodes
[32mEvaluation Metric: success_once[0m | [36mMean: 0.0365[0m
[32mEvaluation Metric: return[0m | [36mMean: 5.1692[0m
[32mEvaluation Metric: episode_len[0m | [36mMean: 90.0000[0m
[32mEvaluation Metric: reward[0m | [36mMean: 0.0574[0m
[32mEvaluation Metric: success_at_end[0m | [36mMean: 0.0104[0m
model saved to checkpoints/ppo_memtasks/rgb_joints_belief/normalized_dense/RotateStrictPos-v0/ppo-last5-cvae-42__42__rgb_joints_belief__20260119_201926/20260119_201926/ckpt_33_826.pt
SPS: 1444
Epoch: 827, global_step=19031040
SPS: 1444
Epoch: 828, global_step=19054080
SPS: 1445
Epoch: 829, global_step=19077120
SPS: 1445
Epoch: 830, global_step=19100160
SPS: 1446
Epoch: 831, global_step=19123200
SPS: 1446
Epoch: 832, global_step=19146240
SPS: 1447
Epoch: 833, global_step=19169280
SPS: 1447
Epoch: 834, global_step=19192320
SPS: 1448
Epoch: 835, global_step=19215360
SPS: 1448
Epoch: 836, global_step=19238400
SPS: 1449
Epoch: 837, global_step=19261440
SPS: 1449
Epoch: 838, global_step=19284480
SPS: 1450
Epoch: 839, global_step=19307520
SPS: 1450
Epoch: 840, global_step=19330560
SPS: 1451
Epoch: 841, global_step=19353600
SPS: 1451
Epoch: 842, global_step=19376640
SPS: 1452
Epoch: 843, global_step=19399680
SPS: 1452
Epoch: 844, global_step=19422720
SPS: 1452
Epoch: 845, global_step=19445760
SPS: 1453
Epoch: 846, global_step=19468800
SPS: 1453
Epoch: 847, global_step=19491840
SPS: 1454
Epoch: 848, global_step=19514880
SPS: 1454
Epoch: 849, global_step=19537920
SPS: 1455
Epoch: 850, global_step=19560960
SPS: 1455
Epoch: 851, global_step=19584000
Evaluating
Evaluated 17280 steps resulting in 192 episodes
[32mEvaluation Metric: success_once[0m | [36mMean: 0.0677[0m
[32mEvaluation Metric: return[0m | [36mMean: 4.8028[0m
[32mEvaluation Metric: episode_len[0m | [36mMean: 90.0000[0m
[32mEvaluation Metric: reward[0m | [36mMean: 0.0534[0m
[32mEvaluation Metric: success_at_end[0m | [36mMean: 0.0156[0m
model saved to checkpoints/ppo_memtasks/rgb_joints_belief/normalized_dense/RotateStrictPos-v0/ppo-last5-cvae-42__42__rgb_joints_belief__20260119_201926/20260119_201926/ckpt_34_851.pt
SPS: 1444
Epoch: 852, global_step=19607040
SPS: 1444
Epoch: 853, global_step=19630080
SPS: 1445
Epoch: 854, global_step=19653120
SPS: 1445
Epoch: 855, global_step=19676160
SPS: 1445
Epoch: 856, global_step=19699200
SPS: 1446
Epoch: 857, global_step=19722240
SPS: 1446
Epoch: 858, global_step=19745280
SPS: 1447
Epoch: 859, global_step=19768320
SPS: 1447
Epoch: 860, global_step=19791360
SPS: 1448
Epoch: 861, global_step=19814400
SPS: 1448
Epoch: 862, global_step=19837440
SPS: 1449
Epoch: 863, global_step=19860480
SPS: 1449
Epoch: 864, global_step=19883520
SPS: 1450
Epoch: 865, global_step=19906560
SPS: 1450
Epoch: 866, global_step=19929600
SPS: 1451
Epoch: 867, global_step=19952640
SPS: 1451
Epoch: 868, global_step=19975680
SPS: 1452
model saved to checkpoints/ppo_memtasks/rgb_joints_belief/normalized_dense/RotateStrictPos-v0/ppo-last5-cvae-42__42__rgb_joints_belief__20260119_201926/20260119_201926/final_ckpt.pt
Running RememberShapeAndColor3x2-v0 with belief, seed 99

===========================================================================
║                        Environment Configuration                        ║
===========================================================================
║ Environment ID: RotateStrictPos-v0                                      ║
║ Oracle Info:    angle_diff                                              ║
║ Wrappers:                                                               ║
║    ├─ InitialZeroActionWrapper                                         ║
║    │  └─ {'n_initial_steps': 0}                                           ║
║    ├─ RenderStepInfoWrapper                                            ║
║    ├─ RenderRewardInfoWrapper                                          ║
║    ├─ RotateRenderAngleInfoWrapper                                     ║
║    ├─ DebugRewardWrapper                                               ║
║-------------------------------------------------------------------------║
║ include_state:       False │ state will not be used                ║
║ include_rgb:         True  │ rgb images will be used               ║
║ include_oracle:      False │ oracle info will not be used          ║
║ include_joints:      True  │ joints will be used                   ║
===========================================================================

MODE='rgb_joints_belief'
prompt_info='target_angle'
Saving eval videos to checkpoints/ppo_memtasks/rgb_joints_belief/normalized_dense/RotateStrictPos-v0/ppo-last5-cvae-99__99__rgb_joints_belief__20260120_000909/20260120_000909/videos
======================================================================
Max Episode Steps: 90
======================================================================

Loading belief model from /local/s4176650/sphinx/storage_cvae/RotateStrictPos-v0_cvae_mikasa_last5/final_vae_model.pt
  phi_dim=16, latent_dim=32
Belief model loaded successfully. Memory size: 768
Running training

####
args.num_iterations=868 args.num_envs=256 args.num_eval_envs=16
args.minibatch_size=2880 args.batch_size=23040 args.update_epochs=4
####

sample_obs.keys()=dict_keys(['prompt', 'joints', 'rgb'])
prompt: torch.Size([256, 1])
joints: torch.Size([256, 25])
rgb: torch.Size([256, 128, 128, 3])


Epoch: 1, global_step=0
Evaluating
Evaluated 17280 steps resulting in 192 episodes
[32mEvaluation Metric: success_once[0m | [36mMean: 0.0000[0m
[32mEvaluation Metric: return[0m | [36mMean: 0.1738[0m
[32mEvaluation Metric: episode_len[0m | [36mMean: 90.0000[0m
[32mEvaluation Metric: reward[0m | [36mMean: 0.0019[0m
[32mEvaluation Metric: success_at_end[0m | [36mMean: 0.0000[0m
model saved to checkpoints/ppo_memtasks/rgb_joints_belief/normalized_dense/RotateStrictPos-v0/ppo-last5-cvae-99__99__rgb_joints_belief__20260120_000909/20260120_000909/ckpt_0_1.pt
SPS: 205
Epoch: 2, global_step=23040
SPS: 376
Epoch: 3, global_step=46080
SPS: 520
Epoch: 4, global_step=69120
SPS: 642
Epoch: 5, global_step=92160
SPS: 746
Epoch: 6, global_step=115200
SPS: 835
Epoch: 7, global_step=138240
SPS: 913
Epoch: 8, global_step=161280
SPS: 982
Epoch: 9, global_step=184320
SPS: 1042
Epoch: 10, global_step=207360
SPS: 1096
Epoch: 11, global_step=230400
SPS: 1144
Epoch: 12, global_step=253440
SPS: 1187
Epoch: 13, global_step=276480
SPS: 1226
Epoch: 14, global_step=299520
SPS: 1261
Epoch: 15, global_step=322560
SPS: 1293
Epoch: 16, global_step=345600
SPS: 1323
Epoch: 17, global_step=368640
SPS: 1350
Epoch: 18, global_step=391680
SPS: 1376
Epoch: 19, global_step=414720
SPS: 1399
Epoch: 20, global_step=437760
SPS: 1420
Epoch: 21, global_step=460800
SPS: 1441
Epoch: 22, global_step=483840
SPS: 1459
Epoch: 23, global_step=506880
SPS: 1477
Epoch: 24, global_step=529920
SPS: 1493
Epoch: 25, global_step=552960
SPS: 1508
Epoch: 26, global_step=576000
Evaluating
Evaluated 17280 steps resulting in 192 episodes
[32mEvaluation Metric: success_once[0m | [36mMean: 0.0052[0m
[32mEvaluation Metric: return[0m | [36mMean: 0.4076[0m
[32mEvaluation Metric: episode_len[0m | [36mMean: 90.0000[0m
[32mEvaluation Metric: reward[0m | [36mMean: 0.0045[0m
[32mEvaluation Metric: success_at_end[0m | [36mMean: 0.0000[0m
model saved to checkpoints/ppo_memtasks/rgb_joints_belief/normalized_dense/RotateStrictPos-v0/ppo-last5-cvae-99__99__rgb_joints_belief__20260120_000909/20260120_000909/ckpt_1_26.pt
SPS: 1180
Epoch: 27, global_step=599040
SPS: 1199
Epoch: 28, global_step=622080
SPS: 1217
Epoch: 29, global_step=645120
SPS: 1234
Epoch: 30, global_step=668160
SPS: 1251
Epoch: 31, global_step=691200
SPS: 1266
Epoch: 32, global_step=714240
SPS: 1280
Epoch: 33, global_step=737280
SPS: 1295
Epoch: 34, global_step=760320
SPS: 1308
Epoch: 35, global_step=783360
SPS: 1321
Epoch: 36, global_step=806400
SPS: 1334
Epoch: 37, global_step=829440
SPS: 1346
Epoch: 38, global_step=852480
SPS: 1358
Epoch: 39, global_step=875520
SPS: 1369
Epoch: 40, global_step=898560
SPS: 1381
Epoch: 41, global_step=921600
SPS: 1392
Epoch: 42, global_step=944640
SPS: 1402
Epoch: 43, global_step=967680
SPS: 1413
Epoch: 44, global_step=990720
SPS: 1423
Epoch: 45, global_step=1013760
SPS: 1432
Epoch: 46, global_step=1036800
SPS: 1442
Epoch: 47, global_step=1059840
SPS: 1451
Epoch: 48, global_step=1082880
SPS: 1460
Epoch: 49, global_step=1105920
SPS: 1468
Epoch: 50, global_step=1128960
SPS: 1476
Epoch: 51, global_step=1152000
Evaluating
Evaluated 17280 steps resulting in 192 episodes
[32mEvaluation Metric: success_once[0m | [36mMean: 0.0312[0m
[32mEvaluation Metric: return[0m | [36mMean: 2.9820[0m
[32mEvaluation Metric: episode_len[0m | [36mMean: 90.0000[0m
[32mEvaluation Metric: reward[0m | [36mMean: 0.0331[0m
[32mEvaluation Metric: success_at_end[0m | [36mMean: 0.0000[0m
model saved to checkpoints/ppo_memtasks/rgb_joints_belief/normalized_dense/RotateStrictPos-v0/ppo-last5-cvae-99__99__rgb_joints_belief__20260120_000909/20260120_000909/ckpt_2_51.pt
SPS: 1293
Epoch: 52, global_step=1175040
SPS: 1302
Epoch: 53, global_step=1198080
SPS: 1311
Epoch: 54, global_step=1221120
SPS: 1319
Epoch: 55, global_step=1244160
SPS: 1327
Epoch: 56, global_step=1267200
SPS: 1335
Epoch: 57, global_step=1290240
SPS: 1343
Epoch: 58, global_step=1313280
SPS: 1351
Epoch: 59, global_step=1336320
SPS: 1358
Epoch: 60, global_step=1359360
SPS: 1365
Epoch: 61, global_step=1382400
SPS: 1373
Epoch: 62, global_step=1405440
SPS: 1380
Epoch: 63, global_step=1428480
SPS: 1386
Epoch: 64, global_step=1451520
SPS: 1393
Epoch: 65, global_step=1474560
SPS: 1400
Epoch: 66, global_step=1497600
SPS: 1406
Epoch: 67, global_step=1520640
SPS: 1412
Epoch: 68, global_step=1543680
SPS: 1418
Epoch: 69, global_step=1566720
SPS: 1425
Epoch: 70, global_step=1589760
SPS: 1430
Epoch: 71, global_step=1612800
SPS: 1436
Epoch: 72, global_step=1635840
SPS: 1442
Epoch: 73, global_step=1658880
SPS: 1448
Epoch: 74, global_step=1681920
SPS: 1453
Epoch: 75, global_step=1704960
SPS: 1458
Epoch: 76, global_step=1728000
Evaluating
Evaluated 17280 steps resulting in 192 episodes
[32mEvaluation Metric: success_once[0m | [36mMean: 0.0625[0m
[32mEvaluation Metric: return[0m | [36mMean: 10.4366[0m
[32mEvaluation Metric: episode_len[0m | [36mMean: 90.0000[0m
[32mEvaluation Metric: reward[0m | [36mMean: 0.1160[0m
[32mEvaluation Metric: success_at_end[0m | [36mMean: 0.0104[0m
model saved to checkpoints/ppo_memtasks/rgb_joints_belief/normalized_dense/RotateStrictPos-v0/ppo-last5-cvae-99__99__rgb_joints_belief__20260120_000909/20260120_000909/ckpt_3_76.pt
SPS: 1339
Epoch: 77, global_step=1751040
SPS: 1344
Epoch: 78, global_step=1774080
SPS: 1350
Epoch: 79, global_step=1797120
SPS: 1356
Epoch: 80, global_step=1820160
SPS: 1361
Epoch: 81, global_step=1843200
SPS: 1367
Epoch: 82, global_step=1866240
SPS: 1372
Epoch: 83, global_step=1889280
SPS: 1378
Epoch: 84, global_step=1912320
SPS: 1383
Epoch: 85, global_step=1935360
SPS: 1388
Epoch: 86, global_step=1958400
SPS: 1393
Epoch: 87, global_step=1981440
SPS: 1398
Epoch: 88, global_step=2004480
SPS: 1403
Epoch: 89, global_step=2027520
SPS: 1408
Epoch: 90, global_step=2050560
SPS: 1413
Epoch: 91, global_step=2073600
SPS: 1417
Epoch: 92, global_step=2096640
SPS: 1422
Epoch: 93, global_step=2119680
SPS: 1426
Epoch: 94, global_step=2142720
SPS: 1431
Epoch: 95, global_step=2165760
SPS: 1435
Epoch: 96, global_step=2188800
SPS: 1440
Epoch: 97, global_step=2211840
SPS: 1444
Epoch: 98, global_step=2234880
SPS: 1448
Epoch: 99, global_step=2257920
SPS: 1452
Epoch: 100, global_step=2280960
SPS: 1456
Epoch: 101, global_step=2304000
Evaluating
Evaluated 17280 steps resulting in 192 episodes
[32mEvaluation Metric: success_once[0m | [36mMean: 0.0417[0m
[32mEvaluation Metric: return[0m | [36mMean: 13.0968[0m
[32mEvaluation Metric: episode_len[0m | [36mMean: 90.0000[0m
[32mEvaluation Metric: reward[0m | [36mMean: 0.1455[0m
[32mEvaluation Metric: success_at_end[0m | [36mMean: 0.0208[0m
model saved to checkpoints/ppo_memtasks/rgb_joints_belief/normalized_dense/RotateStrictPos-v0/ppo-last5-cvae-99__99__rgb_joints_belief__20260120_000909/20260120_000909/ckpt_4_101.pt
SPS: 1363
Epoch: 102, global_step=2327040
SPS: 1367
Epoch: 103, global_step=2350080
SPS: 1372
Epoch: 104, global_step=2373120
SPS: 1376
Epoch: 105, global_step=2396160
SPS: 1380
Epoch: 106, global_step=2419200
SPS: 1384
Epoch: 107, global_step=2442240
SPS: 1388
Epoch: 108, global_step=2465280
SPS: 1392
Epoch: 109, global_step=2488320
SPS: 1396
Epoch: 110, global_step=2511360
SPS: 1400
Epoch: 111, global_step=2534400
SPS: 1404
Epoch: 112, global_step=2557440
SPS: 1408
Epoch: 113, global_step=2580480
SPS: 1412
Epoch: 114, global_step=2603520
SPS: 1416
Epoch: 115, global_step=2626560
SPS: 1419
Epoch: 116, global_step=2649600
SPS: 1423
Epoch: 117, global_step=2672640
SPS: 1427
Epoch: 118, global_step=2695680
SPS: 1430
Epoch: 119, global_step=2718720
SPS: 1434
Epoch: 120, global_step=2741760
SPS: 1437
Epoch: 121, global_step=2764800
SPS: 1441
Epoch: 122, global_step=2787840
SPS: 1444
Epoch: 123, global_step=2810880
SPS: 1448
Epoch: 124, global_step=2833920
SPS: 1451
Epoch: 125, global_step=2856960
SPS: 1454
Epoch: 126, global_step=2880000
Evaluating
Evaluated 17280 steps resulting in 192 episodes
[32mEvaluation Metric: success_once[0m | [36mMean: 0.0156[0m
[32mEvaluation Metric: return[0m | [36mMean: 17.4120[0m
[32mEvaluation Metric: episode_len[0m | [36mMean: 90.0000[0m
[32mEvaluation Metric: reward[0m | [36mMean: 0.1935[0m
[32mEvaluation Metric: success_at_end[0m | [36mMean: 0.0156[0m
model saved to checkpoints/ppo_memtasks/rgb_joints_belief/normalized_dense/RotateStrictPos-v0/ppo-last5-cvae-99__99__rgb_joints_belief__20260120_000909/20260120_000909/ckpt_5_126.pt
SPS: 1377
Epoch: 127, global_step=2903040
SPS: 1380
Epoch: 128, global_step=2926080
SPS: 1384
Epoch: 129, global_step=2949120
SPS: 1387
Epoch: 130, global_step=2972160
SPS: 1391
Epoch: 131, global_step=2995200
SPS: 1394
Epoch: 132, global_step=3018240
SPS: 1397
Epoch: 133, global_step=3041280
SPS: 1400
Epoch: 134, global_step=3064320
SPS: 1403
Epoch: 135, global_step=3087360
SPS: 1407
Epoch: 136, global_step=3110400
SPS: 1410
Epoch: 137, global_step=3133440
SPS: 1413
Epoch: 138, global_step=3156480
SPS: 1416
Epoch: 139, global_step=3179520
SPS: 1419
Epoch: 140, global_step=3202560
SPS: 1422
Epoch: 141, global_step=3225600
SPS: 1425
Epoch: 142, global_step=3248640
SPS: 1428
Epoch: 143, global_step=3271680
SPS: 1431
Epoch: 144, global_step=3294720
SPS: 1434
Epoch: 145, global_step=3317760
SPS: 1437
Epoch: 146, global_step=3340800
SPS: 1440
Epoch: 147, global_step=3363840
SPS: 1442
Epoch: 148, global_step=3386880
SPS: 1445
Epoch: 149, global_step=3409920
SPS: 1448
Epoch: 150, global_step=3432960
SPS: 1451
Epoch: 151, global_step=3456000
Evaluating
Evaluated 17280 steps resulting in 192 episodes
[32mEvaluation Metric: success_once[0m | [36mMean: 0.0365[0m
[32mEvaluation Metric: return[0m | [36mMean: 18.7035[0m
[32mEvaluation Metric: episode_len[0m | [36mMean: 90.0000[0m
[32mEvaluation Metric: reward[0m | [36mMean: 0.2078[0m
[32mEvaluation Metric: success_at_end[0m | [36mMean: 0.0260[0m
model saved to checkpoints/ppo_memtasks/rgb_joints_belief/normalized_dense/RotateStrictPos-v0/ppo-last5-cvae-99__99__rgb_joints_belief__20260120_000909/20260120_000909/ckpt_6_151.pt
SPS: 1389
Epoch: 152, global_step=3479040
SPS: 1392
Epoch: 153, global_step=3502080
SPS: 1395
Epoch: 154, global_step=3525120
SPS: 1398
Epoch: 155, global_step=3548160
SPS: 1401
Epoch: 156, global_step=3571200
SPS: 1404
Epoch: 157, global_step=3594240
SPS: 1406
Epoch: 158, global_step=3617280
SPS: 1409
Epoch: 159, global_step=3640320
SPS: 1412
Epoch: 160, global_step=3663360
SPS: 1414
Epoch: 161, global_step=3686400
SPS: 1417
Epoch: 162, global_step=3709440
SPS: 1420
Epoch: 163, global_step=3732480
SPS: 1422
Epoch: 164, global_step=3755520
SPS: 1425
Epoch: 165, global_step=3778560
SPS: 1427
Epoch: 166, global_step=3801600
SPS: 1430
Epoch: 167, global_step=3824640
SPS: 1432
Epoch: 168, global_step=3847680
SPS: 1435
Epoch: 169, global_step=3870720
SPS: 1437
Epoch: 170, global_step=3893760
SPS: 1440
Epoch: 171, global_step=3916800
SPS: 1442
Epoch: 172, global_step=3939840
SPS: 1445
Epoch: 173, global_step=3962880
SPS: 1447
Epoch: 174, global_step=3985920
SPS: 1449
Epoch: 175, global_step=4008960
SPS: 1452
Epoch: 176, global_step=4032000
Evaluating
Evaluated 17280 steps resulting in 192 episodes
[32mEvaluation Metric: success_once[0m | [36mMean: 0.0417[0m
[32mEvaluation Metric: return[0m | [36mMean: 19.8331[0m
[32mEvaluation Metric: episode_len[0m | [36mMean: 90.0000[0m
[32mEvaluation Metric: reward[0m | [36mMean: 0.2204[0m
[32mEvaluation Metric: success_at_end[0m | [36mMean: 0.0312[0m
model saved to checkpoints/ppo_memtasks/rgb_joints_belief/normalized_dense/RotateStrictPos-v0/ppo-last5-cvae-99__99__rgb_joints_belief__20260120_000909/20260120_000909/ckpt_7_176.pt
SPS: 1397
Epoch: 177, global_step=4055040
SPS: 1399
Epoch: 178, global_step=4078080
SPS: 1402
Epoch: 179, global_step=4101120
SPS: 1404
Epoch: 180, global_step=4124160
SPS: 1407
Epoch: 181, global_step=4147200
SPS: 1409
Epoch: 182, global_step=4170240
SPS: 1411
Epoch: 183, global_step=4193280
SPS: 1414
Epoch: 184, global_step=4216320
SPS: 1416
Epoch: 185, global_step=4239360
SPS: 1418
Epoch: 186, global_step=4262400
SPS: 1421
Epoch: 187, global_step=4285440
SPS: 1423
Epoch: 188, global_step=4308480
SPS: 1425
Epoch: 189, global_step=4331520
SPS: 1427
Epoch: 190, global_step=4354560
SPS: 1430
Epoch: 191, global_step=4377600
SPS: 1432
Epoch: 192, global_step=4400640
SPS: 1434
Epoch: 193, global_step=4423680
SPS: 1436
Epoch: 194, global_step=4446720
SPS: 1438
Epoch: 195, global_step=4469760
SPS: 1440
Epoch: 196, global_step=4492800
SPS: 1443
Epoch: 197, global_step=4515840
SPS: 1445
Epoch: 198, global_step=4538880
SPS: 1447
Epoch: 199, global_step=4561920
SPS: 1449
Epoch: 200, global_step=4584960
SPS: 1451
Epoch: 201, global_step=4608000
Evaluating
Evaluated 17280 steps resulting in 192 episodes
[32mEvaluation Metric: success_once[0m | [36mMean: 0.0417[0m
[32mEvaluation Metric: return[0m | [36mMean: 21.0002[0m
[32mEvaluation Metric: episode_len[0m | [36mMean: 90.0000[0m
[32mEvaluation Metric: reward[0m | [36mMean: 0.2333[0m
[32mEvaluation Metric: success_at_end[0m | [36mMean: 0.0417[0m
model saved to checkpoints/ppo_memtasks/rgb_joints_belief/normalized_dense/RotateStrictPos-v0/ppo-last5-cvae-99__99__rgb_joints_belief__20260120_000909/20260120_000909/ckpt_8_201.pt
SPS: 1403
Epoch: 202, global_step=4631040
SPS: 1405
Epoch: 203, global_step=4654080
SPS: 1407
Epoch: 204, global_step=4677120
SPS: 1409
Epoch: 205, global_step=4700160
SPS: 1411
Epoch: 206, global_step=4723200
SPS: 1413
Epoch: 207, global_step=4746240
SPS: 1415
Epoch: 208, global_step=4769280
SPS: 1418
Epoch: 209, global_step=4792320
SPS: 1420
Epoch: 210, global_step=4815360
SPS: 1422
Epoch: 211, global_step=4838400
SPS: 1424
Epoch: 212, global_step=4861440
SPS: 1426
Epoch: 213, global_step=4884480
SPS: 1428
Epoch: 214, global_step=4907520
SPS: 1430
Epoch: 215, global_step=4930560
SPS: 1431
Epoch: 216, global_step=4953600
SPS: 1433
Epoch: 217, global_step=4976640
SPS: 1435
Epoch: 218, global_step=4999680
SPS: 1437
Epoch: 219, global_step=5022720
SPS: 1439
Epoch: 220, global_step=5045760
SPS: 1441
Epoch: 221, global_step=5068800
SPS: 1443
Epoch: 222, global_step=5091840
SPS: 1445
Epoch: 223, global_step=5114880
SPS: 1447
Epoch: 224, global_step=5137920
SPS: 1448
Epoch: 225, global_step=5160960
SPS: 1450
Epoch: 226, global_step=5184000
Evaluating
Evaluated 17280 steps resulting in 192 episodes
[32mEvaluation Metric: success_once[0m | [36mMean: 0.0417[0m
[32mEvaluation Metric: return[0m | [36mMean: 19.9769[0m
[32mEvaluation Metric: episode_len[0m | [36mMean: 90.0000[0m
[32mEvaluation Metric: reward[0m | [36mMean: 0.2220[0m
[32mEvaluation Metric: success_at_end[0m | [36mMean: 0.0260[0m
model saved to checkpoints/ppo_memtasks/rgb_joints_belief/normalized_dense/RotateStrictPos-v0/ppo-last5-cvae-99__99__rgb_joints_belief__20260120_000909/20260120_000909/ckpt_9_226.pt
SPS: 1407
Epoch: 227, global_step=5207040
SPS: 1409
Epoch: 228, global_step=5230080
SPS: 1411
Epoch: 229, global_step=5253120
SPS: 1413
Epoch: 230, global_step=5276160
SPS: 1415
Epoch: 231, global_step=5299200
SPS: 1417
Epoch: 232, global_step=5322240
SPS: 1418
Epoch: 233, global_step=5345280
SPS: 1420
Epoch: 234, global_step=5368320
SPS: 1422
Epoch: 235, global_step=5391360
SPS: 1424
Epoch: 236, global_step=5414400
SPS: 1426
Epoch: 237, global_step=5437440
SPS: 1427
Epoch: 238, global_step=5460480
SPS: 1429
Epoch: 239, global_step=5483520
SPS: 1431
Epoch: 240, global_step=5506560
SPS: 1433
Epoch: 241, global_step=5529600
SPS: 1434
Epoch: 242, global_step=5552640
SPS: 1436
Epoch: 243, global_step=5575680
SPS: 1438
Epoch: 244, global_step=5598720
SPS: 1439
Epoch: 245, global_step=5621760
SPS: 1441
Epoch: 246, global_step=5644800
SPS: 1443
Epoch: 247, global_step=5667840
SPS: 1444
Epoch: 248, global_step=5690880
SPS: 1446
Epoch: 249, global_step=5713920
SPS: 1448
Epoch: 250, global_step=5736960
SPS: 1449
Epoch: 251, global_step=5760000
Evaluating
Evaluated 17280 steps resulting in 192 episodes
[32mEvaluation Metric: success_once[0m | [36mMean: 0.0573[0m
[32mEvaluation Metric: return[0m | [36mMean: 21.1133[0m
[32mEvaluation Metric: episode_len[0m | [36mMean: 90.0000[0m
[32mEvaluation Metric: reward[0m | [36mMean: 0.2346[0m
[32mEvaluation Metric: success_at_end[0m | [36mMean: 0.0469[0m
model saved to checkpoints/ppo_memtasks/rgb_joints_belief/normalized_dense/RotateStrictPos-v0/ppo-last5-cvae-99__99__rgb_joints_belief__20260120_000909/20260120_000909/ckpt_10_251.pt
SPS: 1411
Epoch: 252, global_step=5783040
SPS: 1413
Epoch: 253, global_step=5806080
SPS: 1414
Epoch: 254, global_step=5829120
SPS: 1416
Epoch: 255, global_step=5852160
SPS: 1418
Epoch: 256, global_step=5875200
SPS: 1419
Epoch: 257, global_step=5898240
SPS: 1421
Epoch: 258, global_step=5921280
SPS: 1423
Epoch: 259, global_step=5944320
SPS: 1424
Epoch: 260, global_step=5967360
SPS: 1426
Epoch: 261, global_step=5990400
SPS: 1427
Epoch: 262, global_step=6013440
SPS: 1429
Epoch: 263, global_step=6036480
SPS: 1431
Epoch: 264, global_step=6059520
SPS: 1432
Epoch: 265, global_step=6082560
SPS: 1434
Epoch: 266, global_step=6105600
SPS: 1435
Epoch: 267, global_step=6128640
SPS: 1437
Epoch: 268, global_step=6151680
SPS: 1438
Epoch: 269, global_step=6174720
SPS: 1440
Epoch: 270, global_step=6197760
SPS: 1442
Epoch: 271, global_step=6220800
SPS: 1443
Epoch: 272, global_step=6243840
SPS: 1445
Epoch: 273, global_step=6266880
SPS: 1446
Epoch: 274, global_step=6289920
SPS: 1447
Epoch: 275, global_step=6312960
SPS: 1449
Epoch: 276, global_step=6336000
Evaluating
Evaluated 17280 steps resulting in 192 episodes
[32mEvaluation Metric: success_once[0m | [36mMean: 0.0365[0m
[32mEvaluation Metric: return[0m | [36mMean: 18.7805[0m
[32mEvaluation Metric: episode_len[0m | [36mMean: 90.0000[0m
[32mEvaluation Metric: reward[0m | [36mMean: 0.2087[0m
[32mEvaluation Metric: success_at_end[0m | [36mMean: 0.0208[0m
model saved to checkpoints/ppo_memtasks/rgb_joints_belief/normalized_dense/RotateStrictPos-v0/ppo-last5-cvae-99__99__rgb_joints_belief__20260120_000909/20260120_000909/ckpt_11_276.pt
SPS: 1415
Epoch: 277, global_step=6359040
SPS: 1416
Epoch: 278, global_step=6382080
SPS: 1418
Epoch: 279, global_step=6405120
SPS: 1419
Epoch: 280, global_step=6428160
SPS: 1421
Epoch: 281, global_step=6451200
SPS: 1422
Epoch: 282, global_step=6474240
SPS: 1424
Epoch: 283, global_step=6497280
SPS: 1425
Epoch: 284, global_step=6520320
SPS: 1427
Epoch: 285, global_step=6543360
SPS: 1428
Epoch: 286, global_step=6566400
SPS: 1430
Epoch: 287, global_step=6589440
SPS: 1431
Epoch: 288, global_step=6612480
SPS: 1433
Epoch: 289, global_step=6635520
SPS: 1434
Epoch: 290, global_step=6658560
SPS: 1435
Epoch: 291, global_step=6681600
SPS: 1437
Epoch: 292, global_step=6704640
SPS: 1438
Epoch: 293, global_step=6727680
SPS: 1440
Epoch: 294, global_step=6750720
SPS: 1441
Epoch: 295, global_step=6773760
SPS: 1443
Epoch: 296, global_step=6796800
SPS: 1444
Epoch: 297, global_step=6819840
SPS: 1445
Epoch: 298, global_step=6842880
SPS: 1447
Epoch: 299, global_step=6865920
SPS: 1448
Epoch: 300, global_step=6888960
SPS: 1449
Epoch: 301, global_step=6912000
Evaluating
Evaluated 17280 steps resulting in 192 episodes
[32mEvaluation Metric: success_once[0m | [36mMean: 0.0521[0m
[32mEvaluation Metric: return[0m | [36mMean: 20.1860[0m
[32mEvaluation Metric: episode_len[0m | [36mMean: 90.0000[0m
[32mEvaluation Metric: reward[0m | [36mMean: 0.2243[0m
[32mEvaluation Metric: success_at_end[0m | [36mMean: 0.0469[0m
model saved to checkpoints/ppo_memtasks/rgb_joints_belief/normalized_dense/RotateStrictPos-v0/ppo-last5-cvae-99__99__rgb_joints_belief__20260120_000909/20260120_000909/ckpt_12_301.pt
SPS: 1418
Epoch: 302, global_step=6935040
SPS: 1419
Epoch: 303, global_step=6958080
SPS: 1420
Epoch: 304, global_step=6981120
SPS: 1422
Epoch: 305, global_step=7004160
SPS: 1423
Epoch: 306, global_step=7027200
SPS: 1425
Epoch: 307, global_step=7050240
SPS: 1426
Epoch: 308, global_step=7073280
SPS: 1427
Epoch: 309, global_step=7096320
SPS: 1429
Epoch: 310, global_step=7119360
SPS: 1430
Epoch: 311, global_step=7142400
SPS: 1431
Epoch: 312, global_step=7165440
SPS: 1433
Epoch: 313, global_step=7188480
SPS: 1434
Epoch: 314, global_step=7211520
SPS: 1435
Epoch: 315, global_step=7234560
SPS: 1437
Epoch: 316, global_step=7257600
SPS: 1438
Epoch: 317, global_step=7280640
SPS: 1439
Epoch: 318, global_step=7303680
SPS: 1441
Epoch: 319, global_step=7326720
SPS: 1442
Epoch: 320, global_step=7349760
SPS: 1443
Epoch: 321, global_step=7372800
SPS: 1444
Epoch: 322, global_step=7395840
SPS: 1446
Epoch: 323, global_step=7418880
SPS: 1447
Epoch: 324, global_step=7441920
SPS: 1448
Epoch: 325, global_step=7464960
SPS: 1449
Epoch: 326, global_step=7488000
Evaluating
Evaluated 17280 steps resulting in 192 episodes
[32mEvaluation Metric: success_once[0m | [36mMean: 0.0521[0m
[32mEvaluation Metric: return[0m | [36mMean: 20.6901[0m
[32mEvaluation Metric: episode_len[0m | [36mMean: 90.0000[0m
[32mEvaluation Metric: reward[0m | [36mMean: 0.2299[0m
[32mEvaluation Metric: success_at_end[0m | [36mMean: 0.0417[0m
model saved to checkpoints/ppo_memtasks/rgb_joints_belief/normalized_dense/RotateStrictPos-v0/ppo-last5-cvae-99__99__rgb_joints_belief__20260120_000909/20260120_000909/ckpt_13_326.pt
SPS: 1420
Epoch: 327, global_step=7511040
SPS: 1421
Epoch: 328, global_step=7534080
SPS: 1422
Epoch: 329, global_step=7557120
SPS: 1423
Epoch: 330, global_step=7580160
SPS: 1425
Epoch: 331, global_step=7603200
SPS: 1426
Epoch: 332, global_step=7626240
SPS: 1427
Epoch: 333, global_step=7649280
SPS: 1429
Epoch: 334, global_step=7672320
SPS: 1430
Epoch: 335, global_step=7695360
SPS: 1431
Epoch: 336, global_step=7718400
SPS: 1432
Epoch: 337, global_step=7741440
SPS: 1434
Epoch: 338, global_step=7764480
SPS: 1435
Epoch: 339, global_step=7787520
SPS: 1436
Epoch: 340, global_step=7810560
SPS: 1437
Epoch: 341, global_step=7833600
SPS: 1438
Epoch: 342, global_step=7856640
SPS: 1440
Epoch: 343, global_step=7879680
SPS: 1441
Epoch: 344, global_step=7902720
SPS: 1442
Epoch: 345, global_step=7925760
SPS: 1443
Epoch: 346, global_step=7948800
SPS: 1444
Epoch: 347, global_step=7971840
SPS: 1445
Epoch: 348, global_step=7994880
SPS: 1447
Epoch: 349, global_step=8017920
SPS: 1448
Epoch: 350, global_step=8040960
SPS: 1449
Epoch: 351, global_step=8064000
Evaluating
Evaluated 17280 steps resulting in 192 episodes
[32mEvaluation Metric: success_once[0m | [36mMean: 0.0417[0m
[32mEvaluation Metric: return[0m | [36mMean: 21.5899[0m
[32mEvaluation Metric: episode_len[0m | [36mMean: 90.0000[0m
[32mEvaluation Metric: reward[0m | [36mMean: 0.2399[0m
[32mEvaluation Metric: success_at_end[0m | [36mMean: 0.0365[0m
model saved to checkpoints/ppo_memtasks/rgb_joints_belief/normalized_dense/RotateStrictPos-v0/ppo-last5-cvae-99__99__rgb_joints_belief__20260120_000909/20260120_000909/ckpt_14_351.pt
SPS: 1422
Epoch: 352, global_step=8087040
SPS: 1423
Epoch: 353, global_step=8110080
SPS: 1424
Epoch: 354, global_step=8133120
SPS: 1426
Epoch: 355, global_step=8156160
SPS: 1427
Epoch: 356, global_step=8179200
SPS: 1428
Epoch: 357, global_step=8202240
SPS: 1429
Epoch: 358, global_step=8225280
SPS: 1430
Epoch: 359, global_step=8248320
SPS: 1432
Epoch: 360, global_step=8271360
SPS: 1433
Epoch: 361, global_step=8294400
SPS: 1434
Epoch: 362, global_step=8317440
SPS: 1435
Epoch: 363, global_step=8340480
SPS: 1436
Epoch: 364, global_step=8363520
SPS: 1437
Epoch: 365, global_step=8386560
SPS: 1438
Epoch: 366, global_step=8409600
SPS: 1440
Epoch: 367, global_step=8432640
SPS: 1441
Epoch: 368, global_step=8455680
SPS: 1442
Epoch: 369, global_step=8478720
SPS: 1443
Epoch: 370, global_step=8501760
SPS: 1444
Epoch: 371, global_step=8524800
SPS: 1445
Epoch: 372, global_step=8547840
SPS: 1446
Epoch: 373, global_step=8570880
SPS: 1447
Epoch: 374, global_step=8593920
SPS: 1448
Epoch: 375, global_step=8616960
SPS: 1449
Epoch: 376, global_step=8640000
Evaluating
Evaluated 17280 steps resulting in 192 episodes
[32mEvaluation Metric: success_once[0m | [36mMean: 0.0573[0m
[32mEvaluation Metric: return[0m | [36mMean: 22.0691[0m
[32mEvaluation Metric: episode_len[0m | [36mMean: 90.0000[0m
[32mEvaluation Metric: reward[0m | [36mMean: 0.2452[0m
[32mEvaluation Metric: success_at_end[0m | [36mMean: 0.0521[0m
model saved to checkpoints/ppo_memtasks/rgb_joints_belief/normalized_dense/RotateStrictPos-v0/ppo-last5-cvae-99__99__rgb_joints_belief__20260120_000909/20260120_000909/ckpt_15_376.pt
SPS: 1424
Epoch: 377, global_step=8663040
SPS: 1425
Epoch: 378, global_step=8686080
SPS: 1427
Epoch: 379, global_step=8709120
SPS: 1428
Epoch: 380, global_step=8732160
SPS: 1429
Epoch: 381, global_step=8755200
SPS: 1430
Epoch: 382, global_step=8778240
SPS: 1431
Epoch: 383, global_step=8801280
SPS: 1432
Epoch: 384, global_step=8824320
SPS: 1433
Epoch: 385, global_step=8847360
SPS: 1434
Epoch: 386, global_step=8870400
SPS: 1435
Epoch: 387, global_step=8893440
SPS: 1436
Epoch: 388, global_step=8916480
SPS: 1437
Epoch: 389, global_step=8939520
SPS: 1439
Epoch: 390, global_step=8962560
SPS: 1440
Epoch: 391, global_step=8985600
SPS: 1441
Epoch: 392, global_step=9008640
SPS: 1442
Epoch: 393, global_step=9031680
SPS: 1443
Epoch: 394, global_step=9054720
SPS: 1444
Epoch: 395, global_step=9077760
SPS: 1445
Epoch: 396, global_step=9100800
SPS: 1446
Epoch: 397, global_step=9123840
SPS: 1447
Epoch: 398, global_step=9146880
SPS: 1448
Epoch: 399, global_step=9169920
SPS: 1449
Epoch: 400, global_step=9192960
SPS: 1450
Epoch: 401, global_step=9216000
Evaluating
Evaluated 17280 steps resulting in 192 episodes
[32mEvaluation Metric: success_once[0m | [36mMean: 0.0104[0m
[32mEvaluation Metric: return[0m | [36mMean: 18.8638[0m
[32mEvaluation Metric: episode_len[0m | [36mMean: 90.0000[0m
[32mEvaluation Metric: reward[0m | [36mMean: 0.2096[0m
[32mEvaluation Metric: success_at_end[0m | [36mMean: 0.0104[0m
model saved to checkpoints/ppo_memtasks/rgb_joints_belief/normalized_dense/RotateStrictPos-v0/ppo-last5-cvae-99__99__rgb_joints_belief__20260120_000909/20260120_000909/ckpt_16_401.pt
SPS: 1426
Epoch: 402, global_step=9239040
SPS: 1427
Epoch: 403, global_step=9262080
SPS: 1428
Epoch: 404, global_step=9285120
SPS: 1429
Epoch: 405, global_step=9308160
SPS: 1430
Epoch: 406, global_step=9331200
SPS: 1431
Epoch: 407, global_step=9354240
SPS: 1432
Epoch: 408, global_step=9377280
SPS: 1433
Epoch: 409, global_step=9400320
SPS: 1434
Epoch: 410, global_step=9423360
SPS: 1435
Epoch: 411, global_step=9446400
SPS: 1436
Epoch: 412, global_step=9469440
SPS: 1437
Epoch: 413, global_step=9492480
SPS: 1438
Epoch: 414, global_step=9515520
SPS: 1439
Epoch: 415, global_step=9538560
SPS: 1440
Epoch: 416, global_step=9561600
SPS: 1441
Epoch: 417, global_step=9584640
SPS: 1442
Epoch: 418, global_step=9607680
SPS: 1443
Epoch: 419, global_step=9630720
SPS: 1444
Epoch: 420, global_step=9653760
SPS: 1445
Epoch: 421, global_step=9676800
SPS: 1446
Epoch: 422, global_step=9699840
SPS: 1447
Epoch: 423, global_step=9722880
SPS: 1448
Epoch: 424, global_step=9745920
SPS: 1449
Epoch: 425, global_step=9768960
SPS: 1450
Epoch: 426, global_step=9792000
Evaluating
Evaluated 17280 steps resulting in 192 episodes
[32mEvaluation Metric: success_once[0m | [36mMean: 0.0573[0m
[32mEvaluation Metric: return[0m | [36mMean: 21.1848[0m
[32mEvaluation Metric: episode_len[0m | [36mMean: 90.0000[0m
[32mEvaluation Metric: reward[0m | [36mMean: 0.2354[0m
[32mEvaluation Metric: success_at_end[0m | [36mMean: 0.0417[0m
model saved to checkpoints/ppo_memtasks/rgb_joints_belief/normalized_dense/RotateStrictPos-v0/ppo-last5-cvae-99__99__rgb_joints_belief__20260120_000909/20260120_000909/ckpt_17_426.pt
SPS: 1426
Epoch: 427, global_step=9815040
SPS: 1427
Epoch: 428, global_step=9838080
SPS: 1428
Epoch: 429, global_step=9861120
SPS: 1429
Epoch: 430, global_step=9884160
SPS: 1430
Epoch: 431, global_step=9907200
SPS: 1431
Epoch: 432, global_step=9930240
SPS: 1432
Epoch: 433, global_step=9953280
SPS: 1433
Epoch: 434, global_step=9976320
SPS: 1434
Epoch: 435, global_step=9999360
SPS: 1435
Epoch: 436, global_step=10022400
SPS: 1436
Epoch: 437, global_step=10045440
SPS: 1437
Epoch: 438, global_step=10068480
SPS: 1438
Epoch: 439, global_step=10091520
SPS: 1439
Epoch: 440, global_step=10114560
SPS: 1440
Epoch: 441, global_step=10137600
SPS: 1441
Epoch: 442, global_step=10160640
SPS: 1442
Epoch: 443, global_step=10183680
SPS: 1443
Epoch: 444, global_step=10206720
SPS: 1444
Epoch: 445, global_step=10229760
SPS: 1445
Epoch: 446, global_step=10252800
SPS: 1445
Epoch: 447, global_step=10275840
SPS: 1446
Epoch: 448, global_step=10298880
SPS: 1447
Epoch: 449, global_step=10321920
SPS: 1448
Epoch: 450, global_step=10344960
SPS: 1449
Epoch: 451, global_step=10368000
Evaluating
Evaluated 17280 steps resulting in 192 episodes
[32mEvaluation Metric: success_once[0m | [36mMean: 0.0573[0m
[32mEvaluation Metric: return[0m | [36mMean: 21.7969[0m
[32mEvaluation Metric: episode_len[0m | [36mMean: 90.0000[0m
[32mEvaluation Metric: reward[0m | [36mMean: 0.2422[0m
[32mEvaluation Metric: success_at_end[0m | [36mMean: 0.0417[0m
model saved to checkpoints/ppo_memtasks/rgb_joints_belief/normalized_dense/RotateStrictPos-v0/ppo-last5-cvae-99__99__rgb_joints_belief__20260120_000909/20260120_000909/ckpt_18_451.pt
SPS: 1428
Epoch: 452, global_step=10391040
SPS: 1429
Epoch: 453, global_step=10414080
SPS: 1430
Epoch: 454, global_step=10437120
SPS: 1431
Epoch: 455, global_step=10460160
SPS: 1432
Epoch: 456, global_step=10483200
SPS: 1433
Epoch: 457, global_step=10506240
SPS: 1434
Epoch: 458, global_step=10529280
SPS: 1435
Epoch: 459, global_step=10552320
SPS: 1435
Epoch: 460, global_step=10575360
SPS: 1436
Epoch: 461, global_step=10598400
SPS: 1437
Epoch: 462, global_step=10621440
SPS: 1438
Epoch: 463, global_step=10644480
SPS: 1439
Epoch: 464, global_step=10667520
SPS: 1440
Epoch: 465, global_step=10690560
SPS: 1441
Epoch: 466, global_step=10713600
SPS: 1442
Epoch: 467, global_step=10736640
SPS: 1443
Epoch: 468, global_step=10759680
SPS: 1443
Epoch: 469, global_step=10782720
SPS: 1444
Epoch: 470, global_step=10805760
SPS: 1445
Epoch: 471, global_step=10828800
SPS: 1446
Epoch: 472, global_step=10851840
SPS: 1447
Epoch: 473, global_step=10874880
SPS: 1448
Epoch: 474, global_step=10897920
SPS: 1449
Epoch: 475, global_step=10920960
SPS: 1449
Epoch: 476, global_step=10944000
Evaluating
Evaluated 17280 steps resulting in 192 episodes
[32mEvaluation Metric: success_once[0m | [36mMean: 0.0521[0m
[32mEvaluation Metric: return[0m | [36mMean: 20.7442[0m
[32mEvaluation Metric: episode_len[0m | [36mMean: 90.0000[0m
[32mEvaluation Metric: reward[0m | [36mMean: 0.2305[0m
[32mEvaluation Metric: success_at_end[0m | [36mMean: 0.0260[0m
model saved to checkpoints/ppo_memtasks/rgb_joints_belief/normalized_dense/RotateStrictPos-v0/ppo-last5-cvae-99__99__rgb_joints_belief__20260120_000909/20260120_000909/ckpt_19_476.pt
SPS: 1429
Epoch: 477, global_step=10967040
SPS: 1430
Epoch: 478, global_step=10990080
SPS: 1431
Epoch: 479, global_step=11013120
SPS: 1432
Epoch: 480, global_step=11036160
SPS: 1432
Epoch: 481, global_step=11059200
SPS: 1433
Epoch: 482, global_step=11082240
SPS: 1434
Epoch: 483, global_step=11105280
SPS: 1435
Epoch: 484, global_step=11128320
SPS: 1436
Epoch: 485, global_step=11151360
SPS: 1437
Epoch: 486, global_step=11174400
SPS: 1438
Epoch: 487, global_step=11197440
SPS: 1438
Epoch: 488, global_step=11220480
SPS: 1439
Epoch: 489, global_step=11243520
SPS: 1440
Epoch: 490, global_step=11266560
SPS: 1441
Epoch: 491, global_step=11289600
SPS: 1442
Epoch: 492, global_step=11312640
SPS: 1443
Epoch: 493, global_step=11335680
SPS: 1443
Epoch: 494, global_step=11358720
SPS: 1444
Epoch: 495, global_step=11381760
SPS: 1445
Epoch: 496, global_step=11404800
SPS: 1446
Epoch: 497, global_step=11427840
SPS: 1447
Epoch: 498, global_step=11450880
SPS: 1448
Epoch: 499, global_step=11473920
SPS: 1448
Epoch: 500, global_step=11496960
SPS: 1449
Epoch: 501, global_step=11520000
Evaluating
Evaluated 17280 steps resulting in 192 episodes
[32mEvaluation Metric: success_once[0m | [36mMean: 0.0573[0m
[32mEvaluation Metric: return[0m | [36mMean: 21.5074[0m
[32mEvaluation Metric: episode_len[0m | [36mMean: 90.0000[0m
[32mEvaluation Metric: reward[0m | [36mMean: 0.2390[0m
[32mEvaluation Metric: success_at_end[0m | [36mMean: 0.0469[0m
model saved to checkpoints/ppo_memtasks/rgb_joints_belief/normalized_dense/RotateStrictPos-v0/ppo-last5-cvae-99__99__rgb_joints_belief__20260120_000909/20260120_000909/ckpt_20_501.pt
SPS: 1430
Epoch: 502, global_step=11543040
SPS: 1431
Epoch: 503, global_step=11566080
SPS: 1431
Epoch: 504, global_step=11589120
SPS: 1432
Epoch: 505, global_step=11612160
SPS: 1433
Epoch: 506, global_step=11635200
SPS: 1434
Epoch: 507, global_step=11658240
SPS: 1435
Epoch: 508, global_step=11681280
SPS: 1436
Epoch: 509, global_step=11704320
SPS: 1436
Epoch: 510, global_step=11727360
SPS: 1437
Epoch: 511, global_step=11750400
SPS: 1438
Epoch: 512, global_step=11773440
SPS: 1439
Epoch: 513, global_step=11796480
SPS: 1440
Epoch: 514, global_step=11819520
SPS: 1440
Epoch: 515, global_step=11842560
SPS: 1441
Epoch: 516, global_step=11865600
SPS: 1442
Epoch: 517, global_step=11888640
SPS: 1443
Epoch: 518, global_step=11911680
SPS: 1444
Epoch: 519, global_step=11934720
SPS: 1444
Epoch: 520, global_step=11957760
SPS: 1445
Epoch: 521, global_step=11980800
SPS: 1446
Epoch: 522, global_step=12003840
SPS: 1447
Epoch: 523, global_step=12026880
SPS: 1447
Epoch: 524, global_step=12049920
SPS: 1448
Epoch: 525, global_step=12072960
SPS: 1449
Epoch: 526, global_step=12096000
Evaluating
Evaluated 17280 steps resulting in 192 episodes
[32mEvaluation Metric: success_once[0m | [36mMean: 0.0729[0m
[32mEvaluation Metric: return[0m | [36mMean: 21.4892[0m
[32mEvaluation Metric: episode_len[0m | [36mMean: 90.0000[0m
[32mEvaluation Metric: reward[0m | [36mMean: 0.2388[0m
[32mEvaluation Metric: success_at_end[0m | [36mMean: 0.0677[0m
model saved to checkpoints/ppo_memtasks/rgb_joints_belief/normalized_dense/RotateStrictPos-v0/ppo-last5-cvae-99__99__rgb_joints_belief__20260120_000909/20260120_000909/ckpt_21_526.pt
SPS: 1431
Epoch: 527, global_step=12119040
SPS: 1431
Epoch: 528, global_step=12142080
SPS: 1432
Epoch: 529, global_step=12165120
SPS: 1433
Epoch: 530, global_step=12188160
SPS: 1434
Epoch: 531, global_step=12211200
SPS: 1435
Epoch: 532, global_step=12234240
SPS: 1435
Epoch: 533, global_step=12257280
SPS: 1436
Epoch: 534, global_step=12280320
SPS: 1437
Epoch: 535, global_step=12303360
SPS: 1438
Epoch: 536, global_step=12326400
SPS: 1438
Epoch: 537, global_step=12349440
SPS: 1439
Epoch: 538, global_step=12372480
SPS: 1440
Epoch: 539, global_step=12395520
SPS: 1441
Epoch: 540, global_step=12418560
SPS: 1441
Epoch: 541, global_step=12441600
SPS: 1442
Epoch: 542, global_step=12464640
SPS: 1443
Epoch: 543, global_step=12487680
SPS: 1444
Epoch: 544, global_step=12510720
SPS: 1444
Epoch: 545, global_step=12533760
SPS: 1445
Epoch: 546, global_step=12556800
SPS: 1446
Epoch: 547, global_step=12579840
SPS: 1447
Epoch: 548, global_step=12602880
SPS: 1447
Epoch: 549, global_step=12625920
SPS: 1448
Epoch: 550, global_step=12648960
SPS: 1449
Epoch: 551, global_step=12672000
Evaluating
Evaluated 17280 steps resulting in 192 episodes
[32mEvaluation Metric: success_once[0m | [36mMean: 0.0938[0m
[32mEvaluation Metric: return[0m | [36mMean: 22.4184[0m
[32mEvaluation Metric: episode_len[0m | [36mMean: 90.0000[0m
[32mEvaluation Metric: reward[0m | [36mMean: 0.2491[0m
[32mEvaluation Metric: success_at_end[0m | [36mMean: 0.0677[0m
model saved to checkpoints/ppo_memtasks/rgb_joints_belief/normalized_dense/RotateStrictPos-v0/ppo-last5-cvae-99__99__rgb_joints_belief__20260120_000909/20260120_000909/ckpt_22_551.pt
SPS: 1431
Epoch: 552, global_step=12695040
SPS: 1432
Epoch: 553, global_step=12718080
SPS: 1433
Epoch: 554, global_step=12741120
SPS: 1434
Epoch: 555, global_step=12764160
SPS: 1434
Epoch: 556, global_step=12787200
SPS: 1435
Epoch: 557, global_step=12810240
SPS: 1436
Epoch: 558, global_step=12833280
SPS: 1437
Epoch: 559, global_step=12856320
SPS: 1437
Epoch: 560, global_step=12879360
SPS: 1438
Epoch: 561, global_step=12902400
SPS: 1439
Epoch: 562, global_step=12925440
SPS: 1439
Epoch: 563, global_step=12948480
SPS: 1440
Epoch: 564, global_step=12971520
SPS: 1441
Epoch: 565, global_step=12994560
SPS: 1442
Epoch: 566, global_step=13017600
SPS: 1442
Epoch: 567, global_step=13040640
SPS: 1443
Epoch: 568, global_step=13063680
SPS: 1444
Epoch: 569, global_step=13086720
SPS: 1445
Epoch: 570, global_step=13109760
SPS: 1445
Epoch: 571, global_step=13132800
SPS: 1446
Epoch: 572, global_step=13155840
SPS: 1447
Epoch: 573, global_step=13178880
SPS: 1447
Epoch: 574, global_step=13201920
SPS: 1448
Epoch: 575, global_step=13224960
SPS: 1449
Epoch: 576, global_step=13248000
Evaluating
Evaluated 17280 steps resulting in 192 episodes
[32mEvaluation Metric: success_once[0m | [36mMean: 0.0521[0m
[32mEvaluation Metric: return[0m | [36mMean: 20.8347[0m
[32mEvaluation Metric: episode_len[0m | [36mMean: 90.0000[0m
[32mEvaluation Metric: reward[0m | [36mMean: 0.2315[0m
[32mEvaluation Metric: success_at_end[0m | [36mMean: 0.0521[0m
model saved to checkpoints/ppo_memtasks/rgb_joints_belief/normalized_dense/RotateStrictPos-v0/ppo-last5-cvae-99__99__rgb_joints_belief__20260120_000909/20260120_000909/ckpt_23_576.pt
SPS: 1432
Epoch: 577, global_step=13271040
SPS: 1433
Epoch: 578, global_step=13294080
SPS: 1434
Epoch: 579, global_step=13317120
SPS: 1435
Epoch: 580, global_step=13340160
SPS: 1435
Epoch: 581, global_step=13363200
SPS: 1436
Epoch: 582, global_step=13386240
SPS: 1437
Epoch: 583, global_step=13409280
SPS: 1438
Epoch: 584, global_step=13432320
SPS: 1438
Epoch: 585, global_step=13455360
SPS: 1439
Epoch: 586, global_step=13478400
SPS: 1440
Epoch: 587, global_step=13501440
SPS: 1440
Epoch: 588, global_step=13524480
SPS: 1441
Epoch: 589, global_step=13547520
SPS: 1442
Epoch: 590, global_step=13570560
SPS: 1442
Epoch: 591, global_step=13593600
SPS: 1443
Epoch: 592, global_step=13616640
SPS: 1444
Epoch: 593, global_step=13639680
SPS: 1444
Epoch: 594, global_step=13662720
SPS: 1445
Epoch: 595, global_step=13685760
SPS: 1446
Epoch: 596, global_step=13708800
SPS: 1447
Epoch: 597, global_step=13731840
SPS: 1447
Epoch: 598, global_step=13754880
SPS: 1448
Epoch: 599, global_step=13777920
SPS: 1449
Epoch: 600, global_step=13800960
SPS: 1449
Epoch: 601, global_step=13824000
Evaluating
Evaluated 17280 steps resulting in 192 episodes
[32mEvaluation Metric: success_once[0m | [36mMean: 0.0625[0m
[32mEvaluation Metric: return[0m | [36mMean: 20.9470[0m
[32mEvaluation Metric: episode_len[0m | [36mMean: 90.0000[0m
[32mEvaluation Metric: reward[0m | [36mMean: 0.2327[0m
[32mEvaluation Metric: success_at_end[0m | [36mMean: 0.0469[0m
model saved to checkpoints/ppo_memtasks/rgb_joints_belief/normalized_dense/RotateStrictPos-v0/ppo-last5-cvae-99__99__rgb_joints_belief__20260120_000909/20260120_000909/ckpt_24_601.pt
SPS: 1433
Epoch: 602, global_step=13847040
SPS: 1434
Epoch: 603, global_step=13870080
SPS: 1435
Epoch: 604, global_step=13893120
SPS: 1435
Epoch: 605, global_step=13916160
SPS: 1436
Epoch: 606, global_step=13939200
SPS: 1437
Epoch: 607, global_step=13962240
SPS: 1437
Epoch: 608, global_step=13985280
SPS: 1438
Epoch: 609, global_step=14008320
SPS: 1439
Epoch: 610, global_step=14031360
SPS: 1439
Epoch: 611, global_step=14054400
SPS: 1440
Epoch: 612, global_step=14077440
SPS: 1441
Epoch: 613, global_step=14100480
SPS: 1441
Epoch: 614, global_step=14123520
SPS: 1442
Epoch: 615, global_step=14146560
SPS: 1443
Epoch: 616, global_step=14169600
SPS: 1443
Epoch: 617, global_step=14192640
SPS: 1444
Epoch: 618, global_step=14215680
SPS: 1445
Epoch: 619, global_step=14238720
SPS: 1445
Epoch: 620, global_step=14261760
SPS: 1446
Epoch: 621, global_step=14284800
SPS: 1447
Epoch: 622, global_step=14307840
SPS: 1447
Epoch: 623, global_step=14330880
SPS: 1448
Epoch: 624, global_step=14353920
SPS: 1449
Epoch: 625, global_step=14376960
SPS: 1449
Epoch: 626, global_step=14400000
Evaluating
Evaluated 17280 steps resulting in 192 episodes
[32mEvaluation Metric: success_once[0m | [36mMean: 0.0625[0m
[32mEvaluation Metric: return[0m | [36mMean: 20.7160[0m
[32mEvaluation Metric: episode_len[0m | [36mMean: 90.0000[0m
[32mEvaluation Metric: reward[0m | [36mMean: 0.2302[0m
[32mEvaluation Metric: success_at_end[0m | [36mMean: 0.0312[0m
model saved to checkpoints/ppo_memtasks/rgb_joints_belief/normalized_dense/RotateStrictPos-v0/ppo-last5-cvae-99__99__rgb_joints_belief__20260120_000909/20260120_000909/ckpt_25_626.pt
SPS: 1433
Epoch: 627, global_step=14423040
SPS: 1434
Epoch: 628, global_step=14446080
SPS: 1435
Epoch: 629, global_step=14469120
SPS: 1435
Epoch: 630, global_step=14492160
SPS: 1436
Epoch: 631, global_step=14515200
SPS: 1437
Epoch: 632, global_step=14538240
SPS: 1437
Epoch: 633, global_step=14561280
SPS: 1438
Epoch: 634, global_step=14584320
SPS: 1438
Epoch: 635, global_step=14607360
SPS: 1439
Epoch: 636, global_step=14630400
SPS: 1440
Epoch: 637, global_step=14653440
SPS: 1440
Epoch: 638, global_step=14676480
SPS: 1441
Epoch: 639, global_step=14699520
SPS: 1442
Epoch: 640, global_step=14722560
SPS: 1442
Epoch: 641, global_step=14745600
SPS: 1443
Epoch: 642, global_step=14768640
SPS: 1444
Epoch: 643, global_step=14791680
SPS: 1444
Epoch: 644, global_step=14814720
SPS: 1445
Epoch: 645, global_step=14837760
SPS: 1445
Epoch: 646, global_step=14860800
SPS: 1446
Epoch: 647, global_step=14883840
SPS: 1447
Epoch: 648, global_step=14906880
SPS: 1447
Epoch: 649, global_step=14929920
SPS: 1448
Epoch: 650, global_step=14952960
SPS: 1449
Epoch: 651, global_step=14976000
Evaluating
Evaluated 17280 steps resulting in 192 episodes
[32mEvaluation Metric: success_once[0m | [36mMean: 0.0625[0m
[32mEvaluation Metric: return[0m | [36mMean: 20.7279[0m
[32mEvaluation Metric: episode_len[0m | [36mMean: 90.0000[0m
[32mEvaluation Metric: reward[0m | [36mMean: 0.2303[0m
[32mEvaluation Metric: success_at_end[0m | [36mMean: 0.0417[0m
model saved to checkpoints/ppo_memtasks/rgb_joints_belief/normalized_dense/RotateStrictPos-v0/ppo-last5-cvae-99__99__rgb_joints_belief__20260120_000909/20260120_000909/ckpt_26_651.pt
SPS: 1434
Epoch: 652, global_step=14999040
SPS: 1434
Epoch: 653, global_step=15022080
SPS: 1435
Epoch: 654, global_step=15045120
SPS: 1436
Epoch: 655, global_step=15068160
SPS: 1436
Epoch: 656, global_step=15091200
SPS: 1437
Epoch: 657, global_step=15114240
SPS: 1437
Epoch: 658, global_step=15137280
SPS: 1438
Epoch: 659, global_step=15160320
SPS: 1439
Epoch: 660, global_step=15183360
SPS: 1439
Epoch: 661, global_step=15206400
SPS: 1440
Epoch: 662, global_step=15229440
SPS: 1441
Epoch: 663, global_step=15252480
SPS: 1441
Epoch: 664, global_step=15275520
SPS: 1442
Epoch: 665, global_step=15298560
SPS: 1442
Epoch: 666, global_step=15321600
SPS: 1443
Epoch: 667, global_step=15344640
SPS: 1444
Epoch: 668, global_step=15367680
SPS: 1444
Epoch: 669, global_step=15390720
SPS: 1445
Epoch: 670, global_step=15413760
SPS: 1446
Epoch: 671, global_step=15436800
SPS: 1446
Epoch: 672, global_step=15459840
SPS: 1447
Epoch: 673, global_step=15482880
SPS: 1447
Epoch: 674, global_step=15505920
SPS: 1448
Epoch: 675, global_step=15528960
SPS: 1449
Epoch: 676, global_step=15552000
Evaluating
Evaluated 17280 steps resulting in 192 episodes
[32mEvaluation Metric: success_once[0m | [36mMean: 0.0677[0m
[32mEvaluation Metric: return[0m | [36mMean: 21.6927[0m
[32mEvaluation Metric: episode_len[0m | [36mMean: 90.0000[0m
[32mEvaluation Metric: reward[0m | [36mMean: 0.2410[0m
[32mEvaluation Metric: success_at_end[0m | [36mMean: 0.0469[0m
model saved to checkpoints/ppo_memtasks/rgb_joints_belief/normalized_dense/RotateStrictPos-v0/ppo-last5-cvae-99__99__rgb_joints_belief__20260120_000909/20260120_000909/ckpt_27_676.pt
SPS: 1434
Epoch: 677, global_step=15575040
SPS: 1435
Epoch: 678, global_step=15598080
SPS: 1435
Epoch: 679, global_step=15621120
SPS: 1436
Epoch: 680, global_step=15644160
SPS: 1437
Epoch: 681, global_step=15667200
SPS: 1437
Epoch: 682, global_step=15690240
SPS: 1438
Epoch: 683, global_step=15713280
SPS: 1438
Epoch: 684, global_step=15736320
SPS: 1439
Epoch: 685, global_step=15759360
SPS: 1440
Epoch: 686, global_step=15782400
SPS: 1440
Epoch: 687, global_step=15805440
SPS: 1441
Epoch: 688, global_step=15828480
SPS: 1441
Epoch: 689, global_step=15851520
SPS: 1442
Epoch: 690, global_step=15874560
SPS: 1443
Epoch: 691, global_step=15897600
SPS: 1443
Epoch: 692, global_step=15920640
SPS: 1444
Epoch: 693, global_step=15943680
SPS: 1444
Epoch: 694, global_step=15966720
SPS: 1445
Epoch: 695, global_step=15989760
SPS: 1446
Epoch: 696, global_step=16012800
SPS: 1446
Epoch: 697, global_step=16035840
SPS: 1447
Epoch: 698, global_step=16058880
SPS: 1447
Epoch: 699, global_step=16081920
SPS: 1448
Epoch: 700, global_step=16104960
SPS: 1449
Epoch: 701, global_step=16128000
Evaluating
Evaluated 17280 steps resulting in 192 episodes
[32mEvaluation Metric: success_once[0m | [36mMean: 0.0625[0m
[32mEvaluation Metric: return[0m | [36mMean: 19.8381[0m
[32mEvaluation Metric: episode_len[0m | [36mMean: 90.0000[0m
[32mEvaluation Metric: reward[0m | [36mMean: 0.2204[0m
[32mEvaluation Metric: success_at_end[0m | [36mMean: 0.0417[0m
model saved to checkpoints/ppo_memtasks/rgb_joints_belief/normalized_dense/RotateStrictPos-v0/ppo-last5-cvae-99__99__rgb_joints_belief__20260120_000909/20260120_000909/ckpt_28_701.pt
SPS: 1435
Epoch: 702, global_step=16151040
SPS: 1436
Epoch: 703, global_step=16174080
SPS: 1436
Epoch: 704, global_step=16197120
SPS: 1437
Epoch: 705, global_step=16220160
SPS: 1437
Epoch: 706, global_step=16243200
SPS: 1438
Epoch: 707, global_step=16266240
SPS: 1439
Epoch: 708, global_step=16289280
SPS: 1439
Epoch: 709, global_step=16312320
SPS: 1440
Epoch: 710, global_step=16335360
SPS: 1440
Epoch: 711, global_step=16358400
SPS: 1441
Epoch: 712, global_step=16381440
SPS: 1441
Epoch: 713, global_step=16404480
SPS: 1442
Epoch: 714, global_step=16427520
SPS: 1443
Epoch: 715, global_step=16450560
SPS: 1443
Epoch: 716, global_step=16473600
SPS: 1444
Epoch: 717, global_step=16496640
SPS: 1444
Epoch: 718, global_step=16519680
SPS: 1445
Epoch: 719, global_step=16542720
SPS: 1445
Epoch: 720, global_step=16565760
SPS: 1446
Epoch: 721, global_step=16588800
SPS: 1447
Epoch: 722, global_step=16611840
SPS: 1447
Epoch: 723, global_step=16634880
SPS: 1448
Epoch: 724, global_step=16657920
SPS: 1448
Epoch: 725, global_step=16680960
SPS: 1449
Epoch: 726, global_step=16704000
Evaluating
Evaluated 17280 steps resulting in 192 episodes
[32mEvaluation Metric: success_once[0m | [36mMean: 0.0625[0m
[32mEvaluation Metric: return[0m | [36mMean: 20.3324[0m
[32mEvaluation Metric: episode_len[0m | [36mMean: 90.0000[0m
[32mEvaluation Metric: reward[0m | [36mMean: 0.2259[0m
[32mEvaluation Metric: success_at_end[0m | [36mMean: 0.0573[0m
model saved to checkpoints/ppo_memtasks/rgb_joints_belief/normalized_dense/RotateStrictPos-v0/ppo-last5-cvae-99__99__rgb_joints_belief__20260120_000909/20260120_000909/ckpt_29_726.pt
SPS: 1436
Epoch: 727, global_step=16727040
SPS: 1436
Epoch: 728, global_step=16750080
SPS: 1437
Epoch: 729, global_step=16773120
SPS: 1437
Epoch: 730, global_step=16796160
SPS: 1438
Epoch: 731, global_step=16819200
SPS: 1438
Epoch: 732, global_step=16842240
SPS: 1439
Epoch: 733, global_step=16865280
SPS: 1439
Epoch: 734, global_step=16888320
SPS: 1440
Epoch: 735, global_step=16911360
SPS: 1441
Epoch: 736, global_step=16934400
SPS: 1441
Epoch: 737, global_step=16957440
SPS: 1442
Epoch: 738, global_step=16980480
SPS: 1442
Epoch: 739, global_step=17003520
SPS: 1443
Epoch: 740, global_step=17026560
SPS: 1443
Epoch: 741, global_step=17049600
SPS: 1444
Epoch: 742, global_step=17072640
SPS: 1444
Epoch: 743, global_step=17095680
SPS: 1445
Epoch: 744, global_step=17118720
SPS: 1446
Epoch: 745, global_step=17141760
SPS: 1446
Epoch: 746, global_step=17164800
SPS: 1447
Epoch: 747, global_step=17187840
SPS: 1447
Epoch: 748, global_step=17210880
SPS: 1448
Epoch: 749, global_step=17233920
SPS: 1448
Epoch: 750, global_step=17256960
SPS: 1449
Epoch: 751, global_step=17280000
Evaluating
Evaluated 17280 steps resulting in 192 episodes
[32mEvaluation Metric: success_once[0m | [36mMean: 0.0781[0m
[32mEvaluation Metric: return[0m | [36mMean: 21.1261[0m
[32mEvaluation Metric: episode_len[0m | [36mMean: 90.0000[0m
[32mEvaluation Metric: reward[0m | [36mMean: 0.2347[0m
[32mEvaluation Metric: success_at_end[0m | [36mMean: 0.0625[0m
model saved to checkpoints/ppo_memtasks/rgb_joints_belief/normalized_dense/RotateStrictPos-v0/ppo-last5-cvae-99__99__rgb_joints_belief__20260120_000909/20260120_000909/ckpt_30_751.pt
SPS: 1436
Epoch: 752, global_step=17303040
SPS: 1436
Epoch: 753, global_step=17326080
SPS: 1437
Epoch: 754, global_step=17349120
SPS: 1437
Epoch: 755, global_step=17372160
SPS: 1438
Epoch: 756, global_step=17395200
SPS: 1438
Epoch: 757, global_step=17418240
SPS: 1439
Epoch: 758, global_step=17441280
SPS: 1439
Epoch: 759, global_step=17464320
SPS: 1440
Epoch: 760, global_step=17487360
SPS: 1441
Epoch: 761, global_step=17510400
SPS: 1441
Epoch: 762, global_step=17533440
SPS: 1442
Epoch: 763, global_step=17556480
SPS: 1442
Epoch: 764, global_step=17579520
SPS: 1443
Epoch: 765, global_step=17602560
SPS: 1443
Epoch: 766, global_step=17625600
SPS: 1444
Epoch: 767, global_step=17648640
SPS: 1444
Epoch: 768, global_step=17671680
SPS: 1445
Epoch: 769, global_step=17694720
SPS: 1445
Epoch: 770, global_step=17717760
SPS: 1446
Epoch: 771, global_step=17740800
SPS: 1446
Epoch: 772, global_step=17763840
SPS: 1447
Epoch: 773, global_step=17786880
SPS: 1447
Epoch: 774, global_step=17809920
SPS: 1448
Epoch: 775, global_step=17832960
SPS: 1448
Epoch: 776, global_step=17856000
Evaluating
Evaluated 17280 steps resulting in 192 episodes
[32mEvaluation Metric: success_once[0m | [36mMean: 0.0521[0m
[32mEvaluation Metric: return[0m | [36mMean: 21.2034[0m
[32mEvaluation Metric: episode_len[0m | [36mMean: 90.0000[0m
[32mEvaluation Metric: reward[0m | [36mMean: 0.2356[0m
[32mEvaluation Metric: success_at_end[0m | [36mMean: 0.0312[0m
model saved to checkpoints/ppo_memtasks/rgb_joints_belief/normalized_dense/RotateStrictPos-v0/ppo-last5-cvae-99__99__rgb_joints_belief__20260120_000909/20260120_000909/ckpt_31_776.pt
SPS: 1436
Epoch: 777, global_step=17879040
SPS: 1437
Epoch: 778, global_step=17902080
SPS: 1437
Epoch: 779, global_step=17925120
SPS: 1438
Epoch: 780, global_step=17948160
SPS: 1438
Epoch: 781, global_step=17971200
SPS: 1439
Epoch: 782, global_step=17994240
SPS: 1439
Epoch: 783, global_step=18017280
SPS: 1440
Epoch: 784, global_step=18040320
SPS: 1440
Epoch: 785, global_step=18063360
SPS: 1441
Epoch: 786, global_step=18086400
SPS: 1441
Epoch: 787, global_step=18109440
SPS: 1442
Epoch: 788, global_step=18132480
SPS: 1442
Epoch: 789, global_step=18155520
SPS: 1443
Epoch: 790, global_step=18178560
SPS: 1443
Epoch: 791, global_step=18201600
SPS: 1444
Epoch: 792, global_step=18224640
SPS: 1444
Epoch: 793, global_step=18247680
SPS: 1445
Epoch: 794, global_step=18270720
SPS: 1445
Epoch: 795, global_step=18293760
SPS: 1446
Epoch: 796, global_step=18316800
SPS: 1446
Epoch: 797, global_step=18339840
SPS: 1447
Epoch: 798, global_step=18362880
SPS: 1447
Epoch: 799, global_step=18385920
SPS: 1448
Epoch: 800, global_step=18408960
SPS: 1448
Epoch: 801, global_step=18432000
Evaluating
Evaluated 17280 steps resulting in 192 episodes
[32mEvaluation Metric: success_once[0m | [36mMean: 0.0573[0m
[32mEvaluation Metric: return[0m | [36mMean: 21.0394[0m
[32mEvaluation Metric: episode_len[0m | [36mMean: 90.0000[0m
[32mEvaluation Metric: reward[0m | [36mMean: 0.2338[0m
[32mEvaluation Metric: success_at_end[0m | [36mMean: 0.0417[0m
model saved to checkpoints/ppo_memtasks/rgb_joints_belief/normalized_dense/RotateStrictPos-v0/ppo-last5-cvae-99__99__rgb_joints_belief__20260120_000909/20260120_000909/ckpt_32_801.pt
SPS: 1436
Epoch: 802, global_step=18455040
SPS: 1437
Epoch: 803, global_step=18478080
SPS: 1437
Epoch: 804, global_step=18501120
SPS: 1438
Epoch: 805, global_step=18524160
SPS: 1438
Epoch: 806, global_step=18547200
SPS: 1439
Epoch: 807, global_step=18570240
SPS: 1439
Epoch: 808, global_step=18593280
SPS: 1440
Epoch: 809, global_step=18616320
SPS: 1440
Epoch: 810, global_step=18639360
SPS: 1441
Epoch: 811, global_step=18662400
SPS: 1441
Epoch: 812, global_step=18685440
SPS: 1442
Epoch: 813, global_step=18708480
SPS: 1442
Epoch: 814, global_step=18731520
SPS: 1443
Epoch: 815, global_step=18754560
SPS: 1443
Epoch: 816, global_step=18777600
SPS: 1444
Epoch: 817, global_step=18800640
SPS: 1444
Epoch: 818, global_step=18823680
SPS: 1445
Epoch: 819, global_step=18846720
SPS: 1445
Epoch: 820, global_step=18869760
SPS: 1446
Epoch: 821, global_step=18892800
SPS: 1446
Epoch: 822, global_step=18915840
SPS: 1447
Epoch: 823, global_step=18938880
SPS: 1447
Epoch: 824, global_step=18961920
SPS: 1448
Epoch: 825, global_step=18984960
SPS: 1448
Epoch: 826, global_step=19008000
Evaluating
Evaluated 17280 steps resulting in 192 episodes
[32mEvaluation Metric: success_once[0m | [36mMean: 0.0625[0m
[32mEvaluation Metric: return[0m | [36mMean: 20.2693[0m
[32mEvaluation Metric: episode_len[0m | [36mMean: 90.0000[0m
[32mEvaluation Metric: reward[0m | [36mMean: 0.2252[0m
[32mEvaluation Metric: success_at_end[0m | [36mMean: 0.0625[0m
model saved to checkpoints/ppo_memtasks/rgb_joints_belief/normalized_dense/RotateStrictPos-v0/ppo-last5-cvae-99__99__rgb_joints_belief__20260120_000909/20260120_000909/ckpt_33_826.pt
SPS: 1436
Epoch: 827, global_step=19031040
SPS: 1437
Epoch: 828, global_step=19054080
SPS: 1437
Epoch: 829, global_step=19077120
SPS: 1438
Epoch: 830, global_step=19100160
SPS: 1438
Epoch: 831, global_step=19123200
SPS: 1439
Epoch: 832, global_step=19146240
SPS: 1439
Epoch: 833, global_step=19169280
SPS: 1440
Epoch: 834, global_step=19192320
SPS: 1440
Epoch: 835, global_step=19215360
SPS: 1441
Epoch: 836, global_step=19238400
SPS: 1441
Epoch: 837, global_step=19261440
SPS: 1442
Epoch: 838, global_step=19284480
SPS: 1442
Epoch: 839, global_step=19307520
SPS: 1443
Epoch: 840, global_step=19330560
SPS: 1443
Epoch: 841, global_step=19353600
SPS: 1444
Epoch: 842, global_step=19376640
SPS: 1444
Epoch: 843, global_step=19399680
SPS: 1445
Epoch: 844, global_step=19422720
SPS: 1445
Epoch: 845, global_step=19445760
SPS: 1445
Epoch: 846, global_step=19468800
SPS: 1446
Epoch: 847, global_step=19491840
SPS: 1446
Epoch: 848, global_step=19514880
SPS: 1447
Epoch: 849, global_step=19537920
SPS: 1447
Epoch: 850, global_step=19560960
SPS: 1448
Epoch: 851, global_step=19584000
Evaluating
Evaluated 17280 steps resulting in 192 episodes
[32mEvaluation Metric: success_once[0m | [36mMean: 0.0885[0m
[32mEvaluation Metric: return[0m | [36mMean: 20.0150[0m
[32mEvaluation Metric: episode_len[0m | [36mMean: 90.0000[0m
[32mEvaluation Metric: reward[0m | [36mMean: 0.2224[0m
[32mEvaluation Metric: success_at_end[0m | [36mMean: 0.0625[0m
model saved to checkpoints/ppo_memtasks/rgb_joints_belief/normalized_dense/RotateStrictPos-v0/ppo-last5-cvae-99__99__rgb_joints_belief__20260120_000909/20260120_000909/ckpt_34_851.pt
SPS: 1436
Epoch: 852, global_step=19607040
SPS: 1437
Epoch: 853, global_step=19630080
SPS: 1437
Epoch: 854, global_step=19653120
SPS: 1438
Epoch: 855, global_step=19676160
SPS: 1438
Epoch: 856, global_step=19699200
SPS: 1439
Epoch: 857, global_step=19722240
SPS: 1439
Epoch: 858, global_step=19745280
SPS: 1440
Epoch: 859, global_step=19768320
SPS: 1440
Epoch: 860, global_step=19791360
SPS: 1440
Epoch: 861, global_step=19814400
SPS: 1441
Epoch: 862, global_step=19837440
SPS: 1441
Epoch: 863, global_step=19860480
SPS: 1442
Epoch: 864, global_step=19883520
SPS: 1442
Epoch: 865, global_step=19906560
SPS: 1443
Epoch: 866, global_step=19929600
SPS: 1443
Epoch: 867, global_step=19952640
SPS: 1444
Epoch: 868, global_step=19975680
SPS: 1444
model saved to checkpoints/ppo_memtasks/rgb_joints_belief/normalized_dense/RotateStrictPos-v0/ppo-last5-cvae-99__99__rgb_joints_belief__20260120_000909/20260120_000909/final_ckpt.pt
